{"MATERIAL":"corrugated metal/heavily patched","AVG_SLOPE":7.28396191387,"AVG_HEIGHT":0.84038781365,"TERAIN_SLP":15.0639372175,"AREA":67.5976989135,"VOLUME":57,"FLOORS":1,"INT_ZONE":"Borde Rural","FLOOD":1,"LANDSLIDE":"Amenaza Baja","LEGAL_ID":"358","LEGAL_NAME":"EL PARAISO","LEGAL_AREA":26.04,"LEGAL_LOTS":2077,"LEGAL_POP":11215.8,"LEGAL_DENS":79.76190476,"LEGALIZING":null,"BLOCK_ID_":"002565040","BLOCK_POP":161,"BLOCK_BLD":47,"BLOCK_RISK":3.9003148,"BLOCK_EDU":0.56070113,"BLOCK_HLTH":18.207903,"BLOCK_TRAN":90.775925,"BLOCK_CULT":0,"BLOCK_PARK":24.342993,"BLOCK_SEC":100,"BLOCK_CENT":0,"BLOCK_DEF":27.6595744681,"BLD_INHAB":3,"OBJECTID":2,"AO_225":0.2,"id":1001,"preds_material":[[5,"1216741414_156537_2433_1-512.jpg"],[5,"1216741414_356766_2434_1-512.jpg"],[5,"1216741414_356766_2434_1-512.jpg"],[5,"1216741414_356766_2434_3-512.jpg"],[1,"1216741414_356766_2434_3-512.jpg"],[5,"1216741414_356766_2434_3-512.jpg"],[5,"1216741414_571500_2435_1-512.jpg"],[5,"1216741414_571500_2435_1-512.jpg"],[5,"1216741414_571500_2435_3-512.jpg"],[5,"1216741414_571500_2435_3-512.jpg"],[5,"1216741414_796503_2436_1-512.jpg"],[5,"1216741414_796503_2436_1-512.jpg"],[5,"1216741414_796503_2436_3-512.jpg"],[5,"1216741414_796503_2436_3-512.jpg"],[1,"1216741414_796503_2436_3-512.jpg"],[5,"1216741415_026688_2437_1-512.jpg"],[5,"1216741415_026688_2437_1-512.jpg"],[5,"1216741415_026688_2437_3-512.jpg"],[5,"1216741415_266535_2438_1-512.jpg"],[5,"1216741415_266535_2438_3-512.jpg"],[5,"1216741415_266535_2438_3-512.jpg"],[5,"1216741415_521508_2439_1-512.jpg"],[5,"1216741415_521508_2439_1-512.jpg"],[5,"1216741415_521508_2439_3-512.jpg"],[5,"1216741415_521508_2439_3-512.jpg"],[5,"1216741415_796508_2440_1-512.jpg"],[5,"1216741415_796508_2440_1-512.jpg"],[5,"1216741415_796508_2440_3-512.jpg"],[5,"1216741415_796508_2440_3-512.jpg"],[5,"1216741416_091752_2441_1-512.jpg"],[5,"1216741416_416499_2442_1-512.jpg"]],"material_ml":"painted","preds_construction":[[2,"1216741414_156537_2433_1-512.jpg"],[2,"1216741414_356766_2434_1-512.jpg"],[2,"1216741414_356766_2434_1-512.jpg"],[2,"1216741414_356766_2434_3-512.jpg"],[2,"1216741414_356766_2434_3-512.jpg"],[1,"1216741414_356766_2434_3-512.jpg"],[2,"1216741414_571500_2435_1-512.jpg"],[2,"1216741414_571500_2435_1-512.jpg"],[2,"1216741414_571500_2435_3-512.jpg"],[2,"1216741414_571500_2435_3-512.jpg"],[1,"1216741414_571500_2435_3-512.jpg"],[2,"1216741414_796503_2436_1-512.jpg"],[2,"1216741414_796503_2436_1-512.jpg"],[2,"1216741414_796503_2436_3-512.jpg"],[2,"1216741414_796503_2436_3-512.jpg"],[1,"1216741414_796503_2436_3-512.jpg"],[2,"1216741415_026688_2437_1-512.jpg"],[2,"1216741415_026688_2437_3-512.jpg"],[2,"1216741415_026688_2437_3-512.jpg"],[2,"1216741415_266535_2438_1-512.jpg"],[2,"1216741415_266535_2438_3-512.jpg"],[2,"1216741415_266535_2438_3-512.jpg"],[2,"1216741415_521508_2439_1-512.jpg"],[2,"1216741415_521508_2439_1-512.jpg"],[2,"1216741415_521508_2439_3-512.jpg"],[2,"1216741415_521508_2439_3-512.jpg"],[2,"1216741415_796508_2440_1-512.jpg"],[2,"1216741415_796508_2440_1-512.jpg"],[2,"1216741415_796508_2440_3-512.jpg"],[2,"1216741415_796508_2440_3-512.jpg"],[2,"1216741416_091752_2441_1-512.jpg"],[2,"1216741416_416499_2442_1-512.jpg"]],"construction_ml":"complete","preds_design":[[1,"1216741413_576508_2430_1-512.jpg"],[1,"1216741414_156537_2433_1-512.jpg"],[2,"1216741414_356766_2434_1-512.jpg"],[1,"1216741414_356766_2434_1-512.jpg"],[2,"1216741414_356766_2434_3-512.jpg"],[1,"1216741414_356766_2434_3-512.jpg"],[1,"1216741414_571500_2435_1-512.jpg"],[2,"1216741414_571500_2435_1-512.jpg"],[2,"1216741414_571500_2435_3-512.jpg"],[1,"1216741414_571500_2435_3-512.jpg"],[1,"1216741414_796503_2436_1-512.jpg"],[2,"1216741414_796503_2436_1-512.jpg"],[2,"1216741414_796503_2436_3-512.jpg"],[1,"1216741414_796503_2436_3-512.jpg"],[1,"1216741415_026688_2437_1-512.jpg"],[2,"1216741415_026688_2437_3-512.jpg"],[1,"1216741415_026688_2437_3-512.jpg"],[1,"1216741415_266535_2438_1-512.jpg"],[2,"1216741415_266535_2438_3-512.jpg"],[2,"1216741415_266535_2438_3-512.jpg"],[1,"1216741415_521508_2439_1-512.jpg"],[2,"1216741415_521508_2439_1-512.jpg"],[2,"1216741415_521508_2439_3-512.jpg"],[2,"1216741415_521508_2439_3-512.jpg"],[1,"1216741415_796508_2440_1-512.jpg"],[2,"1216741415_796508_2440_1-512.jpg"],[2,"1216741415_796508_2440_3-512.jpg"],[2,"1216741415_796508_2440_3-512.jpg"],[1,"1216741415_796508_2440_3-512.jpg"],[1,"1216741416_091752_2441_1-512.jpg"],[1,"1216741416_416499_2442_1-512.jpg"]],"design_ml":"undesigned","images":[]}
