{"MATERIAL":"corrugated metal/heavily patched","AVG_SLOPE":8.19344061689,"AVG_HEIGHT":0.43958109246,"TERAIN_SLP":16.3273493692,"AREA":41.9747427529,"VOLUME":18,"FLOORS":1,"INT_ZONE":"Borde Rural","FLOOD":1,"LANDSLIDE":"Amenaza Baja","LEGAL_ID":"358","LEGAL_NAME":"EL PARAISO","LEGAL_AREA":26.04,"LEGAL_LOTS":2077,"LEGAL_POP":11215.8,"LEGAL_DENS":79.76190476,"LEGALIZING":null,"BLOCK_ID_":"002565039","BLOCK_POP":119,"BLOCK_BLD":36,"BLOCK_RISK":2.6516395,"BLOCK_EDU":0.63562399,"BLOCK_HLTH":20.488567,"BLOCK_TRAN":87.837326,"BLOCK_CULT":0,"BLOCK_PARK":41.410095,"BLOCK_SEC":46.758774,"BLOCK_CENT":0,"BLOCK_DEF":22.2222222222,"BLD_INHAB":3,"OBJECTID":2,"AO_225":0.2,"id":1002,"preds_material":[[1,"1216741413_576508_2430_3-512.jpg"],[1,"1216741413_766509_2431_3-512.jpg"],[1,"1216741413_961522_2432_3-512.jpg"],[1,"1216741413_961522_2432_3-512.jpg"],[1,"1216741414_156537_2433_3-512.jpg"]],"material_ml":"brick","preds_construction":[[2,"1216741413_576508_2430_3-512.jpg"],[2,"1216741413_766509_2431_3-512.jpg"],[2,"1216741413_961522_2432_3-512.jpg"],[2,"1216741414_156537_2433_3-512.jpg"],[1,"1216741414_156537_2433_3-512.jpg"]],"construction_ml":"complete","preds_design":[[1,"1216741413_576508_2430_3-512.jpg"],[1,"1216741413_766509_2431_3-512.jpg"],[1,"1216741413_766509_2431_3-512.jpg"],[1,"1216741413_961522_2432_3-512.jpg"],[1,"1216741413_961522_2432_3-512.jpg"],[1,"1216741414_156537_2433_3-512.jpg"]],"design_ml":"undesigned","images":[]}
