{"MATERIAL":"corrugated metal - dark","AVG_SLOPE":6.944616309,"AVG_HEIGHT":4.33219964921,"TERAIN_SLP":8.80693259152,"AREA":65.4284394293,"VOLUME":283,"FLOORS":2,"INT_ZONE":"Borde Rural","FLOOD":1,"LANDSLIDE":"Amenaza Baja","LEGAL_ID":"358","LEGAL_NAME":"EL PARAISO","LEGAL_AREA":26.04,"LEGAL_LOTS":2077,"LEGAL_POP":11215.8,"LEGAL_DENS":79.76190476,"LEGALIZING":null,"BLOCK_ID_":"002565040","BLOCK_POP":161,"BLOCK_BLD":47,"BLOCK_RISK":3.9003148,"BLOCK_EDU":0.56070113,"BLOCK_HLTH":18.207903,"BLOCK_TRAN":90.775925,"BLOCK_CULT":0,"BLOCK_PARK":24.342993,"BLOCK_SEC":100,"BLOCK_CENT":0,"BLOCK_DEF":27.6595744681,"BLD_INHAB":3,"OBJECTID":2,"AO_225":0.2,"id":1006,"preds_material":[[5,"1216741402_711572_2384_1-512.jpg"],[5,"1216741402_901574_2385_1-512.jpg"],[5,"1216741403_086582_2386_1-512.jpg"],[5,"1216741403_271606_2387_1-512.jpg"],[5,"1216741403_456585_2388_1-512.jpg"],[5,"1216741403_636602_2389_1-512.jpg"],[5,"1216745411_891098_11560_1-512.jpg"],[5,"1216745412_386057_11561_1-512.jpg"],[5,"1216745412_961103_11562_1-512.jpg"]],"material_ml":"painted","preds_construction":[[2,"1216741402_711572_2384_1-512.jpg"],[2,"1216741402_901574_2385_1-512.jpg"],[2,"1216741403_086582_2386_1-512.jpg"],[2,"1216741403_271606_2387_1-512.jpg"],[2,"1216741403_456585_2388_1-512.jpg"],[2,"1216741403_636602_2389_1-512.jpg"],[1,"1216745411_891098_11560_1-512.jpg"],[2,"1216745411_891098_11560_1-512.jpg"],[1,"1216745412_386057_11561_1-512.jpg"],[1,"1216745412_961103_11562_1-512.jpg"],[2,"1216745412_961103_11562_1-512.jpg"]],"construction_ml":"complete","preds_design":[[2,"1216741402_711572_2384_1-512.jpg"],[1,"1216741402_711572_2384_1-512.jpg"],[1,"1216741402_901574_2385_1-512.jpg"],[1,"1216741403_086582_2386_1-512.jpg"],[1,"1216741403_271606_2387_1-512.jpg"],[1,"1216741403_456585_2388_1-512.jpg"],[1,"1216741403_636602_2389_1-512.jpg"],[1,"1216745411_891098_11560_1-512.jpg"],[1,"1216745412_386057_11561_1-512.jpg"],[1,"1216745412_961103_11562_1-512.jpg"],[2,"1216745412_961103_11562_1-512.jpg"]],"design_ml":"undesigned","images":[]}
