{"MATERIAL":"corrugated metal","AVG_SLOPE":6.94258896629,"AVG_HEIGHT":5.77637851641,"TERAIN_SLP":5.20535049503,"AREA":68.2389083039,"VOLUME":394,"FLOORS":2,"INT_ZONE":"Borde Rural","FLOOD":1,"LANDSLIDE":"Amenaza Baja","LEGAL_ID":"358","LEGAL_NAME":"EL PARAISO","LEGAL_AREA":26.04,"LEGAL_LOTS":2077,"LEGAL_POP":11215.8,"LEGAL_DENS":79.76190476,"LEGALIZING":null,"BLOCK_ID_":"002565041","BLOCK_POP":186,"BLOCK_BLD":52,"BLOCK_RISK":2.0337632,"BLOCK_EDU":0.49821228,"BLOCK_HLTH":16.382711,"BLOCK_TRAN":92.819366,"BLOCK_CULT":0,"BLOCK_PARK":22.613523,"BLOCK_SEC":43.051487,"BLOCK_CENT":0,"BLOCK_DEF":30.7692307692,"BLD_INHAB":4,"OBJECTID":2,"AO_225":0.2,"id":1011,"preds_material":[[5,"1216743927_318266_8934_1-512.jpg"],[5,"1216743927_763272_8935_1-512.jpg"],[5,"1216743928_203244_8936_1-512.jpg"],[5,"1216743928_638263_8937_1-512.jpg"],[5,"1216743928_638263_8937_1-512.jpg"],[5,"1216743929_053246_8938_1-512.jpg"],[5,"1216743929_493226_8939_1-512.jpg"]],"material_ml":"painted","preds_construction":[[2,"1216743927_318266_8934_1-512.jpg"],[2,"1216743927_763272_8935_1-512.jpg"],[2,"1216743928_203244_8936_1-512.jpg"],[2,"1216743928_638263_8937_1-512.jpg"],[2,"1216743928_638263_8937_1-512.jpg"],[2,"1216743929_053246_8938_1-512.jpg"],[2,"1216743929_493226_8939_1-512.jpg"]],"construction_ml":"complete","preds_design":[[2,"1216743927_318266_8934_1-512.jpg"],[2,"1216743927_763272_8935_1-512.jpg"],[2,"1216743928_203244_8936_1-512.jpg"],[2,"1216743928_638263_8937_1-512.jpg"],[2,"1216743928_638263_8937_1-512.jpg"],[2,"1216743929_053246_8938_1-512.jpg"],[2,"1216743929_493226_8939_1-512.jpg"]],"design_ml":"designed","images":[]}
