{"MATERIAL":"corrugated metal","AVG_SLOPE":4.84800801143,"AVG_HEIGHT":0.44803541192,"TERAIN_SLP":12.6212224396,"AREA":54.9658017635,"VOLUME":25,"FLOORS":1,"INT_ZONE":"Borde Rural","FLOOD":1,"LANDSLIDE":"Amenaza Baja","LEGAL_ID":"358","LEGAL_NAME":"EL PARAISO","LEGAL_AREA":26.04,"LEGAL_LOTS":2077,"LEGAL_POP":11215.8,"LEGAL_DENS":79.76190476,"LEGALIZING":null,"BLOCK_ID_":"002565041","BLOCK_POP":186,"BLOCK_BLD":52,"BLOCK_RISK":2.0337632,"BLOCK_EDU":0.49821228,"BLOCK_HLTH":16.382711,"BLOCK_TRAN":92.819366,"BLOCK_CULT":0,"BLOCK_PARK":22.613523,"BLOCK_SEC":43.051487,"BLOCK_CENT":0,"BLOCK_DEF":30.7692307692,"BLD_INHAB":4,"OBJECTID":2,"AO_225":0.2,"id":1015,"preds_material":[[5,"1216743402_770935_7547_3-512.jpg"],[5,"1216743403_051150_7548_3-512.jpg"],[5,"1216743403_330936_7549_3-512.jpg"],[5,"1216743403_670742_7550_3-512.jpg"],[5,"1216743403_670742_7550_3-512.jpg"],[5,"1216743404_030756_7551_3-512.jpg"],[5,"1216743404_465873_7552_3-512.jpg"]],"material_ml":"painted","preds_construction":[[2,"1216743402_770935_7547_3-512.jpg"],[2,"1216743403_051150_7548_3-512.jpg"],[2,"1216743403_330936_7549_3-512.jpg"],[2,"1216743403_670742_7550_3-512.jpg"],[2,"1216743404_030756_7551_3-512.jpg"],[2,"1216743404_465873_7552_3-512.jpg"]],"construction_ml":"complete","preds_design":[[1,"1216743403_051150_7548_3-512.jpg"],[2,"1216743403_051150_7548_3-512.jpg"],[1,"1216743403_330936_7549_3-512.jpg"],[2,"1216743403_330936_7549_3-512.jpg"],[1,"1216743403_670742_7550_3-512.jpg"],[2,"1216743403_670742_7550_3-512.jpg"],[2,"1216743403_670742_7550_3-512.jpg"],[1,"1216743404_030756_7551_3-512.jpg"],[2,"1216743404_030756_7551_3-512.jpg"],[2,"1216743404_465873_7552_3-512.jpg"],[1,"1216743404_465873_7552_3-512.jpg"]],"design_ml":"designed","images":[]}
