{"MATERIAL":"corrugated metal","AVG_SLOPE":9.81142327769,"AVG_HEIGHT":2.79009020433,"TERAIN_SLP":1.29457241196,"AREA":28.2829891164,"VOLUME":79,"FLOORS":1,"INT_ZONE":"Borde Rural","FLOOD":2,"LANDSLIDE":"Amenaza Baja","LEGAL_ID":"358","LEGAL_NAME":"EL PARAISO","LEGAL_AREA":26.04,"LEGAL_LOTS":2077,"LEGAL_POP":11215.8,"LEGAL_DENS":79.76190476,"LEGALIZING":null,"BLOCK_ID_":"002565041","BLOCK_POP":186,"BLOCK_BLD":52,"BLOCK_RISK":2.0337632,"BLOCK_EDU":0.49821228,"BLOCK_HLTH":16.382711,"BLOCK_TRAN":92.819366,"BLOCK_CULT":0,"BLOCK_PARK":22.613523,"BLOCK_SEC":43.051487,"BLOCK_CENT":0,"BLOCK_DEF":30.7692307692,"BLD_INHAB":4,"OBJECTID":2,"AO_225":0.2,"id":1019,"preds_material":[[5,"1216741532_505893_2798_1-512.jpg"],[5,"1216741532_505893_2798_3-512.jpg"],[5,"1216741532_735905_2799_1-512.jpg"],[5,"1216741532_735905_2799_3-512.jpg"],[5,"1216741532_961186_2800_1-512.jpg"],[5,"1216741532_961186_2800_1-512.jpg"],[5,"1216741532_961186_2800_3-512.jpg"],[5,"1216741532_961186_2800_3-512.jpg"],[5,"1216741533_190861_2801_1-512.jpg"],[5,"1216741533_190861_2801_1-512.jpg"],[5,"1216741533_190861_2801_3-512.jpg"],[5,"1216741533_190861_2801_3-512.jpg"],[5,"1216741533_430872_2802_1-512.jpg"],[5,"1216741533_430872_2802_1-512.jpg"],[5,"1216741533_430872_2802_3-512.jpg"],[3,"1216741533_430872_2802_3-512.jpg"],[5,"1216741533_685913_2803_1-512.jpg"],[5,"1216741533_685913_2803_1-512.jpg"],[5,"1216741533_685913_2803_3-512.jpg"],[3,"1216741533_685913_2803_3-512.jpg"],[5,"1216741533_940991_2804_1-512.jpg"],[5,"1216741533_940991_2804_3-512.jpg"],[5,"1216741533_940991_2804_3-512.jpg"],[3,"1216741533_940991_2804_3-512.jpg"],[5,"1216741534_205897_2805_1-512.jpg"],[5,"1216741534_205897_2805_3-512.jpg"],[3,"1216741534_205897_2805_3-512.jpg"],[5,"1216741534_205897_2805_3-512.jpg"],[5,"1216741534_500864_2806_1-512.jpg"],[3,"1216741534_500864_2806_3-512.jpg"],[5,"1216743936_868235_8963_1-512.jpg"],[5,"1216743937_068238_8964_1-512.jpg"],[5,"1216743938_493202_8971_1-512.jpg"]],"material_ml":"painted","preds_construction":[[2,"1216741532_505893_2798_1-512.jpg"],[2,"1216741532_505893_2798_3-512.jpg"],[2,"1216741532_735905_2799_1-512.jpg"],[2,"1216741532_735905_2799_3-512.jpg"],[2,"1216741532_961186_2800_1-512.jpg"],[2,"1216741532_961186_2800_1-512.jpg"],[2,"1216741532_961186_2800_3-512.jpg"],[2,"1216741532_961186_2800_3-512.jpg"],[2,"1216741533_190861_2801_1-512.jpg"],[2,"1216741533_190861_2801_1-512.jpg"],[2,"1216741533_190861_2801_3-512.jpg"],[2,"1216741533_190861_2801_3-512.jpg"],[2,"1216741533_430872_2802_1-512.jpg"],[2,"1216741533_430872_2802_1-512.jpg"],[2,"1216741533_430872_2802_3-512.jpg"],[2,"1216741533_430872_2802_3-512.jpg"],[2,"1216741533_685913_2803_1-512.jpg"],[2,"1216741533_685913_2803_1-512.jpg"],[2,"1216741533_685913_2803_3-512.jpg"],[2,"1216741533_940991_2804_1-512.jpg"],[2,"1216741533_940991_2804_3-512.jpg"],[2,"1216741533_940991_2804_3-512.jpg"],[2,"1216741534_205897_2805_1-512.jpg"],[2,"1216741534_205897_2805_3-512.jpg"],[2,"1216741534_205897_2805_3-512.jpg"],[2,"1216741534_500864_2806_1-512.jpg"],[2,"1216743937_068238_8964_1-512.jpg"],[2,"1216743938_493202_8971_1-512.jpg"]],"construction_ml":"complete","preds_design":[[2,"1216741532_505893_2798_1-512.jpg"],[2,"1216741532_505893_2798_3-512.jpg"],[2,"1216741532_735905_2799_1-512.jpg"],[2,"1216741532_735905_2799_3-512.jpg"],[2,"1216741532_961186_2800_1-512.jpg"],[2,"1216741532_961186_2800_1-512.jpg"],[2,"1216741532_961186_2800_3-512.jpg"],[2,"1216741532_961186_2800_3-512.jpg"],[1,"1216741532_961186_2800_3-512.jpg"],[2,"1216741533_190861_2801_1-512.jpg"],[2,"1216741533_190861_2801_1-512.jpg"],[2,"1216741533_190861_2801_3-512.jpg"],[1,"1216741533_190861_2801_3-512.jpg"],[2,"1216741533_190861_2801_3-512.jpg"],[2,"1216741533_430872_2802_1-512.jpg"],[2,"1216741533_430872_2802_1-512.jpg"],[1,"1216741533_430872_2802_3-512.jpg"],[2,"1216741533_430872_2802_3-512.jpg"],[2,"1216741533_685913_2803_1-512.jpg"],[2,"1216741533_685913_2803_1-512.jpg"],[1,"1216741533_685913_2803_3-512.jpg"],[2,"1216741533_685913_2803_3-512.jpg"],[2,"1216741533_940991_2804_1-512.jpg"],[1,"1216741533_940991_2804_3-512.jpg"],[2,"1216741533_940991_2804_3-512.jpg"],[2,"1216741533_940991_2804_3-512.jpg"],[2,"1216741534_205897_2805_1-512.jpg"],[2,"1216741534_205897_2805_3-512.jpg"],[1,"1216741534_205897_2805_3-512.jpg"],[2,"1216741534_500864_2806_1-512.jpg"],[1,"1216741534_500864_2806_3-512.jpg"],[2,"1216743938_493202_8971_1-512.jpg"],[2,"1216743938_723386_8972_1-512.jpg"]],"design_ml":"designed","images":[]}
