{"MATERIAL":"corrugated metal/heavily patched","AVG_SLOPE":8.0764049039,"AVG_HEIGHT":0.59734306957,"TERAIN_SLP":13.732322685,"AREA":57.4276317042,"VOLUME":34,"FLOORS":1,"INT_ZONE":"Borde Rural","FLOOD":1,"LANDSLIDE":"Amenaza Baja","LEGAL_ID":"358","LEGAL_NAME":"EL PARAISO","LEGAL_AREA":26.04,"LEGAL_LOTS":2077,"LEGAL_POP":11215.8,"LEGAL_DENS":79.76190476,"LEGALIZING":null,"BLOCK_ID_":"002565041","BLOCK_POP":186,"BLOCK_BLD":52,"BLOCK_RISK":2.0337632,"BLOCK_EDU":0.49821228,"BLOCK_HLTH":16.382711,"BLOCK_TRAN":92.819366,"BLOCK_CULT":0,"BLOCK_PARK":22.613523,"BLOCK_SEC":43.051487,"BLOCK_CENT":0,"BLOCK_DEF":30.7692307692,"BLD_INHAB":4,"OBJECTID":2,"AO_225":0.2,"id":1021,"preds_material":[[5,"1216743401_385799_7542_3-512.jpg"],[5,"1216743401_620951_7543_3-512.jpg"],[5,"1216743401_620951_7543_3-512.jpg"],[5,"1216743401_905915_7544_3-512.jpg"],[5,"1216743401_905915_7544_3-512.jpg"],[5,"1216743402_190949_7545_3-512.jpg"],[5,"1216743402_190949_7545_3-512.jpg"],[5,"1216743402_475916_7546_3-512.jpg"],[5,"1216743402_475916_7546_3-512.jpg"]],"material_ml":"painted","preds_construction":[[2,"1216743401_385799_7542_3-512.jpg"],[2,"1216743401_620951_7543_3-512.jpg"],[2,"1216743401_620951_7543_3-512.jpg"],[2,"1216743401_905915_7544_3-512.jpg"],[2,"1216743401_905915_7544_3-512.jpg"],[2,"1216743402_190949_7545_3-512.jpg"],[2,"1216743402_190949_7545_3-512.jpg"],[2,"1216743402_475916_7546_3-512.jpg"],[2,"1216743402_475916_7546_3-512.jpg"],[2,"1216743402_475916_7546_3-512.jpg"],[2,"1216743402_770935_7547_3-512.jpg"]],"construction_ml":"complete","preds_design":[[2,"1216743401_385799_7542_3-512.jpg"],[2,"1216743401_620951_7543_3-512.jpg"],[2,"1216743401_620951_7543_3-512.jpg"],[2,"1216743401_905915_7544_3-512.jpg"],[1,"1216743401_905915_7544_3-512.jpg"],[2,"1216743401_905915_7544_3-512.jpg"],[2,"1216743402_190949_7545_3-512.jpg"],[2,"1216743402_190949_7545_3-512.jpg"],[1,"1216743402_190949_7545_3-512.jpg"],[2,"1216743402_475916_7546_3-512.jpg"],[2,"1216743402_475916_7546_3-512.jpg"],[1,"1216743402_475916_7546_3-512.jpg"],[1,"1216743402_770935_7547_3-512.jpg"]],"design_ml":"designed","images":[]}
