{"MATERIAL":"corrugated metal/heavily patched","AVG_SLOPE":4.79242871676,"AVG_HEIGHT":4.0920207513,"TERAIN_SLP":11.4577016407,"AREA":69.443799458,"VOLUME":284,"FLOORS":2,"INT_ZONE":"Borde Rural","FLOOD":1,"LANDSLIDE":"Amenaza Baja","LEGAL_ID":"358","LEGAL_NAME":"EL PARAISO","LEGAL_AREA":26.04,"LEGAL_LOTS":2077,"LEGAL_POP":11215.8,"LEGAL_DENS":79.76190476,"LEGALIZING":null,"BLOCK_ID_":"002565041","BLOCK_POP":186,"BLOCK_BLD":52,"BLOCK_RISK":2.0337632,"BLOCK_EDU":0.49821228,"BLOCK_HLTH":16.382711,"BLOCK_TRAN":92.819366,"BLOCK_CULT":0,"BLOCK_PARK":22.613523,"BLOCK_SEC":43.051487,"BLOCK_CENT":0,"BLOCK_DEF":30.7692307692,"BLD_INHAB":4,"OBJECTID":2,"AO_225":0.2,"id":1022,"preds_material":[[5,"1216743389_011014_7514_1-512.jpg"],[5,"1216743399_301000_7535_3-512.jpg"],[5,"1216743399_610919_7536_3-512.jpg"],[5,"1216743399_920921_7537_3-512.jpg"],[5,"1216743400_230925_7538_3-512.jpg"],[5,"1216743400_525881_7539_3-512.jpg"],[5,"1216743400_820881_7540_3-512.jpg"],[5,"1216743401_105807_7541_3-512.jpg"],[1,"1216743921_968379_8915_1-512.jpg"],[5,"1216743923_263659_8922_1-512.jpg"]],"material_ml":"painted","preds_construction":[[2,"1216743399_301000_7535_3-512.jpg"],[2,"1216743399_610919_7536_3-512.jpg"],[2,"1216743399_920921_7537_3-512.jpg"],[2,"1216743400_230925_7538_3-512.jpg"],[2,"1216743400_525881_7539_3-512.jpg"],[2,"1216743400_820881_7540_3-512.jpg"],[2,"1216743401_105807_7541_3-512.jpg"]],"construction_ml":"complete","preds_design":[[2,"1216743399_301000_7535_3-512.jpg"],[2,"1216743399_610919_7536_3-512.jpg"],[2,"1216743399_920921_7537_3-512.jpg"],[2,"1216743400_230925_7538_3-512.jpg"],[2,"1216743400_525881_7539_3-512.jpg"],[2,"1216743400_820881_7540_3-512.jpg"],[2,"1216743401_105807_7541_3-512.jpg"]],"design_ml":"designed","images":[]}
