{"MATERIAL":"corrugated metal/heavily patched","AVG_SLOPE":5.7499347903,"AVG_HEIGHT":0.9151542831,"TERAIN_SLP":9.15905997614,"AREA":53.24046857,"VOLUME":49,"FLOORS":1,"INT_ZONE":"Borde Rural","FLOOD":1,"LANDSLIDE":"Amenaza Baja","LEGAL_ID":"358","LEGAL_NAME":"EL PARAISO","LEGAL_AREA":26.04,"LEGAL_LOTS":2077,"LEGAL_POP":11215.8,"LEGAL_DENS":79.76190476,"LEGALIZING":null,"BLOCK_ID_":"002565041","BLOCK_POP":186,"BLOCK_BLD":52,"BLOCK_RISK":2.0337632,"BLOCK_EDU":0.49821228,"BLOCK_HLTH":16.382711,"BLOCK_TRAN":92.819366,"BLOCK_CULT":0,"BLOCK_PARK":22.613523,"BLOCK_SEC":43.051487,"BLOCK_CENT":0,"BLOCK_DEF":30.7692307692,"BLD_INHAB":4,"OBJECTID":2,"AO_225":0.2,"id":1023,"preds_material":[[5,"1216741529_950978_2787_1-512.jpg"],[5,"1216741529_950978_2787_1-512.jpg"],[5,"1216741529_950978_2787_3-512.jpg"],[5,"1216741529_950978_2787_3-512.jpg"],[5,"1216741530_200864_2788_1-512.jpg"],[5,"1216741530_200864_2788_1-512.jpg"],[5,"1216741530_200864_2788_1-512.jpg"],[2,"1216741530_200864_2788_1-512.jpg"],[5,"1216741530_200864_2788_3-512.jpg"],[5,"1216741530_200864_2788_3-512.jpg"],[5,"1216741530_440883_2789_1-512.jpg"],[5,"1216741530_440883_2789_1-512.jpg"],[5,"1216741530_440883_2789_3-512.jpg"],[5,"1216741530_440883_2789_3-512.jpg"],[5,"1216741530_680901_2790_1-512.jpg"],[5,"1216741530_680901_2790_1-512.jpg"],[5,"1216741530_680901_2790_3-512.jpg"],[5,"1216741530_680901_2790_3-512.jpg"],[5,"1216741530_920879_2791_1-512.jpg"],[5,"1216741530_920879_2791_1-512.jpg"],[5,"1216741530_920879_2791_3-512.jpg"],[5,"1216741530_920879_2791_3-512.jpg"]],"material_ml":"painted","preds_construction":[[2,"1216741529_950978_2787_1-512.jpg"],[2,"1216741529_950978_2787_1-512.jpg"],[2,"1216741529_950978_2787_3-512.jpg"],[2,"1216741529_950978_2787_3-512.jpg"],[2,"1216741530_200864_2788_1-512.jpg"],[2,"1216741530_200864_2788_1-512.jpg"],[2,"1216741530_200864_2788_1-512.jpg"],[2,"1216741530_200864_2788_3-512.jpg"],[2,"1216741530_200864_2788_3-512.jpg"],[2,"1216741530_440883_2789_1-512.jpg"],[2,"1216741530_440883_2789_1-512.jpg"],[2,"1216741530_440883_2789_1-512.jpg"],[2,"1216741530_440883_2789_3-512.jpg"],[2,"1216741530_440883_2789_3-512.jpg"],[2,"1216741530_680901_2790_1-512.jpg"],[2,"1216741530_680901_2790_1-512.jpg"],[2,"1216741530_680901_2790_3-512.jpg"],[2,"1216741530_680901_2790_3-512.jpg"],[2,"1216741530_920879_2791_1-512.jpg"],[2,"1216741530_920879_2791_1-512.jpg"],[2,"1216741530_920879_2791_3-512.jpg"],[2,"1216741530_920879_2791_3-512.jpg"]],"construction_ml":"complete","preds_design":[[2,"1216741529_950978_2787_1-512.jpg"],[2,"1216741529_950978_2787_1-512.jpg"],[1,"1216741529_950978_2787_3-512.jpg"],[1,"1216741529_950978_2787_3-512.jpg"],[2,"1216741529_950978_2787_3-512.jpg"],[2,"1216741530_200864_2788_1-512.jpg"],[2,"1216741530_200864_2788_1-512.jpg"],[2,"1216741530_200864_2788_1-512.jpg"],[1,"1216741530_200864_2788_3-512.jpg"],[2,"1216741530_200864_2788_3-512.jpg"],[1,"1216741530_200864_2788_3-512.jpg"],[2,"1216741530_440883_2789_1-512.jpg"],[2,"1216741530_440883_2789_1-512.jpg"],[1,"1216741530_440883_2789_3-512.jpg"],[2,"1216741530_440883_2789_3-512.jpg"],[1,"1216741530_440883_2789_3-512.jpg"],[2,"1216741530_680901_2790_1-512.jpg"],[2,"1216741530_680901_2790_1-512.jpg"],[1,"1216741530_680901_2790_3-512.jpg"],[1,"1216741530_680901_2790_3-512.jpg"],[2,"1216741530_680901_2790_3-512.jpg"],[2,"1216741530_920879_2791_1-512.jpg"],[2,"1216741530_920879_2791_1-512.jpg"],[2,"1216741530_920879_2791_3-512.jpg"],[2,"1216741530_920879_2791_3-512.jpg"],[1,"1216741530_920879_2791_3-512.jpg"]],"design_ml":"designed","images":[]}
