{"MATERIAL":"corrugated metal/heavily patched","AVG_SLOPE":9.71164026976,"AVG_HEIGHT":2.03760574242,"TERAIN_SLP":2.21317909684,"AREA":55.5413968545,"VOLUME":113,"FLOORS":1,"INT_ZONE":"Borde Rural","FLOOD":1,"LANDSLIDE":"Amenaza Baja","LEGAL_ID":"358","LEGAL_NAME":"EL PARAISO","LEGAL_AREA":26.04,"LEGAL_LOTS":2077,"LEGAL_POP":11215.8,"LEGAL_DENS":79.76190476,"LEGALIZING":null,"BLOCK_ID_":"002565040","BLOCK_POP":161,"BLOCK_BLD":47,"BLOCK_RISK":3.9003148,"BLOCK_EDU":0.56070113,"BLOCK_HLTH":18.207903,"BLOCK_TRAN":90.775925,"BLOCK_CULT":0,"BLOCK_PARK":24.342993,"BLOCK_SEC":100,"BLOCK_CENT":0,"BLOCK_DEF":27.6595744681,"BLD_INHAB":3,"OBJECTID":2,"AO_225":0.2,"id":1026,"preds_material":[[5,"1216741401_496583_2378_1-512.jpg"],[5,"1216741401_706581_2379_1-512.jpg"],[5,"1216741401_706581_2379_1-512.jpg"],[5,"1216741401_706581_2379_3-512.jpg"],[5,"1216741401_706581_2379_3-512.jpg"],[5,"1216741401_911623_2380_1-512.jpg"],[5,"1216741401_911623_2380_3-512.jpg"],[5,"1216741402_116587_2381_1-512.jpg"],[5,"1216741402_116587_2381_3-512.jpg"],[5,"1216741402_116587_2381_3-512.jpg"],[5,"1216741402_316566_2382_1-512.jpg"],[5,"1216741402_316566_2382_3-512.jpg"],[5,"1216741402_316566_2382_3-512.jpg"],[5,"1216741402_516570_2383_1-512.jpg"],[5,"1216741402_516570_2383_3-512.jpg"],[5,"1216741402_516570_2383_3-512.jpg"]],"material_ml":"painted","preds_construction":[[2,"1216741401_496583_2378_1-512.jpg"],[2,"1216741401_706581_2379_1-512.jpg"],[2,"1216741401_706581_2379_1-512.jpg"],[2,"1216741401_706581_2379_3-512.jpg"],[2,"1216741401_911623_2380_1-512.jpg"],[2,"1216741401_911623_2380_3-512.jpg"],[2,"1216741402_116587_2381_1-512.jpg"],[2,"1216741402_116587_2381_3-512.jpg"],[2,"1216741402_116587_2381_3-512.jpg"],[2,"1216741402_316566_2382_1-512.jpg"],[2,"1216741402_316566_2382_3-512.jpg"],[2,"1216741402_316566_2382_3-512.jpg"],[2,"1216741402_516570_2383_1-512.jpg"],[2,"1216741402_516570_2383_3-512.jpg"],[2,"1216741402_516570_2383_3-512.jpg"]],"construction_ml":"complete","preds_design":[[2,"1216741401_496583_2378_1-512.jpg"],[2,"1216741401_706581_2379_1-512.jpg"],[2,"1216741401_706581_2379_1-512.jpg"],[2,"1216741401_706581_2379_3-512.jpg"],[2,"1216741401_911623_2380_1-512.jpg"],[2,"1216741401_911623_2380_3-512.jpg"],[2,"1216741402_116587_2381_1-512.jpg"],[2,"1216741402_116587_2381_3-512.jpg"],[2,"1216741402_116587_2381_3-512.jpg"],[2,"1216741402_316566_2382_1-512.jpg"],[2,"1216741402_316566_2382_3-512.jpg"],[2,"1216741402_316566_2382_3-512.jpg"],[2,"1216741402_516570_2383_1-512.jpg"],[1,"1216741402_516570_2383_1-512.jpg"],[2,"1216741402_516570_2383_3-512.jpg"],[2,"1216741402_516570_2383_3-512.jpg"]],"design_ml":"designed","images":[]}
