{"MATERIAL":"corrugated metal/heavily patched","AVG_SLOPE":4.893863422,"AVG_HEIGHT":6.60162664444,"TERAIN_SLP":2.87262225988,"AREA":54.1565580362,"VOLUME":358,"FLOORS":2,"INT_ZONE":"Borde Rural","FLOOD":1,"LANDSLIDE":"Amenaza Baja","LEGAL_ID":"358","LEGAL_NAME":"EL PARAISO","LEGAL_AREA":26.04,"LEGAL_LOTS":2077,"LEGAL_POP":11215.8,"LEGAL_DENS":79.76190476,"LEGALIZING":null,"BLOCK_ID_":"002565040","BLOCK_POP":161,"BLOCK_BLD":47,"BLOCK_RISK":3.9003148,"BLOCK_EDU":0.56070113,"BLOCK_HLTH":18.207903,"BLOCK_TRAN":90.775925,"BLOCK_CULT":0,"BLOCK_PARK":24.342993,"BLOCK_SEC":100,"BLOCK_CENT":0,"BLOCK_DEF":27.6595744681,"BLD_INHAB":3,"OBJECTID":2,"AO_225":0.2,"id":1027,"preds_material":[[5,"1216743944_318187_8986_1-512.jpg"],[5,"1216743945_933309_8987_1-512.jpg"]],"material_ml":"painted","preds_construction":[[2,"1216743944_318187_8986_1-512.jpg"],[2,"1216743945_933309_8987_1-512.jpg"]],"construction_ml":"complete","preds_design":[[2,"1216743944_318187_8986_1-512.jpg"],[2,"1216743945_933309_8987_1-512.jpg"]],"design_ml":"designed","images":[]}
