{"MATERIAL":"corrugated metal","AVG_SLOPE":10.1577485509,"AVG_HEIGHT":3.06169197667,"TERAIN_SLP":2.60452251363,"AREA":67.0921858656,"VOLUME":205,"FLOORS":2,"INT_ZONE":"Borde Rural","FLOOD":2,"LANDSLIDE":"Amenaza Baja","LEGAL_ID":"358","LEGAL_NAME":"EL PARAISO","LEGAL_AREA":26.04,"LEGAL_LOTS":2077,"LEGAL_POP":11215.8,"LEGAL_DENS":79.76190476,"LEGALIZING":null,"BLOCK_ID_":"002565042","BLOCK_POP":121,"BLOCK_BLD":29,"BLOCK_RISK":3.0061119,"BLOCK_EDU":0,"BLOCK_HLTH":14.906469,"BLOCK_TRAN":96.977013,"BLOCK_CULT":0,"BLOCK_PARK":30.894077,"BLOCK_SEC":43.051487,"BLOCK_CENT":0,"BLOCK_DEF":31.0344827586,"BLD_INHAB":4,"OBJECTID":2,"AO_225":0.2,"id":1031,"preds_material":[[5,"1216743383_446010_7501_1-512.jpg"],[5,"1216743908_173347_8823_3-512.jpg"],[5,"1216743914_888327_8867_1-512.jpg"],[5,"1216743915_043471_8868_1-512.jpg"],[5,"1216743915_233304_8869_1-512.jpg"],[5,"1216743915_388354_8870_1-512.jpg"],[5,"1216743915_543303_8871_1-512.jpg"],[5,"1216743915_698392_8872_1-512.jpg"],[5,"1216743917_323316_8882_1-512.jpg"],[5,"1216743917_473322_8883_1-512.jpg"],[5,"1216743917_618348_8884_1-512.jpg"],[5,"1216743917_728310_8885_1-512.jpg"],[5,"1216743917_868167_8886_1-512.jpg"],[5,"1216743918_008186_8887_1-512.jpg"],[5,"1216743918_158347_8888_1-512.jpg"],[5,"1216743918_298340_8889_1-512.jpg"],[5,"1216743918_438351_8890_1-512.jpg"],[5,"1216743918_623355_8891_1-512.jpg"],[5,"1216743918_763349_8892_1-512.jpg"],[5,"1216743918_903329_8893_1-512.jpg"],[5,"1216743919_138312_8895_1-512.jpg"],[5,"1216743919_273284_8896_1-512.jpg"],[5,"1216743919_413301_8897_1-512.jpg"],[5,"1216743919_548258_8898_1-512.jpg"],[1,"1216743919_678336_8899_1-512.jpg"],[5,"1216743919_678336_8899_1-512.jpg"]],"material_ml":"painted","preds_construction":[[2,"1216743383_446010_7501_1-512.jpg"],[2,"1216743914_888327_8867_1-512.jpg"],[2,"1216743915_043471_8868_1-512.jpg"],[2,"1216743915_233304_8869_1-512.jpg"],[2,"1216743915_388354_8870_1-512.jpg"],[2,"1216743915_543303_8871_1-512.jpg"],[2,"1216743915_698392_8872_1-512.jpg"],[2,"1216743916_983289_8880_1-512.jpg"],[2,"1216743917_133318_8881_1-512.jpg"],[2,"1216743917_323316_8882_1-512.jpg"],[2,"1216743917_473322_8883_1-512.jpg"],[2,"1216743917_618348_8884_1-512.jpg"],[2,"1216743917_728310_8885_1-512.jpg"],[2,"1216743917_868167_8886_1-512.jpg"],[2,"1216743918_008186_8887_1-512.jpg"],[2,"1216743918_158347_8888_1-512.jpg"],[2,"1216743918_298340_8889_1-512.jpg"],[2,"1216743918_438351_8890_1-512.jpg"],[2,"1216743918_623355_8891_1-512.jpg"],[2,"1216743918_763349_8892_1-512.jpg"],[2,"1216743918_903329_8893_1-512.jpg"],[2,"1216743919_138312_8895_1-512.jpg"],[2,"1216743919_273284_8896_1-512.jpg"],[2,"1216743919_413301_8897_1-512.jpg"],[2,"1216743919_548258_8898_1-512.jpg"],[2,"1216743919_678336_8899_1-512.jpg"]],"construction_ml":"complete","preds_design":[[2,"1216743383_446010_7501_1-512.jpg"],[2,"1216743914_888327_8867_1-512.jpg"],[2,"1216743915_043471_8868_1-512.jpg"],[2,"1216743915_233304_8869_1-512.jpg"],[2,"1216743915_388354_8870_1-512.jpg"],[2,"1216743915_543303_8871_1-512.jpg"],[2,"1216743915_698392_8872_1-512.jpg"],[2,"1216743917_323316_8882_1-512.jpg"],[2,"1216743917_473322_8883_1-512.jpg"],[2,"1216743917_618348_8884_1-512.jpg"],[2,"1216743917_728310_8885_1-512.jpg"],[2,"1216743917_868167_8886_1-512.jpg"],[2,"1216743918_008186_8887_1-512.jpg"],[2,"1216743918_158347_8888_1-512.jpg"],[2,"1216743918_298340_8889_1-512.jpg"],[2,"1216743918_438351_8890_1-512.jpg"],[2,"1216743918_623355_8891_1-512.jpg"],[2,"1216743918_763349_8892_1-512.jpg"],[2,"1216743918_903329_8893_1-512.jpg"],[2,"1216743919_138312_8895_1-512.jpg"],[2,"1216743919_273284_8896_1-512.jpg"],[2,"1216743919_413301_8897_1-512.jpg"],[2,"1216743919_548258_8898_1-512.jpg"],[2,"1216743919_678336_8899_1-512.jpg"]],"design_ml":"designed","images":[]}
