{"MATERIAL":"corrugated metal","AVG_SLOPE":8.31443568167,"AVG_HEIGHT":2.68130476499,"TERAIN_SLP":2.3793012404,"AREA":115.136733513,"VOLUME":309,"FLOORS":1,"INT_ZONE":"Borde Rural","FLOOD":1,"LANDSLIDE":"Amenaza Baja","LEGAL_ID":"358","LEGAL_NAME":"EL PARAISO","LEGAL_AREA":26.04,"LEGAL_LOTS":2077,"LEGAL_POP":11215.8,"LEGAL_DENS":79.76190476,"LEGALIZING":null,"BLOCK_ID_":"002565042","BLOCK_POP":121,"BLOCK_BLD":29,"BLOCK_RISK":3.0061119,"BLOCK_EDU":0,"BLOCK_HLTH":14.906469,"BLOCK_TRAN":96.977013,"BLOCK_CULT":0,"BLOCK_PARK":30.894077,"BLOCK_SEC":43.051487,"BLOCK_CENT":0,"BLOCK_DEF":31.0344827586,"BLD_INHAB":4,"OBJECTID":2,"AO_225":0.2,"id":1034,"preds_material":[[5,"1216742194_852279_4325_3-512.jpg"],[1,"1216743401_905915_7544_1-512.jpg"],[1,"1216743402_190949_7545_1-512.jpg"],[1,"1216743402_475916_7546_1-512.jpg"],[1,"1216743402_770935_7547_1-512.jpg"],[1,"1216743403_051150_7548_1-512.jpg"],[1,"1216743403_330936_7549_1-512.jpg"],[1,"1216743403_670742_7550_1-512.jpg"],[5,"1216743403_670742_7550_1-512.jpg"],[1,"1216743404_030756_7551_1-512.jpg"],[5,"1216743404_030756_7551_1-512.jpg"],[5,"1216743404_465873_7552_1-512.jpg"],[1,"1216743404_465873_7552_1-512.jpg"],[5,"1216743404_891047_7553_1-512.jpg"],[1,"1216743404_891047_7553_1-512.jpg"],[5,"1216743405_365900_7554_1-512.jpg"],[1,"1216743405_365900_7554_1-512.jpg"]],"material_ml":"brick","preds_construction":[[2,"1216743401_905915_7544_1-512.jpg"],[2,"1216743402_190949_7545_1-512.jpg"],[2,"1216743402_475916_7546_1-512.jpg"],[2,"1216743402_770935_7547_1-512.jpg"],[2,"1216743403_051150_7548_1-512.jpg"],[2,"1216743403_330936_7549_1-512.jpg"],[2,"1216743403_330936_7549_1-512.jpg"],[2,"1216743403_670742_7550_1-512.jpg"],[2,"1216743403_670742_7550_1-512.jpg"],[2,"1216743404_030756_7551_1-512.jpg"],[2,"1216743404_030756_7551_1-512.jpg"],[2,"1216743404_465873_7552_1-512.jpg"],[2,"1216743404_465873_7552_1-512.jpg"],[2,"1216743404_891047_7553_1-512.jpg"],[2,"1216743404_891047_7553_1-512.jpg"],[1,"1216743404_891047_7553_1-512.jpg"],[2,"1216743405_365900_7554_1-512.jpg"],[1,"1216743405_365900_7554_1-512.jpg"],[2,"1216743405_365900_7554_1-512.jpg"]],"construction_ml":"complete","preds_design":[[2,"1216743401_905915_7544_1-512.jpg"],[1,"1216743401_905915_7544_1-512.jpg"],[2,"1216743402_190949_7545_1-512.jpg"],[2,"1216743402_475916_7546_1-512.jpg"],[2,"1216743402_770935_7547_1-512.jpg"],[2,"1216743403_051150_7548_1-512.jpg"],[2,"1216743403_330936_7549_1-512.jpg"],[2,"1216743403_670742_7550_1-512.jpg"],[2,"1216743403_670742_7550_1-512.jpg"],[2,"1216743404_030756_7551_1-512.jpg"],[2,"1216743404_030756_7551_1-512.jpg"],[2,"1216743404_465873_7552_1-512.jpg"],[2,"1216743404_465873_7552_1-512.jpg"],[2,"1216743404_891047_7553_1-512.jpg"],[2,"1216743404_891047_7553_1-512.jpg"],[2,"1216743405_365900_7554_1-512.jpg"],[2,"1216743405_365900_7554_1-512.jpg"]],"design_ml":"designed","images":[]}
