{"MATERIAL":"corrugated metal/heavily patched","AVG_SLOPE":5.16097077773,"AVG_HEIGHT":0.52718782891,"TERAIN_SLP":12.6340173939,"AREA":48.7631273949,"VOLUME":26,"FLOORS":1,"INT_ZONE":"Borde Rural","FLOOD":1,"LANDSLIDE":"Amenaza Baja","LEGAL_ID":"358","LEGAL_NAME":"EL PARAISO","LEGAL_AREA":26.04,"LEGAL_LOTS":2077,"LEGAL_POP":11215.8,"LEGAL_DENS":79.76190476,"LEGALIZING":null,"BLOCK_ID_":"002565042","BLOCK_POP":121,"BLOCK_BLD":29,"BLOCK_RISK":3.0061119,"BLOCK_EDU":0,"BLOCK_HLTH":14.906469,"BLOCK_TRAN":96.977013,"BLOCK_CULT":0,"BLOCK_PARK":30.894077,"BLOCK_SEC":43.051487,"BLOCK_CENT":0,"BLOCK_DEF":31.0344827586,"BLD_INHAB":4,"OBJECTID":2,"AO_225":0.2,"id":1041,"preds_material":[[5,"1216742199_442222_4347_3-512.jpg"],[5,"1216742199_657307_4348_3-512.jpg"],[5,"1216742199_877300_4349_3-512.jpg"],[5,"1216742200_102281_4350_3-512.jpg"],[5,"1216742200_322221_4351_3-512.jpg"],[5,"1216742200_537280_4352_3-512.jpg"],[5,"1216742200_762219_4353_3-512.jpg"],[5,"1216742200_997488_4354_3-512.jpg"],[5,"1216742201_237276_4355_3-512.jpg"],[5,"1216742201_442284_4356_3-512.jpg"],[5,"1216742201_647302_4357_3-512.jpg"],[5,"1216742201_847302_4358_3-512.jpg"],[5,"1216743287_021584_7213_1-512.jpg"],[5,"1216743287_256550_7214_1-512.jpg"],[5,"1216743287_491634_7215_1-512.jpg"],[5,"1216743287_741620_7216_1-512.jpg"],[5,"1216743287_981634_7217_1-512.jpg"],[5,"1216743288_221621_7218_1-512.jpg"],[5,"1216743288_441488_7219_1-512.jpg"],[5,"1216743288_696566_7220_1-512.jpg"],[5,"1216743288_941465_7221_1-512.jpg"],[5,"1216743289_191474_7222_1-512.jpg"]],"material_ml":"painted","preds_construction":[[2,"1216742199_442222_4347_3-512.jpg"],[2,"1216742199_657307_4348_3-512.jpg"],[2,"1216742199_877300_4349_3-512.jpg"],[2,"1216742200_102281_4350_3-512.jpg"],[2,"1216742200_322221_4351_3-512.jpg"],[2,"1216742200_537280_4352_3-512.jpg"],[2,"1216742200_762219_4353_3-512.jpg"],[2,"1216742200_997488_4354_3-512.jpg"],[2,"1216742201_237276_4355_3-512.jpg"],[2,"1216742201_442284_4356_3-512.jpg"],[2,"1216742201_647302_4357_3-512.jpg"],[2,"1216742201_847302_4358_3-512.jpg"],[2,"1216743287_021584_7213_1-512.jpg"],[2,"1216743287_256550_7214_1-512.jpg"],[2,"1216743287_491634_7215_1-512.jpg"],[2,"1216743287_741620_7216_1-512.jpg"],[2,"1216743287_981634_7217_1-512.jpg"],[2,"1216743288_221621_7218_1-512.jpg"],[2,"1216743288_441488_7219_1-512.jpg"],[2,"1216743288_696566_7220_1-512.jpg"],[2,"1216743288_941465_7221_1-512.jpg"],[2,"1216743289_191474_7222_1-512.jpg"]],"construction_ml":"complete","preds_design":[[2,"1216742199_442222_4347_3-512.jpg"],[2,"1216742199_657307_4348_3-512.jpg"],[2,"1216742199_877300_4349_3-512.jpg"],[2,"1216742200_102281_4350_3-512.jpg"],[2,"1216742200_322221_4351_3-512.jpg"],[2,"1216742200_537280_4352_3-512.jpg"],[2,"1216742200_762219_4353_3-512.jpg"],[2,"1216742200_997488_4354_3-512.jpg"],[2,"1216742201_237276_4355_3-512.jpg"],[2,"1216742201_442284_4356_3-512.jpg"],[2,"1216742201_647302_4357_3-512.jpg"],[1,"1216743287_021584_7213_1-512.jpg"],[1,"1216743287_256550_7214_1-512.jpg"],[1,"1216743287_491634_7215_1-512.jpg"],[1,"1216743287_741620_7216_1-512.jpg"],[1,"1216743287_981634_7217_1-512.jpg"],[1,"1216743288_221621_7218_1-512.jpg"],[1,"1216743288_441488_7219_1-512.jpg"],[1,"1216743288_696566_7220_1-512.jpg"],[1,"1216743288_941465_7221_1-512.jpg"],[1,"1216743289_191474_7222_1-512.jpg"]],"design_ml":"designed","images":[]}
