{"MATERIAL":"corrugated metal - new","AVG_SLOPE":11.2331822384,"AVG_HEIGHT":3.65588525931,"TERAIN_SLP":7.87329472319,"AREA":40.993658941,"VOLUME":150,"FLOORS":2,"INT_ZONE":"Borde Rural","FLOOD":1,"LANDSLIDE":"Amenaza Baja","LEGAL_ID":"358","LEGAL_NAME":"EL PARAISO","LEGAL_AREA":26.04,"LEGAL_LOTS":2077,"LEGAL_POP":11215.8,"LEGAL_DENS":79.76190476,"LEGALIZING":null,"BLOCK_ID_":"002565042","BLOCK_POP":121,"BLOCK_BLD":29,"BLOCK_RISK":3.0061119,"BLOCK_EDU":0,"BLOCK_HLTH":14.906469,"BLOCK_TRAN":96.977013,"BLOCK_CULT":0,"BLOCK_PARK":30.894077,"BLOCK_SEC":43.051487,"BLOCK_CENT":0,"BLOCK_DEF":31.0344827586,"BLD_INHAB":4,"OBJECTID":2,"AO_225":0.2,"id":1047,"preds_material":[[5,"1216742203_787282_4368_3-512.jpg"],[5,"1216742203_972349_4369_3-512.jpg"],[5,"1216742205_222214_4376_3-512.jpg"],[5,"1216742205_397234_4377_3-512.jpg"],[5,"1216742205_612254_4378_3-512.jpg"],[5,"1216742205_822164_4379_3-512.jpg"],[5,"1216742206_022325_4380_3-512.jpg"],[6,"1216743232_227549_7088_1-512.jpg"],[6,"1216743233_747964_7089_1-512.jpg"]],"material_ml":"painted","preds_construction":[[2,"1216742203_442220_4366_3-512.jpg"],[2,"1216742203_627242_4367_3-512.jpg"],[2,"1216742203_787282_4368_3-512.jpg"],[2,"1216742203_972349_4369_3-512.jpg"],[2,"1216742204_862183_4374_3-512.jpg"],[2,"1216742205_042197_4375_3-512.jpg"],[2,"1216742205_222214_4376_3-512.jpg"],[2,"1216742205_397234_4377_3-512.jpg"],[2,"1216742205_612254_4378_3-512.jpg"],[2,"1216742205_822164_4379_3-512.jpg"],[2,"1216742206_022325_4380_3-512.jpg"]],"construction_ml":"complete","preds_design":[[1,"1216742203_787282_4368_3-512.jpg"],[2,"1216742203_787282_4368_3-512.jpg"],[2,"1216742203_972349_4369_3-512.jpg"],[1,"1216742203_972349_4369_3-512.jpg"],[2,"1216742204_682177_4373_3-512.jpg"],[2,"1216742204_862183_4374_3-512.jpg"],[2,"1216742205_042197_4375_3-512.jpg"],[2,"1216742205_222214_4376_3-512.jpg"],[2,"1216742205_397234_4377_3-512.jpg"],[2,"1216742205_612254_4378_3-512.jpg"],[2,"1216742205_822164_4379_3-512.jpg"],[2,"1216742206_022325_4380_3-512.jpg"]],"design_ml":"designed","images":[]}
