{"MATERIAL":"corrugated metal/heavily patched","AVG_SLOPE":4.03067148779,"AVG_HEIGHT":6.82694625832,"TERAIN_SLP":10.3807349498,"AREA":69.6652843516,"VOLUME":476,"FLOORS":2,"INT_ZONE":"Borde Rural","FLOOD":2,"LANDSLIDE":"Amenaza Baja","LEGAL_ID":"358","LEGAL_NAME":"EL PARAISO","LEGAL_AREA":26.04,"LEGAL_LOTS":2077,"LEGAL_POP":11215.8,"LEGAL_DENS":79.76190476,"LEGALIZING":null,"BLOCK_ID_":"002565042","BLOCK_POP":121,"BLOCK_BLD":29,"BLOCK_RISK":3.0061119,"BLOCK_EDU":0,"BLOCK_HLTH":14.906469,"BLOCK_TRAN":96.977013,"BLOCK_CULT":0,"BLOCK_PARK":30.894077,"BLOCK_SEC":43.051487,"BLOCK_CENT":0,"BLOCK_DEF":31.0344827586,"BLD_INHAB":4,"OBJECTID":2,"AO_225":0.2,"id":1048,"preds_material":[[5,"1216742199_877300_4349_3-512.jpg"],[5,"1216742200_102281_4350_3-512.jpg"],[5,"1216742200_322221_4351_3-512.jpg"],[5,"1216742200_537280_4352_3-512.jpg"],[5,"1216742200_762219_4353_3-512.jpg"],[5,"1216742200_997488_4354_3-512.jpg"],[5,"1216742201_237276_4355_3-512.jpg"],[5,"1216742201_442284_4356_3-512.jpg"],[5,"1216742201_647302_4357_3-512.jpg"],[5,"1216742201_847302_4358_3-512.jpg"],[5,"1216742202_057290_4359_3-512.jpg"],[5,"1216742202_252267_4360_3-512.jpg"],[5,"1216742202_452118_4361_3-512.jpg"],[5,"1216742202_647067_4362_3-512.jpg"],[5,"1216742202_837130_4363_3-512.jpg"],[5,"1216743284_196653_7201_1-512.jpg"],[5,"1216743285_606483_7207_1-512.jpg"],[5,"1216743285_841501_7208_1-512.jpg"],[5,"1216743286_076516_7209_1-512.jpg"],[5,"1216743286_306628_7210_1-512.jpg"],[5,"1216743286_541707_7211_1-512.jpg"]],"material_ml":"painted","preds_construction":[[2,"1216742200_102281_4350_3-512.jpg"],[2,"1216742200_322221_4351_3-512.jpg"],[2,"1216742200_537280_4352_3-512.jpg"],[2,"1216742200_762219_4353_3-512.jpg"],[2,"1216742200_997488_4354_3-512.jpg"],[1,"1216742200_997488_4354_3-512.jpg"],[2,"1216742201_237276_4355_3-512.jpg"],[1,"1216742201_237276_4355_3-512.jpg"],[2,"1216742201_442284_4356_3-512.jpg"],[1,"1216742201_442284_4356_3-512.jpg"],[2,"1216742201_647302_4357_3-512.jpg"],[2,"1216742201_847302_4358_3-512.jpg"],[2,"1216742202_057290_4359_3-512.jpg"],[2,"1216742202_252267_4360_3-512.jpg"],[2,"1216742202_452118_4361_3-512.jpg"],[1,"1216742202_452118_4361_3-512.jpg"],[2,"1216742202_647067_4362_3-512.jpg"],[2,"1216742202_837130_4363_3-512.jpg"],[2,"1216742203_027092_4364_3-512.jpg"],[2,"1216743284_196653_7201_1-512.jpg"],[1,"1216743285_841501_7208_1-512.jpg"],[2,"1216743285_841501_7208_1-512.jpg"],[1,"1216743286_076516_7209_1-512.jpg"],[1,"1216743286_306628_7210_1-512.jpg"],[1,"1216743286_541707_7211_1-512.jpg"]],"construction_ml":"complete","preds_design":[[1,"1216742199_657307_4348_3-512.jpg"],[1,"1216742199_877300_4349_3-512.jpg"],[1,"1216742200_102281_4350_3-512.jpg"],[1,"1216742200_322221_4351_3-512.jpg"],[1,"1216742200_537280_4352_3-512.jpg"],[1,"1216742200_762219_4353_3-512.jpg"],[1,"1216742200_997488_4354_3-512.jpg"],[1,"1216742201_237276_4355_3-512.jpg"],[1,"1216742201_442284_4356_3-512.jpg"],[1,"1216742201_647302_4357_3-512.jpg"],[1,"1216742201_847302_4358_3-512.jpg"],[1,"1216742202_057290_4359_3-512.jpg"],[1,"1216742202_252267_4360_3-512.jpg"],[1,"1216742202_452118_4361_3-512.jpg"],[1,"1216742202_647067_4362_3-512.jpg"],[1,"1216742202_837130_4363_3-512.jpg"],[1,"1216742203_027092_4364_3-512.jpg"],[2,"1216743285_841501_7208_1-512.jpg"],[2,"1216743286_076516_7209_1-512.jpg"],[2,"1216743286_306628_7210_1-512.jpg"],[2,"1216743286_541707_7211_1-512.jpg"]],"design_ml":"undesigned","images":[]}
