{"MATERIAL":"corrugated metal","AVG_SLOPE":6.91851904769,"AVG_HEIGHT":6.7692855919,"TERAIN_SLP":6.78639066439,"AREA":71.9575137299,"VOLUME":487,"FLOORS":2,"INT_ZONE":"Borde Rural","FLOOD":1,"LANDSLIDE":"Amenaza Baja","LEGAL_ID":"358","LEGAL_NAME":"EL PARAISO","LEGAL_AREA":26.04,"LEGAL_LOTS":2077,"LEGAL_POP":11215.8,"LEGAL_DENS":79.76190476,"LEGALIZING":null,"BLOCK_ID_":"002565041","BLOCK_POP":186,"BLOCK_BLD":52,"BLOCK_RISK":2.0337632,"BLOCK_EDU":0.49821228,"BLOCK_HLTH":16.382711,"BLOCK_TRAN":92.819366,"BLOCK_CULT":0,"BLOCK_PARK":22.613523,"BLOCK_SEC":43.051487,"BLOCK_CENT":0,"BLOCK_DEF":30.7692307692,"BLD_INHAB":4,"OBJECTID":2,"AO_225":0.2,"id":1054,"preds_material":[[5,"1216741516_515991_2735_3-512.jpg"],[5,"1216741516_515991_2735_3-512.jpg"],[5,"1216741516_831042_2736_3-512.jpg"],[5,"1216741516_831042_2736_3-512.jpg"],[5,"1216741517_145999_2737_3-512.jpg"],[5,"1216741517_145999_2737_3-512.jpg"],[5,"1216741517_471010_2738_3-512.jpg"],[5,"1216741517_471010_2738_3-512.jpg"],[5,"1216741517_796267_2739_3-512.jpg"],[5,"1216741517_796267_2739_3-512.jpg"],[1,"1216741517_796267_2739_3-512.jpg"]],"material_ml":"painted","preds_construction":[[2,"1216741516_515991_2735_3-512.jpg"],[2,"1216741516_515991_2735_3-512.jpg"],[2,"1216741516_831042_2736_3-512.jpg"],[2,"1216741516_831042_2736_3-512.jpg"],[2,"1216741517_145999_2737_3-512.jpg"],[2,"1216741517_145999_2737_3-512.jpg"],[2,"1216741517_471010_2738_3-512.jpg"],[2,"1216741517_471010_2738_3-512.jpg"],[2,"1216741517_796267_2739_3-512.jpg"],[2,"1216741517_796267_2739_3-512.jpg"]],"construction_ml":"complete","preds_design":[[2,"1216741516_515991_2735_3-512.jpg"],[2,"1216741516_515991_2735_3-512.jpg"],[2,"1216741516_831042_2736_3-512.jpg"],[2,"1216741516_831042_2736_3-512.jpg"],[2,"1216741517_145999_2737_3-512.jpg"],[2,"1216741517_145999_2737_3-512.jpg"],[2,"1216741517_471010_2738_3-512.jpg"],[2,"1216741517_471010_2738_3-512.jpg"],[2,"1216741517_796267_2739_3-512.jpg"],[2,"1216741517_796267_2739_3-512.jpg"]],"design_ml":"designed","images":[]}
