{"MATERIAL":"corrugated metal/heavily patched","AVG_SLOPE":9.40828331454,"AVG_HEIGHT":0.72440840133,"TERAIN_SLP":16.5903877927,"AREA":46.5875338131,"VOLUME":34,"FLOORS":1,"INT_ZONE":"Borde Rural","FLOOD":2,"LANDSLIDE":"Amenaza Baja","LEGAL_ID":"358","LEGAL_NAME":"EL PARAISO","LEGAL_AREA":26.04,"LEGAL_LOTS":2077,"LEGAL_POP":11215.8,"LEGAL_DENS":79.76190476,"LEGALIZING":null,"BLOCK_ID_":"002565042","BLOCK_POP":121,"BLOCK_BLD":29,"BLOCK_RISK":3.0061119,"BLOCK_EDU":0,"BLOCK_HLTH":14.906469,"BLOCK_TRAN":96.977013,"BLOCK_CULT":0,"BLOCK_PARK":30.894077,"BLOCK_SEC":43.051487,"BLOCK_CENT":0,"BLOCK_DEF":31.0344827586,"BLD_INHAB":4,"OBJECTID":2,"AO_225":0.2,"id":1061,"preds_material":[[5,"1216743416_225507_7560_1-512.jpg"]],"material_ml":"painted","preds_construction":[[2,"1216743416_225507_7560_1-512.jpg"]],"construction_ml":"complete","preds_design":[[2,"1216743416_225507_7560_1-512.jpg"]],"design_ml":"designed","images":[]}
