{"MATERIAL":"corrugated metal","AVG_SLOPE":7.63357176213,"AVG_HEIGHT":3.892063882,"TERAIN_SLP":15.4520414304,"AREA":64.2494449628,"VOLUME":250,"FLOORS":2,"INT_ZONE":"Borde Rural","FLOOD":1,"LANDSLIDE":"Amenaza Baja","LEGAL_ID":"358","LEGAL_NAME":"EL PARAISO","LEGAL_AREA":26.04,"LEGAL_LOTS":2077,"LEGAL_POP":11215.8,"LEGAL_DENS":79.76190476,"LEGALIZING":null,"BLOCK_ID_":"002565041","BLOCK_POP":186,"BLOCK_BLD":52,"BLOCK_RISK":2.0337632,"BLOCK_EDU":0.49821228,"BLOCK_HLTH":16.382711,"BLOCK_TRAN":92.819366,"BLOCK_CULT":0,"BLOCK_PARK":22.613523,"BLOCK_SEC":43.051487,"BLOCK_CENT":0,"BLOCK_DEF":30.7692307692,"BLD_INHAB":4,"OBJECTID":2,"AO_225":0.2,"id":1063,"preds_material":[[5,"1216741515_080970_2730_3-512.jpg"],[5,"1216741515_361044_2731_3-512.jpg"],[5,"1216741515_361044_2731_3-512.jpg"],[5,"1216741515_635986_2732_3-512.jpg"],[5,"1216741515_635986_2732_3-512.jpg"],[5,"1216741515_920958_2733_3-512.jpg"],[5,"1216741515_920958_2733_3-512.jpg"],[5,"1216741515_920958_2733_3-512.jpg"],[5,"1216741516_215986_2734_3-512.jpg"],[5,"1216741516_215986_2734_3-512.jpg"]],"material_ml":"painted","preds_construction":[[2,"1216741515_080970_2730_3-512.jpg"],[2,"1216741515_361044_2731_3-512.jpg"],[2,"1216741515_361044_2731_3-512.jpg"],[2,"1216741515_635986_2732_3-512.jpg"],[2,"1216741515_635986_2732_3-512.jpg"],[2,"1216741515_920958_2733_3-512.jpg"],[2,"1216741515_920958_2733_3-512.jpg"],[2,"1216741515_920958_2733_3-512.jpg"],[2,"1216741516_215986_2734_3-512.jpg"],[2,"1216741516_215986_2734_3-512.jpg"]],"construction_ml":"complete","preds_design":[[2,"1216741515_080970_2730_3-512.jpg"],[2,"1216741515_361044_2731_3-512.jpg"],[2,"1216741515_361044_2731_3-512.jpg"],[2,"1216741515_635986_2732_3-512.jpg"],[2,"1216741515_635986_2732_3-512.jpg"],[2,"1216741515_920958_2733_3-512.jpg"],[2,"1216741515_920958_2733_3-512.jpg"],[2,"1216741515_920958_2733_3-512.jpg"],[2,"1216741516_215986_2734_3-512.jpg"],[2,"1216741516_215986_2734_3-512.jpg"]],"design_ml":"designed","images":[]}
