{"MATERIAL":"corrugated metal","AVG_SLOPE":6.33054991951,"AVG_HEIGHT":9.66150480843,"TERAIN_SLP":14.8243982627,"AREA":81.7441181617,"VOLUME":790,"FLOORS":3,"INT_ZONE":"Borde Rural","FLOOD":2,"LANDSLIDE":"Amenaza Baja","LEGAL_ID":"358","LEGAL_NAME":"EL PARAISO","LEGAL_AREA":26.04,"LEGAL_LOTS":2077,"LEGAL_POP":11215.8,"LEGAL_DENS":79.76190476,"LEGALIZING":null,"BLOCK_ID_":"002565042","BLOCK_POP":121,"BLOCK_BLD":29,"BLOCK_RISK":3.0061119,"BLOCK_EDU":0,"BLOCK_HLTH":14.906469,"BLOCK_TRAN":96.977013,"BLOCK_CULT":0,"BLOCK_PARK":30.894077,"BLOCK_SEC":43.051487,"BLOCK_CENT":0,"BLOCK_DEF":31.0344827586,"BLD_INHAB":4,"OBJECTID":2,"AO_225":0.2,"id":1068,"preds_material":[[5,"1216742209_242158_4397_3-512.jpg"],[5,"1216742209_457216_4398_3-512.jpg"],[5,"1216742209_682150_4399_3-512.jpg"],[5,"1216742209_912149_4400_3-512.jpg"],[5,"1216742210_152152_4401_3-512.jpg"],[5,"1216742210_332159_4402_3-512.jpg"],[5,"1216742210_507186_4403_3-512.jpg"],[5,"1216742210_697207_4404_3-512.jpg"],[5,"1216742210_867103_4405_3-512.jpg"],[5,"1216742211_012283_4406_3-512.jpg"],[5,"1216742211_172380_4407_3-512.jpg"],[5,"1216742211_347220_4408_3-512.jpg"],[5,"1216742211_507207_4409_3-512.jpg"],[5,"1216742211_707221_4410_3-512.jpg"],[5,"1216742211_867361_4411_3-512.jpg"],[5,"1216742212_027126_4412_3-512.jpg"],[5,"1216742212_027126_4412_3-512.jpg"],[5,"1216742212_187114_4413_3-512.jpg"],[5,"1216742212_352206_4414_3-512.jpg"],[5,"1216742212_497206_4415_3-512.jpg"],[5,"1216742212_677202_4416_3-512.jpg"],[5,"1216742212_897213_4417_3-512.jpg"],[1,"1216742212_897213_4417_3-512.jpg"],[1,"1216742213_102304_4418_3-512.jpg"],[5,"1216742213_102304_4418_3-512.jpg"],[5,"1216742213_302140_4419_3-512.jpg"],[5,"1216742213_537163_4420_3-512.jpg"],[5,"1216742213_777192_4421_3-512.jpg"],[5,"1216742213_987214_4422_3-512.jpg"],[5,"1216742214_282120_4423_3-512.jpg"],[5,"1216742214_552117_4424_3-512.jpg"],[6,"1216743225_781918_7085_1-512.jpg"],[2,"1216743240_321840_7103_3-512.jpg"],[5,"1216743240_321840_7103_3-512.jpg"],[5,"1216743240_826737_7104_3-512.jpg"],[2,"1216743240_826737_7104_3-512.jpg"],[5,"1216744055_974861_9170_1-512.jpg"]],"material_ml":"painted","preds_construction":[[2,"1216742209_242158_4397_3-512.jpg"],[2,"1216742209_457216_4398_3-512.jpg"],[2,"1216742209_682150_4399_3-512.jpg"],[2,"1216742209_912149_4400_3-512.jpg"],[2,"1216742210_152152_4401_3-512.jpg"],[2,"1216742210_332159_4402_3-512.jpg"],[2,"1216742210_507186_4403_3-512.jpg"],[2,"1216742210_697207_4404_3-512.jpg"],[2,"1216742210_867103_4405_3-512.jpg"],[2,"1216742211_012283_4406_3-512.jpg"],[2,"1216742211_172380_4407_3-512.jpg"],[2,"1216742211_347220_4408_3-512.jpg"],[2,"1216742211_507207_4409_3-512.jpg"],[2,"1216742211_707221_4410_3-512.jpg"],[2,"1216742211_867361_4411_3-512.jpg"],[2,"1216742211_867361_4411_3-512.jpg"],[2,"1216742212_027126_4412_3-512.jpg"],[2,"1216742212_027126_4412_3-512.jpg"],[2,"1216742212_187114_4413_3-512.jpg"],[2,"1216742212_352206_4414_3-512.jpg"],[2,"1216742212_497206_4415_3-512.jpg"],[2,"1216742212_677202_4416_3-512.jpg"],[2,"1216742212_897213_4417_3-512.jpg"],[2,"1216742213_102304_4418_3-512.jpg"],[2,"1216742213_102304_4418_3-512.jpg"],[2,"1216742213_302140_4419_3-512.jpg"],[2,"1216742213_537163_4420_3-512.jpg"],[2,"1216742213_777192_4421_3-512.jpg"],[2,"1216742213_987214_4422_3-512.jpg"],[2,"1216742214_282120_4423_3-512.jpg"],[2,"1216742214_552117_4424_3-512.jpg"],[2,"1216743225_781918_7085_1-512.jpg"]],"construction_ml":"complete","preds_design":[[2,"1216742208_637233_4394_3-512.jpg"],[2,"1216742208_832144_4395_3-512.jpg"],[2,"1216742209_037472_4396_3-512.jpg"],[2,"1216742209_242158_4397_3-512.jpg"],[2,"1216742209_457216_4398_3-512.jpg"],[2,"1216742209_682150_4399_3-512.jpg"],[2,"1216742209_912149_4400_3-512.jpg"],[2,"1216742210_152152_4401_3-512.jpg"],[2,"1216742210_332159_4402_3-512.jpg"],[2,"1216742210_507186_4403_3-512.jpg"],[2,"1216742210_697207_4404_3-512.jpg"],[2,"1216742210_867103_4405_3-512.jpg"],[2,"1216742211_012283_4406_3-512.jpg"],[2,"1216742211_172380_4407_3-512.jpg"],[2,"1216742211_347220_4408_3-512.jpg"],[2,"1216742211_507207_4409_3-512.jpg"],[2,"1216742211_707221_4410_3-512.jpg"],[2,"1216742211_867361_4411_3-512.jpg"],[1,"1216742212_027126_4412_3-512.jpg"],[2,"1216742212_027126_4412_3-512.jpg"],[1,"1216742212_187114_4413_3-512.jpg"],[1,"1216742212_352206_4414_3-512.jpg"],[1,"1216742212_497206_4415_3-512.jpg"],[1,"1216742212_677202_4416_3-512.jpg"],[1,"1216742212_897213_4417_3-512.jpg"],[1,"1216742213_102304_4418_3-512.jpg"],[2,"1216742213_302140_4419_3-512.jpg"],[2,"1216742213_537163_4420_3-512.jpg"],[2,"1216742213_777192_4421_3-512.jpg"],[2,"1216742213_987214_4422_3-512.jpg"],[2,"1216742214_282120_4423_3-512.jpg"],[2,"1216742214_552117_4424_3-512.jpg"],[2,"1216743225_781918_7085_1-512.jpg"]],"design_ml":"designed","images":[]}
