{"MATERIAL":"corrugated metal","AVG_SLOPE":4.56451287282,"AVG_HEIGHT":0.59104901572,"TERAIN_SLP":15.0705869083,"AREA":58.6052779773,"VOLUME":35,"FLOORS":1,"INT_ZONE":"Borde Rural","FLOOD":1,"LANDSLIDE":"Amenaza Baja","LEGAL_ID":"358","LEGAL_NAME":"EL PARAISO","LEGAL_AREA":26.04,"LEGAL_LOTS":2077,"LEGAL_POP":11215.8,"LEGAL_DENS":79.76190476,"LEGALIZING":null,"BLOCK_ID_":"002565042","BLOCK_POP":121,"BLOCK_BLD":29,"BLOCK_RISK":3.0061119,"BLOCK_EDU":0,"BLOCK_HLTH":14.906469,"BLOCK_TRAN":96.977013,"BLOCK_CULT":0,"BLOCK_PARK":30.894077,"BLOCK_SEC":43.051487,"BLOCK_CENT":0,"BLOCK_DEF":31.0344827586,"BLD_INHAB":4,"OBJECTID":2,"AO_225":0.2,"id":1069,"preds_construction":[[2,"1216744049_972617_9169_1-512.jpg"]],"construction_ml":"complete","preds_design":[[2,"1216744049_972617_9169_1-512.jpg"]],"design_ml":"designed","images":[]}
