{"MATERIAL":"corrugated metal/heavily patched","AVG_SLOPE":8.71563973024,"AVG_HEIGHT":0.51943184005,"TERAIN_SLP":12.411917711,"AREA":65.3515139652,"VOLUME":34,"FLOORS":1,"INT_ZONE":"Borde Rural","FLOOD":1,"LANDSLIDE":"Amenaza Baja","LEGAL_ID":"358","LEGAL_NAME":"EL PARAISO","LEGAL_AREA":26.04,"LEGAL_LOTS":2077,"LEGAL_POP":11215.8,"LEGAL_DENS":79.76190476,"LEGALIZING":null,"BLOCK_ID_":"002565042","BLOCK_POP":121,"BLOCK_BLD":29,"BLOCK_RISK":3.0061119,"BLOCK_EDU":0,"BLOCK_HLTH":14.906469,"BLOCK_TRAN":96.977013,"BLOCK_CULT":0,"BLOCK_PARK":30.894077,"BLOCK_SEC":43.051487,"BLOCK_CENT":0,"BLOCK_DEF":31.0344827586,"BLD_INHAB":4,"OBJECTID":2,"AO_225":0.2,"id":1071,"preds_material":[[1,"1216742207_702167_4389_3-512.jpg"],[1,"1216742207_887456_4390_3-512.jpg"],[1,"1216742208_447244_4393_3-512.jpg"],[5,"1216742208_447244_4393_3-512.jpg"],[1,"1216742208_637233_4394_3-512.jpg"],[5,"1216742208_637233_4394_3-512.jpg"],[1,"1216742208_832144_4395_3-512.jpg"],[5,"1216742208_832144_4395_3-512.jpg"],[1,"1216742209_037472_4396_3-512.jpg"],[5,"1216742209_037472_4396_3-512.jpg"],[1,"1216742209_242158_4397_3-512.jpg"],[5,"1216742209_242158_4397_3-512.jpg"],[5,"1216743228_196799_7086_1-512.jpg"],[6,"1216743228_196799_7086_1-512.jpg"]],"material_ml":"brick","preds_construction":[[2,"1216743228_196799_7086_1-512.jpg"],[2,"1216743228_196799_7086_1-512.jpg"]],"construction_ml":"complete","preds_design":[[1,"1216742207_702167_4389_3-512.jpg"],[1,"1216742207_887456_4390_3-512.jpg"],[1,"1216742208_257236_4392_3-512.jpg"],[1,"1216742208_447244_4393_3-512.jpg"],[1,"1216742208_637233_4394_3-512.jpg"],[1,"1216742208_832144_4395_3-512.jpg"],[1,"1216742209_037472_4396_3-512.jpg"],[1,"1216742209_242158_4397_3-512.jpg"],[2,"1216743228_196799_7086_1-512.jpg"],[2,"1216743228_196799_7086_1-512.jpg"]],"design_ml":"undesigned","images":[]}
