{"MATERIAL":"corrugated metal - dark","AVG_SLOPE":6.3227548808,"AVG_HEIGHT":3.96440935738,"TERAIN_SLP":22.6905795998,"AREA":76.3213339614,"VOLUME":303,"FLOORS":2,"INT_ZONE":"Borde Rural","FLOOD":2,"LANDSLIDE":"Amenaza Baja","LEGAL_ID":"358","LEGAL_NAME":"EL PARAISO","LEGAL_AREA":26.04,"LEGAL_LOTS":2077,"LEGAL_POP":11215.8,"LEGAL_DENS":79.76190476,"LEGALIZING":null,"BLOCK_ID_":"002565041","BLOCK_POP":186,"BLOCK_BLD":52,"BLOCK_RISK":2.0337632,"BLOCK_EDU":0.49821228,"BLOCK_HLTH":16.382711,"BLOCK_TRAN":92.819366,"BLOCK_CULT":0,"BLOCK_PARK":22.613523,"BLOCK_SEC":43.051487,"BLOCK_CENT":0,"BLOCK_DEF":30.7692307692,"BLD_INHAB":4,"OBJECTID":2,"AO_225":0.2,"id":1075,"preds_material":[[5,"1216741509_681035_2711_3-512.jpg"],[3,"1216743422_194956_7562_3-512.jpg"],[1,"1216743422_194956_7562_3-512.jpg"]],"material_ml":"brick","preds_construction":[[2,"1216743422_194956_7562_3-512.jpg"],[1,"1216743422_194956_7562_3-512.jpg"]],"construction_ml":"incomplete","preds_design":[[1,"1216743422_194956_7562_3-512.jpg"]],"design_ml":"undesigned","images":[]}
