{"MATERIAL":"corrugated metal","AVG_SLOPE":6.18314781846,"AVG_HEIGHT":6.99273364047,"TERAIN_SLP":5.58008607961,"AREA":149.586203764,"VOLUME":1046,"FLOORS":2,"INT_ZONE":"Borde Rural","FLOOD":2,"LANDSLIDE":"Amenaza Media","LEGAL_ID":"311","LEGAL_NAME":"EL MIRADOR","LEGAL_AREA":11.06,"LEGAL_LOTS":989,"LEGAL_POP":5340.6,"LEGAL_DENS":89.42,"LEGALIZING":null,"BLOCK_ID_":"002570057","BLOCK_POP":51,"BLOCK_BLD":15,"BLOCK_RISK":2.4094729,"BLOCK_EDU":0,"BLOCK_HLTH":13.09122,"BLOCK_TRAN":98.708801,"BLOCK_CULT":0,"BLOCK_PARK":28.410694,"BLOCK_SEC":100,"BLOCK_CENT":0,"BLOCK_DEF":26.6666666667,"BLD_INHAB":3,"OBJECTID":2,"AO_225":0.2,"id":1077,"preds_material":[[2,"1216742373_481343_4938_1-512.jpg"],[2,"1216742373_846361_4939_1-512.jpg"],[2,"1216742374_171355_4940_1-512.jpg"],[2,"1216742374_521419_4941_1-512.jpg"],[2,"1216742374_841301_4942_1-512.jpg"],[2,"1216742375_181369_4943_1-512.jpg"],[2,"1216742375_501269_4944_1-512.jpg"],[2,"1216742375_501269_4944_1-512.jpg"],[2,"1216742375_836328_4945_1-512.jpg"],[2,"1216742376_216321_4946_1-512.jpg"],[1,"1216742677_084765_5696_3-512.jpg"],[1,"1216742678_059788_5697_3-512.jpg"],[1,"1216742678_834713_5698_3-512.jpg"],[1,"1216742679_314776_5699_3-512.jpg"],[5,"1216742679_744816_5700_3-512.jpg"],[5,"1216742680_179791_5701_3-512.jpg"],[5,"1216742680_669739_5702_3-512.jpg"],[5,"1216742681_174756_5703_3-512.jpg"],[5,"1216742681_669818_5704_3-512.jpg"],[5,"1216742684_395007_5712_3-512.jpg"],[5,"1216742684_674942_5713_3-512.jpg"],[5,"1216742889_073349_6289_3-512.jpg"],[5,"1216742889_793650_6290_3-512.jpg"],[5,"1216742890_313680_6291_3-512.jpg"],[2,"1216743249_711383_7117_1-512.jpg"],[2,"1216743250_346288_7118_1-512.jpg"],[2,"1216743250_996272_7119_1-512.jpg"],[5,"1216743250_996272_7119_1-512.jpg"],[5,"1216743251_501431_7120_1-512.jpg"],[2,"1216743251_501431_7120_1-512.jpg"],[5,"1216743251_921401_7121_1-512.jpg"],[2,"1216743251_921401_7121_1-512.jpg"],[5,"1216743252_326415_7122_1-512.jpg"],[2,"1216743252_326415_7122_1-512.jpg"],[5,"1216743252_736317_7123_1-512.jpg"],[2,"1216743252_736317_7123_1-512.jpg"],[5,"1216743253_141342_7124_1-512.jpg"],[2,"1216743253_141342_7124_1-512.jpg"],[5,"1216743253_141342_7124_1-512.jpg"],[5,"1216743253_566686_7125_1-512.jpg"],[5,"1216743253_566686_7125_1-512.jpg"],[2,"1216743253_566686_7125_1-512.jpg"],[5,"1216743253_946571_7126_1-512.jpg"],[5,"1216743253_946571_7126_1-512.jpg"],[2,"1216743253_946571_7126_1-512.jpg"],[5,"1216743254_346683_7127_1-512.jpg"],[5,"1216743254_346683_7127_1-512.jpg"],[5,"1216743254_681592_7128_1-512.jpg"],[5,"1216743254_681592_7128_1-512.jpg"],[5,"1216743255_026563_7129_1-512.jpg"],[5,"1216743255_026563_7129_1-512.jpg"],[5,"1216743255_386595_7130_1-512.jpg"],[5,"1216743255_386595_7130_1-512.jpg"],[5,"1216743255_791538_7131_1-512.jpg"],[5,"1216743255_791538_7131_1-512.jpg"],[5,"1216743256_291429_7132_1-512.jpg"],[5,"1216743256_291429_7132_1-512.jpg"],[5,"1216743256_291429_7132_1-512.jpg"],[5,"1216743256_806677_7133_1-512.jpg"],[5,"1216743256_806677_7133_1-512.jpg"],[1,"1216743256_806677_7133_1-512.jpg"],[5,"1216743257_356446_7134_1-512.jpg"],[5,"1216743257_356446_7134_1-512.jpg"],[1,"1216743257_356446_7134_1-512.jpg"],[2,"1216743257_356446_7134_1-512.jpg"],[5,"1216743257_356446_7134_1-512.jpg"],[5,"1216743257_926505_7135_1-512.jpg"],[5,"1216743257_926505_7135_1-512.jpg"],[1,"1216743257_926505_7135_1-512.jpg"],[5,"1216743257_926505_7135_1-512.jpg"],[5,"1216743258_501391_7136_1-512.jpg"],[1,"1216743258_501391_7136_1-512.jpg"],[5,"1216743258_501391_7136_1-512.jpg"],[5,"1216743259_061483_7137_1-512.jpg"],[5,"1216743259_061483_7137_1-512.jpg"],[1,"1216743259_061483_7137_1-512.jpg"],[5,"1216743259_591729_7138_1-512.jpg"],[1,"1216743259_591729_7138_1-512.jpg"],[5,"1216743259_591729_7138_1-512.jpg"],[1,"1216743260_157057_7139_1-512.jpg"],[5,"1216743260_157057_7139_1-512.jpg"],[1,"1216743260_811992_7140_1-512.jpg"],[5,"1216743260_811992_7140_1-512.jpg"],[1,"1216743260_811992_7140_3-512.jpg"],[1,"1216743261_577165_7141_1-512.jpg"],[1,"1216743262_491692_7142_1-512.jpg"]],"material_ml":"painted","preds_construction":[[2,"1216742372_991343_4937_1-512.jpg"],[2,"1216742373_481343_4938_1-512.jpg"],[1,"1216742373_481343_4938_1-512.jpg"],[2,"1216742373_846361_4939_1-512.jpg"],[2,"1216742374_171355_4940_1-512.jpg"],[2,"1216742374_521419_4941_1-512.jpg"],[2,"1216742374_841301_4942_1-512.jpg"],[1,"1216742374_841301_4942_1-512.jpg"],[2,"1216742375_181369_4943_1-512.jpg"],[2,"1216742375_501269_4944_1-512.jpg"],[1,"1216742375_501269_4944_1-512.jpg"],[2,"1216742375_836328_4945_1-512.jpg"],[2,"1216742376_216321_4946_1-512.jpg"],[2,"1216742677_084765_5696_3-512.jpg"],[2,"1216742678_059788_5697_3-512.jpg"],[2,"1216742678_834713_5698_3-512.jpg"],[2,"1216742679_314776_5699_3-512.jpg"],[2,"1216742679_744816_5700_3-512.jpg"],[2,"1216742679_744816_5700_3-512.jpg"],[2,"1216742680_179791_5701_3-512.jpg"],[2,"1216742680_669739_5702_3-512.jpg"],[2,"1216742681_174756_5703_3-512.jpg"],[2,"1216742681_669818_5704_3-512.jpg"],[2,"1216742684_674942_5713_3-512.jpg"],[2,"1216742889_073349_6289_3-512.jpg"],[2,"1216742889_793650_6290_3-512.jpg"],[2,"1216742890_313680_6291_3-512.jpg"],[2,"1216742890_783740_6292_3-512.jpg"],[2,"1216742891_188592_6293_3-512.jpg"],[2,"1216742891_558553_6294_3-512.jpg"],[2,"1216743250_346288_7118_1-512.jpg"],[2,"1216743250_996272_7119_1-512.jpg"],[2,"1216743251_501431_7120_1-512.jpg"],[2,"1216743251_921401_7121_1-512.jpg"],[2,"1216743251_921401_7121_1-512.jpg"],[2,"1216743252_326415_7122_1-512.jpg"],[2,"1216743252_326415_7122_1-512.jpg"],[2,"1216743252_736317_7123_1-512.jpg"],[2,"1216743252_736317_7123_1-512.jpg"],[2,"1216743253_141342_7124_1-512.jpg"],[2,"1216743253_141342_7124_1-512.jpg"],[2,"1216743253_566686_7125_1-512.jpg"],[2,"1216743253_566686_7125_1-512.jpg"],[2,"1216743253_566686_7125_1-512.jpg"],[2,"1216743253_946571_7126_1-512.jpg"],[2,"1216743253_946571_7126_1-512.jpg"],[2,"1216743253_946571_7126_1-512.jpg"],[2,"1216743254_346683_7127_1-512.jpg"],[2,"1216743254_346683_7127_1-512.jpg"],[2,"1216743254_346683_7127_1-512.jpg"],[2,"1216743254_681592_7128_1-512.jpg"],[2,"1216743254_681592_7128_1-512.jpg"],[2,"1216743255_026563_7129_1-512.jpg"],[2,"1216743255_026563_7129_1-512.jpg"],[2,"1216743255_386595_7130_1-512.jpg"],[2,"1216743255_386595_7130_1-512.jpg"],[2,"1216743255_791538_7131_1-512.jpg"],[2,"1216743255_791538_7131_1-512.jpg"],[2,"1216743256_291429_7132_1-512.jpg"],[2,"1216743256_291429_7132_1-512.jpg"],[2,"1216743256_806677_7133_1-512.jpg"],[2,"1216743256_806677_7133_1-512.jpg"],[2,"1216743256_806677_7133_1-512.jpg"],[2,"1216743257_356446_7134_1-512.jpg"],[2,"1216743257_356446_7134_1-512.jpg"],[2,"1216743257_356446_7134_1-512.jpg"],[2,"1216743257_926505_7135_1-512.jpg"],[2,"1216743257_926505_7135_1-512.jpg"],[2,"1216743258_501391_7136_1-512.jpg"],[2,"1216743258_501391_7136_1-512.jpg"],[2,"1216743259_061483_7137_1-512.jpg"],[2,"1216743259_061483_7137_1-512.jpg"],[2,"1216743259_591729_7138_1-512.jpg"],[2,"1216743259_591729_7138_1-512.jpg"],[2,"1216743260_157057_7139_1-512.jpg"],[2,"1216743260_811992_7140_1-512.jpg"],[2,"1216743260_811992_7140_3-512.jpg"],[2,"1216743261_577165_7141_1-512.jpg"],[2,"1216743262_491692_7142_1-512.jpg"]],"construction_ml":"complete",