{"MATERIAL":"corrugated metal","AVG_SLOPE":5.40208564634,"AVG_HEIGHT":7.30849749551,"TERAIN_SLP":6.46737347607,"AREA":44.9133547832,"VOLUME":328,"FLOORS":2,"INT_ZONE":"Borde Rural","FLOOD":1,"LANDSLIDE":"Amenaza Media","LEGAL_ID":"311","LEGAL_NAME":"EL MIRADOR","LEGAL_AREA":11.06,"LEGAL_LOTS":989,"LEGAL_POP":5340.6,"LEGAL_DENS":89.42,"LEGALIZING":null,"BLOCK_ID_":"002570057","BLOCK_POP":51,"BLOCK_BLD":15,"BLOCK_RISK":2.4094729,"BLOCK_EDU":0,"BLOCK_HLTH":13.09122,"BLOCK_TRAN":98.708801,"BLOCK_CULT":0,"BLOCK_PARK":28.410694,"BLOCK_SEC":100,"BLOCK_CENT":0,"BLOCK_DEF":26.6666666667,"BLD_INHAB":3,"OBJECTID":2,"AO_225":0.2,"id":1080,"preds_material":[[5,"1216742204_522244_4372_1-512.jpg"],[2,"1216742204_682177_4373_1-512.jpg"],[2,"1216742204_862183_4374_1-512.jpg"],[2,"1216742205_042197_4375_1-512.jpg"],[2,"1216742205_222214_4376_1-512.jpg"],[2,"1216742205_397234_4377_1-512.jpg"],[2,"1216742205_612254_4378_1-512.jpg"],[5,"1216742205_612254_4378_1-512.jpg"],[2,"1216742205_822164_4379_1-512.jpg"],[5,"1216742205_822164_4379_1-512.jpg"],[5,"1216742205_822164_4379_1-512.jpg"],[2,"1216742206_022325_4380_1-512.jpg"],[5,"1216742206_022325_4380_1-512.jpg"],[5,"1216742206_022325_4380_1-512.jpg"],[5,"1216742206_212154_4381_1-512.jpg"],[2,"1216742206_212154_4381_1-512.jpg"],[2,"1216742206_402152_4382_1-512.jpg"],[2,"1216742206_592176_4383_1-512.jpg"],[2,"1216742206_777491_4384_1-512.jpg"],[2,"1216742206_962224_4385_1-512.jpg"],[2,"1216742207_147238_4386_1-512.jpg"],[5,"1216743238_681811_7099_1-512.jpg"],[5,"1216743239_011866_7100_1-512.jpg"],[5,"1216743239_381868_7101_1-512.jpg"],[5,"1216743239_836865_7102_1-512.jpg"],[5,"1216743240_321840_7103_1-512.jpg"],[5,"1216743240_321840_7103_1-512.jpg"],[5,"1216743240_826737_7104_1-512.jpg"],[5,"1216743240_826737_7104_1-512.jpg"],[5,"1216743240_826737_7104_1-512.jpg"],[5,"1216743241_362067_7105_1-512.jpg"],[5,"1216743241_362067_7105_1-512.jpg"],[5,"1216743242_022050_7106_1-512.jpg"],[5,"1216743242_022050_7106_1-512.jpg"],[5,"1216743242_702071_7107_1-512.jpg"]],"material_ml":"painted","preds_construction":[[2,"1216742204_522244_4372_1-512.jpg"],[2,"1216742204_682177_4373_1-512.jpg"],[2,"1216742204_862183_4374_1-512.jpg"],[2,"1216742205_042197_4375_1-512.jpg"],[2,"1216742205_222214_4376_1-512.jpg"],[2,"1216742205_397234_4377_1-512.jpg"],[2,"1216742205_612254_4378_1-512.jpg"],[2,"1216742205_612254_4378_1-512.jpg"],[2,"1216742205_822164_4379_1-512.jpg"],[2,"1216742205_822164_4379_1-512.jpg"],[2,"1216742205_822164_4379_1-512.jpg"],[2,"1216742206_022325_4380_1-512.jpg"],[2,"1216742206_022325_4380_1-512.jpg"],[2,"1216742206_022325_4380_1-512.jpg"],[2,"1216742206_212154_4381_1-512.jpg"],[2,"1216742206_212154_4381_1-512.jpg"],[2,"1216742206_402152_4382_1-512.jpg"],[2,"1216742206_592176_4383_1-512.jpg"],[2,"1216742206_777491_4384_1-512.jpg"],[2,"1216742206_962224_4385_1-512.jpg"],[2,"1216742207_147238_4386_1-512.jpg"],[2,"1216743238_681811_7099_1-512.jpg"],[2,"1216743239_011866_7100_1-512.jpg"],[2,"1216743239_381868_7101_1-512.jpg"],[2,"1216743239_836865_7102_1-512.jpg"],[2,"1216743240_321840_7103_1-512.jpg"],[1,"1216743240_321840_7103_1-512.jpg"],[2,"1216743240_321840_7103_1-512.jpg"],[2,"1216743240_826737_7104_1-512.jpg"],[2,"1216743240_826737_7104_1-512.jpg"],[1,"1216743240_826737_7104_1-512.jpg"],[2,"1216743241_362067_7105_1-512.jpg"],[2,"1216743241_362067_7105_1-512.jpg"],[2,"1216743242_022050_7106_1-512.jpg"],[2,"1216743242_022050_7106_1-512.jpg"],[2,"1216743242_702071_7107_1-512.jpg"]],"construction_ml":"complete","preds_design":[[2,"1216742204_522244_4372_1-512.jpg"],[2,"1216742204_682177_4373_1-512.jpg"],[2,"1216742204_862183_4374_1-512.jpg"],[2,"1216742205_042197_4375_1-512.jpg"],[2,"1216742205_222214_4376_1-512.jpg"],[2,"1216742205_397234_4377_1-512.jpg"],[2,"1216742205_612254_4378_1-512.jpg"],[2,"1216742205_612254_4378_1-512.jpg"],[2,"1216742205_822164_4379_1-512.jpg"],[2,"1216742205_822164_4379_1-512.jpg"],[2,"1216742205_822164_4379_1-512.jpg"],[2,"1216742206_022325_4380_1-512.jpg"],[2,"1216742206_022325_4380_1-512.jpg"],[2,"1216742206_022325_4380_1-512.jpg"],[2,"1216742206_212154_4381_1-512.jpg"],[2,"1216742206_212154_4381_1-512.jpg"],[2,"1216742206_402152_4382_1-512.jpg"],[2,"1216742206_592176_4383_1-512.jpg"],[2,"1216742206_777491_4384_1-512.jpg"],[2,"1216742206_962224_4385_1-512.jpg"],[2,"1216742207_147238_4386_1-512.jpg"],[2,"1216743238_681811_7099_1-512.jpg"],[2,"1216743239_011866_7100_1-512.jpg"],[2,"1216743239_381868_7101_1-512.jpg"],[2,"1216743239_836865_7102_1-512.jpg"],[2,"1216743240_321840_7103_1-512.jpg"],[1,"1216743240_321840_7103_1-512.jpg"],[2,"1216743240_321840_7103_1-512.jpg"],[2,"1216743240_826737_7104_1-512.jpg"],[2,"1216743240_826737_7104_1-512.jpg"],[1,"1216743240_826737_7104_1-512.jpg"],[2,"1216743241_362067_7105_1-512.jpg"],[2,"1216743241_362067_7105_1-512.jpg"],[2,"1216743242_022050_7106_1-512.jpg"],[2,"1216743242_022050_7106_1-512.jpg"],[2,"1216743242_702071_7107_1-512.jpg"]],"design_ml":"designed","images":[]}
