{"MATERIAL":"concrete","AVG_SLOPE":12.5369782466,"AVG_HEIGHT":7.26990791893,"TERAIN_SLP":9.92986106834,"AREA":64.3001701582,"VOLUME":467,"FLOORS":2,"INT_ZONE":"Borde Rural","FLOOD":2,"LANDSLIDE":"Amenaza Media","LEGAL_ID":"311","LEGAL_NAME":"EL MIRADOR","LEGAL_AREA":11.06,"LEGAL_LOTS":989,"LEGAL_POP":5340.6,"LEGAL_DENS":89.42,"LEGALIZING":null,"BLOCK_ID_":"002570057","BLOCK_POP":51,"BLOCK_BLD":15,"BLOCK_RISK":2.4094729,"BLOCK_EDU":0,"BLOCK_HLTH":13.09122,"BLOCK_TRAN":98.708801,"BLOCK_CULT":0,"BLOCK_PARK":28.410694,"BLOCK_SEC":100,"BLOCK_CENT":0,"BLOCK_DEF":26.6666666667,"BLD_INHAB":3,"OBJECTID":2,"AO_225":0.2,"id":1082,"preds_material":[[5,"1216742207_147238_4386_1-512.jpg"],[5,"1216742207_332146_4387_1-512.jpg"],[5,"1216742207_517231_4388_1-512.jpg"],[5,"1216742207_702167_4389_1-512.jpg"],[5,"1216742207_887456_4390_1-512.jpg"],[5,"1216743242_702071_7107_1-512.jpg"],[5,"1216743243_437135_7108_1-512.jpg"],[5,"1216743243_437135_7108_1-512.jpg"],[5,"1216743244_192036_7109_1-512.jpg"],[5,"1216743244_192036_7109_1-512.jpg"]],"material_ml":"painted","preds_construction":[[2,"1216742207_332146_4387_1-512.jpg"],[2,"1216742207_517231_4388_1-512.jpg"],[2,"1216742207_702167_4389_1-512.jpg"],[2,"1216742207_887456_4390_1-512.jpg"],[2,"1216743242_702071_7107_1-512.jpg"],[2,"1216743243_437135_7108_1-512.jpg"],[2,"1216743243_437135_7108_1-512.jpg"],[2,"1216743244_192036_7109_1-512.jpg"]],"construction_ml":"complete","preds_design":[[2,"1216742207_332146_4387_1-512.jpg"],[2,"1216742207_517231_4388_1-512.jpg"],[2,"1216742207_702167_4389_1-512.jpg"],[2,"1216742207_887456_4390_1-512.jpg"],[2,"1216743242_702071_7107_1-512.jpg"],[2,"1216743243_437135_7108_1-512.jpg"],[2,"1216743243_437135_7108_1-512.jpg"],[2,"1216743244_192036_7109_1-512.jpg"],[2,"1216743244_192036_7109_1-512.jpg"]],"design_ml":"designed","images":[]}
