{"MATERIAL":"corrugated metal/heavily patched","AVG_SLOPE":6.27122915132,"AVG_HEIGHT":4.60594652233,"TERAIN_SLP":8.47942678709,"AREA":29.9213553489,"VOLUME":138,"FLOORS":2,"INT_ZONE":"Borde Rural","FLOOD":1,"LANDSLIDE":"Amenaza Media","LEGAL_ID":"311","LEGAL_NAME":"EL MIRADOR","LEGAL_AREA":11.06,"LEGAL_LOTS":989,"LEGAL_POP":5340.6,"LEGAL_DENS":89.42,"LEGALIZING":null,"BLOCK_ID_":"002570057","BLOCK_POP":51,"BLOCK_BLD":15,"BLOCK_RISK":2.4094729,"BLOCK_EDU":0,"BLOCK_HLTH":13.09122,"BLOCK_TRAN":98.708801,"BLOCK_CULT":0,"BLOCK_PARK":28.410694,"BLOCK_SEC":100,"BLOCK_CENT":0,"BLOCK_DEF":26.6666666667,"BLD_INHAB":3,"OBJECTID":2,"AO_225":0.2,"id":1087,"preds_material":[[5,"1216742203_222151_4365_1-512.jpg"],[5,"1216742203_442220_4366_1-512.jpg"],[5,"1216742203_627242_4367_1-512.jpg"],[5,"1216742203_787282_4368_1-512.jpg"],[5,"1216742203_972349_4369_1-512.jpg"],[5,"1216742204_157272_4370_1-512.jpg"],[5,"1216742204_342339_4371_1-512.jpg"],[5,"1216742204_522244_4372_1-512.jpg"],[5,"1216742204_682177_4373_1-512.jpg"],[5,"1216742204_862183_4374_1-512.jpg"],[5,"1216742205_042197_4375_1-512.jpg"],[5,"1216742205_222214_4376_1-512.jpg"],[5,"1216742205_397234_4377_1-512.jpg"],[5,"1216742205_612254_4378_1-512.jpg"],[5,"1216743286_306628_7210_1-512.jpg"]],"material_ml":"painted","preds_construction":[[2,"1216742203_222151_4365_1-512.jpg"],[2,"1216742203_442220_4366_1-512.jpg"],[2,"1216742203_627242_4367_1-512.jpg"],[2,"1216742203_787282_4368_1-512.jpg"],[2,"1216742203_972349_4369_1-512.jpg"],[2,"1216742204_157272_4370_1-512.jpg"],[2,"1216742204_342339_4371_1-512.jpg"],[2,"1216742204_522244_4372_1-512.jpg"],[2,"1216742204_682177_4373_1-512.jpg"],[2,"1216742204_862183_4374_1-512.jpg"],[2,"1216742205_042197_4375_1-512.jpg"],[2,"1216742205_222214_4376_1-512.jpg"],[2,"1216742205_397234_4377_1-512.jpg"],[2,"1216742205_612254_4378_1-512.jpg"]],"construction_ml":"complete","preds_design":[[2,"1216742203_442220_4366_1-512.jpg"],[2,"1216742203_627242_4367_1-512.jpg"],[2,"1216742203_787282_4368_1-512.jpg"],[2,"1216742203_972349_4369_1-512.jpg"],[2,"1216742204_157272_4370_1-512.jpg"],[2,"1216742204_342339_4371_1-512.jpg"],[2,"1216742204_522244_4372_1-512.jpg"],[2,"1216742204_682177_4373_1-512.jpg"],[2,"1216742204_862183_4374_1-512.jpg"],[2,"1216742205_042197_4375_1-512.jpg"],[2,"1216742205_222214_4376_1-512.jpg"],[2,"1216742205_397234_4377_1-512.jpg"],[2,"1216742205_612254_4378_1-512.jpg"]],"design_ml":"designed","images":[]}
