{"MATERIAL":"corrugated metal/heavily patched","AVG_SLOPE":10.4969430919,"AVG_HEIGHT":0.80992131445,"TERAIN_SLP":14.9939333938,"AREA":56.1892407475,"VOLUME":46,"FLOORS":1,"INT_ZONE":"Borde Rural","FLOOD":2,"LANDSLIDE":"Amenaza Media","LEGAL_ID":"311","LEGAL_NAME":"EL MIRADOR","LEGAL_AREA":11.06,"LEGAL_LOTS":989,"LEGAL_POP":5340.6,"LEGAL_DENS":89.42,"LEGALIZING":null,"BLOCK_ID_":"002570057","BLOCK_POP":51,"BLOCK_BLD":15,"BLOCK_RISK":2.4094729,"BLOCK_EDU":0,"BLOCK_HLTH":13.09122,"BLOCK_TRAN":98.708801,"BLOCK_CULT":0,"BLOCK_PARK":28.410694,"BLOCK_SEC":100,"BLOCK_CENT":0,"BLOCK_DEF":26.6666666667,"BLD_INHAB":3,"OBJECTID":2,"AO_225":0.2,"id":1089,"preds_material":[[1,"1216743277_111794_7176_1-512.jpg"],[1,"1216743277_401579_7177_1-512.jpg"],[1,"1216743277_671870_7178_1-512.jpg"],[1,"1216743277_941790_7179_1-512.jpg"],[1,"1216743278_241677_7180_1-512.jpg"]],"material_ml":"brick","preds_construction":[[2,"1216743277_111794_7176_1-512.jpg"],[2,"1216743277_401579_7177_1-512.jpg"],[2,"1216743277_671870_7178_1-512.jpg"],[2,"1216743277_941790_7179_1-512.jpg"],[2,"1216743278_241677_7180_1-512.jpg"]],"construction_ml":"complete","preds_design":[[1,"1216743277_111794_7176_1-512.jpg"],[1,"1216743277_401579_7177_1-512.jpg"],[1,"1216743277_671870_7178_1-512.jpg"],[1,"1216743277_941790_7179_1-512.jpg"],[1,"1216743278_241677_7180_1-512.jpg"]],"design_ml":"undesigned","images":[]}
