{"MATERIAL":"corrugated metal - dark","AVG_SLOPE":5.72026930153,"AVG_HEIGHT":6.8301751157,"TERAIN_SLP":10.1726116297,"AREA":41.5527410055,"VOLUME":284,"FLOORS":2,"INT_ZONE":"Borde Rural","FLOOD":2,"LANDSLIDE":"Amenaza Media","LEGAL_ID":"311","LEGAL_NAME":"EL MIRADOR","LEGAL_AREA":11.06,"LEGAL_LOTS":989,"LEGAL_POP":5340.6,"LEGAL_DENS":89.42,"LEGALIZING":null,"BLOCK_ID_":"002570058","BLOCK_POP":59,"BLOCK_BLD":18,"BLOCK_RISK":3.7375371,"BLOCK_EDU":0,"BLOCK_HLTH":14.270939,"BLOCK_TRAN":99.45993,"BLOCK_CULT":0,"BLOCK_PARK":30.209288,"BLOCK_SEC":43.051487,"BLOCK_CENT":0,"BLOCK_DEF":50,"BLD_INHAB":3,"OBJECTID":2,"AO_225":0.2,"id":1092,"preds_material":[[1,"1216742379_736543_4953_1-512.jpg"],[2,"1216742379_736543_4953_1-512.jpg"],[1,"1216742380_551280_4954_1-512.jpg"],[1,"1216742671_594809_5688_3-512.jpg"],[1,"1216742672_314792_5689_3-512.jpg"],[5,"1216742883_183649_6281_3-512.jpg"],[5,"1216742883_443544_6282_3-512.jpg"],[5,"1216742883_698656_6283_3-512.jpg"],[5,"1216743271_441931_7157_3-512.jpg"],[5,"1216743271_861948_7158_3-512.jpg"],[5,"1216743272_236959_7159_3-512.jpg"],[5,"1216743272_571607_7160_3-512.jpg"],[5,"1216743272_901639_7161_3-512.jpg"],[5,"1216743273_231670_7162_3-512.jpg"],[5,"1216743273_531664_7163_3-512.jpg"],[5,"1216743273_831661_7164_3-512.jpg"],[5,"1216743274_136663_7165_3-512.jpg"],[1,"1216743274_136663_7165_3-512.jpg"],[5,"1216743274_436640_7166_3-512.jpg"]],"material_ml":"painted","preds_construction":[[2,"1216742379_736543_4953_1-512.jpg"],[2,"1216742380_551280_4954_1-512.jpg"],[1,"1216742671_594809_5688_3-512.jpg"],[2,"1216742671_594809_5688_3-512.jpg"],[2,"1216742672_314792_5689_3-512.jpg"],[1,"1216742672_314792_5689_3-512.jpg"],[2,"1216742883_183649_6281_3-512.jpg"],[2,"1216742883_443544_6282_3-512.jpg"],[2,"1216742883_698656_6283_3-512.jpg"],[2,"1216743271_441931_7157_3-512.jpg"],[2,"1216743271_861948_7158_3-512.jpg"],[2,"1216743272_236959_7159_3-512.jpg"],[2,"1216743272_571607_7160_3-512.jpg"],[2,"1216743272_901639_7161_3-512.jpg"],[2,"1216743273_231670_7162_3-512.jpg"],[2,"1216743273_531664_7163_3-512.jpg"],[2,"1216743273_831661_7164_3-512.jpg"],[2,"1216743274_136663_7165_3-512.jpg"],[1,"1216743274_136663_7165_3-512.jpg"]],"construction_ml":"complete","preds_design":[[1,"1216742379_736543_4953_1-512.jpg"],[1,"1216742380_551280_4954_1-512.jpg"],[2,"1216742671_594809_5688_3-512.jpg"],[2,"1216742672_314792_5689_3-512.jpg"],[2,"1216742883_183649_6281_3-512.jpg"],[2,"1216742883_443544_6282_3-512.jpg"],[2,"1216742883_698656_6283_3-512.jpg"],[2,"1216743271_441931_7157_3-512.jpg"],[2,"1216743271_861948_7158_3-512.jpg"],[2,"1216743272_236959_7159_3-512.jpg"],[2,"1216743272_571607_7160_3-512.jpg"],[2,"1216743272_901639_7161_3-512.jpg"],[2,"1216743273_231670_7162_3-512.jpg"],[2,"1216743273_531664_7163_3-512.jpg"],[2,"1216743273_831661_7164_3-512.jpg"],[2,"1216743274_136663_7165_3-512.jpg"],[2,"1216743274_436640_7166_3-512.jpg"]],"design_ml":"designed","images":[]}
