{"MATERIAL":"corrugated metal - dark","AVG_SLOPE":6.18032269952,"AVG_HEIGHT":6.09227305036,"TERAIN_SLP":4.82571689388,"AREA":35.5127433234,"VOLUME":216,"FLOORS":2,"INT_ZONE":"Borde Rural","FLOOD":2,"LANDSLIDE":"Amenaza Media","LEGAL_ID":"311","LEGAL_NAME":"EL MIRADOR","LEGAL_AREA":11.06,"LEGAL_LOTS":989,"LEGAL_POP":5340.6,"LEGAL_DENS":89.42,"LEGALIZING":null,"BLOCK_ID_":"002570058","BLOCK_POP":59,"BLOCK_BLD":18,"BLOCK_RISK":3.7375371,"BLOCK_EDU":0,"BLOCK_HLTH":14.270939,"BLOCK_TRAN":99.45993,"BLOCK_CULT":0,"BLOCK_PARK":30.209288,"BLOCK_SEC":43.051487,"BLOCK_CENT":0,"BLOCK_DEF":50,"BLD_INHAB":3,"OBJECTID":2,"AO_225":0.2,"id":1093,"preds_material":[[1,"1216742381_136301_4955_1-512.jpg"],[1,"1216742381_586299_4956_1-512.jpg"],[1,"1216742670_234821_5686_3-512.jpg"],[1,"1216742670_919875_5687_3-512.jpg"],[5,"1216742670_919875_5687_3-512.jpg"],[5,"1216742671_594809_5688_3-512.jpg"],[5,"1216742880_518651_6268_3-512.jpg"],[5,"1216742881_818434_6275_3-512.jpg"],[5,"1216742882_023460_6276_3-512.jpg"],[5,"1216742882_233552_6277_3-512.jpg"],[5,"1216742882_488624_6278_3-512.jpg"],[5,"1216742882_708611_6279_3-512.jpg"],[5,"1216742882_943652_6280_3-512.jpg"]],"material_ml":"painted","preds_construction":[[2,"1216742381_136301_4955_1-512.jpg"],[2,"1216742381_586299_4956_1-512.jpg"],[1,"1216742670_234821_5686_3-512.jpg"],[1,"1216742670_919875_5687_3-512.jpg"],[2,"1216742670_919875_5687_3-512.jpg"],[2,"1216742671_594809_5688_3-512.jpg"]],"construction_ml":"complete","preds_design":[[1,"1216742381_136301_4955_1-512.jpg"],[1,"1216742381_586299_4956_1-512.jpg"],[2,"1216742670_234821_5686_3-512.jpg"],[2,"1216742670_919875_5687_3-512.jpg"],[2,"1216742670_919875_5687_3-512.jpg"],[2,"1216742671_594809_5688_3-512.jpg"]],"design_ml":"designed","images":[]}
