{"MATERIAL":"corrugated metal - dark","AVG_SLOPE":5.90323760202,"AVG_HEIGHT":2.75570186492,"TERAIN_SLP":11.4573624258,"AREA":71.5448968207,"VOLUME":197,"FLOORS":1,"INT_ZONE":"Borde Rural","FLOOD":2,"LANDSLIDE":"Amenaza Media","LEGAL_ID":"311","LEGAL_NAME":"EL MIRADOR","LEGAL_AREA":11.06,"LEGAL_LOTS":989,"LEGAL_POP":5340.6,"LEGAL_DENS":89.42,"LEGALIZING":null,"BLOCK_ID_":"002570058","BLOCK_POP":59,"BLOCK_BLD":18,"BLOCK_RISK":3.7375371,"BLOCK_EDU":0,"BLOCK_HLTH":14.270939,"BLOCK_TRAN":99.45993,"BLOCK_CULT":0,"BLOCK_PARK":30.209288,"BLOCK_SEC":43.051487,"BLOCK_CENT":0,"BLOCK_DEF":50,"BLD_INHAB":3,"OBJECTID":2,"AO_225":0.2,"id":1094,"preds_material":[[5,"1216743308_611421_7289_3-512.jpg"],[5,"1216743309_031373_7290_3-512.jpg"],[5,"1216743309_031373_7290_3-512.jpg"],[5,"1216743309_551312_7291_3-512.jpg"],[6,"1216743309_551312_7291_3-512.jpg"],[5,"1216743310_206330_7292_3-512.jpg"],[6,"1216743310_206330_7292_3-512.jpg"],[1,"1216743310_206330_7292_3-512.jpg"]],"material_ml":"painted","preds_construction":[[2,"1216743308_611421_7289_3-512.jpg"],[2,"1216743309_031373_7290_3-512.jpg"],[2,"1216743309_031373_7290_3-512.jpg"],[2,"1216743309_551312_7291_3-512.jpg"],[2,"1216743309_551312_7291_3-512.jpg"],[2,"1216743310_206330_7292_3-512.jpg"],[2,"1216743310_206330_7292_3-512.jpg"]],"construction_ml":"complete","preds_design":[[2,"1216743308_611421_7289_3-512.jpg"],[2,"1216743309_031373_7290_3-512.jpg"],[2,"1216743309_031373_7290_3-512.jpg"],[2,"1216743309_551312_7291_3-512.jpg"],[2,"1216743309_551312_7291_3-512.jpg"],[2,"1216743310_206330_7292_3-512.jpg"],[2,"1216743310_206330_7292_3-512.jpg"]],"design_ml":"designed","images":[]}
