{"MATERIAL":"concrete","AVG_SLOPE":14.0781176089,"AVG_HEIGHT":8.07685941658,"TERAIN_SLP":6.54804460733,"AREA":81.1734424842,"VOLUME":656,"FLOORS":3,"INT_ZONE":"Borde Rural","FLOOD":2,"LANDSLIDE":"Amenaza Media","LEGAL_ID":"311","LEGAL_NAME":"EL MIRADOR","LEGAL_AREA":11.06,"LEGAL_LOTS":989,"LEGAL_POP":5340.6,"LEGAL_DENS":89.42,"LEGALIZING":null,"BLOCK_ID_":"002570059","BLOCK_POP":65,"BLOCK_BLD":17,"BLOCK_RISK":13.093702,"BLOCK_EDU":0,"BLOCK_HLTH":12.174642,"BLOCK_TRAN":98.8395,"BLOCK_CULT":0,"BLOCK_PARK":4.5010147,"BLOCK_SEC":100,"BLOCK_CENT":0,"BLOCK_DEF":41.1764705882,"BLD_INHAB":4,"OBJECTID":1,"AO_225":0.16,"id":1097,"preds_material":[[5,"1216742382_041437_4957_3-512.jpg"],[2,"1216742382_041437_4957_3-512.jpg"],[5,"1216742382_441593_4958_3-512.jpg"],[2,"1216742382_441593_4958_3-512.jpg"],[5,"1216742382_831295_4959_3-512.jpg"],[5,"1216742383_151296_4960_3-512.jpg"],[5,"1216742383_471284_4961_3-512.jpg"],[2,"1216742383_471284_4961_3-512.jpg"],[1,"1216742383_806306_4962_3-512.jpg"],[6,"1216742383_806306_4962_3-512.jpg"],[5,"1216742667_749771_5683_1-512.jpg"],[1,"1216742668_574819_5684_1-512.jpg"],[5,"1216742668_574819_5684_1-512.jpg"],[1,"1216742669_450255_5685_1-512.jpg"],[5,"1216743326_016298_7338_3-512.jpg"]],"material_ml":"painted","preds_construction":[[2,"1216742382_041437_4957_3-512.jpg"],[2,"1216742382_441593_4958_3-512.jpg"],[2,"1216742382_831295_4959_3-512.jpg"],[2,"1216742383_151296_4960_3-512.jpg"],[2,"1216742383_471284_4961_3-512.jpg"],[2,"1216742383_471284_4961_3-512.jpg"],[2,"1216742383_806306_4962_3-512.jpg"],[2,"1216742667_749771_5683_1-512.jpg"],[1,"1216742668_574819_5684_1-512.jpg"],[2,"1216742668_574819_5684_1-512.jpg"],[1,"1216742669_450255_5685_1-512.jpg"]],"construction_ml":"complete","preds_design":[[2,"1216742382_041437_4957_3-512.jpg"],[1,"1216742382_441593_4958_3-512.jpg"],[2,"1216742382_441593_4958_3-512.jpg"],[2,"1216742382_831295_4959_3-512.jpg"],[2,"1216742383_151296_4960_3-512.jpg"],[2,"1216742383_471284_4961_3-512.jpg"],[2,"1216742383_806306_4962_3-512.jpg"],[1,"1216742667_749771_5683_1-512.jpg"],[1,"1216742668_574819_5684_1-512.jpg"],[1,"1216742668_574819_5684_1-512.jpg"],[1,"1216742669_450255_5685_1-512.jpg"],[1,"1216743328_126536_7343_3-512.jpg"],[1,"1216743328_881393_7344_3-512.jpg"]],"design_ml":"undesigned","images":[]}
