{"MATERIAL":"concrete","AVG_SLOPE":11.1471480653,"AVG_HEIGHT":3.05076360772,"TERAIN_SLP":4.69460240022,"AREA":23.6376550637,"VOLUME":72,"FLOORS":2,"INT_ZONE":"Borde Rural","FLOOD":2,"LANDSLIDE":"Amenaza Media","LEGAL_ID":"311","LEGAL_NAME":"EL MIRADOR","LEGAL_AREA":11.06,"LEGAL_LOTS":989,"LEGAL_POP":5340.6,"LEGAL_DENS":89.42,"LEGALIZING":null,"BLOCK_ID_":"002570058","BLOCK_POP":59,"BLOCK_BLD":18,"BLOCK_RISK":3.7375371,"BLOCK_EDU":0,"BLOCK_HLTH":14.270939,"BLOCK_TRAN":99.45993,"BLOCK_CULT":0,"BLOCK_PARK":30.209288,"BLOCK_SEC":43.051487,"BLOCK_CENT":0,"BLOCK_DEF":50,"BLD_INHAB":3,"OBJECTID":2,"AO_225":0.2,"id":1101,"preds_material":[[1,"1216742383_806306_4962_1-512.jpg"],[1,"1216742384_146274_4963_1-512.jpg"],[5,"1216743314_116361_7297_3-512.jpg"],[5,"1216743314_956304_7298_3-512.jpg"],[1,"1216743314_956304_7298_3-512.jpg"],[6,"1216743314_956304_7298_3-512.jpg"],[5,"1216743315_506329_7299_3-512.jpg"],[1,"1216743315_506329_7299_3-512.jpg"],[6,"1216743315_506329_7299_3-512.jpg"],[5,"1216743315_951173_7300_3-512.jpg"],[1,"1216743315_951173_7300_3-512.jpg"],[1,"1216743315_951173_7300_3-512.jpg"],[5,"1216743316_351135_7301_3-512.jpg"],[1,"1216743316_351135_7301_3-512.jpg"],[5,"1216743316_751357_7302_3-512.jpg"],[1,"1216743316_751357_7302_3-512.jpg"],[5,"1216743317_091324_7303_3-512.jpg"],[1,"1216743317_091324_7303_3-512.jpg"],[5,"1216743317_416227_7304_3-512.jpg"],[5,"1216743317_721229_7305_3-512.jpg"],[5,"1216743318_841291_7309_3-512.jpg"],[5,"1216743319_106296_7310_3-512.jpg"],[5,"1216743319_356314_7311_3-512.jpg"],[5,"1216743319_616189_7312_3-512.jpg"],[5,"1216743320_646339_7316_3-512.jpg"],[5,"1216743320_886298_7317_3-512.jpg"]],"material_ml":"painted","preds_construction":[[2,"1216743314_116361_7297_3-512.jpg"],[2,"1216743314_956304_7298_3-512.jpg"],[2,"1216743314_956304_7298_3-512.jpg"],[2,"1216743315_506329_7299_3-512.jpg"],[2,"1216743315_506329_7299_3-512.jpg"],[2,"1216743315_951173_7300_3-512.jpg"],[2,"1216743315_951173_7300_3-512.jpg"],[2,"1216743316_351135_7301_3-512.jpg"],[2,"1216743316_751357_7302_3-512.jpg"],[2,"1216743317_091324_7303_3-512.jpg"],[2,"1216743317_416227_7304_3-512.jpg"],[2,"1216743317_721229_7305_3-512.jpg"],[2,"1216743318_841291_7309_3-512.jpg"],[2,"1216743319_106296_7310_3-512.jpg"],[2,"1216743319_356314_7311_3-512.jpg"],[2,"1216743319_616189_7312_3-512.jpg"],[2,"1216743320_646339_7316_3-512.jpg"],[2,"1216743320_886298_7317_3-512.jpg"]],"construction_ml":"complete","preds_design":[[1,"1216743314_116361_7297_3-512.jpg"],[2,"1216743314_956304_7298_3-512.jpg"],[1,"1216743314_956304_7298_3-512.jpg"],[2,"1216743315_506329_7299_3-512.jpg"],[1,"1216743315_506329_7299_3-512.jpg"],[1,"1216743315_951173_7300_3-512.jpg"],[2,"1216743315_951173_7300_3-512.jpg"],[1,"1216743316_351135_7301_3-512.jpg"],[1,"1216743316_751357_7302_3-512.jpg"],[1,"1216743317_091324_7303_3-512.jpg"],[1,"1216743317_416227_7304_3-512.jpg"],[1,"1216743317_721229_7305_3-512.jpg"],[2,"1216743318_841291_7309_3-512.jpg"],[2,"1216743319_106296_7310_3-512.jpg"],[2,"1216743319_356314_7311_3-512.jpg"],[2,"1216743319_616189_7312_3-512.jpg"],[1,"1216743320_646339_7316_3-512.jpg"],[1,"1216743320_886298_7317_3-512.jpg"]],"design_ml":"undesigned","images":[]}
