{"MATERIAL":"corrugated metal","AVG_SLOPE":4.70817402004,"AVG_HEIGHT":7.40010481336,"TERAIN_SLP":8.40504800489,"AREA":68.498766549,"VOLUME":507,"FLOORS":2,"INT_ZONE":"Borde Rural","FLOOD":3,"LANDSLIDE":"Amenaza Media","LEGAL_ID":"311","LEGAL_NAME":"EL MIRADOR","LEGAL_AREA":11.06,"LEGAL_LOTS":989,"LEGAL_POP":5340.6,"LEGAL_DENS":89.42,"LEGALIZING":null,"BLOCK_ID_":"002570059","BLOCK_POP":65,"BLOCK_BLD":17,"BLOCK_RISK":13.093702,"BLOCK_EDU":0,"BLOCK_HLTH":12.174642,"BLOCK_TRAN":98.8395,"BLOCK_CULT":0,"BLOCK_PARK":4.5010147,"BLOCK_SEC":100,"BLOCK_CENT":0,"BLOCK_DEF":41.1764705882,"BLD_INHAB":4,"OBJECTID":1,"AO_225":0.16,"id":1107,"preds_material":[[2,"1216742381_136301_4955_3-512.jpg"],[5,"1216742381_586299_4956_3-512.jpg"],[2,"1216742381_586299_4956_3-512.jpg"],[5,"1216742381_586299_4956_3-512.jpg"],[5,"1216742382_041437_4957_3-512.jpg"],[5,"1216742669_450255_5685_1-512.jpg"],[1,"1216742670_234821_5686_1-512.jpg"],[5,"1216743269_601893_7153_3-512.jpg"],[5,"1216743269_981948_7154_3-512.jpg"],[5,"1216743270_397021_7155_3-512.jpg"],[5,"1216743271_441931_7157_3-512.jpg"],[1,"1216743328_126536_7343_3-512.jpg"]],"material_ml":"painted","preds_construction":[[2,"1216742381_136301_4955_3-512.jpg"],[2,"1216742381_586299_4956_3-512.jpg"],[2,"1216742381_586299_4956_3-512.jpg"],[2,"1216742382_041437_4957_3-512.jpg"],[2,"1216742669_450255_5685_1-512.jpg"],[1,"1216742670_234821_5686_1-512.jpg"],[2,"1216742670_234821_5686_1-512.jpg"]],"construction_ml":"complete","preds_design":[[2,"1216742381_136301_4955_3-512.jpg"],[2,"1216742381_586299_4956_3-512.jpg"],[2,"1216742381_586299_4956_3-512.jpg"],[2,"1216742381_586299_4956_3-512.jpg"],[1,"1216742669_450255_5685_1-512.jpg"],[1,"1216742670_234821_5686_1-512.jpg"]],"design_ml":"designed","images":[]}
