{"MATERIAL":"corrugated metal","AVG_SLOPE":7.8395432321,"AVG_HEIGHT":3.33311494796,"TERAIN_SLP":13.2717729668,"AREA":70.5957893567,"VOLUME":235,"FLOORS":2,"INT_ZONE":"Borde Rural","FLOOD":2,"LANDSLIDE":"Amenaza Media","LEGAL_ID":"311","LEGAL_NAME":"EL MIRADOR","LEGAL_AREA":11.06,"LEGAL_LOTS":989,"LEGAL_POP":5340.6,"LEGAL_DENS":89.42,"LEGALIZING":null,"BLOCK_ID_":"002570056","BLOCK_POP":85,"BLOCK_BLD":28,"BLOCK_RISK":9.0817919,"BLOCK_EDU":0,"BLOCK_HLTH":11.342425,"BLOCK_TRAN":98.318123,"BLOCK_CULT":0,"BLOCK_PARK":4.153626,"BLOCK_SEC":100,"BLOCK_CENT":0,"BLOCK_DEF":14.2857142857,"BLD_INHAB":3,"OBJECTID":1,"AO_225":0.16,"id":1109,"preds_material":[[1,"1216742875_698697_6237_1-512.jpg"],[5,"1216742875_698697_6237_1-512.jpg"],[1,"1216742875_903712_6238_1-512.jpg"],[5,"1216742875_903712_6238_1-512.jpg"],[1,"1216742876_108702_6239_1-512.jpg"],[5,"1216742876_108702_6239_1-512.jpg"],[5,"1216742876_313692_6240_1-512.jpg"],[1,"1216742876_313692_6240_1-512.jpg"],[5,"1216742876_518669_6241_1-512.jpg"],[1,"1216742876_518669_6241_1-512.jpg"],[5,"1216742876_683636_6242_1-512.jpg"],[1,"1216742876_683636_6242_1-512.jpg"],[5,"1216742876_848668_6243_1-512.jpg"],[1,"1216742876_848668_6243_1-512.jpg"],[5,"1216742877_008678_6244_1-512.jpg"],[1,"1216742877_008678_6244_1-512.jpg"],[5,"1216742877_183697_6245_1-512.jpg"],[1,"1216742877_183697_6245_1-512.jpg"],[5,"1216742877_338735_6246_1-512.jpg"],[5,"1216742877_493803_6247_1-512.jpg"],[5,"1216742877_663687_6248_1-512.jpg"]],"material_ml":"painted","preds_construction":[[2,"1216742875_698697_6237_1-512.jpg"],[2,"1216742875_903712_6238_1-512.jpg"],[2,"1216742875_903712_6238_1-512.jpg"],[2,"1216742876_108702_6239_1-512.jpg"],[2,"1216742876_108702_6239_1-512.jpg"],[2,"1216742876_313692_6240_1-512.jpg"],[2,"1216742876_313692_6240_1-512.jpg"],[2,"1216742876_518669_6241_1-512.jpg"],[2,"1216742876_518669_6241_1-512.jpg"],[2,"1216742876_683636_6242_1-512.jpg"],[2,"1216742876_683636_6242_1-512.jpg"],[2,"1216742876_848668_6243_1-512.jpg"],[2,"1216742876_848668_6243_1-512.jpg"],[2,"1216742877_008678_6244_1-512.jpg"],[2,"1216742877_008678_6244_1-512.jpg"],[2,"1216742877_183697_6245_1-512.jpg"],[2,"1216742877_183697_6245_1-512.jpg"],[2,"1216742877_338735_6246_1-512.jpg"],[2,"1216742877_493803_6247_1-512.jpg"],[2,"1216742877_663687_6248_1-512.jpg"]],"construction_ml":"complete","preds_design":[[1,"1216742875_698697_6237_1-512.jpg"],[1,"1216742875_698697_6237_1-512.jpg"],[1,"1216742875_903712_6238_1-512.jpg"],[2,"1216742875_903712_6238_1-512.jpg"],[1,"1216742876_108702_6239_1-512.jpg"],[2,"1216742876_108702_6239_1-512.jpg"],[1,"1216742876_313692_6240_1-512.jpg"],[2,"1216742876_313692_6240_1-512.jpg"],[2,"1216742876_518669_6241_1-512.jpg"],[1,"1216742876_518669_6241_1-512.jpg"],[2,"1216742876_683636_6242_1-512.jpg"],[1,"1216742876_683636_6242_1-512.jpg"],[2,"1216742876_848668_6243_1-512.jpg"],[1,"1216742876_848668_6243_1-512.jpg"],[2,"1216742877_008678_6244_1-512.jpg"],[1,"1216742877_008678_6244_1-512.jpg"],[2,"1216742877_183697_6245_1-512.jpg"],[1,"1216742877_183697_6245_1-512.jpg"],[2,"1216742877_338735_6246_1-512.jpg"],[2,"1216742877_493803_6247_1-512.jpg"],[2,"1216742877_663687_6248_1-512.jpg"]],"design_ml":"designed","images":[]}
