{"MATERIAL":"concrete","AVG_SLOPE":9.35588983116,"AVG_HEIGHT":4.22642403145,"TERAIN_SLP":18.08762281,"AREA":146.27395248,"VOLUME":618,"FLOORS":2,"INT_ZONE":"Borde Rural","FLOOD":4,"LANDSLIDE":"Amenaza Media","LEGAL_ID":"311","LEGAL_NAME":"EL MIRADOR","LEGAL_AREA":11.06,"LEGAL_LOTS":989,"LEGAL_POP":5340.6,"LEGAL_DENS":89.42,"LEGALIZING":null,"BLOCK_ID_":"002570056","BLOCK_POP":85,"BLOCK_BLD":28,"BLOCK_RISK":9.0817919,"BLOCK_EDU":0,"BLOCK_HLTH":11.342425,"BLOCK_TRAN":98.318123,"BLOCK_CULT":0,"BLOCK_PARK":4.153626,"BLOCK_SEC":100,"BLOCK_CENT":0,"BLOCK_DEF":14.2857142857,"BLD_INHAB":3,"OBJECTID":1,"AO_225":0.16,"id":1111,"preds_material":[[5,"1216742375_836328_4945_3-512.jpg"],[5,"1216742376_216321_4946_3-512.jpg"],[5,"1216742376_676504_4947_3-512.jpg"],[5,"1216742377_111315_4948_3-512.jpg"],[5,"1216742377_521336_4949_3-512.jpg"],[5,"1216742377_521336_4949_3-512.jpg"],[5,"1216742377_876376_4950_3-512.jpg"],[5,"1216742377_876376_4950_3-512.jpg"],[3,"1216742377_876376_4950_3-512.jpg"],[5,"1216742378_271299_4951_3-512.jpg"],[3,"1216742378_746299_4952_3-512.jpg"],[5,"1216742378_746299_4952_3-512.jpg"],[6,"1216742378_746299_4952_3-512.jpg"],[5,"1216742379_736543_4953_3-512.jpg"],[5,"1216742674_894684_5693_1-512.jpg"],[5,"1216742675_564787_5694_1-512.jpg"],[5,"1216742676_404772_5695_1-512.jpg"],[5,"1216742876_848668_6243_1-512.jpg"],[5,"1216742877_008678_6244_1-512.jpg"],[5,"1216742877_183697_6245_1-512.jpg"],[5,"1216742877_338735_6246_1-512.jpg"],[5,"1216742877_493803_6247_1-512.jpg"],[5,"1216742877_663687_6248_1-512.jpg"],[5,"1216742877_813802_6249_1-512.jpg"],[5,"1216742877_813802_6249_1-512.jpg"],[5,"1216742877_813802_6249_1-512.jpg"],[5,"1216742877_918658_6250_1-512.jpg"],[5,"1216742877_918658_6250_1-512.jpg"],[5,"1216742877_918658_6250_1-512.jpg"],[1,"1216742877_918658_6250_1-512.jpg"],[5,"1216742878_068618_6251_1-512.jpg"],[1,"1216742878_068618_6251_1-512.jpg"],[5,"1216742878_068618_6251_1-512.jpg"],[5,"1216742878_183681_6252_1-512.jpg"],[5,"1216742878_183681_6252_1-512.jpg"],[5,"1216742878_333712_6253_1-512.jpg"],[5,"1216742878_333712_6253_1-512.jpg"],[5,"1216742878_463676_6254_1-512.jpg"],[5,"1216742878_463676_6254_1-512.jpg"],[5,"1216742878_608593_6255_1-512.jpg"],[5,"1216742878_608593_6255_1-512.jpg"],[5,"1216742878_773692_6256_1-512.jpg"],[5,"1216742878_773692_6256_1-512.jpg"],[1,"1216742878_773692_6256_1-512.jpg"],[5,"1216742878_918719_6257_1-512.jpg"],[1,"1216742878_918719_6257_1-512.jpg"],[5,"1216742878_918719_6257_1-512.jpg"],[5,"1216742879_058799_6258_1-512.jpg"],[1,"1216742879_058799_6258_1-512.jpg"],[5,"1216742879_198662_6259_1-512.jpg"],[1,"1216742879_198662_6259_1-512.jpg"],[1,"1216742879_338675_6260_1-512.jpg"],[5,"1216742879_338675_6260_1-512.jpg"],[1,"1216742879_513663_6261_1-512.jpg"],[5,"1216742879_513663_6261_1-512.jpg"],[1,"1216742879_653658_6262_1-512.jpg"],[5,"1216742879_653658_6262_1-512.jpg"],[5,"1216742879_653658_6262_1-512.jpg"],[1,"1216742879_798631_6263_1-512.jpg"],[5,"1216742879_798631_6263_1-512.jpg"],[5,"1216742879_798631_6263_1-512.jpg"],[1,"1216742879_918646_6264_1-512.jpg"],[5,"1216742879_918646_6264_1-512.jpg"],[5,"1216742880_068703_6265_1-512.jpg"],[1,"1216742880_068703_6265_1-512.jpg"],[5,"1216742880_218650_6266_1-512.jpg"],[1,"1216742880_218650_6266_1-512.jpg"],[5,"1216742880_373673_6267_1-512.jpg"],[1,"1216742880_373673_6267_1-512.jpg"],[5,"1216742880_518651_6268_1-512.jpg"],[1,"1216742880_518651_6268_1-512.jpg"],[5,"1216742880_683523_6269_1-512.jpg"],[1,"1216742880_683523_6269_1-512.jpg"],[5,"1216742880_683523_6269_1-512.jpg"],[5,"1216742880_853503_6270_1-512.jpg"],[1,"1216742880_853503_6270_1-512.jpg"],[5,"1216742880_853503_6270_1-512.jpg"],[2,"1216742880_853503_6270_1-512.jpg"],[1,"1216742881_033513_6271_1-512.jpg"],[5,"1216742881_033513_6271_1-512.jpg"],[1,"1216742881_033513_6271_1-512.jpg"],[1,"1216742881_218347_6272_1-512.jpg"],[5,"1216742881_218347_6272_1-512.jpg"],[1,"1216742881_413406_6273_1-512.jpg"],[5,"1216742881_413406_6273_1-512.jpg"],[1,"1216742881_613409_6274_1-512.jpg"],[5,"1216742881_613409_6274_1-512.jpg"],[1,"1216742881_613409_6274_1-512.jpg"],[1,"1216742881_818434_6275_1-512.jpg"],[1,"1216742881_818434_6275_1-512.jpg"],[1,"1216742882_023460_6276_1-512.jpg"],[1,"1216742882_023460_6276_1-512.jpg"],[1,"1216742882_233552_6277_1-512.jpg"],[1,"1216742882_233552_6277_1-512.jpg"],[1,"1216742882_488624_6278_1-512.jpg"],[1,"1216742882_488624_6278_1-512.jpg"],[1,"1216742882_708611_6279_1-512.jpg"],[1,"1216742882_708611_6279_1-512.jpg"],[1,"1216742882_943652_6280_1-512.jpg"],[1,"1216742883_183649_6281_1-512.jpg"],[1,"1216742883_443544_6282_1-512.jpg"],[1,"1216742883_698656_6283_1-512.jpg"],[1,"1216742884_018842_6284_1-512.jpg"],[1,"1216742884_308629_6285_1-512.jpg"],[1,"1216742884_668570_6286_1-512.jpg"],[1,"1216742885_158595_6287_1-512.jpg"],[1,"1216742886_333484_6288_1-512.jpg"],[5,"1216743263_532287_7143_3-512.jpg"],[5,"1216743264_412291_7144_3-512.jpg"],[5,"1216743265_411665_7145_3-512.jpg"]],"material_ml":"painted",