{"MATERIAL":"corrugated metal/heavily patched","AVG_SLOPE":7.04906575532,"AVG_HEIGHT":3.4449675131,"TERAIN_SLP":14.9580895163,"AREA":68.796639181,"VOLUME":237,"FLOORS":2,"INT_ZONE":"Borde Rural","FLOOD":2,"LANDSLIDE":"Amenaza Media","LEGAL_ID":"311","LEGAL_NAME":"EL MIRADOR","LEGAL_AREA":11.06,"LEGAL_LOTS":989,"LEGAL_POP":5340.6,"LEGAL_DENS":89.42,"LEGALIZING":null,"BLOCK_ID_":"002570056","BLOCK_POP":85,"BLOCK_BLD":28,"BLOCK_RISK":9.0817919,"BLOCK_EDU":0,"BLOCK_HLTH":11.342425,"BLOCK_TRAN":98.318123,"BLOCK_CULT":0,"BLOCK_PARK":4.153626,"BLOCK_SEC":100,"BLOCK_CENT":0,"BLOCK_DEF":14.2857142857,"BLD_INHAB":3,"OBJECTID":1,"AO_225":0.16,"id":1112,"preds_material":[[1,"1216742901_588569_6309_1-512.jpg"],[1,"1216742902_273596_6310_1-512.jpg"]],"material_ml":"brick","preds_construction":[[2,"1216742901_588569_6309_1-512.jpg"],[2,"1216742902_273596_6310_1-512.jpg"]],"construction_ml":"complete","preds_design":[[2,"1216742901_588569_6309_1-512.jpg"],[2,"1216742902_273596_6310_1-512.jpg"]],"design_ml":"designed","images":[]}
