{"MATERIAL":"corrugated metal/heavily patched","AVG_SLOPE":8.43269981185,"AVG_HEIGHT":3.97957564507,"TERAIN_SLP":20.2768122458,"AREA":78.7423768795,"VOLUME":313,"FLOORS":2,"INT_ZONE":"Borde Rural","FLOOD":2,"LANDSLIDE":"Amenaza Media","LEGAL_ID":"311","LEGAL_NAME":"EL MIRADOR","LEGAL_AREA":11.06,"LEGAL_LOTS":989,"LEGAL_POP":5340.6,"LEGAL_DENS":89.42,"LEGALIZING":null,"BLOCK_ID_":"002570056","BLOCK_POP":85,"BLOCK_BLD":28,"BLOCK_RISK":9.0817919,"BLOCK_EDU":0,"BLOCK_HLTH":11.342425,"BLOCK_TRAN":98.318123,"BLOCK_CULT":0,"BLOCK_PARK":4.153626,"BLOCK_SEC":100,"BLOCK_CENT":0,"BLOCK_DEF":14.2857142857,"BLD_INHAB":3,"OBJECTID":1,"AO_225":0.16,"id":1115,"preds_material":[[5,"1216742373_481343_4938_3-512.jpg"],[1,"1216742373_481343_4938_3-512.jpg"],[5,"1216742373_846361_4939_3-512.jpg"],[1,"1216742373_846361_4939_3-512.jpg"],[6,"1216742373_846361_4939_3-512.jpg"],[3,"1216742373_846361_4939_3-512.jpg"],[5,"1216742374_171355_4940_3-512.jpg"],[3,"1216742374_171355_4940_3-512.jpg"],[5,"1216742374_521419_4941_3-512.jpg"],[3,"1216742374_521419_4941_3-512.jpg"],[5,"1216742374_841301_4942_3-512.jpg"],[2,"1216742374_841301_4942_3-512.jpg"],[3,"1216742374_841301_4942_3-512.jpg"],[5,"1216742375_181369_4943_3-512.jpg"],[5,"1216742375_181369_4943_3-512.jpg"],[1,"1216742375_181369_4943_3-512.jpg"],[5,"1216742375_501269_4944_3-512.jpg"],[5,"1216742375_501269_4944_3-512.jpg"],[5,"1216742375_836328_4945_3-512.jpg"],[5,"1216742376_216321_4946_3-512.jpg"],[5,"1216742677_084765_5696_1-512.jpg"],[5,"1216742678_059788_5697_1-512.jpg"],[5,"1216742678_834713_5698_1-512.jpg"],[5,"1216742679_314776_5699_1-512.jpg"],[5,"1216742679_744816_5700_1-512.jpg"],[5,"1216742680_179791_5701_1-512.jpg"],[1,"1216742889_073349_6289_1-512.jpg"],[1,"1216742889_793650_6290_1-512.jpg"],[1,"1216742890_313680_6291_1-512.jpg"],[6,"1216742890_783740_6292_1-512.jpg"],[6,"1216742891_188592_6293_1-512.jpg"],[5,"1216742894_688472_6299_1-512.jpg"],[5,"1216742896_333472_6300_1-512.jpg"],[5,"1216742897_098495_6301_1-512.jpg"],[5,"1216742897_683462_6302_1-512.jpg"],[1,"1216743262_491692_7142_3-512.jpg"],[5,"1216743262_491692_7142_3-512.jpg"]],"material_ml":"painted","preds_construction":[[2,"1216742373_481343_4938_3-512.jpg"],[2,"1216742373_846361_4939_3-512.jpg"],[2,"1216742373_846361_4939_3-512.jpg"],[2,"1216742374_171355_4940_3-512.jpg"],[2,"1216742374_171355_4940_3-512.jpg"],[2,"1216742374_521419_4941_3-512.jpg"],[2,"1216742374_521419_4941_3-512.jpg"],[2,"1216742374_841301_4942_3-512.jpg"],[1,"1216742374_841301_4942_3-512.jpg"],[2,"1216742375_181369_4943_3-512.jpg"],[2,"1216742375_181369_4943_3-512.jpg"],[2,"1216742375_501269_4944_3-512.jpg"],[2,"1216742375_501269_4944_3-512.jpg"],[1,"1216742375_501269_4944_3-512.jpg"],[2,"1216742375_836328_4945_3-512.jpg"],[2,"1216742677_084765_5696_1-512.jpg"],[2,"1216742678_059788_5697_1-512.jpg"],[2,"1216742678_834713_5698_1-512.jpg"],[2,"1216742679_314776_5699_1-512.jpg"],[2,"1216742679_744816_5700_1-512.jpg"],[2,"1216742889_073349_6289_1-512.jpg"],[2,"1216742889_793650_6290_1-512.jpg"],[1,"1216742890_313680_6291_1-512.jpg"],[2,"1216742890_313680_6291_1-512.jpg"],[1,"1216742890_783740_6292_1-512.jpg"],[1,"1216742891_188592_6293_1-512.jpg"],[1,"1216742891_558553_6294_1-512.jpg"],[2,"1216742894_688472_6299_1-512.jpg"],[2,"1216742896_333472_6300_1-512.jpg"],[2,"1216742897_098495_6301_1-512.jpg"],[2,"1216742897_683462_6302_1-512.jpg"],[1,"1216743262_491692_7142_3-512.jpg"],[2,"1216743262_491692_7142_3-512.jpg"],[2,"1216743262_491692_7142_3-512.jpg"]],"construction_ml":"complete","preds_design":[[1,"1216742373_481343_4938_3-512.jpg"],[2,"1216742373_846361_4939_3-512.jpg"],[1,"1216742373_846361_4939_3-512.jpg"],[1,"1216742374_171355_4940_3-512.jpg"],[2,"1216742374_171355_4940_3-512.jpg"],[1,"1216742374_171355_4940_3-512.jpg"],[1,"1216742374_521419_4941_3-512.jpg"],[2,"1216742374_521419_4941_3-512.jpg"],[1,"1216742374_521419_4941_3-512.jpg"],[1,"1216742374_841301_4942_3-512.jpg"],[1,"1216742374_841301_4942_3-512.jpg"],[1,"1216742375_181369_4943_3-512.jpg"],[2,"1216742375_181369_4943_3-512.jpg"],[1,"1216742375_181369_4943_3-512.jpg"],[1,"1216742375_501269_4944_3-512.jpg"],[2,"1216742375_501269_4944_3-512.jpg"],[1,"1216742375_836328_4945_3-512.jpg"],[1,"1216742376_216321_4946_3-512.jpg"],[1,"1216742677_084765_5696_1-512.jpg"],[1,"1216742678_059788_5697_1-512.jpg"],[1,"1216742678_834713_5698_1-512.jpg"],[1,"1216742679_314776_5699_1-512.jpg"],[1,"1216742679_744816_5700_1-512.jpg"],[1,"1216742680_179791_5701_1-512.jpg"],[2,"1216742889_073349_6289_1-512.jpg"],[2,"1216742889_793650_6290_1-512.jpg"],[2,"1216742890_313680_6291_1-512.jpg"],[2,"1216742890_783740_6292_1-512.jpg"],[2,"1216742890_783740_6292_1-512.jpg"],[2,"1216742891_188592_6293_1-512.jpg"],[2,"1216742894_688472_6299_1-512.jpg"],[2,"1216742896_333472_6300_1-512.jpg"],[2,"1216742897_098495_6301_1-512.jpg"],[2,"1216742897_683462_6302_1-512.jpg"],[2,"1216743262_491692_7142_3-512.jpg"],[1,"1216743262_491692_7142_3-512.jpg"],[2,"1216743262_491692_7142_3-512.jpg"]],"design_ml":"undesigned","images":[]}
