{"MATERIAL":"corrugated metal","AVG_SLOPE":8.50690127079,"AVG_HEIGHT":3.30205839147,"TERAIN_SLP":16.6771359299,"AREA":65.1706942016,"VOLUME":215,"FLOORS":2,"INT_ZONE":"Borde Rural","FLOOD":2,"LANDSLIDE":"Amenaza Media","LEGAL_ID":"311","LEGAL_NAME":"EL MIRADOR","LEGAL_AREA":11.06,"LEGAL_LOTS":989,"LEGAL_POP":5340.6,"LEGAL_DENS":89.42,"LEGALIZING":null,"BLOCK_ID_":"002570056","BLOCK_POP":85,"BLOCK_BLD":28,"BLOCK_RISK":9.0817919,"BLOCK_EDU":0,"BLOCK_HLTH":11.342425,"BLOCK_TRAN":98.318123,"BLOCK_CULT":0,"BLOCK_PARK":4.153626,"BLOCK_SEC":100,"BLOCK_CENT":0,"BLOCK_DEF":14.2857142857,"BLD_INHAB":3,"OBJECTID":1,"AO_225":0.16,"id":1121,"preds_material":[[1,"1216742871_863379_6222_1-512.jpg"],[1,"1216742872_308325_6223_1-512.jpg"],[5,"1216742904_433644_6315_1-512.jpg"],[5,"1216742904_798674_6316_1-512.jpg"],[5,"1216742905_168553_6317_1-512.jpg"],[5,"1216742905_508643_6318_1-512.jpg"],[5,"1216742905_838533_6319_1-512.jpg"],[5,"1216742905_838533_6319_1-512.jpg"],[5,"1216742906_163288_6320_1-512.jpg"],[5,"1216742906_163288_6320_1-512.jpg"],[5,"1216742906_518527_6321_1-512.jpg"],[5,"1216742906_828398_6322_1-512.jpg"]],"material_ml":"painted","preds_construction":[[2,"1216742904_433644_6315_1-512.jpg"],[2,"1216742904_798674_6316_1-512.jpg"],[2,"1216742905_168553_6317_1-512.jpg"],[2,"1216742905_508643_6318_1-512.jpg"],[2,"1216742905_838533_6319_1-512.jpg"],[1,"1216742905_838533_6319_1-512.jpg"],[2,"1216742906_163288_6320_1-512.jpg"],[1,"1216742906_163288_6320_1-512.jpg"],[1,"1216742906_518527_6321_1-512.jpg"],[2,"1216742906_828398_6322_1-512.jpg"]],"construction_ml":"complete","preds_design":[[1,"1216742904_433644_6315_1-512.jpg"],[1,"1216742904_798674_6316_1-512.jpg"],[1,"1216742905_168553_6317_1-512.jpg"],[1,"1216742905_508643_6318_1-512.jpg"],[2,"1216742905_838533_6319_1-512.jpg"],[1,"1216742905_838533_6319_1-512.jpg"],[1,"1216742906_163288_6320_1-512.jpg"],[2,"1216742906_163288_6320_1-512.jpg"],[2,"1216742906_518527_6321_1-512.jpg"]],"design_ml":"undesigned","images":[]}
