{"MATERIAL":"corrugated metal/heavily patched","AVG_SLOPE":7.75032235532,"AVG_HEIGHT":6.1356503823,"TERAIN_SLP":12.9169064197,"AREA":73.0546813493,"VOLUME":448,"FLOORS":2,"INT_ZONE":"Borde Rural","FLOOD":1,"LANDSLIDE":"Amenaza Media","LEGAL_ID":"311","LEGAL_NAME":"EL MIRADOR","LEGAL_AREA":11.06,"LEGAL_LOTS":989,"LEGAL_POP":5340.6,"LEGAL_DENS":89.42,"LEGALIZING":null,"BLOCK_ID_":"002570056","BLOCK_POP":85,"BLOCK_BLD":28,"BLOCK_RISK":9.0817919,"BLOCK_EDU":0,"BLOCK_HLTH":11.342425,"BLOCK_TRAN":98.318123,"BLOCK_CULT":0,"BLOCK_PARK":4.153626,"BLOCK_SEC":100,"BLOCK_CENT":0,"BLOCK_DEF":14.2857142857,"BLD_INHAB":3,"OBJECTID":1,"AO_225":0.16,"id":1122,"preds_material":[[5,"1216742833_184001_6131_1-512.jpg"],[5,"1216742834_444197_6134_1-512.jpg"],[1,"1216742872_703285_6224_1-512.jpg"],[1,"1216742873_053170_6225_1-512.jpg"],[5,"1216742906_518527_6321_1-512.jpg"],[5,"1216742906_518527_6321_1-512.jpg"],[5,"1216742906_828398_6322_1-512.jpg"],[5,"1216742906_828398_6322_1-512.jpg"],[5,"1216742907_118394_6323_1-512.jpg"],[5,"1216742907_118394_6323_1-512.jpg"],[5,"1216742907_418530_6324_1-512.jpg"],[5,"1216742907_418530_6324_1-512.jpg"],[5,"1216742907_653583_6325_1-512.jpg"],[5,"1216742907_893573_6326_1-512.jpg"],[5,"1216742908_138526_6327_1-512.jpg"],[5,"1216742908_478455_6328_1-512.jpg"]],"material_ml":"painted","preds_construction":[[2,"1216742906_518527_6321_1-512.jpg"],[2,"1216742906_518527_6321_1-512.jpg"],[2,"1216742906_828398_6322_1-512.jpg"],[2,"1216742906_828398_6322_1-512.jpg"],[2,"1216742907_118394_6323_1-512.jpg"],[2,"1216742907_118394_6323_1-512.jpg"],[1,"1216742907_118394_6323_1-512.jpg"],[2,"1216742907_418530_6324_1-512.jpg"],[1,"1216742907_418530_6324_1-512.jpg"],[2,"1216742907_653583_6325_1-512.jpg"],[2,"1216742907_893573_6326_1-512.jpg"],[2,"1216742908_138526_6327_1-512.jpg"],[2,"1216742908_478455_6328_1-512.jpg"]],"construction_ml":"complete","preds_design":[[1,"1216742906_518527_6321_1-512.jpg"],[2,"1216742906_518527_6321_1-512.jpg"],[1,"1216742906_828398_6322_1-512.jpg"],[2,"1216742906_828398_6322_1-512.jpg"],[2,"1216742907_118394_6323_1-512.jpg"],[1,"1216742907_118394_6323_1-512.jpg"],[2,"1216742907_418530_6324_1-512.jpg"],[1,"1216742907_418530_6324_1-512.jpg"],[1,"1216742907_653583_6325_1-512.jpg"],[1,"1216742907_893573_6326_1-512.jpg"],[1,"1216742908_138526_6327_1-512.jpg"],[1,"1216742908_478455_6328_1-512.jpg"]],"design_ml":"undesigned","images":[]}
