{"MATERIAL":"corrugated metal","AVG_SLOPE":6.84957252621,"AVG_HEIGHT":7.03442174937,"TERAIN_SLP":6.69999448205,"AREA":54.4392150915,"VOLUME":383,"FLOORS":2,"INT_ZONE":"Borde Rural","FLOOD":2,"LANDSLIDE":"Amenaza Media","LEGAL_ID":"311","LEGAL_NAME":"EL MIRADOR","LEGAL_AREA":11.06,"LEGAL_LOTS":989,"LEGAL_POP":5340.6,"LEGAL_DENS":89.42,"LEGALIZING":null,"BLOCK_ID_":"002570059","BLOCK_POP":65,"BLOCK_BLD":17,"BLOCK_RISK":13.093702,"BLOCK_EDU":0,"BLOCK_HLTH":12.174642,"BLOCK_TRAN":98.8395,"BLOCK_CULT":0,"BLOCK_PARK":4.5010147,"BLOCK_SEC":100,"BLOCK_CENT":0,"BLOCK_DEF":41.1764705882,"BLD_INHAB":4,"OBJECTID":1,"AO_225":0.16,"id":1132,"preds_material":[[5,"1216742868_718575_6216_3-512.jpg"],[5,"1216742869_103744_6217_3-512.jpg"],[5,"1216742869_568750_6218_3-512.jpg"],[5,"1216742870_208723_6219_3-512.jpg"]],"material_ml":"painted","preds_construction":[[2,"1216742868_718575_6216_3-512.jpg"],[2,"1216742869_103744_6217_3-512.jpg"],[2,"1216742869_568750_6218_3-512.jpg"],[2,"1216742870_208723_6219_3-512.jpg"]],"construction_ml":"complete","preds_design":[[2,"1216742868_718575_6216_3-512.jpg"],[2,"1216742869_103744_6217_3-512.jpg"],[2,"1216742869_568750_6218_3-512.jpg"],[2,"1216742870_208723_6219_3-512.jpg"]],"design_ml":"designed","images":[]}
