{"MATERIAL":"corrugated metal","AVG_SLOPE":4.50269993755,"AVG_HEIGHT":5.99952653546,"TERAIN_SLP":6.64332296895,"AREA":76.9891716544,"VOLUME":462,"FLOORS":2,"INT_ZONE":"Borde Rural","FLOOD":2,"LANDSLIDE":"Amenaza Media","LEGAL_ID":"311","LEGAL_NAME":"EL MIRADOR","LEGAL_AREA":11.06,"LEGAL_LOTS":989,"LEGAL_POP":5340.6,"LEGAL_DENS":89.42,"LEGALIZING":null,"BLOCK_ID_":"002570059","BLOCK_POP":65,"BLOCK_BLD":17,"BLOCK_RISK":13.093702,"BLOCK_EDU":0,"BLOCK_HLTH":12.174642,"BLOCK_TRAN":98.8395,"BLOCK_CULT":0,"BLOCK_PARK":4.5010147,"BLOCK_SEC":100,"BLOCK_CENT":0,"BLOCK_DEF":41.1764705882,"BLD_INHAB":4,"OBJECTID":1,"AO_225":0.16,"id":1134,"preds_material":[[5,"1216742861_553284_6192_3-512.jpg"],[3,"1216742862_183354_6193_3-512.jpg"],[3,"1216742862_673225_6194_3-512.jpg"],[3,"1216742863_098167_6195_3-512.jpg"],[3,"1216742863_448234_6196_3-512.jpg"],[3,"1216742863_763311_6197_3-512.jpg"],[3,"1216742864_048260_6198_3-512.jpg"],[3,"1216742864_318405_6199_3-512.jpg"],[3,"1216742864_568717_6200_3-512.jpg"],[3,"1216742864_813703_6201_3-512.jpg"],[3,"1216742865_053739_6202_3-512.jpg"],[3,"1216742865_233759_6203_3-512.jpg"],[3,"1216742865_458793_6204_3-512.jpg"],[3,"1216742865_678889_6205_3-512.jpg"],[3,"1216742865_898887_6206_3-512.jpg"],[3,"1216742866_118899_6207_3-512.jpg"],[3,"1216742866_338938_6208_3-512.jpg"],[3,"1216742866_603741_6209_3-512.jpg"]],"material_ml":"tin","preds_construction":[[1,"1216742858_468198_6189_3-512.jpg"],[2,"1216742861_553284_6192_3-512.jpg"],[2,"1216742861_553284_6192_3-512.jpg"],[1,"1216742862_183354_6193_3-512.jpg"],[1,"1216742862_673225_6194_3-512.jpg"],[1,"1216742863_098167_6195_3-512.jpg"],[1,"1216742863_448234_6196_3-512.jpg"],[1,"1216742863_763311_6197_3-512.jpg"],[1,"1216742864_048260_6198_3-512.jpg"],[1,"1216742864_048260_6198_3-512.jpg"],[1,"1216742864_048260_6198_3-512.jpg"],[1,"1216742864_318405_6199_3-512.jpg"],[1,"1216742864_568717_6200_3-512.jpg"],[1,"1216742864_813703_6201_3-512.jpg"],[1,"1216742865_053739_6202_3-512.jpg"],[1,"1216742865_233759_6203_3-512.jpg"],[1,"1216742865_458793_6204_3-512.jpg"],[1,"1216742865_458793_6204_3-512.jpg"],[1,"1216742865_678889_6205_3-512.jpg"],[1,"1216742865_898887_6206_3-512.jpg"],[1,"1216742866_118899_6207_3-512.jpg"],[1,"1216742866_338938_6208_3-512.jpg"],[1,"1216742866_603741_6209_3-512.jpg"]],"construction_ml":"incomplete","preds_design":[[1,"1216742861_553284_6192_3-512.jpg"],[1,"1216742861_553284_6192_3-512.jpg"],[1,"1216742862_183354_6193_3-512.jpg"],[1,"1216742862_673225_6194_3-512.jpg"],[1,"1216742863_098167_6195_3-512.jpg"],[1,"1216742863_448234_6196_3-512.jpg"],[1,"1216742863_763311_6197_3-512.jpg"],[1,"1216742864_048260_6198_3-512.jpg"],[1,"1216742864_318405_6199_3-512.jpg"],[1,"1216742864_568717_6200_3-512.jpg"],[1,"1216742864_813703_6201_3-512.jpg"],[1,"1216742865_053739_6202_3-512.jpg"],[1,"1216742865_233759_6203_3-512.jpg"],[1,"1216742865_458793_6204_3-512.jpg"],[1,"1216742865_678889_6205_3-512.jpg"],[1,"1216742865_898887_6206_3-512.jpg"],[1,"1216742866_118899_6207_3-512.jpg"],[1,"1216742866_338938_6208_3-512.jpg"],[1,"1216742866_603741_6209_3-512.jpg"]],"design_ml":"undesigned","images":[]}
