{"MATERIAL":"corrugated metal","AVG_SLOPE":3.8019011242,"AVG_HEIGHT":7.65528735765,"TERAIN_SLP":2.5992134781,"AREA":61.6131317383,"VOLUME":472,"FLOORS":2,"INT_ZONE":"Borde Rural","FLOOD":1,"LANDSLIDE":"Amenaza Media","LEGAL_ID":"311","LEGAL_NAME":"EL MIRADOR","LEGAL_AREA":11.06,"LEGAL_LOTS":989,"LEGAL_POP":5340.6,"LEGAL_DENS":89.42,"LEGALIZING":null,"BLOCK_ID_":"002570054","BLOCK_POP":62,"BLOCK_BLD":18,"BLOCK_RISK":15.465443,"BLOCK_EDU":0,"BLOCK_HLTH":10.402646,"BLOCK_TRAN":90.290314,"BLOCK_CULT":0,"BLOCK_PARK":3.6853371,"BLOCK_SEC":36.354004,"BLOCK_CENT":0,"BLOCK_DEF":33.3333333333,"BLD_INHAB":3,"OBJECTID":1,"AO_225":0.16,"id":1160,"preds_material":[[5,"1216742829_528935_6126_3-512.jpg"],[5,"1216742830_273957_6127_3-512.jpg"],[1,"1216742923_283519_6370_1-512.jpg"]],"material_ml":"painted","preds_construction":[[2,"1216742829_528935_6126_3-512.jpg"],[2,"1216742830_273957_6127_3-512.jpg"],[2,"1216742923_283519_6370_1-512.jpg"]],"construction_ml":"complete","preds_design":[[1,"1216742824_654225_6111_3-512.jpg"],[2,"1216742829_528935_6126_3-512.jpg"],[2,"1216742830_273957_6127_3-512.jpg"],[2,"1216742923_283519_6370_1-512.jpg"]],"design_ml":"designed","images":[]}
