{"MATERIAL":"corrugated metal","AVG_SLOPE":6.24184697181,"AVG_HEIGHT":3.14023623732,"TERAIN_SLP":3.1652458812,"AREA":47.4214102209,"VOLUME":149,"FLOORS":2,"INT_ZONE":"Borde Rural","FLOOD":1,"LANDSLIDE":"Amenaza Media","LEGAL_ID":"311","LEGAL_NAME":"EL MIRADOR","LEGAL_AREA":11.06,"LEGAL_LOTS":989,"LEGAL_POP":5340.6,"LEGAL_DENS":89.42,"LEGALIZING":null,"BLOCK_ID_":"002570054","BLOCK_POP":62,"BLOCK_BLD":18,"BLOCK_RISK":15.465443,"BLOCK_EDU":0,"BLOCK_HLTH":10.402646,"BLOCK_TRAN":90.290314,"BLOCK_CULT":0,"BLOCK_PARK":3.6853371,"BLOCK_SEC":36.354004,"BLOCK_CENT":0,"BLOCK_DEF":33.3333333333,"BLD_INHAB":3,"OBJECTID":1,"AO_225":0.16,"id":1161,"preds_material":[[5,"1216742827_129155_6121_3-512.jpg"],[5,"1216742827_409065_6122_3-512.jpg"],[5,"1216742827_409065_6122_3-512.jpg"],[5,"1216742827_738993_6123_3-512.jpg"],[5,"1216742827_738993_6123_3-512.jpg"],[5,"1216742828_164020_6124_3-512.jpg"],[5,"1216742828_164020_6124_3-512.jpg"],[5,"1216742828_164020_6124_3-512.jpg"],[5,"1216742828_808940_6125_3-512.jpg"],[5,"1216742828_808940_6125_3-512.jpg"],[5,"1216742829_528935_6126_3-512.jpg"],[5,"1216742914_313226_6341_3-512.jpg"],[5,"1216742915_088452_6344_3-512.jpg"],[1,"1216742915_748475_6347_3-512.jpg"],[2,"1216742923_758479_6371_1-512.jpg"],[2,"1216742924_233438_6372_1-512.jpg"],[2,"1216742924_668336_6373_1-512.jpg"],[2,"1216742925_063249_6374_1-512.jpg"],[2,"1216742925_428356_6375_1-512.jpg"],[5,"1216742925_788351_6376_1-512.jpg"],[2,"1216742925_788351_6376_1-512.jpg"],[5,"1216742926_148311_6377_1-512.jpg"]],"material_ml":"painted","preds_construction":[[2,"1216742827_409065_6122_3-512.jpg"],[2,"1216742827_738993_6123_3-512.jpg"],[2,"1216742827_738993_6123_3-512.jpg"],[2,"1216742828_164020_6124_3-512.jpg"],[2,"1216742828_164020_6124_3-512.jpg"],[2,"1216742828_164020_6124_3-512.jpg"],[2,"1216742828_808940_6125_3-512.jpg"],[2,"1216742923_758479_6371_1-512.jpg"],[2,"1216742924_233438_6372_1-512.jpg"],[2,"1216742924_668336_6373_1-512.jpg"],[2,"1216742925_063249_6374_1-512.jpg"],[2,"1216742925_428356_6375_1-512.jpg"],[2,"1216742925_788351_6376_1-512.jpg"],[2,"1216742926_148311_6377_1-512.jpg"]],"construction_ml":"complete","preds_design":[[1,"1216742827_409065_6122_3-512.jpg"],[1,"1216742827_738993_6123_3-512.jpg"],[2,"1216742827_738993_6123_3-512.jpg"],[1,"1216742828_164020_6124_3-512.jpg"],[2,"1216742828_164020_6124_3-512.jpg"],[2,"1216742828_808940_6125_3-512.jpg"],[2,"1216742923_758479_6371_1-512.jpg"],[2,"1216742924_233438_6372_1-512.jpg"],[2,"1216742924_668336_6373_1-512.jpg"],[2,"1216742925_063249_6374_1-512.jpg"],[2,"1216742925_428356_6375_1-512.jpg"],[2,"1216742925_788351_6376_1-512.jpg"],[2,"1216742926_148311_6377_1-512.jpg"]],"design_ml":"designed","images":[]}
