{"MATERIAL":"concrete","AVG_SLOPE":4.52351556862,"AVG_HEIGHT":5.626670873,"TERAIN_SLP":3.76734159948,"AREA":78.2979711474,"VOLUME":441,"FLOORS":2,"INT_ZONE":"Borde Rural","FLOOD":2,"LANDSLIDE":"Amenaza Media","LEGAL_ID":"311","LEGAL_NAME":"EL MIRADOR","LEGAL_AREA":11.06,"LEGAL_LOTS":989,"LEGAL_POP":5340.6,"LEGAL_DENS":89.42,"LEGALIZING":null,"BLOCK_ID_":"002570054","BLOCK_POP":62,"BLOCK_BLD":18,"BLOCK_RISK":15.465443,"BLOCK_EDU":0,"BLOCK_HLTH":10.402646,"BLOCK_TRAN":90.290314,"BLOCK_CULT":0,"BLOCK_PARK":3.6853371,"BLOCK_SEC":36.354004,"BLOCK_CENT":0,"BLOCK_DEF":33.3333333333,"BLD_INHAB":3,"OBJECTID":1,"AO_225":0.16,"id":1170,"preds_material":[[5,"1216742831_923802_6129_3-512.jpg"],[5,"1216742832_633875_6130_3-512.jpg"],[1,"1216742917_253517_6355_1-512.jpg"],[1,"1216742917_433506_6356_1-512.jpg"],[1,"1216742917_618565_6357_1-512.jpg"],[1,"1216742917_768685_6358_1-512.jpg"],[1,"1216742917_978644_6359_1-512.jpg"],[5,"1216742917_978644_6359_1-512.jpg"],[1,"1216742918_198516_6360_1-512.jpg"],[5,"1216742918_198516_6360_1-512.jpg"],[1,"1216742918_443514_6361_1-512.jpg"],[5,"1216742918_443514_6361_1-512.jpg"],[5,"1216742918_443514_6361_3-512.jpg"],[5,"1216742918_443514_6361_3-512.jpg"],[1,"1216742918_443514_6361_3-512.jpg"],[1,"1216742918_723515_6362_1-512.jpg"],[5,"1216742918_723515_6362_1-512.jpg"],[5,"1216742918_723515_6362_3-512.jpg"],[5,"1216742918_723515_6362_3-512.jpg"],[1,"1216742918_723515_6362_3-512.jpg"],[1,"1216742919_068520_6363_1-512.jpg"],[5,"1216742919_068520_6363_1-512.jpg"],[5,"1216742919_068520_6363_3-512.jpg"],[5,"1216742919_068520_6363_3-512.jpg"],[1,"1216742919_573438_6364_1-512.jpg"],[5,"1216742919_573438_6364_1-512.jpg"],[5,"1216742919_573438_6364_3-512.jpg"],[5,"1216742919_573438_6364_3-512.jpg"],[1,"1216742920_173454_6365_1-512.jpg"],[5,"1216742920_173454_6365_3-512.jpg"],[5,"1216742920_173454_6365_3-512.jpg"],[1,"1216742920_813314_6366_1-512.jpg"],[5,"1216742920_813314_6366_3-512.jpg"],[1,"1216742921_388389_6367_1-512.jpg"],[5,"1216742921_388389_6367_3-512.jpg"],[1,"1216742922_058366_6368_1-512.jpg"],[1,"1216742922_783840_6369_1-512.jpg"],[5,"1216742929_358271_6386_3-512.jpg"]],"material_ml":"painted","preds_construction":[[2,"1216742831_118943_6128_3-512.jpg"],[2,"1216742831_923802_6129_3-512.jpg"],[2,"1216742832_633875_6130_3-512.jpg"],[2,"1216742917_068423_6354_1-512.jpg"],[2,"1216742917_253517_6355_1-512.jpg"],[2,"1216742917_433506_6356_1-512.jpg"],[2,"1216742917_618565_6357_1-512.jpg"],[2,"1216742917_768685_6358_1-512.jpg"],[2,"1216742917_978644_6359_1-512.jpg"],[2,"1216742917_978644_6359_1-512.jpg"],[2,"1216742918_198516_6360_1-512.jpg"],[2,"1216742918_198516_6360_1-512.jpg"],[2,"1216742918_443514_6361_1-512.jpg"],[2,"1216742918_443514_6361_1-512.jpg"],[2,"1216742918_443514_6361_3-512.jpg"],[1,"1216742918_443514_6361_3-512.jpg"],[2,"1216742918_443514_6361_3-512.jpg"],[2,"1216742918_723515_6362_1-512.jpg"],[2,"1216742918_723515_6362_1-512.jpg"],[2,"1216742918_723515_6362_3-512.jpg"],[2,"1216742918_723515_6362_3-512.jpg"],[1,"1216742918_723515_6362_3-512.jpg"],[2,"1216742919_068520_6363_1-512.jpg"],[2,"1216742919_068520_6363_1-512.jpg"],[2,"1216742919_068520_6363_3-512.jpg"],[2,"1216742919_068520_6363_3-512.jpg"],[2,"1216742919_573438_6364_1-512.jpg"],[2,"1216742919_573438_6364_1-512.jpg"],[2,"1216742919_573438_6364_3-512.jpg"],[2,"1216742919_573438_6364_3-512.jpg"],[2,"1216742920_173454_6365_1-512.jpg"],[2,"1216742920_173454_6365_3-512.jpg"],[2,"1216742920_173454_6365_3-512.jpg"],[2,"1216742920_813314_6366_1-512.jpg"],[2,"1216742920_813314_6366_3-512.jpg"],[2,"1216742921_388389_6367_1-512.jpg"],[2,"1216742921_388389_6367_3-512.jpg"],[2,"1216742922_058366_6368_1-512.jpg"],[2,"1216742922_783840_6369_1-512.jpg"]],"construction_ml":"complete","preds_design":[[2,"1216742831_923802_6129_3-512.jpg"],[2,"1216742832_633875_6130_3-512.jpg"],[2,"1216742914_313226_6341_3-512.jpg"],[2,"1216742917_068423_6354_1-512.jpg"],[2,"1216742917_253517_6355_1-512.jpg"],[2,"1216742917_433506_6356_1-512.jpg"],[2,"1216742917_618565_6357_1-512.jpg"],[2,"1216742917_768685_6358_1-512.jpg"],[2,"1216742917_978644_6359_1-512.jpg"],[1,"1216742917_978644_6359_1-512.jpg"],[2,"1216742918_198516_6360_1-512.jpg"],[1,"1216742918_198516_6360_1-512.jpg"],[2,"1216742918_443514_6361_1-512.jpg"],[1,"1216742918_443514_6361_1-512.jpg"],[2,"1216742918_443514_6361_3-512.jpg"],[2,"1216742918_443514_6361_3-512.jpg"],[1,"1216742918_443514_6361_3-512.jpg"],[2,"1216742918_723515_6362_1-512.jpg"],[1,"1216742918_723515_6362_1-512.jpg"],[2,"1216742918_723515_6362_3-512.jpg"],[1,"1216742918_723515_6362_3-512.jpg"],[2,"1216742918_723515_6362_3-512.jpg"],[2,"1216742919_068520_6363_1-512.jpg"],[1,"1216742919_068520_6363_1-512.jpg"],[2,"1216742919_068520_6363_3-512.jpg"],[1,"1216742919_068520_6363_3-512.jpg"],[2,"1216742919_573438_6364_1-512.jpg"],[1,"1216742919_573438_6364_1-512.jpg"],[2,"1216742919_573438_6364_3-512.jpg"],[1,"1216742919_573438_6364_3-512.jpg"],[2,"1216742920_173454_6365_1-512.jpg"],[1,"1216742920_173454_6365_3-512.jpg"],[2,"1216742920_173454_6365_3-512.jpg"],[2,"1216742920_813314_6366_1-512.jpg"],[1,"1216742920_813314_6366_3-512.jpg"],[2,"1216742921_388389_6367_1-512.jpg"],[2,"1216742921_388389_6367_3-512.jpg"],[2,"1216742922_058366_6368_1-512.jpg"],[2,"1216742922_783840_6369_1-512.jpg"]],"design_ml":"designed","images":[]}
