{"MATERIAL":"corrugated metal/heavily patched","AVG_SLOPE":2.39609147783,"AVG_HEIGHT":7.75941769605,"TERAIN_SLP":3.14312601323,"AREA":64.002569051,"VOLUME":497,"FLOORS":2,"INT_ZONE":"Borde Rural","FLOOD":2,"LANDSLIDE":"Amenaza Media","LEGAL_ID":"311","LEGAL_NAME":"EL MIRADOR","LEGAL_AREA":11.06,"LEGAL_LOTS":989,"LEGAL_POP":5340.6,"LEGAL_DENS":89.42,"LEGALIZING":null,"BLOCK_ID_":"002570049","BLOCK_POP":59,"BLOCK_BLD":14,"BLOCK_RISK":16.507238,"BLOCK_EDU":0,"BLOCK_HLTH":11.177566,"BLOCK_TRAN":92.615875,"BLOCK_CULT":0,"BLOCK_PARK":3.782552,"BLOCK_SEC":100,"BLOCK_CENT":0,"BLOCK_DEF":42.8571428571,"BLD_INHAB":4,"OBJECTID":1,"AO_225":0.16,"id":1184,"preds_material":[[2,"1216742927_558264_6381_1-512.jpg"],[1,"1216742927_558264_6381_1-512.jpg"],[1,"1216742927_943406_6382_1-512.jpg"]],"material_ml":"brick","preds_construction":[[2,"1216742927_558264_6381_1-512.jpg"],[2,"1216742927_943406_6382_1-512.jpg"]],"construction_ml":"complete","preds_design":[[2,"1216742927_558264_6381_1-512.jpg"],[2,"1216742927_943406_6382_1-512.jpg"]],"design_ml":"designed","images":[]}
