{"MATERIAL":"concrete","AVG_SLOPE":5.96320554845,"AVG_HEIGHT":3.88763015706,"TERAIN_SLP":3.15523724813,"AREA":75.0917753194,"VOLUME":292,"FLOORS":2,"INT_ZONE":"Borde Rural","FLOOD":3,"LANDSLIDE":"Amenaza Media","LEGAL_ID":"311","LEGAL_NAME":"EL MIRADOR","LEGAL_AREA":11.06,"LEGAL_LOTS":989,"LEGAL_POP":5340.6,"LEGAL_DENS":89.42,"LEGALIZING":null,"BLOCK_ID_":"002570053","BLOCK_POP":92,"BLOCK_BLD":27,"BLOCK_RISK":14.377655,"BLOCK_EDU":0,"BLOCK_HLTH":11.801342,"BLOCK_TRAN":98.817474,"BLOCK_CULT":0,"BLOCK_PARK":3.9054344,"BLOCK_SEC":100,"BLOCK_CENT":0,"BLOCK_DEF":25.9259259259,"BLD_INHAB":3,"OBJECTID":1,"AO_225":0.16,"id":1188,"preds_material":[[5,"1216742830_273957_6127_1-512.jpg"],[5,"1216742831_118943_6128_1-512.jpg"],[5,"1216742831_923802_6129_1-512.jpg"],[5,"1216742832_633875_6130_1-512.jpg"],[5,"1216742911_603540_6335_3-512.jpg"],[5,"1216742912_128139_6336_3-512.jpg"],[5,"1216742912_623192_6337_3-512.jpg"],[5,"1216742913_593230_6339_3-512.jpg"],[5,"1216742913_988491_6340_3-512.jpg"],[5,"1216742914_313226_6341_3-512.jpg"],[5,"1216742914_598313_6342_3-512.jpg"],[5,"1216742915_088452_6344_3-512.jpg"],[5,"1216742915_088452_6344_3-512.jpg"],[5,"1216742915_313519_6345_3-512.jpg"],[5,"1216742915_313519_6345_3-512.jpg"],[5,"1216742915_538482_6346_3-512.jpg"],[5,"1216742915_748475_6347_3-512.jpg"],[5,"1216742915_748475_6347_3-512.jpg"],[5,"1216742915_948572_6348_3-512.jpg"],[5,"1216742915_948572_6348_3-512.jpg"],[5,"1216742916_148508_6349_3-512.jpg"],[5,"1216742916_148508_6349_3-512.jpg"],[5,"1216742916_343365_6350_3-512.jpg"],[5,"1216742916_343365_6350_3-512.jpg"],[5,"1216742916_528391_6351_3-512.jpg"],[5,"1216742916_528391_6351_3-512.jpg"],[5,"1216742916_708472_6352_3-512.jpg"],[5,"1216742916_708472_6352_3-512.jpg"],[1,"1216742916_708472_6352_3-512.jpg"],[5,"1216742916_888431_6353_3-512.jpg"],[1,"1216742916_888431_6353_3-512.jpg"],[5,"1216742916_888431_6353_3-512.jpg"],[5,"1216742917_068423_6354_3-512.jpg"],[1,"1216742917_068423_6354_3-512.jpg"],[5,"1216742917_068423_6354_3-512.jpg"],[5,"1216742917_068423_6354_3-512.jpg"],[5,"1216742917_253517_6355_3-512.jpg"],[1,"1216742917_253517_6355_3-512.jpg"],[5,"1216742917_253517_6355_3-512.jpg"],[5,"1216742917_433506_6356_3-512.jpg"],[1,"1216742917_433506_6356_3-512.jpg"],[5,"1216742917_433506_6356_3-512.jpg"],[5,"1216742917_618565_6357_3-512.jpg"],[5,"1216742917_618565_6357_3-512.jpg"],[1,"1216742917_618565_6357_3-512.jpg"],[5,"1216742917_618565_6357_3-512.jpg"],[5,"1216742917_768685_6358_3-512.jpg"],[1,"1216742917_768685_6358_3-512.jpg"],[5,"1216742917_768685_6358_3-512.jpg"],[5,"1216742917_978644_6359_3-512.jpg"],[1,"1216742917_978644_6359_3-512.jpg"],[5,"1216742917_978644_6359_3-512.jpg"],[5,"1216742918_198516_6360_3-512.jpg"],[1,"1216742918_198516_6360_3-512.jpg"],[5,"1216742922_058366_6368_3-512.jpg"]],"material_ml":"painted","preds_construction":[[2,"1216742830_273957_6127_1-512.jpg"],[2,"1216742831_118943_6128_1-512.jpg"],[2,"1216742831_923802_6129_1-512.jpg"],[2,"1216742832_633875_6130_1-512.jpg"],[2,"1216742911_603540_6335_3-512.jpg"],[2,"1216742912_128139_6336_3-512.jpg"],[2,"1216742912_623192_6337_3-512.jpg"],[1,"1216742913_988491_6340_3-512.jpg"],[2,"1216742914_598313_6342_3-512.jpg"],[2,"1216742914_848521_6343_3-512.jpg"],[1,"1216742915_088452_6344_3-512.jpg"],[2,"1216742915_088452_6344_3-512.jpg"],[1,"1216742915_313519_6345_3-512.jpg"],[2,"1216742915_313519_6345_3-512.jpg"],[1,"1216742915_538482_6346_3-512.jpg"],[1,"1216742915_748475_6347_3-512.jpg"],[1,"1216742915_748475_6347_3-512.jpg"],[2,"1216742915_748475_6347_3-512.jpg"],[1,"1216742915_948572_6348_3-512.jpg"],[1,"1216742915_948572_6348_3-512.jpg"],[1,"1216742916_148508_6349_3-512.jpg"],[1,"1216742916_148508_6349_3-512.jpg"],[1,"1216742916_343365_6350_3-512.jpg"],[1,"1216742916_343365_6350_3-512.jpg"],[1,"1216742916_528391_6351_3-512.jpg"],[1,"1216742916_528391_6351_3-512.jpg"],[1,"1216742916_708472_6352_3-512.jpg"],[1,"1216742916_708472_6352_3-512.jpg"],[1,"1216742916_708472_6352_3-512.jpg"],[1,"1216742916_888431_6353_3-512.jpg"],[1,"1216742916_888431_6353_3-512.jpg"],[2,"1216742916_888431_6353_3-512.jpg"],[1,"1216742917_068423_6354_3-512.jpg"],[1,"1216742917_068423_6354_3-512.jpg"],[1,"1216742917_253517_6355_3-512.jpg"],[1,"1216742917_253517_6355_3-512.jpg"],[1,"1216742917_433506_6356_3-512.jpg"],[1,"1216742917_433506_6356_3-512.jpg"],[1,"1216742917_618565_6357_3-512.jpg"],[2,"1216742917_618565_6357_3-512.jpg"],[1,"1216742917_618565_6357_3-512.jpg"],[1,"1216742917_768685_6358_3-512.jpg"],[2,"1216742917_768685_6358_3-512.jpg"],[1,"1216742917_768685_6358_3-512.jpg"],[2,"1216742917_978644_6359_3-512.jpg"],[1,"1216742917_978644_6359_3-512.jpg"],[2,"1216742918_198516_6360_3-512.jpg"],[1,"1216742918_198516_6360_3-512.jpg"],[2,"1216742922_058366_6368_3-512.jpg"],[2,"1216742922_783840_6369_3-512.jpg"],[2,"1216742923_283519_6370_3-512.jpg"]],"construction_ml":"incomplete","preds_design":[[2,"1216742830_273957_6127_1-512.jpg"],[2,"1216742831_118943_6128_1-512.jpg"],[2,"1216742831_923802_6129_1-512.jpg"],[2,"1216742832_633875_6130_1-512.jpg"],[2,"1216742911_603540_6335_3-512.jpg"],[2,"1216742912_128139_6336_3-512.jpg"],[1,"1216742912_128139_6336_3-512.jpg"],[2,"1216742912_623192_6337_3-512.jpg"],[2,"1216742913_988491_6340_3-512.jpg"],[2,"1216742914_313226_6341_3-512.jpg"],[2,"1216742914_598313_6342_3-512.jpg"],[2,"1216742915_088452_6344_3-512.jpg"],[2,"1216742915_313519_6345_3-512.jpg"],[2,"1216742915_313519_6345_3-512.jpg"],[2,"1216742915_538482_6346_3-512.jpg"],[2,"1216742915_748475_6347_3-512.jpg"],[2,"1216742915_748475_6347_3-512.jpg"],[2,"1216742915_748475_6347_3-512.jpg"],[2,"1216742915_948572_6348_3-512.jpg"],[2,"1216742915_948572_6348_3-512.jpg"],[2,"1216742916_148508_6349_3-512.jpg"],[2,"1216742916_148508_6349_3-512.jpg"],[2,"1216742916_343365_6350_3-512.jpg"],[2,"1216742916_343365_6350_3-512.jpg"],[2,"1216742916_528391_6351_3-512.jpg"],[2,"1216742916_528391_6351_3-512.jpg"],[2,"1216742916_708472_6352_3-512.jpg"],[2,"1216742916_708472_6352_3-512.jpg"],[2,"1216742916_708472_6352_3-512.jpg"],[2,"1216742916_888431_6353_3-512.jpg"],[2,"1216742916_888431_6353_3-512.jpg"],[2,"1216742916_888431_6353_3-512.jpg"],[2,"1216742917_068423_6354_3-512.jpg"],[2,"1216742917_068423_6354_3-512.jpg"],[2,"1216742917_253517_6355_3-512.jpg"],[2,"1216742917_253517_6355_3-512.jpg"],[2,"1216742917_433506_6356_3-512.jpg"],[2,"1216742917_433506_6356_3-512.jpg"],[2,"1216742917_618565_6357_3-512.jpg"],[2,"1216742917_618565_6357_3-512.jpg"],[2,"1216742917_618565_6357_3-512.jpg"],[2,"1216742917_768685_6358_3-512.jpg"],[2,"1216742917_768685_6358_3-512.jpg"],[2,"1216742917_768685_6358_3-512.jpg"],[2,"1216742917_978644_6359_3-512.jpg"],[2,"1216742917_978644_6359_3-512.jpg"],[2,"1216742917_978644_6359_3-512.jpg"],[2,"1216742918_198516_6360_3-512.jpg"],[2,"1216742918_198516_6360_3-512.jpg"]],"design_ml":"designed","images":[]}
