{"MATERIAL":"corrugated metal - dark","AVG_SLOPE":9.74090233367,"AVG_HEIGHT":2.32849084799,"TERAIN_SLP":2.48135795488,"AREA":59.8043630656,"VOLUME":139,"FLOORS":1,"INT_ZONE":"Borde Rural","FLOOD":2,"LANDSLIDE":"Amenaza Media","LEGAL_ID":"311","LEGAL_NAME":"EL MIRADOR","LEGAL_AREA":11.06,"LEGAL_LOTS":989,"LEGAL_POP":5340.6,"LEGAL_DENS":89.42,"LEGALIZING":null,"BLOCK_ID_":"002570053","BLOCK_POP":92,"BLOCK_BLD":27,"BLOCK_RISK":14.377655,"BLOCK_EDU":0,"BLOCK_HLTH":11.801342,"BLOCK_TRAN":98.817474,"BLOCK_CULT":0,"BLOCK_PARK":3.9054344,"BLOCK_SEC":100,"BLOCK_CENT":0,"BLOCK_DEF":25.9259259259,"BLD_INHAB":3,"OBJECTID":1,"AO_225":0.16,"id":1191,"preds_material":[[5,"1216742907_893573_6326_3-512.jpg"],[6,"1216742907_893573_6326_3-512.jpg"],[5,"1216742908_138526_6327_3-512.jpg"],[6,"1216742908_138526_6327_3-512.jpg"],[5,"1216742908_138526_6327_3-512.jpg"],[5,"1216742908_478455_6328_3-512.jpg"],[6,"1216742908_478455_6328_3-512.jpg"],[5,"1216742908_478455_6328_3-512.jpg"],[5,"1216742908_908535_6329_3-512.jpg"],[6,"1216742908_908535_6329_3-512.jpg"],[2,"1216742908_908535_6329_3-512.jpg"],[5,"1216742908_908535_6329_3-512.jpg"],[2,"1216742909_328443_6330_3-512.jpg"],[5,"1216742909_328443_6330_3-512.jpg"],[6,"1216742909_328443_6330_3-512.jpg"]],"material_ml":"painted","preds_construction":[[2,"1216742907_893573_6326_3-512.jpg"],[2,"1216742908_138526_6327_3-512.jpg"],[2,"1216742908_138526_6327_3-512.jpg"],[2,"1216742908_478455_6328_3-512.jpg"],[2,"1216742908_478455_6328_3-512.jpg"],[2,"1216742908_908535_6329_3-512.jpg"],[2,"1216742908_908535_6329_3-512.jpg"],[2,"1216742909_328443_6330_3-512.jpg"]],"construction_ml":"complete","preds_design":[[1,"1216742907_893573_6326_3-512.jpg"],[1,"1216742908_138526_6327_3-512.jpg"],[2,"1216742908_478455_6328_3-512.jpg"],[1,"1216742908_478455_6328_3-512.jpg"],[2,"1216742908_908535_6329_3-512.jpg"],[1,"1216742908_908535_6329_3-512.jpg"],[1,"1216742909_328443_6330_3-512.jpg"]],"design_ml":"undesigned","images":[]}
