{"MATERIAL":"corrugated metal - dark","AVG_SLOPE":7.57904183876,"AVG_HEIGHT":4.42388861148,"TERAIN_SLP":13.8732030594,"AREA":66.8364766477,"VOLUME":296,"FLOORS":2,"INT_ZONE":"Borde Rural","FLOOD":2,"LANDSLIDE":"Amenaza Media","LEGAL_ID":"311","LEGAL_NAME":"EL MIRADOR","LEGAL_AREA":11.06,"LEGAL_LOTS":989,"LEGAL_POP":5340.6,"LEGAL_DENS":89.42,"LEGALIZING":null,"BLOCK_ID_":"002570053","BLOCK_POP":92,"BLOCK_BLD":27,"BLOCK_RISK":14.377655,"BLOCK_EDU":0,"BLOCK_HLTH":11.801342,"BLOCK_TRAN":98.817474,"BLOCK_CULT":0,"BLOCK_PARK":3.9054344,"BLOCK_SEC":100,"BLOCK_CENT":0,"BLOCK_DEF":25.9259259259,"BLD_INHAB":3,"OBJECTID":1,"AO_225":0.16,"id":1193,"preds_material":[[5,"1216742369_811319_4933_3-512.jpg"],[3,"1216742687_469606_5724_1-512.jpg"],[3,"1216742687_724479_5725_1-512.jpg"],[5,"1216742898_718557_6304_3-512.jpg"],[1,"1216742898_718557_6304_3-512.jpg"],[5,"1216742899_163371_6305_3-512.jpg"],[5,"1216742899_163371_6305_3-512.jpg"],[1,"1216742899_163371_6305_3-512.jpg"],[5,"1216742899_163371_6305_3-512.jpg"],[5,"1216742899_698577_6306_3-512.jpg"],[1,"1216742899_698577_6306_3-512.jpg"]],"material_ml":"painted","preds_construction":[[2,"1216742369_811319_4933_3-512.jpg"],[1,"1216742687_469606_5724_1-512.jpg"],[1,"1216742687_724479_5725_1-512.jpg"],[2,"1216742898_203619_6303_3-512.jpg"],[2,"1216742898_718557_6304_3-512.jpg"],[2,"1216742899_163371_6305_3-512.jpg"],[2,"1216742899_163371_6305_3-512.jpg"],[2,"1216742899_698577_6306_3-512.jpg"]],"construction_ml":"complete","preds_design":[[2,"1216742369_811319_4933_3-512.jpg"],[1,"1216742687_469606_5724_1-512.jpg"],[1,"1216742687_724479_5725_1-512.jpg"],[2,"1216742898_203619_6303_3-512.jpg"],[2,"1216742898_718557_6304_3-512.jpg"],[2,"1216742898_718557_6304_3-512.jpg"],[2,"1216742899_163371_6305_3-512.jpg"],[2,"1216742899_163371_6305_3-512.jpg"],[2,"1216742899_698577_6306_3-512.jpg"]],"design_ml":"designed","images":[]}
