{"MATERIAL":"corrugated metal/heavily patched","AVG_SLOPE":5.30292333894,"AVG_HEIGHT":2.46510403441,"TERAIN_SLP":3.28404884444,"AREA":71.072888511,"VOLUME":175,"FLOORS":1,"INT_ZONE":"Borde Rural","FLOOD":1,"LANDSLIDE":"Amenaza Media","LEGAL_ID":"311","LEGAL_NAME":"EL MIRADOR","LEGAL_AREA":11.06,"LEGAL_LOTS":989,"LEGAL_POP":5340.6,"LEGAL_DENS":89.42,"LEGALIZING":null,"BLOCK_ID_":"002570053","BLOCK_POP":92,"BLOCK_BLD":27,"BLOCK_RISK":14.377655,"BLOCK_EDU":0,"BLOCK_HLTH":11.801342,"BLOCK_TRAN":98.817474,"BLOCK_CULT":0,"BLOCK_PARK":3.9054344,"BLOCK_SEC":100,"BLOCK_CENT":0,"BLOCK_DEF":25.9259259259,"BLD_INHAB":3,"OBJECTID":1,"AO_225":0.16,"id":1194,"preds_material":[[5,"1216742909_328443_6330_3-512.jpg"],[5,"1216742909_718521_6331_3-512.jpg"],[6,"1216742909_718521_6331_3-512.jpg"],[2,"1216742909_718521_6331_3-512.jpg"],[5,"1216742910_123214_6332_3-512.jpg"],[6,"1216742910_123214_6332_3-512.jpg"],[5,"1216742910_598510_6333_3-512.jpg"],[5,"1216742911_028356_6334_3-512.jpg"]],"material_ml":"painted","preds_construction":[[2,"1216742909_328443_6330_3-512.jpg"],[2,"1216742909_718521_6331_3-512.jpg"],[2,"1216742909_718521_6331_3-512.jpg"],[2,"1216742910_123214_6332_3-512.jpg"],[2,"1216742910_123214_6332_3-512.jpg"],[2,"1216742910_598510_6333_3-512.jpg"],[2,"1216742911_028356_6334_3-512.jpg"]],"construction_ml":"complete","preds_design":[[2,"1216742909_328443_6330_3-512.jpg"],[2,"1216742909_718521_6331_3-512.jpg"],[1,"1216742909_718521_6331_3-512.jpg"],[2,"1216742910_123214_6332_3-512.jpg"],[1,"1216742910_123214_6332_3-512.jpg"],[2,"1216742910_123214_6332_3-512.jpg"],[2,"1216742910_598510_6333_3-512.jpg"],[2,"1216742911_028356_6334_3-512.jpg"]],"design_ml":"designed","images":[]}
