{"MATERIAL":"concrete","AVG_SLOPE":11.4434326269,"AVG_HEIGHT":4.05076128423,"TERAIN_SLP":15.0587972435,"AREA":72.5819420974,"VOLUME":294,"FLOORS":2,"INT_ZONE":"Borde Rural","FLOOD":1,"LANDSLIDE":"Amenaza Media","LEGAL_ID":"311","LEGAL_NAME":"EL MIRADOR","LEGAL_AREA":11.06,"LEGAL_LOTS":989,"LEGAL_POP":5340.6,"LEGAL_DENS":89.42,"LEGALIZING":null,"BLOCK_ID_":"002570053","BLOCK_POP":92,"BLOCK_BLD":27,"BLOCK_RISK":14.377655,"BLOCK_EDU":0,"BLOCK_HLTH":11.801342,"BLOCK_TRAN":98.817474,"BLOCK_CULT":0,"BLOCK_PARK":3.9054344,"BLOCK_SEC":100,"BLOCK_CENT":0,"BLOCK_DEF":25.9259259259,"BLD_INHAB":3,"OBJECTID":1,"AO_225":0.16,"id":1204,"preds_material":[[3,"1216742692_594725_5744_1-512.jpg"],[5,"1216742938_838370_6408_3-512.jpg"],[5,"1216742939_833347_6409_3-512.jpg"]],"material_ml":"painted","preds_construction":[[2,"1216742938_838370_6408_3-512.jpg"],[2,"1216742939_833347_6409_3-512.jpg"]],"construction_ml":"complete","preds_design":[[2,"1216742938_838370_6408_3-512.jpg"],[2,"1216742939_833347_6409_3-512.jpg"]],"design_ml":"designed","images":[]}
