{"MATERIAL":"corrugated metal/heavily patched","AVG_SLOPE":4.83023037556,"AVG_HEIGHT":7.20521334434,"TERAIN_SLP":11.9653263538,"AREA":59.5745201172,"VOLUME":429,"FLOORS":2,"INT_ZONE":"Borde Rural","FLOOD":1,"LANDSLIDE":"Amenaza Media","LEGAL_ID":"311","LEGAL_NAME":"EL MIRADOR","LEGAL_AREA":11.06,"LEGAL_LOTS":989,"LEGAL_POP":5340.6,"LEGAL_DENS":89.42,"LEGALIZING":null,"BLOCK_ID_":"002570053","BLOCK_POP":92,"BLOCK_BLD":27,"BLOCK_RISK":14.377655,"BLOCK_EDU":0,"BLOCK_HLTH":11.801342,"BLOCK_TRAN":98.817474,"BLOCK_CULT":0,"BLOCK_PARK":3.9054344,"BLOCK_SEC":100,"BLOCK_CENT":0,"BLOCK_DEF":25.9259259259,"BLD_INHAB":3,"OBJECTID":1,"AO_225":0.16,"id":1205,"preds_material":[[5,"1216742370_751352_4934_3-512.jpg"],[5,"1216742371_761336_4935_3-512.jpg"],[5,"1216742680_669739_5702_1-512.jpg"],[5,"1216742681_174756_5703_1-512.jpg"],[5,"1216742681_669818_5704_1-512.jpg"],[5,"1216742682_099800_5705_1-512.jpg"],[5,"1216742682_484807_5706_1-512.jpg"],[5,"1216742682_844743_5707_1-512.jpg"],[5,"1216742683_179727_5708_1-512.jpg"],[5,"1216742683_504879_5709_1-512.jpg"],[5,"1216742683_809899_5710_1-512.jpg"],[5,"1216742684_104970_5711_1-512.jpg"],[5,"1216742684_395007_5712_1-512.jpg"],[5,"1216742684_674942_5713_1-512.jpg"],[5,"1216742684_949877_5714_1-512.jpg"],[5,"1216742685_219929_5715_1-512.jpg"],[5,"1216742685_479922_5716_1-512.jpg"],[3,"1216742685_479922_5716_1-512.jpg"],[5,"1216742685_734902_5717_1-512.jpg"],[3,"1216742685_734902_5717_1-512.jpg"],[5,"1216742685_949717_5718_1-512.jpg"],[3,"1216742685_949717_5718_1-512.jpg"],[3,"1216742686_199790_5719_1-512.jpg"],[5,"1216742686_199790_5719_1-512.jpg"],[3,"1216742686_449732_5720_1-512.jpg"],[3,"1216742686_704620_5721_1-512.jpg"],[1,"1216742686_704620_5721_1-512.jpg"],[3,"1216742686_959579_5722_1-512.jpg"],[3,"1216742687_214531_5723_1-512.jpg"],[5,"1216742896_333472_6300_3-512.jpg"],[5,"1216742897_098495_6301_3-512.jpg"],[5,"1216742897_098495_6301_3-512.jpg"],[5,"1216742897_683462_6302_3-512.jpg"],[5,"1216742897_683462_6302_3-512.jpg"],[1,"1216742897_683462_6302_3-512.jpg"],[5,"1216742898_203619_6303_3-512.jpg"],[1,"1216742898_203619_6303_3-512.jpg"],[1,"1216743260_157057_7139_3-512.jpg"],[1,"1216743261_577165_7141_3-512.jpg"]],"material_ml":"painted","preds_construction":[[2,"1216742370_751352_4934_3-512.jpg"],[2,"1216742371_761336_4935_3-512.jpg"],[2,"1216742680_669739_5702_1-512.jpg"],[2,"1216742681_174756_5703_1-512.jpg"],[2,"1216742681_669818_5704_1-512.jpg"],[2,"1216742682_099800_5705_1-512.jpg"],[2,"1216742682_484807_5706_1-512.jpg"],[2,"1216742683_179727_5708_1-512.jpg"],[2,"1216742683_504879_5709_1-512.jpg"],[2,"1216742683_809899_5710_1-512.jpg"],[2,"1216742684_104970_5711_1-512.jpg"],[2,"1216742684_395007_5712_1-512.jpg"],[2,"1216742684_674942_5713_1-512.jpg"],[2,"1216742684_949877_5714_1-512.jpg"],[2,"1216742685_219929_5715_1-512.jpg"],[2,"1216742685_479922_5716_1-512.jpg"],[1,"1216742685_479922_5716_1-512.jpg"],[2,"1216742685_734902_5717_1-512.jpg"],[1,"1216742685_734902_5717_1-512.jpg"],[2,"1216742685_949717_5718_1-512.jpg"],[1,"1216742685_949717_5718_1-512.jpg"],[1,"1216742686_199790_5719_1-512.jpg"],[2,"1216742686_199790_5719_1-512.jpg"],[1,"1216742686_449732_5720_1-512.jpg"],[1,"1216742686_704620_5721_1-512.jpg"],[1,"1216742686_959579_5722_1-512.jpg"],[1,"1216742687_214531_5723_1-512.jpg"],[2,"1216742896_333472_6300_3-512.jpg"],[2,"1216742897_098495_6301_3-512.jpg"],[2,"1216742897_683462_6302_3-512.jpg"],[2,"1216743260_157057_7139_3-512.jpg"],[1,"1216743260_157057_7139_3-512.jpg"]],"construction_ml":"complete","preds_design":[[2,"1216742370_751352_4934_3-512.jpg"],[2,"1216742371_761336_4935_3-512.jpg"],[2,"1216742680_179791_5701_1-512.jpg"],[2,"1216742680_669739_5702_1-512.jpg"],[2,"1216742681_174756_5703_1-512.jpg"],[2,"1216742681_669818_5704_1-512.jpg"],[2,"1216742682_099800_5705_1-512.jpg"],[2,"1216742682_484807_5706_1-512.jpg"],[2,"1216742682_844743_5707_1-512.jpg"],[2,"1216742683_179727_5708_1-512.jpg"],[2,"1216742683_504879_5709_1-512.jpg"],[2,"1216742683_809899_5710_1-512.jpg"],[2,"1216742684_104970_5711_1-512.jpg"],[2,"1216742684_395007_5712_1-512.jpg"],[2,"1216742684_674942_5713_1-512.jpg"],[2,"1216742684_949877_5714_1-512.jpg"],[2,"1216742685_219929_5715_1-512.jpg"],[2,"1216742685_479922_5716_1-512.jpg"],[1,"1216742685_479922_5716_1-512.jpg"],[2,"1216742685_734902_5717_1-512.jpg"],[1,"1216742685_734902_5717_1-512.jpg"],[2,"1216742685_949717_5718_1-512.jpg"],[1,"1216742685_949717_5718_1-512.jpg"],[1,"1216742686_199790_5719_1-512.jpg"],[2,"1216742686_199790_5719_1-512.jpg"],[1,"1216742686_449732_5720_1-512.jpg"],[1,"1216742686_704620_5721_1-512.jpg"],[1,"1216742686_959579_5722_1-512.jpg"],[1,"1216742687_214531_5723_1-512.jpg"],[2,"1216742896_333472_6300_3-512.jpg"],[2,"1216742897_098495_6301_3-512.jpg"],[2,"1216742897_683462_6302_3-512.jpg"],[1,"1216743260_157057_7139_3-512.jpg"]],"design_ml":"designed","images":[]}
