{"MATERIAL":"corrugated metal/heavily patched","AVG_SLOPE":6.22811522972,"AVG_HEIGHT":3.55941785048,"TERAIN_SLP":4.23404961717,"AREA":63.4568163426,"VOLUME":226,"FLOORS":2,"INT_ZONE":"Borde Rural","FLOOD":1,"LANDSLIDE":"Amenaza Media","LEGAL_ID":"311","LEGAL_NAME":"EL MIRADOR","LEGAL_AREA":11.06,"LEGAL_LOTS":989,"LEGAL_POP":5340.6,"LEGAL_DENS":89.42,"LEGALIZING":null,"BLOCK_ID_":"002570050","BLOCK_POP":103,"BLOCK_BLD":27,"BLOCK_RISK":6.9511175,"BLOCK_EDU":0,"BLOCK_HLTH":12.673514,"BLOCK_TRAN":98.775185,"BLOCK_CULT":0,"BLOCK_PARK":4.0350375,"BLOCK_SEC":100,"BLOCK_CENT":0,"BLOCK_DEF":22.2222222222,"BLD_INHAB":4,"OBJECTID":1,"AO_225":0.16,"id":1210,"preds_material":[[5,"1216742821_184002_6101_1-512.jpg"],[5,"1216742821_618858_6102_1-512.jpg"],[5,"1216742821_994220_6103_1-512.jpg"],[5,"1216742822_359275_6104_1-512.jpg"],[5,"1216742822_724249_6105_1-512.jpg"],[5,"1216742823_079292_6106_1-512.jpg"],[5,"1216742823_429317_6107_1-512.jpg"],[5,"1216742823_764215_6108_1-512.jpg"],[5,"1216742824_084145_6109_1-512.jpg"],[5,"1216742824_379321_6110_1-512.jpg"],[5,"1216742824_654225_6111_1-512.jpg"],[5,"1216742824_914183_6112_1-512.jpg"],[5,"1216742825_164193_6113_1-512.jpg"],[5,"1216742825_409310_6114_1-512.jpg"],[5,"1216742825_673977_6115_1-512.jpg"],[5,"1216742825_919062_6116_1-512.jpg"],[5,"1216742826_159066_6117_1-512.jpg"],[5,"1216742930_078449_6388_1-512.jpg"],[5,"1216742930_533413_6389_1-512.jpg"],[2,"1216742930_533413_6389_1-512.jpg"],[5,"1216742930_953383_6390_1-512.jpg"]],"material_ml":"painted","preds_construction":[[2,"1216742821_184002_6101_1-512.jpg"],[2,"1216742821_618858_6102_1-512.jpg"],[2,"1216742821_994220_6103_1-512.jpg"],[2,"1216742822_359275_6104_1-512.jpg"],[2,"1216742822_724249_6105_1-512.jpg"],[2,"1216742823_079292_6106_1-512.jpg"],[2,"1216742823_429317_6107_1-512.jpg"],[2,"1216742823_764215_6108_1-512.jpg"],[2,"1216742824_084145_6109_1-512.jpg"],[2,"1216742824_379321_6110_1-512.jpg"],[2,"1216742824_654225_6111_1-512.jpg"],[2,"1216742824_914183_6112_1-512.jpg"],[2,"1216742825_164193_6113_1-512.jpg"],[2,"1216742825_409310_6114_1-512.jpg"],[2,"1216742825_673977_6115_1-512.jpg"],[2,"1216742825_919062_6116_1-512.jpg"],[2,"1216742826_159066_6117_1-512.jpg"],[2,"1216742930_078449_6388_1-512.jpg"],[2,"1216742930_533413_6389_1-512.jpg"],[2,"1216742930_533413_6389_1-512.jpg"],[2,"1216742930_953383_6390_1-512.jpg"]],"construction_ml":"complete","preds_design":[[2,"1216742821_184002_6101_1-512.jpg"],[2,"1216742821_618858_6102_1-512.jpg"],[2,"1216742821_994220_6103_1-512.jpg"],[2,"1216742822_359275_6104_1-512.jpg"],[2,"1216742822_724249_6105_1-512.jpg"],[2,"1216742823_079292_6106_1-512.jpg"],[2,"1216742823_429317_6107_1-512.jpg"],[2,"1216742823_764215_6108_1-512.jpg"],[2,"1216742824_084145_6109_1-512.jpg"],[2,"1216742824_379321_6110_1-512.jpg"],[2,"1216742824_654225_6111_1-512.jpg"],[2,"1216742824_914183_6112_1-512.jpg"],[2,"1216742825_164193_6113_1-512.jpg"],[2,"1216742825_409310_6114_1-512.jpg"],[2,"1216742825_673977_6115_1-512.jpg"],[2,"1216742825_919062_6116_1-512.jpg"],[2,"1216742826_159066_6117_1-512.jpg"],[2,"1216742930_078449_6388_1-512.jpg"],[2,"1216742930_533413_6389_1-512.jpg"],[2,"1216742930_533413_6389_1-512.jpg"],[2,"1216742930_953383_6390_1-512.jpg"]],"design_ml":"designed","images":[]}
