{"MATERIAL":"corrugated metal/heavily patched","AVG_SLOPE":5.74387033997,"AVG_HEIGHT":10.3347589748,"TERAIN_SLP":2.69869930911,"AREA":69.3246430769,"VOLUME":716,"FLOORS":3,"INT_ZONE":"Borde Rural","FLOOD":3,"LANDSLIDE":"Amenaza Media","LEGAL_ID":"311","LEGAL_NAME":"EL MIRADOR","LEGAL_AREA":11.06,"LEGAL_LOTS":989,"LEGAL_POP":5340.6,"LEGAL_DENS":89.42,"LEGALIZING":null,"BLOCK_ID_":"002570050","BLOCK_POP":103,"BLOCK_BLD":27,"BLOCK_RISK":6.9511175,"BLOCK_EDU":0,"BLOCK_HLTH":12.673514,"BLOCK_TRAN":98.775185,"BLOCK_CULT":0,"BLOCK_PARK":4.0350375,"BLOCK_SEC":100,"BLOCK_CENT":0,"BLOCK_DEF":22.2222222222,"BLD_INHAB":4,"OBJECTID":1,"AO_225":0.16,"id":1211,"preds_material":[[2,"1216742932_328387_6393_1-512.jpg"],[2,"1216742932_768363_6394_1-512.jpg"],[2,"1216742933_193373_6395_1-512.jpg"]],"material_ml":"concrete","preds_construction":[[2,"1216742932_328387_6393_1-512.jpg"],[2,"1216742932_768363_6394_1-512.jpg"],[2,"1216742933_193373_6395_1-512.jpg"]],"construction_ml":"complete","preds_design":[[2,"1216742932_328387_6393_1-512.jpg"],[2,"1216742932_768363_6394_1-512.jpg"],[2,"1216742933_193373_6395_1-512.jpg"]],"design_ml":"designed","images":[]}
