{"MATERIAL":"extreme haphazard","AVG_SLOPE":11.7393780387,"AVG_HEIGHT":1.00179615335,"TERAIN_SLP":17.7902555357,"AREA":74.9679722506,"VOLUME":75,"FLOORS":1,"INT_ZONE":"Borde Rural","FLOOD":3,"LANDSLIDE":"Amenaza Media","LEGAL_ID":"311","LEGAL_NAME":"EL MIRADOR","LEGAL_AREA":11.06,"LEGAL_LOTS":989,"LEGAL_POP":5340.6,"LEGAL_DENS":89.42,"LEGALIZING":null,"BLOCK_ID_":"002570050","BLOCK_POP":103,"BLOCK_BLD":27,"BLOCK_RISK":6.9511175,"BLOCK_EDU":0,"BLOCK_HLTH":12.673514,"BLOCK_TRAN":98.775185,"BLOCK_CULT":0,"BLOCK_PARK":4.0350375,"BLOCK_SEC":100,"BLOCK_CENT":0,"BLOCK_DEF":22.2222222222,"BLD_INHAB":4,"OBJECTID":1,"AO_225":0.16,"id":1213,"preds_material":[[5,"1216742978_618354_6485_1-512.jpg"],[5,"1216742979_003231_6486_1-512.jpg"],[5,"1216742979_408142_6487_1-512.jpg"],[5,"1216742979_738143_6488_1-512.jpg"],[5,"1216742980_078145_6489_1-512.jpg"],[5,"1216742980_428132_6490_1-512.jpg"],[5,"1216742980_803093_6491_1-512.jpg"],[5,"1216742981_133209_6492_1-512.jpg"],[5,"1216742981_448207_6493_1-512.jpg"],[5,"1216742981_753186_6494_1-512.jpg"],[5,"1216742982_048129_6495_1-512.jpg"],[5,"1216742982_353069_6496_1-512.jpg"],[5,"1216742982_653010_6497_1-512.jpg"],[5,"1216742982_963040_6498_1-512.jpg"]],"material_ml":"painted","preds_construction":[[2,"1216742978_618354_6485_1-512.jpg"],[2,"1216742979_003231_6486_1-512.jpg"],[2,"1216742979_408142_6487_1-512.jpg"],[2,"1216742979_738143_6488_1-512.jpg"],[2,"1216742980_078145_6489_1-512.jpg"],[2,"1216742980_428132_6490_1-512.jpg"],[2,"1216742980_803093_6491_1-512.jpg"],[2,"1216742981_133209_6492_1-512.jpg"],[2,"1216742981_448207_6493_1-512.jpg"],[2,"1216742981_753186_6494_1-512.jpg"],[2,"1216742982_048129_6495_1-512.jpg"],[2,"1216742982_353069_6496_1-512.jpg"],[2,"1216742982_653010_6497_1-512.jpg"],[2,"1216742982_963040_6498_1-512.jpg"]],"construction_ml":"complete","preds_design":[[2,"1216742978_618354_6485_1-512.jpg"],[2,"1216742979_003231_6486_1-512.jpg"],[2,"1216742979_408142_6487_1-512.jpg"],[2,"1216742979_738143_6488_1-512.jpg"],[2,"1216742980_078145_6489_1-512.jpg"],[2,"1216742980_428132_6490_1-512.jpg"],[2,"1216742980_803093_6491_1-512.jpg"],[2,"1216742981_133209_6492_1-512.jpg"],[2,"1216742981_448207_6493_1-512.jpg"],[2,"1216742981_753186_6494_1-512.jpg"],[2,"1216742982_048129_6495_1-512.jpg"],[2,"1216742982_353069_6496_1-512.jpg"],[2,"1216742982_653010_6497_1-512.jpg"],[2,"1216742982_963040_6498_1-512.jpg"],[2,"1216742983_288061_6499_1-512.jpg"]],"design_ml":"designed","images":[]}
