{"MATERIAL":"concrete","AVG_SLOPE":10.1378968043,"AVG_HEIGHT":1.45236240537,"TERAIN_SLP":13.8917640552,"AREA":62.6122003986,"VOLUME":91,"FLOORS":1,"INT_ZONE":"Borde Rural","FLOOD":2,"LANDSLIDE":"Amenaza Media","LEGAL_ID":"311","LEGAL_NAME":"EL MIRADOR","LEGAL_AREA":11.06,"LEGAL_LOTS":989,"LEGAL_POP":5340.6,"LEGAL_DENS":89.42,"LEGALIZING":null,"BLOCK_ID_":"002570050","BLOCK_POP":103,"BLOCK_BLD":27,"BLOCK_RISK":6.9511175,"BLOCK_EDU":0,"BLOCK_HLTH":12.673514,"BLOCK_TRAN":98.775185,"BLOCK_CULT":0,"BLOCK_PARK":4.0350375,"BLOCK_SEC":100,"BLOCK_CENT":0,"BLOCK_DEF":22.2222222222,"BLD_INHAB":4,"OBJECTID":1,"AO_225":0.16,"id":1218,"preds_material":[[5,"1216742957_428403_6436_1-512.jpg"],[5,"1216742965_088322_6459_1-512.jpg"],[5,"1216742965_398379_6460_1-512.jpg"],[5,"1216742965_703218_6461_1-512.jpg"],[5,"1216742965_993196_6462_1-512.jpg"],[5,"1216742966_308338_6463_1-512.jpg"],[5,"1216742966_618355_6464_1-512.jpg"],[5,"1216742966_938372_6465_1-512.jpg"],[5,"1216742967_278379_6466_1-512.jpg"],[5,"1216742967_618258_6467_1-512.jpg"],[5,"1216742967_918185_6468_1-512.jpg"]],"material_ml":"painted","preds_construction":[[2,"1216742957_428403_6436_1-512.jpg"],[2,"1216742965_088322_6459_1-512.jpg"],[2,"1216742965_398379_6460_1-512.jpg"],[2,"1216742965_703218_6461_1-512.jpg"],[2,"1216742965_993196_6462_1-512.jpg"],[2,"1216742966_308338_6463_1-512.jpg"],[2,"1216742966_618355_6464_1-512.jpg"],[2,"1216742966_938372_6465_1-512.jpg"],[2,"1216742967_278379_6466_1-512.jpg"],[2,"1216742967_618258_6467_1-512.jpg"],[2,"1216742967_918185_6468_1-512.jpg"]],"construction_ml":"complete","preds_design":[[2,"1216742957_428403_6436_1-512.jpg"],[1,"1216742965_088322_6459_1-512.jpg"],[1,"1216742965_398379_6460_1-512.jpg"],[1,"1216742965_703218_6461_1-512.jpg"],[1,"1216742965_993196_6462_1-512.jpg"],[1,"1216742966_308338_6463_1-512.jpg"],[1,"1216742966_618355_6464_1-512.jpg"],[1,"1216742966_938372_6465_1-512.jpg"],[1,"1216742967_278379_6466_1-512.jpg"],[1,"1216742967_618258_6467_1-512.jpg"],[1,"1216742967_918185_6468_1-512.jpg"]],"design_ml":"undesigned","images":[]}
