{"MATERIAL":"corrugated metal","AVG_SLOPE":4.28230724362,"AVG_HEIGHT":3.77835284968,"TERAIN_SLP":9.77406647511,"AREA":64.066128493,"VOLUME":242,"FLOORS":2,"INT_ZONE":"Borde Rural","FLOOD":1,"LANDSLIDE":"Amenaza Media","LEGAL_ID":"311","LEGAL_NAME":"EL MIRADOR","LEGAL_AREA":11.06,"LEGAL_LOTS":989,"LEGAL_POP":5340.6,"LEGAL_DENS":89.42,"LEGALIZING":null,"BLOCK_ID_":"002570050","BLOCK_POP":103,"BLOCK_BLD":27,"BLOCK_RISK":6.9511175,"BLOCK_EDU":0,"BLOCK_HLTH":12.673514,"BLOCK_TRAN":98.775185,"BLOCK_CULT":0,"BLOCK_PARK":4.0350375,"BLOCK_SEC":100,"BLOCK_CENT":0,"BLOCK_DEF":22.2222222222,"BLD_INHAB":4,"OBJECTID":1,"AO_225":0.16,"id":1220,"preds_material":[[5,"1216742693_944904_5749_1-512.jpg"],[5,"1216742938_838370_6408_1-512.jpg"],[5,"1216742939_833347_6409_1-512.jpg"]],"material_ml":"painted","preds_construction":[[2,"1216742938_838370_6408_1-512.jpg"],[2,"1216742939_833347_6409_1-512.jpg"]],"construction_ml":"complete","preds_design":[[2,"1216742938_838370_6408_1-512.jpg"],[2,"1216742939_833347_6409_1-512.jpg"]],"design_ml":"designed","images":[]}
