{"MATERIAL":"extreme haphazard","AVG_SLOPE":8.16279439596,"AVG_HEIGHT":2.48302013822,"TERAIN_SLP":15.3148919103,"AREA":36.6867828272,"VOLUME":91,"FLOORS":1,"INT_ZONE":"Borde Rural","FLOOD":1,"LANDSLIDE":"Amenaza Media","LEGAL_ID":"311","LEGAL_NAME":"EL MIRADOR","LEGAL_AREA":11.06,"LEGAL_LOTS":989,"LEGAL_POP":5340.6,"LEGAL_DENS":89.42,"LEGALIZING":null,"BLOCK_ID_":"002570050","BLOCK_POP":103,"BLOCK_BLD":27,"BLOCK_RISK":6.9511175,"BLOCK_EDU":0,"BLOCK_HLTH":12.673514,"BLOCK_TRAN":98.775185,"BLOCK_CULT":0,"BLOCK_PARK":4.0350375,"BLOCK_SEC":100,"BLOCK_CENT":0,"BLOCK_DEF":22.2222222222,"BLD_INHAB":4,"OBJECTID":1,"AO_225":0.16,"id":1222,"preds_material":[[5,"1216742971_498307_6476_1-512.jpg"],[6,"1216742971_498307_6476_1-512.jpg"],[2,"1216742972_078224_6477_1-512.jpg"],[2,"1216742972_793318_6478_1-512.jpg"],[2,"1216742973_673196_6479_1-512.jpg"],[2,"1216742974_443196_6480_1-512.jpg"],[2,"1216742975_483267_6481_1-512.jpg"]],"material_ml":"concrete","preds_construction":[[1,"1216742971_498307_6476_1-512.jpg"],[1,"1216742972_078224_6477_1-512.jpg"],[1,"1216742972_793318_6478_1-512.jpg"],[1,"1216742973_673196_6479_1-512.jpg"],[1,"1216742974_443196_6480_1-512.jpg"]],"construction_ml":"incomplete","preds_design":[[1,"1216742971_498307_6476_1-512.jpg"],[1,"1216742972_078224_6477_1-512.jpg"],[1,"1216742972_793318_6478_1-512.jpg"],[1,"1216742973_673196_6479_1-512.jpg"],[1,"1216742974_443196_6480_1-512.jpg"],[1,"1216742975_483267_6481_1-512.jpg"]],"design_ml":"undesigned","images":[]}
