{"MATERIAL":"corrugated metal","AVG_SLOPE":5.34218106982,"AVG_HEIGHT":8.79707297873,"TERAIN_SLP":8.95198525659,"AREA":52.8291412468,"VOLUME":465,"FLOORS":3,"INT_ZONE":"Borde Rural","FLOOD":1,"LANDSLIDE":"Amenaza Media","LEGAL_ID":"311","LEGAL_NAME":"EL MIRADOR","LEGAL_AREA":11.06,"LEGAL_LOTS":989,"LEGAL_POP":5340.6,"LEGAL_DENS":89.42,"LEGALIZING":null,"BLOCK_ID_":"002570052","BLOCK_POP":59,"BLOCK_BLD":13,"BLOCK_RISK":8.9865017,"BLOCK_EDU":0,"BLOCK_HLTH":13.746977,"BLOCK_TRAN":99.140182,"BLOCK_CULT":0,"BLOCK_PARK":4.2240372,"BLOCK_SEC":100,"BLOCK_CENT":0,"BLOCK_DEF":15.3846153846,"BLD_INHAB":5,"OBJECTID":2,"AO_225":0.2,"id":1227,"preds_material":[[1,"1216742688_029839_5726_3-512.jpg"],[2,"1216743215_901925_7070_3-512.jpg"]],"material_ml":"brick","preds_construction":[[2,"1216742688_029839_5726_3-512.jpg"],[2,"1216743215_901925_7070_3-512.jpg"]],"construction_ml":"complete","preds_design":[[1,"1216742688_029839_5726_3-512.jpg"],[2,"1216743215_901925_7070_3-512.jpg"]],"design_ml":"undesigned","images":[]}
