{"MATERIAL":"corrugated metal","AVG_SLOPE":4.28751983446,"AVG_HEIGHT":9.42174956658,"TERAIN_SLP":4.42292713239,"AREA":64.8725233627,"VOLUME":611,"FLOORS":3,"INT_ZONE":"Borde Rural","FLOOD":1,"LANDSLIDE":"Amenaza Media","LEGAL_ID":"311","LEGAL_NAME":"EL MIRADOR","LEGAL_AREA":11.06,"LEGAL_LOTS":989,"LEGAL_POP":5340.6,"LEGAL_DENS":89.42,"LEGALIZING":null,"BLOCK_ID_":"002570052","BLOCK_POP":59,"BLOCK_BLD":13,"BLOCK_RISK":8.9865017,"BLOCK_EDU":0,"BLOCK_HLTH":13.746977,"BLOCK_TRAN":99.140182,"BLOCK_CULT":0,"BLOCK_PARK":4.2240372,"BLOCK_SEC":100,"BLOCK_CENT":0,"BLOCK_DEF":15.3846153846,"BLD_INHAB":5,"OBJECTID":2,"AO_225":0.2,"id":1228,"preds_material":[[5,"1216742369_211477_4932_1-512.jpg"],[5,"1216742369_811319_4933_1-512.jpg"],[3,"1216742685_479922_5716_3-512.jpg"],[1,"1216742685_734902_5717_3-512.jpg"],[3,"1216742685_734902_5717_3-512.jpg"],[1,"1216742685_949717_5718_3-512.jpg"],[1,"1216742686_199790_5719_3-512.jpg"],[1,"1216742686_449732_5720_3-512.jpg"],[1,"1216742686_704620_5721_3-512.jpg"],[1,"1216742686_959579_5722_3-512.jpg"],[1,"1216742687_214531_5723_3-512.jpg"],[1,"1216742687_469606_5724_3-512.jpg"],[1,"1216742687_724479_5725_3-512.jpg"],[5,"1216742892_263742_6296_3-512.jpg"],[5,"1216742892_573550_6297_3-512.jpg"]],"material_ml":"brick","preds_construction":[[2,"1216742369_211477_4932_1-512.jpg"],[2,"1216742369_811319_4933_1-512.jpg"],[2,"1216742685_479922_5716_3-512.jpg"],[2,"1216742685_734902_5717_3-512.jpg"],[2,"1216742685_949717_5718_3-512.jpg"],[2,"1216742686_199790_5719_3-512.jpg"],[2,"1216742686_704620_5721_3-512.jpg"],[2,"1216742686_959579_5722_3-512.jpg"],[2,"1216742687_214531_5723_3-512.jpg"],[2,"1216742687_469606_5724_3-512.jpg"],[2,"1216742687_724479_5725_3-512.jpg"],[2,"1216742892_573550_6297_3-512.jpg"]],"construction_ml":"complete","preds_design":[[2,"1216742369_211477_4932_1-512.jpg"],[2,"1216742369_811319_4933_1-512.jpg"],[1,"1216742685_479922_5716_3-512.jpg"],[1,"1216742685_734902_5717_3-512.jpg"],[1,"1216742685_949717_5718_3-512.jpg"],[1,"1216742686_199790_5719_3-512.jpg"],[1,"1216742686_704620_5721_3-512.jpg"],[1,"1216742686_959579_5722_3-512.jpg"],[1,"1216742687_214531_5723_3-512.jpg"],[1,"1216742687_469606_5724_3-512.jpg"],[1,"1216742687_724479_5725_3-512.jpg"]],"design_ml":"undesigned","images":[]}
