{"MATERIAL":"corrugated metal/heavily patched","AVG_SLOPE":6.47689225592,"AVG_HEIGHT":0.34479324506,"TERAIN_SLP":11.7608783657,"AREA":65.1264274949,"VOLUME":22,"FLOORS":1,"INT_ZONE":"Borde Rural","FLOOD":1,"LANDSLIDE":"Amenaza Media","LEGAL_ID":"311","LEGAL_NAME":"EL MIRADOR","LEGAL_AREA":11.06,"LEGAL_LOTS":989,"LEGAL_POP":5340.6,"LEGAL_DENS":89.42,"LEGALIZING":null,"BLOCK_ID_":"002570052","BLOCK_POP":59,"BLOCK_BLD":13,"BLOCK_RISK":8.9865017,"BLOCK_EDU":0,"BLOCK_HLTH":13.746977,"BLOCK_TRAN":99.140182,"BLOCK_CULT":0,"BLOCK_PARK":4.2240372,"BLOCK_SEC":100,"BLOCK_CENT":0,"BLOCK_DEF":15.3846153846,"BLD_INHAB":5,"OBJECTID":2,"AO_225":0.2,"id":1231,"preds_material":[[5,"1216742206_592176_4383_1-512.jpg"],[3,"1216743245_561785_7111_3-512.jpg"],[5,"1216743245_561785_7111_3-512.jpg"],[5,"1216743246_491319_7112_3-512.jpg"],[3,"1216743246_491319_7112_3-512.jpg"]],"material_ml":"painted","preds_construction":[[2,"1216743245_561785_7111_3-512.jpg"],[2,"1216743246_491319_7112_3-512.jpg"]],"construction_ml":"complete","preds_design":[[1,"1216743244_882052_7110_3-512.jpg"],[1,"1216743245_561785_7111_3-512.jpg"],[1,"1216743246_491319_7112_3-512.jpg"]],"design_ml":"undesigned","images":[]}
