{"MATERIAL":"corrugated metal/heavily patched","AVG_SLOPE":9.26379731581,"AVG_HEIGHT":0.53252079795,"TERAIN_SLP":15.419445123,"AREA":56.2341303676,"VOLUME":30,"FLOORS":1,"INT_ZONE":"Borde Rural","FLOOD":2,"LANDSLIDE":"Amenaza Media","LEGAL_ID":"311","LEGAL_NAME":"EL MIRADOR","LEGAL_AREA":11.06,"LEGAL_LOTS":989,"LEGAL_POP":5340.6,"LEGAL_DENS":89.42,"LEGALIZING":null,"BLOCK_ID_":"002570052","BLOCK_POP":59,"BLOCK_BLD":13,"BLOCK_RISK":8.9865017,"BLOCK_EDU":0,"BLOCK_HLTH":13.746977,"BLOCK_TRAN":99.140182,"BLOCK_CULT":0,"BLOCK_PARK":4.2240372,"BLOCK_SEC":100,"BLOCK_CENT":0,"BLOCK_DEF":15.3846153846,"BLD_INHAB":5,"OBJECTID":2,"AO_225":0.2,"id":1234,"preds_material":[[6,"1216742215_487203_4428_1-512.jpg"],[6,"1216742215_707183_4429_1-512.jpg"],[1,"1216743219_992213_7077_3-512.jpg"],[2,"1216743219_992213_7077_3-512.jpg"],[5,"1216743219_992213_7077_3-512.jpg"],[1,"1216743220_537263_7078_3-512.jpg"],[1,"1216743221_057260_7079_3-512.jpg"]],"material_ml":"brick","preds_construction":[[2,"1216743219_992213_7077_3-512.jpg"],[2,"1216743220_537263_7078_3-512.jpg"],[2,"1216743221_057260_7079_3-512.jpg"]],"construction_ml":"complete","preds_design":[[2,"1216743219_992213_7077_3-512.jpg"],[2,"1216743220_537263_7078_3-512.jpg"],[2,"1216743221_057260_7079_3-512.jpg"]],"design_ml":"designed","images":[]}
