{"MATERIAL":"corrugated metal/heavily patched","AVG_SLOPE":9.69135165194,"AVG_HEIGHT":1.0968123834,"TERAIN_SLP":19.2069215216,"AREA":56.090924346,"VOLUME":62,"FLOORS":1,"INT_ZONE":"Borde Rural","FLOOD":2,"LANDSLIDE":"Amenaza Media","LEGAL_ID":"311","LEGAL_NAME":"EL MIRADOR","LEGAL_AREA":11.06,"LEGAL_LOTS":989,"LEGAL_POP":5340.6,"LEGAL_DENS":89.42,"LEGALIZING":null,"BLOCK_ID_":"002570052","BLOCK_POP":59,"BLOCK_BLD":13,"BLOCK_RISK":8.9865017,"BLOCK_EDU":0,"BLOCK_HLTH":13.746977,"BLOCK_TRAN":99.140182,"BLOCK_CULT":0,"BLOCK_PARK":4.2240372,"BLOCK_SEC":100,"BLOCK_CENT":0,"BLOCK_DEF":15.3846153846,"BLD_INHAB":5,"OBJECTID":2,"AO_225":0.2,"id":1236,"preds_material":[[5,"1216742206_777491_4384_1-512.jpg"],[5,"1216742206_962224_4385_1-512.jpg"],[5,"1216742207_147238_4386_1-512.jpg"],[5,"1216742207_332146_4387_1-512.jpg"],[5,"1216742207_517231_4388_1-512.jpg"],[5,"1216742207_702167_4389_1-512.jpg"],[5,"1216742207_887456_4390_1-512.jpg"],[5,"1216742208_072164_4391_1-512.jpg"],[5,"1216742208_072164_4391_1-512.jpg"],[5,"1216742208_257236_4392_1-512.jpg"],[5,"1216742208_257236_4392_1-512.jpg"],[5,"1216742208_257236_4392_1-512.jpg"],[5,"1216742208_447244_4393_1-512.jpg"],[5,"1216742208_637233_4394_1-512.jpg"],[5,"1216742208_832144_4395_1-512.jpg"],[5,"1216742208_832144_4395_1-512.jpg"],[5,"1216742209_037472_4396_1-512.jpg"],[5,"1216742209_242158_4397_1-512.jpg"],[5,"1216742209_457216_4398_1-512.jpg"],[5,"1216742209_682150_4399_1-512.jpg"],[5,"1216742209_912149_4400_1-512.jpg"],[5,"1216742210_152152_4401_1-512.jpg"],[5,"1216743228_196799_7086_3-512.jpg"],[5,"1216743230_641842_7087_3-512.jpg"],[5,"1216743232_227549_7088_3-512.jpg"],[5,"1216743232_227549_7088_3-512.jpg"],[5,"1216743233_747964_7089_3-512.jpg"],[5,"1216743234_707236_7090_3-512.jpg"],[5,"1216743235_392170_7091_3-512.jpg"],[5,"1216743236_062027_7092_3-512.jpg"],[5,"1216743236_572072_7093_3-512.jpg"],[5,"1216743236_572072_7093_3-512.jpg"],[5,"1216743237_001902_7094_3-512.jpg"],[5,"1216743237_391926_7095_3-512.jpg"],[2,"1216743237_391926_7095_3-512.jpg"],[2,"1216743237_747017_7096_3-512.jpg"],[6,"1216743237_747017_7096_3-512.jpg"],[5,"1216743237_747017_7096_3-512.jpg"],[2,"1216743238_066841_7097_3-512.jpg"],[6,"1216743238_066841_7097_3-512.jpg"],[5,"1216743238_066841_7097_3-512.jpg"],[2,"1216743238_371792_7098_3-512.jpg"],[6,"1216743238_371792_7098_3-512.jpg"],[5,"1216743238_371792_7098_3-512.jpg"],[5,"1216743238_371792_7098_3-512.jpg"],[5,"1216743238_681811_7099_3-512.jpg"],[5,"1216743239_011866_7100_3-512.jpg"],[5,"1216743239_381868_7101_3-512.jpg"],[5,"1216743239_836865_7102_3-512.jpg"],[5,"1216743240_321840_7103_3-512.jpg"],[5,"1216743240_826737_7104_3-512.jpg"],[5,"1216743241_362067_7105_3-512.jpg"],[2,"1216743241_362067_7105_3-512.jpg"],[5,"1216743242_022050_7106_3-512.jpg"]],"material_ml":"painted","preds_construction":[[2,"1216742206_777491_4384_1-512.jpg"],[2,"1216742206_962224_4385_1-512.jpg"],[2,"1216742207_147238_4386_1-512.jpg"],[2,"1216742207_332146_4387_1-512.jpg"],[2,"1216742207_517231_4388_1-512.jpg"],[2,"1216742207_702167_4389_1-512.jpg"],[2,"1216742207_887456_4390_1-512.jpg"],[2,"1216742208_072164_4391_1-512.jpg"],[2,"1216742208_072164_4391_1-512.jpg"],[2,"1216742208_257236_4392_1-512.jpg"],[2,"1216742208_257236_4392_1-512.jpg"],[2,"1216742208_447244_4393_1-512.jpg"],[2,"1216742208_447244_4393_1-512.jpg"],[2,"1216742208_637233_4394_1-512.jpg"],[2,"1216742208_832144_4395_1-512.jpg"],[2,"1216742208_832144_4395_1-512.jpg"],[2,"1216742209_037472_4396_1-512.jpg"],[2,"1216742209_242158_4397_1-512.jpg"],[2,"1216742209_457216_4398_1-512.jpg"],[2,"1216742209_682150_4399_1-512.jpg"],[2,"1216742209_912149_4400_1-512.jpg"],[2,"1216742210_152152_4401_1-512.jpg"],[2,"1216743228_196799_7086_3-512.jpg"],[2,"1216743228_196799_7086_3-512.jpg"],[2,"1216743230_641842_7087_3-512.jpg"],[2,"1216743232_227549_7088_3-512.jpg"],[2,"1216743232_227549_7088_3-512.jpg"],[2,"1216743233_747964_7089_3-512.jpg"],[2,"1216743234_707236_7090_3-512.jpg"],[2,"1216743235_392170_7091_3-512.jpg"],[2,"1216743236_062027_7092_3-512.jpg"],[2,"1216743236_572072_7093_3-512.jpg"],[2,"1216743236_572072_7093_3-512.jpg"],[2,"1216743237_001902_7094_3-512.jpg"],[2,"1216743237_391926_7095_3-512.jpg"],[2,"1216743237_747017_7096_3-512.jpg"],[2,"1216743238_066841_7097_3-512.jpg"],[2,"1216743238_371792_7098_3-512.jpg"],[2,"1216743238_371792_7098_3-512.jpg"],[2,"1216743238_681811_7099_3-512.jpg"],[2,"1216743239_011866_7100_3-512.jpg"],[2,"1216743239_381868_7101_3-512.jpg"],[2,"1216743239_836865_7102_3-512.jpg"],[2,"1216743240_321840_7103_3-512.jpg"],[2,"1216743240_826737_7104_3-512.jpg"],[2,"1216743241_362067_7105_3-512.jpg"],[2,"1216743241_362067_7105_3-512.jpg"],[2,"1216743242_022050_7106_3-512.jpg"]],"construction_ml":"complete","preds_design":[[2,"1216742206_777491_4384_1-512.jpg"],[2,"1216742206_962224_4385_1-512.jpg"],[2,"1216742207_147238_4386_1-512.jpg"],[2,"1216742207_332146_4387_1-512.jpg"],[2,"1216742207_517231_4388_1-512.jpg"],[2,"1216742207_702167_4389_1-512.jpg"],[2,"1216742207_887456_4390_1-512.jpg"],[2,"1216742208_072164_4391_1-512.jpg"],[2,"1216742208_072164_4391_1-512.jpg"],[2,"1216742208_257236_4392_1-512.jpg"],[2,"1216742208_257236_4392_1-512.jpg"],[2,"1216742208_447244_4393_1-512.jpg"],[2,"1216742208_637233_4394_1-512.jpg"],[2,"1216742208_637233_4394_1-512.jpg"],[2,"1216742208_832144_4395_1-512.jpg"],[2,"1216742208_832144_4395_1-512.jpg"],[2,"1216742209_037472_4396_1-512.jpg"],[2,"1216742209_242158_4397_1-512.jpg"],[2,"1216742209_457216_4398_1-512.jpg"],[2,"1216742209_682150_4399_1-512.jpg"],[2,"1216742209_912149_4400_1-512.jpg"],[2,"1216742210_152152_4401_1-512.jpg"],[2,"1216742210_332159_4402_1-512.jpg"],[1,"1216743228_196799_7086_3-512.jpg"],[1,"1216743228_196799_7086_3-512.jpg"],[2,"1216743228_196799_7086_3-512.jpg"],[2,"1216743228_196799_7086_3-512.jpg"],[1,"1216743228_196799_7086_3-512.jpg"],[1,"1216743230_641842_7087_3-512.jpg"],[2,"1216743230_641842_7087_3-512.jpg"],[2,"1216743232_227549_7088_3-512.jpg"],[1,"1216743232_227549_7088_3-512.jpg"],[2,"1216743233_747964_7089_3-512.jpg"],[2,"1216743234_707236_7090_3-512.jpg"],[2,"1216743235_392170_7091_3-512.jpg"],[2,"1216743236_062027_7092_3-512.jpg"],[2,"1216743236_572072_7093_3-512.jpg"],[2,"1216743236_572072_7093_3-512.jpg"],[2,"1216743237_001902_7094_3-512.jpg"],[2,"1216743237_391926_7095_3-512.jpg"],[2,"1216743237_747017_7096_3-512.jpg"],[2,"1216743238_066841_7097_3-512.jpg"],[2,"1216743238_371792_7098_3-512.jpg"],[2,"1216743238_371792_7098_3-512.jpg"],[1,"1216743238_681811_7099_3-512.jpg"],[1,"1216743239_011866_7100_3-512.jpg"],[1,"1216743239_381868_7101_3-512.jpg"],[1,"1216743239_836865_7102_3-512.jpg"],[1,"1216743240_321840_7103_3-512.jpg"],[1,"1216743240_826737_7104_3-512.jpg"],[1,"1216743241_362067_7105_3-512.jpg"],[2,"1216743241_362067_7105_3-512.jpg"],[1,"1216743242_022050_7106_3-512.jpg"]],"design_ml":"designed","images":[]}
