{"MATERIAL":"concrete","AVG_SLOPE":11.2596096936,"AVG_HEIGHT":7.17572358673,"TERAIN_SLP":10.9715933932,"AREA":43.2720397545,"VOLUME":311,"FLOORS":2,"INT_ZONE":"Borde Rural","FLOOD":1,"LANDSLIDE":"Amenaza Media","LEGAL_ID":"311","LEGAL_NAME":"EL MIRADOR","LEGAL_AREA":11.06,"LEGAL_LOTS":989,"LEGAL_POP":5340.6,"LEGAL_DENS":89.42,"LEGALIZING":null,"BLOCK_ID_":"002570052","BLOCK_POP":59,"BLOCK_BLD":13,"BLOCK_RISK":8.9865017,"BLOCK_EDU":0,"BLOCK_HLTH":13.746977,"BLOCK_TRAN":99.140182,"BLOCK_CULT":0,"BLOCK_PARK":4.2240372,"BLOCK_SEC":100,"BLOCK_CENT":0,"BLOCK_DEF":15.3846153846,"BLD_INHAB":5,"OBJECTID":2,"AO_225":0.2,"id":1237,"preds_material":[[5,"1216742692_079733_5742_3-512.jpg"],[6,"1216743216_741688_7071_3-512.jpg"],[5,"1216743216_741688_7071_3-512.jpg"],[5,"1216743217_376922_7072_3-512.jpg"],[1,"1216743217_376922_7072_3-512.jpg"],[6,"1216743217_376922_7072_3-512.jpg"]],"material_ml":"painted","preds_construction":[[2,"1216743216_741688_7071_3-512.jpg"],[2,"1216743217_376922_7072_3-512.jpg"]],"construction_ml":"complete","preds_design":[[2,"1216743216_741688_7071_3-512.jpg"],[2,"1216743217_376922_7072_3-512.jpg"]],"design_ml":"designed","images":[]}
