{"MATERIAL":"corrugated metal","AVG_SLOPE":6.34434770786,"AVG_HEIGHT":3.69163475922,"TERAIN_SLP":3.06820059968,"AREA":88.4900789608,"VOLUME":327,"FLOORS":2,"INT_ZONE":"Borde Rural","FLOOD":3,"LANDSLIDE":"Amenaza Media","LEGAL_ID":"311","LEGAL_NAME":"EL MIRADOR","LEGAL_AREA":11.06,"LEGAL_LOTS":989,"LEGAL_POP":5340.6,"LEGAL_DENS":89.42,"LEGALIZING":null,"BLOCK_ID_":"002570051","BLOCK_POP":32,"BLOCK_BLD":10,"BLOCK_RISK":16.068779,"BLOCK_EDU":0.45119685,"BLOCK_HLTH":14.938242,"BLOCK_TRAN":99.256821,"BLOCK_CULT":0,"BLOCK_PARK":29.083061,"BLOCK_SEC":100,"BLOCK_CENT":0,"BLOCK_DEF":30,"BLD_INHAB":3,"OBJECTID":2,"AO_225":0.2,"id":1238,"preds_material":[[5,"1216743181_327044_7006_1-512.jpg"],[5,"1216743181_591942_7007_1-512.jpg"],[5,"1216743181_856965_7008_1-512.jpg"],[5,"1216743182_137002_7009_1-512.jpg"],[5,"1216743182_392106_7010_1-512.jpg"],[5,"1216743182_392106_7010_1-512.jpg"],[5,"1216743182_747049_7011_1-512.jpg"],[5,"1216743182_747049_7011_1-512.jpg"],[5,"1216743183_097054_7012_1-512.jpg"],[5,"1216743183_097054_7012_1-512.jpg"],[5,"1216743183_472074_7013_1-512.jpg"],[5,"1216743183_472074_7013_1-512.jpg"],[5,"1216743183_802279_7014_1-512.jpg"],[5,"1216743184_112103_7015_1-512.jpg"],[5,"1216743184_412163_7016_1-512.jpg"],[5,"1216743184_412163_7016_1-512.jpg"],[5,"1216743184_727117_7017_1-512.jpg"],[5,"1216743184_727117_7017_1-512.jpg"],[5,"1216743185_037247_7018_1-512.jpg"],[5,"1216743185_037247_7018_1-512.jpg"],[5,"1216743185_407224_7019_1-512.jpg"],[5,"1216743185_407224_7019_1-512.jpg"],[5,"1216743185_762192_7020_1-512.jpg"],[5,"1216743185_762192_7020_1-512.jpg"],[5,"1216743186_107213_7021_1-512.jpg"],[5,"1216743186_107213_7021_1-512.jpg"],[5,"1216743186_462219_7022_1-512.jpg"],[5,"1216743186_462219_7022_1-512.jpg"],[5,"1216743186_817105_7023_1-512.jpg"],[5,"1216743186_817105_7023_1-512.jpg"],[5,"1216743187_162081_7024_1-512.jpg"],[5,"1216743187_162081_7024_1-512.jpg"],[5,"1216743187_522080_7025_1-512.jpg"],[5,"1216743187_522080_7025_1-512.jpg"],[5,"1216743187_892102_7026_1-512.jpg"],[5,"1216743188_267083_7027_1-512.jpg"],[5,"1216743188_652015_7028_1-512.jpg"],[5,"1216743189_052013_7029_1-512.jpg"],[5,"1216743189_512036_7030_1-512.jpg"],[5,"1216743190_197022_7031_1-512.jpg"]],"material_ml":"painted","preds_construction":[[2,"1216743181_006981_7005_1-512.jpg"],[2,"1216743181_327044_7006_1-512.jpg"],[2,"1216743181_591942_7007_1-512.jpg"],[2,"1216743181_856965_7008_1-512.jpg"],[2,"1216743182_137002_7009_1-512.jpg"],[2,"1216743182_392106_7010_1-512.jpg"],[2,"1216743182_392106_7010_1-512.jpg"],[2,"1216743182_747049_7011_1-512.jpg"],[2,"1216743182_747049_7011_1-512.jpg"],[2,"1216743183_097054_7012_1-512.jpg"],[2,"1216743183_097054_7012_1-512.jpg"],[2,"1216743183_472074_7013_1-512.jpg"],[2,"1216743183_472074_7013_1-512.jpg"],[2,"1216743183_802279_7014_1-512.jpg"],[2,"1216743184_112103_7015_1-512.jpg"],[2,"1216743184_412163_7016_1-512.jpg"],[1,"1216743184_412163_7016_1-512.jpg"],[2,"1216743184_727117_7017_1-512.jpg"],[1,"1216743184_727117_7017_1-512.jpg"],[2,"1216743184_727117_7017_1-512.jpg"],[2,"1216743185_037247_7018_1-512.jpg"],[1,"1216743185_037247_7018_1-512.jpg"],[1,"1216743185_407224_7019_1-512.jpg"],[2,"1216743185_407224_7019_1-512.jpg"],[1,"1216743185_762192_7020_1-512.jpg"],[2,"1216743185_762192_7020_1-512.jpg"],[1,"1216743186_107213_7021_1-512.jpg"],[1,"1216743186_462219_7022_1-512.jpg"],[2,"1216743186_462219_7022_1-512.jpg"],[2,"1216743186_817105_7023_1-512.jpg"],[1,"1216743186_817105_7023_1-512.jpg"],[2,"1216743187_162081_7024_1-512.jpg"],[1,"1216743187_162081_7024_1-512.jpg"],[2,"1216743187_522080_7025_1-512.jpg"],[1,"1216743187_522080_7025_1-512.jpg"],[2,"1216743187_892102_7026_1-512.jpg"],[2,"1216743188_267083_7027_1-512.jpg"],[2,"1216743188_652015_7028_1-512.jpg"],[2,"1216743189_052013_7029_1-512.jpg"],[2,"1216743189_512036_7030_1-512.jpg"],[2,"1216743190_197022_7031_1-512.jpg"]],"construction_ml":"complete","preds_design":[[1,"1216743181_006981_7005_1-512.jpg"],[1,"1216743181_327044_7006_1-512.jpg"],[1,"1216743181_591942_7007_1-512.jpg"],[1,"1216743181_856965_7008_1-512.jpg"],[1,"1216743182_137002_7009_1-512.jpg"],[1,"1216743182_392106_7010_1-512.jpg"],[2,"1216743182_392106_7010_1-512.jpg"],[2,"1216743182_747049_7011_1-512.jpg"],[1,"1216743182_747049_7011_1-512.jpg"],[2,"1216743183_097054_7012_1-512.jpg"],[1,"1216743183_097054_7012_1-512.jpg"],[2,"1216743183_472074_7013_1-512.jpg"],[1,"1216743183_472074_7013_1-512.jpg"],[2,"1216743183_802279_7014_1-512.jpg"],[2,"1216743184_112103_7015_1-512.jpg"],[2,"1216743184_412163_7016_1-512.jpg"],[2,"1216743184_412163_7016_1-512.jpg"],[2,"1216743184_727117_7017_1-512.jpg"],[2,"1216743184_727117_7017_1-512.jpg"],[2,"1216743185_037247_7018_1-512.jpg"],[2,"1216743185_037247_7018_1-512.jpg"],[2,"1216743185_407224_7019_1-512.jpg"],[2,"1216743185_407224_7019_1-512.jpg"],[2,"1216743185_762192_7020_1-512.jpg"],[2,"1216743185_762192_7020_1-512.jpg"],[2,"1216743186_107213_7021_1-512.jpg"],[2,"1216743186_462219_7022_1-512.jpg"],[2,"1216743186_462219_7022_1-512.jpg"],[2,"1216743186_817105_7023_1-512.jpg"],[2,"1216743186_817105_7023_1-512.jpg"],[2,"1216743187_162081_7024_1-512.jpg"],[2,"1216743187_162081_7024_1-512.jpg"],[2,"1216743187_522080_7025_1-512.jpg"],[2,"1216743187_522080_7025_1-512.jpg"],[2,"1216743187_892102_7026_1-512.jpg"],[2,"1216743188_267083_7027_1-512.jpg"],[2,"1216743188_652015_7028_1-512.jpg"],[2,"1216743189_052013_7029_1-512.jpg"],[2,"1216743189_512036_7030_1-512.jpg"],[2,"1216743190_197022_7031_1-512.jpg"]],"design_ml":"designed","images":[]}
