{"MATERIAL":"corrugated metal","AVG_SLOPE":6.03451960752,"AVG_HEIGHT":5.55340786611,"TERAIN_SLP":3.33215247686,"AREA":64.5873943888,"VOLUME":359,"FLOORS":2,"INT_ZONE":"Borde Rural","FLOOD":1,"LANDSLIDE":"Amenaza Media","LEGAL_ID":"311","LEGAL_NAME":"EL MIRADOR","LEGAL_AREA":11.06,"LEGAL_LOTS":989,"LEGAL_POP":5340.6,"LEGAL_DENS":89.42,"LEGALIZING":null,"BLOCK_ID_":"002570051","BLOCK_POP":32,"BLOCK_BLD":10,"BLOCK_RISK":16.068779,"BLOCK_EDU":0.45119685,"BLOCK_HLTH":14.938242,"BLOCK_TRAN":99.256821,"BLOCK_CULT":0,"BLOCK_PARK":29.083061,"BLOCK_SEC":100,"BLOCK_CENT":0,"BLOCK_DEF":30,"BLD_INHAB":3,"OBJECTID":2,"AO_225":0.2,"id":1239,"preds_material":[[5,"1216743217_981898_7073_1-512.jpg"],[5,"1216743218_536809_7074_1-512.jpg"],[5,"1216743218_536809_7074_1-512.jpg"],[6,"1216743219_037053_7075_1-512.jpg"],[5,"1216743219_037053_7075_1-512.jpg"],[6,"1216743219_502229_7076_1-512.jpg"],[6,"1216743219_992213_7077_1-512.jpg"],[2,"1216744064_173767_9171_3-512.jpg"]],"material_ml":"painted","preds_construction":[[2,"1216743217_376922_7072_1-512.jpg"],[2,"1216743217_981898_7073_1-512.jpg"],[2,"1216743218_536809_7074_1-512.jpg"],[2,"1216743219_037053_7075_1-512.jpg"],[2,"1216743219_037053_7075_1-512.jpg"],[2,"1216743219_502229_7076_1-512.jpg"],[2,"1216743219_992213_7077_1-512.jpg"],[2,"1216744064_173767_9171_3-512.jpg"]],"construction_ml":"complete","preds_design":[[2,"1216743217_981898_7073_1-512.jpg"],[2,"1216743218_536809_7074_1-512.jpg"],[2,"1216743219_037053_7075_1-512.jpg"],[2,"1216743219_037053_7075_1-512.jpg"],[2,"1216743219_502229_7076_1-512.jpg"],[2,"1216743219_992213_7077_1-512.jpg"],[2,"1216744064_173767_9171_3-512.jpg"]],"design_ml":"designed","images":[]}
