{"MATERIAL":"corrugated metal/heavily patched","AVG_SLOPE":7.96977254247,"AVG_HEIGHT":7.58509206055,"TERAIN_SLP":3.36125761994,"AREA":70.4089978873,"VOLUME":534,"FLOORS":2,"INT_ZONE":"Borde Rural","FLOOD":2,"LANDSLIDE":"Amenaza Media","LEGAL_ID":"311","LEGAL_NAME":"EL MIRADOR","LEGAL_AREA":11.06,"LEGAL_LOTS":989,"LEGAL_POP":5340.6,"LEGAL_DENS":89.42,"LEGALIZING":null,"BLOCK_ID_":"002570051","BLOCK_POP":32,"BLOCK_BLD":10,"BLOCK_RISK":16.068779,"BLOCK_EDU":0.45119685,"BLOCK_HLTH":14.938242,"BLOCK_TRAN":99.256821,"BLOCK_CULT":0,"BLOCK_PARK":29.083061,"BLOCK_SEC":100,"BLOCK_CENT":0,"BLOCK_DEF":30,"BLD_INHAB":3,"OBJECTID":2,"AO_225":0.2,"id":1242,"preds_material":[[5,"1216742214_797196_4425_1-512.jpg"],[5,"1216742215_027374_4426_1-512.jpg"],[5,"1216742215_257195_4427_1-512.jpg"],[5,"1216742215_487203_4428_1-512.jpg"],[5,"1216742215_707183_4429_1-512.jpg"],[5,"1216742215_917200_4430_1-512.jpg"],[5,"1216742216_177232_4431_1-512.jpg"],[6,"1216742216_177232_4431_1-512.jpg"],[5,"1216742216_437290_4432_1-512.jpg"],[6,"1216742216_437290_4432_1-512.jpg"],[5,"1216742216_712119_4433_1-512.jpg"],[6,"1216742216_712119_4433_1-512.jpg"],[5,"1216742216_977019_4434_1-512.jpg"],[6,"1216742216_977019_4434_1-512.jpg"],[5,"1216742217_267204_4435_1-512.jpg"],[5,"1216742217_532245_4436_1-512.jpg"],[5,"1216742217_817194_4437_1-512.jpg"],[5,"1216743221_057260_7079_1-512.jpg"],[5,"1216743221_617168_7080_1-512.jpg"],[5,"1216743221_617168_7080_1-512.jpg"],[5,"1216743222_266843_7081_1-512.jpg"],[5,"1216743223_161874_7082_1-512.jpg"],[2,"1216744055_974861_9170_3-512.jpg"]],"material_ml":"painted","preds_construction":[[2,"1216742214_797196_4425_1-512.jpg"],[2,"1216742215_027374_4426_1-512.jpg"],[2,"1216742215_257195_4427_1-512.jpg"],[2,"1216742215_487203_4428_1-512.jpg"],[2,"1216742215_707183_4429_1-512.jpg"],[2,"1216742215_917200_4430_1-512.jpg"],[2,"1216742216_177232_4431_1-512.jpg"],[2,"1216742216_177232_4431_1-512.jpg"],[2,"1216742216_437290_4432_1-512.jpg"],[2,"1216742216_437290_4432_1-512.jpg"],[2,"1216742216_712119_4433_1-512.jpg"],[2,"1216742216_712119_4433_1-512.jpg"],[2,"1216742216_977019_4434_1-512.jpg"],[2,"1216742216_977019_4434_1-512.jpg"],[2,"1216742217_267204_4435_1-512.jpg"],[2,"1216742217_532245_4436_1-512.jpg"],[2,"1216742217_817194_4437_1-512.jpg"],[2,"1216743221_057260_7079_1-512.jpg"],[2,"1216743221_617168_7080_1-512.jpg"],[2,"1216743221_617168_7080_1-512.jpg"],[2,"1216743222_266843_7081_1-512.jpg"],[2,"1216743223_161874_7082_1-512.jpg"]],"construction_ml":"complete","preds_design":[[2,"1216742214_797196_4425_1-512.jpg"],[2,"1216742215_027374_4426_1-512.jpg"],[2,"1216742215_257195_4427_1-512.jpg"],[2,"1216742215_487203_4428_1-512.jpg"],[2,"1216742215_707183_4429_1-512.jpg"],[2,"1216742215_917200_4430_1-512.jpg"],[2,"1216742216_177232_4431_1-512.jpg"],[2,"1216742216_177232_4431_1-512.jpg"],[2,"1216742216_437290_4432_1-512.jpg"],[2,"1216742216_437290_4432_1-512.jpg"],[2,"1216742216_712119_4433_1-512.jpg"],[2,"1216742216_712119_4433_1-512.jpg"],[2,"1216742216_977019_4434_1-512.jpg"],[2,"1216742216_977019_4434_1-512.jpg"],[2,"1216742217_267204_4435_1-512.jpg"],[2,"1216742217_532245_4436_1-512.jpg"],[2,"1216742217_817194_4437_1-512.jpg"],[2,"1216743221_057260_7079_1-512.jpg"],[2,"1216743221_617168_7080_1-512.jpg"],[2,"1216743221_617168_7080_1-512.jpg"],[2,"1216743222_266843_7081_1-512.jpg"],[2,"1216743223_161874_7082_1-512.jpg"]],"design_ml":"designed","images":[]}
