{"MATERIAL":"corrugated metal/heavily patched","AVG_SLOPE":3.77188721361,"AVG_HEIGHT":2.7141998057,"TERAIN_SLP":5.70320034677,"AREA":57.759535805,"VOLUME":157,"FLOORS":1,"INT_ZONE":"Borde Rural","FLOOD":2,"LANDSLIDE":"Amenaza Media","LEGAL_ID":"311","LEGAL_NAME":"EL MIRADOR","LEGAL_AREA":11.06,"LEGAL_LOTS":989,"LEGAL_POP":5340.6,"LEGAL_DENS":89.42,"LEGALIZING":null,"BLOCK_ID_":"002570051","BLOCK_POP":32,"BLOCK_BLD":10,"BLOCK_RISK":16.068779,"BLOCK_EDU":0.45119685,"BLOCK_HLTH":14.938242,"BLOCK_TRAN":99.256821,"BLOCK_CULT":0,"BLOCK_PARK":29.083061,"BLOCK_SEC":100,"BLOCK_CENT":0,"BLOCK_DEF":30,"BLD_INHAB":3,"OBJECTID":2,"AO_225":0.2,"id":1244,"preds_material":[[5,"1216742701_659643_5776_3-512.jpg"],[5,"1216743193_376589_7032_1-512.jpg"],[5,"1216743194_446996_7033_1-512.jpg"]],"material_ml":"painted","preds_construction":[[2,"1216743193_376589_7032_1-512.jpg"],[2,"1216743194_446996_7033_1-512.jpg"]],"construction_ml":"complete","preds_design":[[2,"1216743193_376589_7032_1-512.jpg"],[2,"1216743194_446996_7033_1-512.jpg"]],"design_ml":"designed","images":[]}
