{"MATERIAL":"corrugated metal - painted","AVG_SLOPE":6.17012473708,"AVG_HEIGHT":5.66663323027,"TERAIN_SLP":5.97979527399,"AREA":77.4237650117,"VOLUME":439,"FLOORS":2,"INT_ZONE":"Borde Rural","FLOOD":1,"LANDSLIDE":"Amenaza Media","LEGAL_ID":"311","LEGAL_NAME":"EL MIRADOR","LEGAL_AREA":11.06,"LEGAL_LOTS":989,"LEGAL_POP":5340.6,"LEGAL_DENS":89.42,"LEGALIZING":null,"BLOCK_ID_":"002570051","BLOCK_POP":32,"BLOCK_BLD":10,"BLOCK_RISK":16.068779,"BLOCK_EDU":0.45119685,"BLOCK_HLTH":14.938242,"BLOCK_TRAN":99.256821,"BLOCK_CULT":0,"BLOCK_PARK":29.083061,"BLOCK_SEC":100,"BLOCK_CENT":0,"BLOCK_DEF":30,"BLD_INHAB":3,"OBJECTID":2,"AO_225":0.2,"id":1247,"preds_material":[[5,"1216742693_114859_5746_3-512.jpg"],[1,"1216742693_114859_5746_3-512.jpg"],[5,"1216742693_409662_5747_3-512.jpg"],[5,"1216742693_674673_5748_3-512.jpg"],[5,"1216742694_759657_5752_3-512.jpg"],[5,"1216742695_054672_5753_3-512.jpg"],[5,"1216742695_359923_5754_3-512.jpg"],[5,"1216742695_639648_5755_3-512.jpg"],[5,"1216742695_999667_5756_3-512.jpg"],[5,"1216742696_339675_5757_3-512.jpg"],[5,"1216742696_674669_5758_3-512.jpg"],[5,"1216742697_004805_5759_3-512.jpg"],[5,"1216742697_394751_5760_3-512.jpg"],[5,"1216742948_653533_6416_3-512.jpg"],[5,"1216742950_258444_6418_3-512.jpg"],[1,"1216742950_903419_6419_3-512.jpg"],[5,"1216742951_383363_6420_3-512.jpg"],[5,"1216742951_853247_6421_3-512.jpg"],[5,"1216742952_273327_6422_3-512.jpg"],[5,"1216743202_431950_7042_1-512.jpg"],[6,"1216743202_431950_7042_1-512.jpg"],[5,"1216743205_701966_7054_1-512.jpg"],[5,"1216743205_911957_7055_1-512.jpg"],[5,"1216743206_121963_7056_1-512.jpg"],[5,"1216743206_336954_7057_1-512.jpg"],[5,"1216743206_602082_7058_1-512.jpg"],[5,"1216743206_896778_7059_1-512.jpg"],[5,"1216743207_211960_7060_1-512.jpg"],[5,"1216743207_521930_7061_1-512.jpg"],[5,"1216743207_846948_7062_1-512.jpg"],[5,"1216743208_211910_7063_1-512.jpg"],[5,"1216743208_726933_7064_1-512.jpg"],[5,"1216743209_581527_7065_1-512.jpg"],[5,"1216743210_766478_7066_1-512.jpg"],[5,"1216743212_261262_7067_1-512.jpg"],[5,"1216743213_536283_7068_1-512.jpg"],[5,"1216743214_776857_7069_1-512.jpg"]],"material_ml":"painted","preds_construction":[[2,"1216742693_114859_5746_3-512.jpg"],[2,"1216742693_409662_5747_3-512.jpg"],[2,"1216742694_484883_5751_3-512.jpg"],[2,"1216742694_759657_5752_3-512.jpg"],[2,"1216742695_054672_5753_3-512.jpg"],[2,"1216742695_359923_5754_3-512.jpg"],[2,"1216742695_639648_5755_3-512.jpg"],[2,"1216742695_999667_5756_3-512.jpg"],[2,"1216742696_339675_5757_3-512.jpg"],[1,"1216742696_339675_5757_3-512.jpg"],[2,"1216742696_674669_5758_3-512.jpg"],[2,"1216742697_004805_5759_3-512.jpg"],[2,"1216742697_394751_5760_3-512.jpg"],[2,"1216742950_258444_6418_3-512.jpg"],[2,"1216742950_258444_6418_3-512.jpg"],[2,"1216742950_903419_6419_3-512.jpg"],[2,"1216742950_903419_6419_3-512.jpg"],[2,"1216742951_383363_6420_3-512.jpg"],[2,"1216742951_853247_6421_3-512.jpg"],[2,"1216742952_273327_6422_3-512.jpg"],[2,"1216743202_431950_7042_1-512.jpg"],[2,"1216743205_701966_7054_1-512.jpg"],[2,"1216743205_911957_7055_1-512.jpg"],[2,"1216743206_121963_7056_1-512.jpg"],[2,"1216743206_336954_7057_1-512.jpg"],[2,"1216743206_602082_7058_1-512.jpg"],[2,"1216743206_896778_7059_1-512.jpg"],[2,"1216743207_211960_7060_1-512.jpg"],[2,"1216743207_521930_7061_1-512.jpg"],[2,"1216743207_846948_7062_1-512.jpg"],[2,"1216743208_211910_7063_1-512.jpg"],[2,"1216743208_726933_7064_1-512.jpg"],[2,"1216743209_581527_7065_1-512.jpg"],[2,"1216743210_766478_7066_1-512.jpg"],[2,"1216743212_261262_7067_1-512.jpg"],[2,"1216743213_536283_7068_1-512.jpg"],[2,"1216743214_776857_7069_1-512.jpg"]],"construction_ml":"complete","preds_design":[[1,"1216742693_114859_5746_3-512.jpg"],[2,"1216742693_114859_5746_3-512.jpg"],[1,"1216742693_409662_5747_3-512.jpg"],[1,"1216742694_759657_5752_3-512.jpg"],[1,"1216742695_054672_5753_3-512.jpg"],[1,"1216742695_359923_5754_3-512.jpg"],[1,"1216742695_639648_5755_3-512.jpg"],[1,"1216742695_999667_5756_3-512.jpg"],[1,"1216742696_339675_5757_3-512.jpg"],[1,"1216742696_674669_5758_3-512.jpg"],[1,"1216742697_004805_5759_3-512.jpg"],[1,"1216742697_394751_5760_3-512.jpg"],[1,"1216742950_258444_6418_3-512.jpg"],[1,"1216742950_903419_6419_3-512.jpg"],[1,"1216742951_383363_6420_3-512.jpg"],[1,"1216742951_853247_6421_3-512.jpg"],[1,"1216742952_273327_6422_3-512.jpg"],[2,"1216743202_431950_7042_1-512.jpg"],[2,"1216743205_701966_7054_1-512.jpg"],[2,"1216743205_911957_7055_1-512.jpg"],[2,"1216743206_121963_7056_1-512.jpg"],[2,"1216743206_336954_7057_1-512.jpg"],[2,"1216743206_602082_7058_1-512.jpg"],[2,"1216743206_896778_7059_1-512.jpg"],[2,"1216743207_211960_7060_1-512.jpg"],[2,"1216743207_521930_7061_1-512.jpg"],[2,"1216743207_846948_7062_1-512.jpg"],[2,"1216743208_211910_7063_1-512.jpg"],[2,"1216743208_726933_7064_1-512.jpg"],[2,"1216743209_581527_7065_1-512.jpg"],[2,"1216743210_766478_7066_1-512.jpg"],[2,"1216743212_261262_7067_1-512.jpg"],[2,"1216743213_536283_7068_1-512.jpg"],[2,"1216743214_776857_7069_1-512.jpg"]],"design_ml":"designed","images":[]}
