{"MATERIAL":"corrugated metal","AVG_SLOPE":3.16132615449,"AVG_HEIGHT":6.22686084525,"TERAIN_SLP":3.3787897853,"AREA":68.1663120025,"VOLUME":424,"FLOORS":2,"INT_ZONE":"Borde Rural","FLOOD":2,"LANDSLIDE":"Amenaza Media","LEGAL_ID":"311","LEGAL_NAME":"EL MIRADOR","LEGAL_AREA":11.06,"LEGAL_LOTS":989,"LEGAL_POP":5340.6,"LEGAL_DENS":89.42,"LEGALIZING":null,"BLOCK_ID_":"002570046","BLOCK_POP":37,"BLOCK_BLD":9,"BLOCK_RISK":9.1915159,"BLOCK_EDU":0,"BLOCK_HLTH":13.690983,"BLOCK_TRAN":99.843864,"BLOCK_CULT":0,"BLOCK_PARK":1.6480601,"BLOCK_SEC":100,"BLOCK_CENT":0,"BLOCK_DEF":33.3333333333,"BLD_INHAB":4,"OBJECTID":2,"AO_225":0.2,"id":1251,"preds_material":[[5,"1216742698_949593_5765_3-512.jpg"],[5,"1216742699_209583_5766_3-512.jpg"],[5,"1216742699_209583_5766_3-512.jpg"],[5,"1216742699_464580_5767_3-512.jpg"],[5,"1216742699_714604_5768_3-512.jpg"],[2,"1216742702_124650_5778_3-512.jpg"],[2,"1216742702_364631_5779_3-512.jpg"],[2,"1216742702_589641_5780_3-512.jpg"],[2,"1216742702_814608_5781_3-512.jpg"],[2,"1216742703_039566_5782_3-512.jpg"],[2,"1216742703_264625_5783_3-512.jpg"],[2,"1216742703_494571_5784_3-512.jpg"],[2,"1216742703_679620_5785_3-512.jpg"],[2,"1216742703_919603_5786_3-512.jpg"],[2,"1216742704_159639_5787_3-512.jpg"],[2,"1216742704_399629_5788_3-512.jpg"],[2,"1216742704_639653_5789_3-512.jpg"],[2,"1216742704_879530_5790_3-512.jpg"],[2,"1216742705_119571_5791_3-512.jpg"],[2,"1216742705_364633_5792_3-512.jpg"],[2,"1216742705_614624_5793_3-512.jpg"],[2,"1216742705_869620_5794_3-512.jpg"],[2,"1216742706_124629_5795_3-512.jpg"],[5,"1216742955_228122_6430_3-512.jpg"],[5,"1216742955_583116_6431_3-512.jpg"],[5,"1216742955_913293_6432_3-512.jpg"],[5,"1216742956_668452_6434_3-512.jpg"],[5,"1216742957_063521_6435_3-512.jpg"],[5,"1216742957_428403_6436_3-512.jpg"],[5,"1216742957_783346_6437_3-512.jpg"],[5,"1216742957_783346_6437_3-512.jpg"],[1,"1216742958_143314_6438_3-512.jpg"],[5,"1216742958_143314_6438_3-512.jpg"],[5,"1216742958_518363_6439_3-512.jpg"],[5,"1216742959_938234_6443_3-512.jpg"],[5,"1216743014_332800_6611_3-512.jpg"],[5,"1216743195_996552_7034_3-512.jpg"],[5,"1216743197_246529_7035_3-512.jpg"],[5,"1216743198_371596_7036_3-512.jpg"]],"material_ml":"painted","preds_construction":[[2,"1216742698_949593_5765_3-512.jpg"],[1,"1216742698_949593_5765_3-512.jpg"],[2,"1216742699_209583_5766_3-512.jpg"],[2,"1216742699_464580_5767_3-512.jpg"],[2,"1216742699_714604_5768_3-512.jpg"],[2,"1216742702_124650_5778_3-512.jpg"],[2,"1216742702_364631_5779_3-512.jpg"],[1,"1216742702_364631_5779_3-512.jpg"],[2,"1216742702_589641_5780_3-512.jpg"],[2,"1216742702_814608_5781_3-512.jpg"],[2,"1216742703_039566_5782_3-512.jpg"],[2,"1216742703_264625_5783_3-512.jpg"],[2,"1216742703_494571_5784_3-512.jpg"],[2,"1216742703_679620_5785_3-512.jpg"],[2,"1216742703_919603_5786_3-512.jpg"],[2,"1216742704_159639_5787_3-512.jpg"],[2,"1216742704_399629_5788_3-512.jpg"],[2,"1216742704_639653_5789_3-512.jpg"],[2,"1216742704_879530_5790_3-512.jpg"],[2,"1216742705_119571_5791_3-512.jpg"],[2,"1216742705_364633_5792_3-512.jpg"],[2,"1216742705_614624_5793_3-512.jpg"],[2,"1216742705_869620_5794_3-512.jpg"],[2,"1216742954_878346_6429_3-512.jpg"],[2,"1216742955_228122_6430_3-512.jpg"],[2,"1216742955_583116_6431_3-512.jpg"],[2,"1216742955_913293_6432_3-512.jpg"],[2,"1216742956_668452_6434_3-512.jpg"],[2,"1216742957_063521_6435_3-512.jpg"],[2,"1216742957_428403_6436_3-512.jpg"],[2,"1216742957_783346_6437_3-512.jpg"],[2,"1216742958_143314_6438_3-512.jpg"],[2,"1216742958_518363_6439_3-512.jpg"],[2,"1216743195_996552_7034_3-512.jpg"],[2,"1216743197_246529_7035_3-512.jpg"],[2,"1216743198_371596_7036_3-512.jpg"]],"construction_ml":"complete","preds_design":[[1,"1216742698_949593_5765_3-512.jpg"],[1,"1216742699_209583_5766_3-512.jpg"],[1,"1216742699_209583_5766_3-512.jpg"],[1,"1216742699_464580_5767_3-512.jpg"],[1,"1216742699_714604_5768_3-512.jpg"],[2,"1216742702_124650_5778_3-512.jpg"],[2,"1216742702_364631_5779_3-512.jpg"],[2,"1216742702_589641_5780_3-512.jpg"],[2,"1216742702_814608_5781_3-512.jpg"],[2,"1216742703_039566_5782_3-512.jpg"],[2,"1216742703_264625_5783_3-512.jpg"],[2,"1216742703_494571_5784_3-512.jpg"],[2,"1216742703_679620_5785_3-512.jpg"],[2,"1216742703_919603_5786_3-512.jpg"],[2,"1216742704_159639_5787_3-512.jpg"],[2,"1216742704_399629_5788_3-512.jpg"],[2,"1216742704_639653_5789_3-512.jpg"],[2,"1216742704_879530_5790_3-512.jpg"],[2,"1216742705_119571_5791_3-512.jpg"],[2,"1216742705_364633_5792_3-512.jpg"],[2,"1216742705_614624_5793_3-512.jpg"],[2,"1216742705_869620_5794_3-512.jpg"],[2,"1216742705_869620_5794_3-512.jpg"],[2,"1216742706_124629_5795_3-512.jpg"],[2,"1216742706_379783_5796_3-512.jpg"],[2,"1216742954_878346_6429_3-512.jpg"],[2,"1216742955_228122_6430_3-512.jpg"],[2,"1216742955_583116_6431_3-512.jpg"],[2,"1216742955_913293_6432_3-512.jpg"],[2,"1216742956_668452_6434_3-512.jpg"],[2,"1216742957_063521_6435_3-512.jpg"],[2,"1216742957_428403_6436_3-512.jpg"],[2,"1216742957_783346_6437_3-512.jpg"],[2,"1216742958_143314_6438_3-512.jpg"],[2,"1216742958_518363_6439_3-512.jpg"],[2,"1216743195_996552_7034_3-512.jpg"],[2,"1216743197_246529_7035_3-512.jpg"],[2,"1216743198_371596_7036_3-512.jpg"],[1,"1216743199_341986_7037_3-512.jpg"]],"design_ml":"designed","images":[]}
