{"MATERIAL":"corrugated metal/heavily patched","AVG_SLOPE":6.1468939794,"AVG_HEIGHT":4.43805254844,"TERAIN_SLP":7.51810810695,"AREA":68.6868547255,"VOLUME":305,"FLOORS":2,"INT_ZONE":"Borde Rural","FLOOD":2,"LANDSLIDE":"Amenaza Media","LEGAL_ID":"311","LEGAL_NAME":"EL MIRADOR","LEGAL_AREA":11.06,"LEGAL_LOTS":989,"LEGAL_POP":5340.6,"LEGAL_DENS":89.42,"LEGALIZING":null,"BLOCK_ID_":"002570046","BLOCK_POP":37,"BLOCK_BLD":9,"BLOCK_RISK":9.1915159,"BLOCK_EDU":0,"BLOCK_HLTH":13.690983,"BLOCK_TRAN":99.843864,"BLOCK_CULT":0,"BLOCK_PARK":1.6480601,"BLOCK_SEC":100,"BLOCK_CENT":0,"BLOCK_DEF":33.3333333333,"BLD_INHAB":4,"OBJECTID":2,"AO_225":0.2,"id":1257,"preds_material":[[5,"1216743181_006981_7005_3-512.jpg"],[5,"1216743181_327044_7006_3-512.jpg"],[5,"1216743181_591942_7007_3-512.jpg"],[5,"1216743181_856965_7008_3-512.jpg"],[5,"1216743182_137002_7009_3-512.jpg"],[5,"1216743182_392106_7010_3-512.jpg"],[5,"1216743182_747049_7011_3-512.jpg"],[5,"1216743182_747049_7011_3-512.jpg"],[5,"1216743183_097054_7012_3-512.jpg"],[5,"1216743183_472074_7013_3-512.jpg"],[5,"1216743183_802279_7014_3-512.jpg"],[5,"1216743185_037247_7018_3-512.jpg"],[5,"1216743185_407224_7019_3-512.jpg"]],"material_ml":"painted","preds_construction":[[2,"1216743181_006981_7005_3-512.jpg"],[2,"1216743181_327044_7006_3-512.jpg"],[2,"1216743181_591942_7007_3-512.jpg"],[2,"1216743181_856965_7008_3-512.jpg"],[2,"1216743182_137002_7009_3-512.jpg"],[2,"1216743182_392106_7010_3-512.jpg"],[2,"1216743182_392106_7010_3-512.jpg"],[2,"1216743182_747049_7011_3-512.jpg"],[2,"1216743182_747049_7011_3-512.jpg"],[2,"1216743183_097054_7012_3-512.jpg"],[2,"1216743183_472074_7013_3-512.jpg"],[2,"1216743185_037247_7018_3-512.jpg"],[2,"1216743185_407224_7019_3-512.jpg"],[2,"1216743185_762192_7020_3-512.jpg"]],"construction_ml":"complete","preds_design":[[1,"1216743181_006981_7005_3-512.jpg"],[1,"1216743181_327044_7006_3-512.jpg"],[1,"1216743181_591942_7007_3-512.jpg"],[1,"1216743181_856965_7008_3-512.jpg"],[1,"1216743182_137002_7009_3-512.jpg"],[1,"1216743182_392106_7010_3-512.jpg"],[2,"1216743182_392106_7010_3-512.jpg"],[2,"1216743182_747049_7011_3-512.jpg"],[2,"1216743182_747049_7011_3-512.jpg"],[1,"1216743182_747049_7011_3-512.jpg"],[2,"1216743183_097054_7012_3-512.jpg"],[2,"1216743183_472074_7013_3-512.jpg"],[1,"1216743183_802279_7014_3-512.jpg"],[2,"1216743183_802279_7014_3-512.jpg"],[2,"1216743185_037247_7018_3-512.jpg"],[2,"1216743185_407224_7019_3-512.jpg"]],"design_ml":"undesigned","images":[]}
