{"MATERIAL":"corrugated metal","AVG_SLOPE":5.74108559237,"AVG_HEIGHT":3.22097301636,"TERAIN_SLP":2.13804926255,"AREA":61.3494121732,"VOLUME":198,"FLOORS":2,"INT_ZONE":"Borde Rural","FLOOD":1,"LANDSLIDE":"Amenaza Baja","LEGAL_ID":"358","LEGAL_NAME":"EL PARAISO","LEGAL_AREA":26.04,"LEGAL_LOTS":2077,"LEGAL_POP":11215.8,"LEGAL_DENS":79.76190476,"LEGALIZING":null,"BLOCK_ID_":"002565005","BLOCK_POP":176,"BLOCK_BLD":41,"BLOCK_RISK":33.237366,"BLOCK_EDU":0,"BLOCK_HLTH":10.076873,"BLOCK_TRAN":62.137344,"BLOCK_CULT":0,"BLOCK_PARK":0,"BLOCK_SEC":100,"BLOCK_CENT":0,"BLOCK_DEF":48.7804878049,"BLD_INHAB":4,"OBJECTID":2,"AO_225":0.2,"id":126,"preds_material":[[5,"1216744487_190372_9789_3-512.jpg"],[5,"1216744488_145344_9790_3-512.jpg"],[5,"1216744489_195410_9791_3-512.jpg"],[5,"1216744492_240388_9794_3-512.jpg"],[1,"1216744493_135334_9795_3-512.jpg"],[5,"1216744815_208807_10526_3-512.jpg"],[3,"1216744815_208807_10526_3-512.jpg"],[5,"1216744817_773870_10531_3-512.jpg"]],"material_ml":"painted","preds_construction":[[2,"1216744492_240388_9794_3-512.jpg"],[1,"1216744493_135334_9795_3-512.jpg"],[2,"1216744493_135334_9795_3-512.jpg"],[2,"1216744815_208807_10526_3-512.jpg"],[2,"1216744817_773870_10531_3-512.jpg"],[2,"1216744817_773870_10531_3-512.jpg"]],"construction_ml":"complete","preds_design":[[2,"1216744492_240388_9794_3-512.jpg"],[2,"1216744493_135334_9795_3-512.jpg"],[1,"1216744815_208807_10526_3-512.jpg"],[2,"1216744817_773870_10531_3-512.jpg"]],"design_ml":"designed","images":[]}
