{"MATERIAL":"corrugated metal","AVG_SLOPE":7.63653047909,"AVG_HEIGHT":2.24046242835,"TERAIN_SLP":3.71964486866,"AREA":57.9943007263,"VOLUME":130,"FLOORS":1,"INT_ZONE":"Borde Rural","FLOOD":1,"LANDSLIDE":"Amenaza Media","LEGAL_ID":"311","LEGAL_NAME":"EL MIRADOR","LEGAL_AREA":11.06,"LEGAL_LOTS":989,"LEGAL_POP":5340.6,"LEGAL_DENS":89.42,"LEGALIZING":null,"BLOCK_ID_":"002570045","BLOCK_POP":29,"BLOCK_BLD":10,"BLOCK_RISK":9.4966354,"BLOCK_EDU":0,"BLOCK_HLTH":12.654124,"BLOCK_TRAN":99.633873,"BLOCK_CULT":0,"BLOCK_PARK":1.5220021,"BLOCK_SEC":100,"BLOCK_CENT":0,"BLOCK_DEF":30,"BLD_INHAB":3,"OBJECTID":2,"AO_225":0.2,"id":1261,"preds_material":[[1,"1216743033_948031_6661_1-512.jpg"],[5,"1216743034_142834_6662_1-512.jpg"],[1,"1216743034_142834_6662_1-512.jpg"],[1,"1216743034_337930_6663_1-512.jpg"],[5,"1216743034_537962_6664_1-512.jpg"],[1,"1216743034_537962_6664_1-512.jpg"],[5,"1216743034_717860_6665_1-512.jpg"],[1,"1216743034_717860_6665_1-512.jpg"],[5,"1216743034_717860_6665_1-512.jpg"],[5,"1216743034_907982_6666_1-512.jpg"],[1,"1216743034_907982_6666_1-512.jpg"],[5,"1216743034_907982_6666_1-512.jpg"],[5,"1216743035_097977_6667_1-512.jpg"],[1,"1216743035_097977_6667_1-512.jpg"],[5,"1216743035_097977_6667_1-512.jpg"],[5,"1216743035_282854_6668_1-512.jpg"],[1,"1216743035_282854_6668_1-512.jpg"],[5,"1216743035_282854_6668_1-512.jpg"],[5,"1216743035_477893_6669_1-512.jpg"],[1,"1216743035_477893_6669_1-512.jpg"],[5,"1216743035_477893_6669_1-512.jpg"],[5,"1216743035_677908_6670_1-512.jpg"],[1,"1216743035_677908_6670_1-512.jpg"],[5,"1216743035_677908_6670_1-512.jpg"],[1,"1216743035_917846_6671_1-512.jpg"],[5,"1216743035_917846_6671_1-512.jpg"],[5,"1216743035_917846_6671_1-512.jpg"],[1,"1216743036_132929_6672_1-512.jpg"],[5,"1216743036_132929_6672_1-512.jpg"]],"material_ml":"painted","preds_construction":[[1,"1216743033_948031_6661_1-512.jpg"],[2,"1216743034_142834_6662_1-512.jpg"],[1,"1216743034_142834_6662_1-512.jpg"],[1,"1216743034_337930_6663_1-512.jpg"],[2,"1216743034_537962_6664_1-512.jpg"],[1,"1216743034_537962_6664_1-512.jpg"],[2,"1216743034_717860_6665_1-512.jpg"],[1,"1216743034_717860_6665_1-512.jpg"],[2,"1216743034_907982_6666_1-512.jpg"],[1,"1216743034_907982_6666_1-512.jpg"],[2,"1216743035_097977_6667_1-512.jpg"],[1,"1216743035_097977_6667_1-512.jpg"],[1,"1216743035_282854_6668_1-512.jpg"],[2,"1216743035_282854_6668_1-512.jpg"],[1,"1216743035_477893_6669_1-512.jpg"],[2,"1216743035_477893_6669_1-512.jpg"],[1,"1216743035_677908_6670_1-512.jpg"],[2,"1216743035_677908_6670_1-512.jpg"],[1,"1216743035_917846_6671_1-512.jpg"],[2,"1216743035_917846_6671_1-512.jpg"],[1,"1216743036_132929_6672_1-512.jpg"]],"construction_ml":"incomplete","preds_design":[[2,"1216743033_948031_6661_1-512.jpg"],[2,"1216743034_142834_6662_1-512.jpg"],[2,"1216743034_142834_6662_1-512.jpg"],[2,"1216743034_337930_6663_1-512.jpg"],[2,"1216743034_537962_6664_1-512.jpg"],[2,"1216743034_537962_6664_1-512.jpg"],[2,"1216743034_717860_6665_1-512.jpg"],[2,"1216743034_717860_6665_1-512.jpg"],[2,"1216743034_907982_6666_1-512.jpg"],[2,"1216743034_907982_6666_1-512.jpg"],[2,"1216743035_097977_6667_1-512.jpg"],[2,"1216743035_097977_6667_1-512.jpg"],[2,"1216743035_282854_6668_1-512.jpg"],[2,"1216743035_282854_6668_1-512.jpg"],[2,"1216743035_477893_6669_1-512.jpg"],[2,"1216743035_477893_6669_1-512.jpg"],[2,"1216743035_677908_6670_1-512.jpg"],[2,"1216743035_677908_6670_1-512.jpg"],[2,"1216743035_917846_6671_1-512.jpg"],[2,"1216743035_917846_6671_1-512.jpg"],[2,"1216743036_132929_6672_1-512.jpg"]],"design_ml":"designed","images":[]}
