{"MATERIAL":"corrugated metal","AVG_SLOPE":6.96902736038,"AVG_HEIGHT":5.52093786835,"TERAIN_SLP":3.92066273165,"AREA":41.0940293877,"VOLUME":227,"FLOORS":2,"INT_ZONE":"Borde Rural","FLOOD":2,"LANDSLIDE":"Amenaza Media","LEGAL_ID":"311","LEGAL_NAME":"EL MIRADOR","LEGAL_AREA":11.06,"LEGAL_LOTS":989,"LEGAL_POP":5340.6,"LEGAL_DENS":89.42,"LEGALIZING":null,"BLOCK_ID_":"002570045","BLOCK_POP":29,"BLOCK_BLD":10,"BLOCK_RISK":9.4966354,"BLOCK_EDU":0,"BLOCK_HLTH":12.654124,"BLOCK_TRAN":99.633873,"BLOCK_CULT":0,"BLOCK_PARK":1.5220021,"BLOCK_SEC":100,"BLOCK_CENT":0,"BLOCK_DEF":30,"BLD_INHAB":3,"OBJECTID":2,"AO_225":0.2,"id":1263,"preds_material":[[1,"1216743061_008423_6737_1-512.jpg"],[1,"1216743062_023102_6738_1-512.jpg"],[1,"1216743062_572908_6739_1-512.jpg"],[1,"1216743063_072903_6740_1-512.jpg"],[1,"1216743064_857863_6744_1-512.jpg"],[1,"1216743065_217797_6745_1-512.jpg"]],"material_ml":"brick","preds_construction":[[2,"1216743061_008423_6737_1-512.jpg"],[2,"1216743062_023102_6738_1-512.jpg"],[2,"1216743062_572908_6739_1-512.jpg"],[2,"1216743063_072903_6740_1-512.jpg"],[2,"1216743064_857863_6744_1-512.jpg"],[2,"1216743065_217797_6745_1-512.jpg"]],"construction_ml":"complete","preds_design":[[1,"1216743061_008423_6737_1-512.jpg"],[1,"1216743062_023102_6738_1-512.jpg"],[1,"1216743062_572908_6739_1-512.jpg"],[1,"1216743063_072903_6740_1-512.jpg"],[1,"1216743064_857863_6744_1-512.jpg"],[1,"1216743065_217797_6745_1-512.jpg"]],"design_ml":"undesigned","images":[]}
