{"MATERIAL":"corrugated metal","AVG_SLOPE":4.83684457176,"AVG_HEIGHT":7.56906691591,"TERAIN_SLP":9.2855966596,"AREA":79.1166554862,"VOLUME":599,"FLOORS":2,"INT_ZONE":"Borde Rural","FLOOD":2,"LANDSLIDE":"Amenaza Media","LEGAL_ID":"311","LEGAL_NAME":"EL MIRADOR","LEGAL_AREA":11.06,"LEGAL_LOTS":989,"LEGAL_POP":5340.6,"LEGAL_DENS":89.42,"LEGALIZING":null,"BLOCK_ID_":"002570045","BLOCK_POP":29,"BLOCK_BLD":10,"BLOCK_RISK":9.4966354,"BLOCK_EDU":0,"BLOCK_HLTH":12.654124,"BLOCK_TRAN":99.633873,"BLOCK_CULT":0,"BLOCK_PARK":1.5220021,"BLOCK_SEC":100,"BLOCK_CENT":0,"BLOCK_DEF":30,"BLD_INHAB":3,"OBJECTID":2,"AO_225":0.2,"id":1266,"preds_material":[[5,"1216742230_487135_4495_1-512.jpg"],[5,"1216742230_687122_4496_1-512.jpg"],[5,"1216742230_892077_4497_1-512.jpg"],[5,"1216742231_102053_4498_1-512.jpg"],[5,"1216742231_312050_4499_1-512.jpg"],[5,"1216742231_522055_4500_1-512.jpg"],[5,"1216742231_732011_4501_1-512.jpg"],[5,"1216742231_952094_4502_1-512.jpg"],[5,"1216742232_182044_4503_1-512.jpg"],[5,"1216742232_407150_4504_1-512.jpg"],[5,"1216742232_627105_4505_1-512.jpg"],[5,"1216742232_847110_4506_1-512.jpg"],[5,"1216742233_087131_4507_1-512.jpg"],[5,"1216742233_327122_4508_1-512.jpg"],[5,"1216742233_571996_4509_1-512.jpg"],[5,"1216742233_812003_4510_1-512.jpg"],[1,"1216742234_006971_4511_1-512.jpg"],[5,"1216742234_006971_4511_1-512.jpg"],[5,"1216743044_562853_6706_1-512.jpg"],[5,"1216743044_832985_6707_1-512.jpg"],[5,"1216743045_122797_6708_1-512.jpg"],[5,"1216743045_122797_6708_1-512.jpg"],[5,"1216743045_432829_6709_1-512.jpg"],[5,"1216743045_432829_6709_1-512.jpg"],[5,"1216743045_797802_6710_1-512.jpg"],[5,"1216743045_797802_6710_1-512.jpg"],[5,"1216743045_797802_6710_1-512.jpg"],[5,"1216743046_183051_6711_1-512.jpg"],[5,"1216743046_183051_6711_1-512.jpg"],[5,"1216743046_583014_6712_1-512.jpg"],[5,"1216743046_583014_6712_1-512.jpg"],[5,"1216743047_053123_6713_1-512.jpg"],[5,"1216743047_053123_6713_1-512.jpg"],[5,"1216743047_713059_6714_1-512.jpg"],[5,"1216743047_713059_6714_1-512.jpg"],[5,"1216743048_438125_6715_1-512.jpg"],[5,"1216743049_783049_6717_1-512.jpg"],[5,"1216743050_293031_6718_1-512.jpg"],[5,"1216743050_793038_6719_1-512.jpg"],[5,"1216743051_248075_6720_1-512.jpg"],[5,"1216743051_637900_6721_1-512.jpg"],[5,"1216743052_022886_6722_1-512.jpg"],[5,"1216743052_417767_6723_1-512.jpg"],[5,"1216743052_848057_6724_1-512.jpg"],[1,"1216743052_848057_6724_1-512.jpg"],[5,"1216743053_313090_6725_1-512.jpg"],[1,"1216743053_313090_6725_1-512.jpg"],[5,"1216743053_772954_6726_1-512.jpg"],[1,"1216743053_772954_6726_1-512.jpg"],[1,"1216743054_182823_6727_1-512.jpg"],[5,"1216743054_182823_6727_1-512.jpg"],[1,"1216743054_537830_6728_1-512.jpg"],[1,"1216743054_887789_6729_1-512.jpg"],[1,"1216743055_237759_6730_1-512.jpg"],[5,"1216743160_266973_6969_3-512.jpg"],[5,"1216743161_157217_6971_3-512.jpg"],[5,"1216743161_472378_6972_3-512.jpg"],[5,"1216743161_747127_6973_3-512.jpg"],[5,"1216743162_582289_6976_3-512.jpg"]],"material_ml":"painted","preds_construction":[[2,"1216742230_487135_4495_1-512.jpg"],[2,"1216742230_687122_4496_1-512.jpg"],[1,"1216742230_687122_4496_1-512.jpg"],[2,"1216742230_892077_4497_1-512.jpg"],[1,"1216742230_892077_4497_1-512.jpg"],[2,"1216742231_102053_4498_1-512.jpg"],[2,"1216742231_312050_4499_1-512.jpg"],[2,"1216742231_522055_4500_1-512.jpg"],[2,"1216742231_732011_4501_1-512.jpg"],[2,"1216742231_952094_4502_1-512.jpg"],[2,"1216742232_182044_4503_1-512.jpg"],[1,"1216742232_182044_4503_1-512.jpg"],[2,"1216742232_407150_4504_1-512.jpg"],[1,"1216742232_407150_4504_1-512.jpg"],[2,"1216742232_627105_4505_1-512.jpg"],[2,"1216742232_847110_4506_1-512.jpg"],[2,"1216742233_087131_4507_1-512.jpg"],[2,"1216742233_327122_4508_1-512.jpg"],[2,"1216742233_571996_4509_1-512.jpg"],[2,"1216742233_812003_4510_1-512.jpg"],[2,"1216742234_006971_4511_1-512.jpg"],[2,"1216743044_562853_6706_1-512.jpg"],[2,"1216743044_832985_6707_1-512.jpg"],[2,"1216743045_122797_6708_1-512.jpg"],[2,"1216743045_122797_6708_1-512.jpg"],[2,"1216743045_432829_6709_1-512.jpg"],[2,"1216743045_432829_6709_1-512.jpg"],[2,"1216743045_797802_6710_1-512.jpg"],[2,"1216743045_797802_6710_1-512.jpg"],[1,"1216743045_797802_6710_1-512.jpg"],[2,"1216743046_183051_6711_1-512.jpg"],[2,"1216743046_183051_6711_1-512.jpg"],[2,"1216743046_583014_6712_1-512.jpg"],[2,"1216743046_583014_6712_1-512.jpg"],[2,"1216743047_053123_6713_1-512.jpg"],[2,"1216743047_053123_6713_1-512.jpg"],[2,"1216743047_713059_6714_1-512.jpg"],[2,"1216743047_713059_6714_1-512.jpg"],[2,"1216743048_438125_6715_1-512.jpg"],[2,"1216743049_783049_6717_1-512.jpg"],[2,"1216743050_293031_6718_1-512.jpg"],[2,"1216743050_793038_6719_1-512.jpg"],[2,"1216743051_248075_6720_1-512.jpg"],[2,"1216743051_637900_6721_1-512.jpg"],[2,"1216743052_022886_6722_1-512.jpg"],[2,"1216743052_417767_6723_1-512.jpg"],[2,"1216743052_848057_6724_1-512.jpg"],[2,"1216743052_848057_6724_1-512.jpg"],[2,"1216743053_313090_6725_1-512.jpg"],[2,"1216743053_313090_6725_1-512.jpg"],[2,"1216743053_772954_6726_1-512.jpg"],[2,"1216743053_772954_6726_1-512.jpg"],[2,"1216743054_182823_6727_1-512.jpg"],[2,"1216743054_182823_6727_1-512.jpg"],[2,"1216743054_537830_6728_1-512.jpg"],[2,"1216743054_887789_6729_1-512.jpg"],[2,"1216743055_237759_6730_1-512.jpg"],[2,"1216743160_752218_6970_3-512.jpg"],[2,"1216743161_157217_6971_3-512.jpg"],[2,"1216743161_472378_6972_3-512.jpg"],[2,"1216743161_747127_6973_3-512.jpg"]],"construction_ml":"complete","preds_design":[[1,"1216742230_487135_4495_1-512.jpg"],[1,"1216742230_687122_4496_1-512.jpg"],[1,"1216742230_892077_4497_1-512.jpg"],[1,"1216742231_102053_4498_1-512.jpg"],[1,"1216742231_312050_4499_1-512.jpg"],[1,"1216742231_522055_4500_1-512.jpg"],[1,"1216742231_732011_4501_1-512.jpg"],[1,"1216742231_952094_4502_1-512.jpg"],[1,"1216742232_182044_4503_1-512.jpg"],[1,"1216742232_407150_4504_1-512.jpg"],[1,"1216742232_627105_4505_1-512.jpg"],[1,"1216742232_847110_4506_1-512.jpg"],[1,"1216742233_087131_4507_1-512.jpg"],[1,"1216742233_327122_4508_1-512.jpg"],[1,"1216742233_571996_4509_1-512.jpg"],[1,"1216742233_812003_4510_1-512.jpg"],[1,"1216742234_006971_4511_1-512.jpg"],[2,"1216743044_562853_6706_1-512.jpg"],[2,"1216743044_832985_6707_1-512.jpg"],[2,"1216743045_122797_6708_1-512.jpg"],[2,"1216743045_122797_6708_1-512.jpg"],[2,"1216743045_432829_6709_1-512.jpg"],[2,"1216743045_432829_6709_1-512.jpg"],[2,"1216743045_797802_6710_1-512.jpg"],[2,"1216743045_797802_6710_1-512.jpg"],[2,"1216743045_797802_6710_1-512.jpg"],[2,"1216743046_183051_6711_1-512.jpg"],[2,"1216743046_583014_6712_1-512.jpg"],[2,"1216743046_583014_6712_1-512.jpg"],[2,"1216743047_053123_6713_1-512.jpg"],[2,"1216743047_053123_6713_1-512.jpg"],[2,"1216743047_713059_6714_1-512.jpg"],[2,"1216743047_713059_6714_1-512.jpg"],[2,"1216743048_438125_6715_1-512.jpg"],[1,"1216743049_783049_6717_1-512.jpg"],[1,"1216743050_293031_6718_1-512.jpg"],[1,"1216743050_793038_6719_1-512.jpg"],[1,"1216743051_248075_6720_1-512.jpg"],[1,"1216743051_637900_6721_1-512.jpg"],[1,"1216743052_022886_6722_1-512.jpg"],[1,"1216743052_417767_6723_1-512.jpg"],[1,"1216743052_848057_6724_1-512.jpg"],[1,"1216743052_848057_6724_1-512.jpg"],[1,"1216743053_313090_6725_1-512.jpg"],[1,"1216743053_313090_6725_1-512.jpg"],[1,"1216743053_772954_6726_1-512.jpg"],[1,"1216743053_772954_6726_1-512.jpg"],[1,"1216743054_182823_6727_1-512.jpg"],[1,"1216743054_182823_6727_1-512.jpg"],[1,"1216743054_537830_6728_1-512.jpg"],[1,"1216743054_887789_6729_1-512.jpg"],[1,"1216743055_237759_6730_1-512.jpg"],[1,"1216743160_266973_6969_3-512.jpg"],[1,"1216743160_752218_6970_3-512.jpg"],[1,"1216743161_157217_6971_3-512.jpg"],[1,"1216743161_472378_6972_3-512.jpg"],[1,"1216743161_747127_6973_3-512.jpg"]],"design_ml":"undesigned","images":[]}
