{"MATERIAL":"corrugated metal","AVG_SLOPE":5.16686031784,"AVG_HEIGHT":2.95562650922,"TERAIN_SLP":7.34105210681,"AREA":65.9230748504,"VOLUME":195,"FLOORS":1,"INT_ZONE":"Borde Rural","FLOOD":1,"LANDSLIDE":"Amenaza Media","LEGAL_ID":"311","LEGAL_NAME":"EL MIRADOR","LEGAL_AREA":11.06,"LEGAL_LOTS":989,"LEGAL_POP":5340.6,"LEGAL_DENS":89.42,"LEGALIZING":null,"BLOCK_ID_":"002570045","BLOCK_POP":29,"BLOCK_BLD":10,"BLOCK_RISK":9.4966354,"BLOCK_EDU":0,"BLOCK_HLTH":12.654124,"BLOCK_TRAN":99.633873,"BLOCK_CULT":0,"BLOCK_PARK":1.5220021,"BLOCK_SEC":100,"BLOCK_CENT":0,"BLOCK_DEF":30,"BLD_INHAB":3,"OBJECTID":2,"AO_225":0.2,"id":1267,"preds_material":[[5,"1216742226_132127_4473_1-512.jpg"],[5,"1216742226_332075_4474_1-512.jpg"],[5,"1216742226_527145_4475_1-512.jpg"],[5,"1216742226_722081_4476_1-512.jpg"],[5,"1216742226_917157_4477_1-512.jpg"],[5,"1216742227_112063_4478_1-512.jpg"],[5,"1216742227_307132_4479_1-512.jpg"],[5,"1216742227_502072_4480_1-512.jpg"],[5,"1216742227_692082_4481_1-512.jpg"],[5,"1216742227_887143_4482_1-512.jpg"],[5,"1216742228_087156_4483_1-512.jpg"],[5,"1216742228_282077_4484_1-512.jpg"],[1,"1216742228_282077_4484_1-512.jpg"],[5,"1216742228_482074_4485_1-512.jpg"],[5,"1216742228_682070_4486_1-512.jpg"],[1,"1216742228_682070_4486_1-512.jpg"],[1,"1216742228_882155_4487_1-512.jpg"],[5,"1216742228_882155_4487_1-512.jpg"],[5,"1216742229_082062_4488_1-512.jpg"],[1,"1216742229_082062_4488_1-512.jpg"],[5,"1216742229_277148_4489_1-512.jpg"],[1,"1216742229_277148_4489_1-512.jpg"],[5,"1216742229_477117_4490_1-512.jpg"],[5,"1216742229_682060_4491_1-512.jpg"],[5,"1216742229_877126_4492_1-512.jpg"],[5,"1216742230_077138_4493_1-512.jpg"],[5,"1216743038_042953_6680_1-512.jpg"],[5,"1216743038_042953_6680_1-512.jpg"],[5,"1216743038_327998_6681_1-512.jpg"],[5,"1216743038_327998_6681_1-512.jpg"],[5,"1216743038_622985_6682_1-512.jpg"],[5,"1216743038_622985_6682_1-512.jpg"],[5,"1216743038_927900_6683_1-512.jpg"],[5,"1216743038_927900_6683_1-512.jpg"],[5,"1216743039_243038_6684_1-512.jpg"],[5,"1216743039_243038_6684_1-512.jpg"],[5,"1216743039_557952_6685_1-512.jpg"],[5,"1216743039_557952_6685_1-512.jpg"],[6,"1216743039_557952_6685_1-512.jpg"],[5,"1216743039_862927_6686_1-512.jpg"],[5,"1216743039_862927_6686_1-512.jpg"],[6,"1216743039_862927_6686_1-512.jpg"],[5,"1216743039_862927_6686_1-512.jpg"],[5,"1216743040_157962_6687_1-512.jpg"],[5,"1216743040_157962_6687_1-512.jpg"],[5,"1216743040_157962_6687_1-512.jpg"],[5,"1216743040_457888_6688_1-512.jpg"],[5,"1216743040_457888_6688_1-512.jpg"],[5,"1216743040_728024_6689_1-512.jpg"],[5,"1216743040_728024_6689_1-512.jpg"],[5,"1216743040_988034_6690_1-512.jpg"],[5,"1216743040_988034_6690_1-512.jpg"],[5,"1216743040_988034_6690_1-512.jpg"],[5,"1216743041_238106_6691_1-512.jpg"],[5,"1216743041_238106_6691_1-512.jpg"],[5,"1216743041_238106_6691_1-512.jpg"],[5,"1216743041_477927_6692_1-512.jpg"],[5,"1216743041_477927_6692_1-512.jpg"],[5,"1216743041_707940_6693_1-512.jpg"],[5,"1216743041_707940_6693_1-512.jpg"],[5,"1216743041_707940_6693_1-512.jpg"],[5,"1216743041_907853_6694_1-512.jpg"],[5,"1216743041_907853_6694_1-512.jpg"],[5,"1216743042_157830_6695_1-512.jpg"],[5,"1216743042_157830_6695_1-512.jpg"],[5,"1216743042_397831_6696_1-512.jpg"],[5,"1216743042_397831_6696_1-512.jpg"],[5,"1216743042_397831_6696_1-512.jpg"],[5,"1216743042_622882_6697_1-512.jpg"],[5,"1216743042_622882_6697_1-512.jpg"],[5,"1216743042_622882_6697_1-512.jpg"],[5,"1216743042_847835_6698_1-512.jpg"],[5,"1216743042_847835_6698_1-512.jpg"],[5,"1216743042_847835_6698_1-512.jpg"],[5,"1216743043_057811_6699_1-512.jpg"],[5,"1216743043_057811_6699_1-512.jpg"],[5,"1216743043_057811_6699_1-512.jpg"],[5,"1216743043_257897_6700_1-512.jpg"],[5,"1216743043_257897_6700_1-512.jpg"],[5,"1216743043_257897_6700_1-512.jpg"],[5,"1216743043_457823_6701_1-512.jpg"],[5,"1216743043_457823_6701_1-512.jpg"],[5,"1216743043_652794_6702_1-512.jpg"],[5,"1216743043_652794_6702_1-512.jpg"],[5,"1216743043_837808_6703_1-512.jpg"],[5,"1216743043_837808_6703_1-512.jpg"],[5,"1216743044_072915_6704_1-512.jpg"],[5,"1216743044_322981_6705_1-512.jpg"],[5,"1216743162_322203_6975_3-512.jpg"],[5,"1216743162_582289_6976_3-512.jpg"],[5,"1216743162_837251_6977_3-512.jpg"],[5,"1216743163_137144_6978_3-512.jpg"],[5,"1216743163_367125_6979_3-512.jpg"],[5,"1216743163_597140_6980_3-512.jpg"],[5,"1216743163_822162_6981_3-512.jpg"],[5,"1216743164_057149_6982_3-512.jpg"],[5,"1216743164_057149_6982_3-512.jpg"],[5,"1216743164_302166_6983_3-512.jpg"],[5,"1216743164_302166_6983_3-512.jpg"],[5,"1216743164_547140_6984_3-512.jpg"],[5,"1216743164_547140_6984_3-512.jpg"],[5,"1216743164_797147_6985_3-512.jpg"],[5,"1216743164_797147_6985_3-512.jpg"],[5,"1216743165_057139_6986_3-512.jpg"],[5,"1216743165_057139_6986_3-512.jpg"],[5,"1216743165_342158_6987_3-512.jpg"],[5,"1216743165_342158_6987_3-512.jpg"],[5,"1216743165_637127_6988_3-512.jpg"],[5,"1216743165_932159_6989_3-512.jpg"],[5,"1216743166_247132_6990_3-512.jpg"]],"material_ml":"painted",