{"MATERIAL":"corrugated metal/heavily patched","AVG_SLOPE":7.69935937263,"AVG_HEIGHT":0.76579702495,"TERAIN_SLP":11.2028132194,"AREA":55.9632087967,"VOLUME":43,"FLOORS":1,"INT_ZONE":"Borde Rural","FLOOD":1,"LANDSLIDE":"Amenaza Media","LEGAL_ID":"311","LEGAL_NAME":"EL MIRADOR","LEGAL_AREA":11.06,"LEGAL_LOTS":989,"LEGAL_POP":5340.6,"LEGAL_DENS":89.42,"LEGALIZING":null,"BLOCK_ID_":"002570045","BLOCK_POP":29,"BLOCK_BLD":10,"BLOCK_RISK":9.4966354,"BLOCK_EDU":0,"BLOCK_HLTH":12.654124,"BLOCK_TRAN":99.633873,"BLOCK_CULT":0,"BLOCK_PARK":1.5220021,"BLOCK_SEC":100,"BLOCK_CENT":0,"BLOCK_DEF":30,"BLD_INHAB":3,"OBJECTID":2,"AO_225":0.2,"id":1269,"preds_material":[[5,"1216742229_277148_4489_1-512.jpg"],[5,"1216742229_477117_4490_1-512.jpg"],[5,"1216742229_682060_4491_1-512.jpg"],[5,"1216742229_877126_4492_1-512.jpg"],[5,"1216742230_077138_4493_1-512.jpg"],[5,"1216742230_282054_4494_1-512.jpg"],[5,"1216742230_282054_4494_1-512.jpg"],[5,"1216742230_487135_4495_1-512.jpg"],[5,"1216742230_687122_4496_1-512.jpg"],[5,"1216742230_892077_4497_1-512.jpg"],[5,"1216743043_457823_6701_1-512.jpg"],[5,"1216743043_652794_6702_1-512.jpg"],[5,"1216743043_837808_6703_1-512.jpg"],[5,"1216743044_072915_6704_1-512.jpg"],[5,"1216743044_072915_6704_1-512.jpg"],[5,"1216743044_322981_6705_1-512.jpg"],[5,"1216743044_322981_6705_1-512.jpg"],[5,"1216743044_562853_6706_1-512.jpg"],[5,"1216743044_562853_6706_1-512.jpg"],[5,"1216743044_832985_6707_1-512.jpg"],[5,"1216743045_122797_6708_1-512.jpg"],[5,"1216743045_432829_6709_1-512.jpg"],[5,"1216743048_438125_6715_1-512.jpg"],[5,"1216743049_153198_6716_1-512.jpg"],[5,"1216743162_026997_6974_3-512.jpg"],[5,"1216743162_837251_6977_3-512.jpg"],[5,"1216743163_137144_6978_3-512.jpg"],[5,"1216743163_367125_6979_3-512.jpg"],[5,"1216743163_822162_6981_3-512.jpg"]],"material_ml":"painted","preds_construction":[[2,"1216742229_277148_4489_1-512.jpg"],[2,"1216742229_477117_4490_1-512.jpg"],[2,"1216742229_682060_4491_1-512.jpg"],[2,"1216742229_877126_4492_1-512.jpg"],[2,"1216742230_077138_4493_1-512.jpg"],[2,"1216742230_282054_4494_1-512.jpg"],[2,"1216742230_282054_4494_1-512.jpg"],[2,"1216743043_652794_6702_1-512.jpg"],[2,"1216743043_837808_6703_1-512.jpg"],[2,"1216743044_072915_6704_1-512.jpg"],[1,"1216743044_072915_6704_1-512.jpg"],[1,"1216743044_322981_6705_1-512.jpg"],[2,"1216743044_322981_6705_1-512.jpg"],[1,"1216743044_562853_6706_1-512.jpg"],[1,"1216743044_832985_6707_1-512.jpg"],[1,"1216743045_122797_6708_1-512.jpg"],[1,"1216743045_432829_6709_1-512.jpg"],[2,"1216743048_438125_6715_1-512.jpg"],[2,"1216743049_153198_6716_1-512.jpg"],[2,"1216743162_026997_6974_3-512.jpg"],[2,"1216743162_322203_6975_3-512.jpg"],[2,"1216743162_582289_6976_3-512.jpg"],[2,"1216743162_837251_6977_3-512.jpg"],[2,"1216743162_837251_6977_3-512.jpg"],[2,"1216743163_137144_6978_3-512.jpg"],[2,"1216743163_137144_6978_3-512.jpg"],[2,"1216743163_367125_6979_3-512.jpg"]],"construction_ml":"complete","preds_design":[[1,"1216742229_277148_4489_1-512.jpg"],[1,"1216742229_477117_4490_1-512.jpg"],[1,"1216742229_682060_4491_1-512.jpg"],[1,"1216742229_877126_4492_1-512.jpg"],[1,"1216742230_077138_4493_1-512.jpg"],[1,"1216742230_282054_4494_1-512.jpg"],[2,"1216742230_282054_4494_1-512.jpg"],[2,"1216743043_652794_6702_1-512.jpg"],[2,"1216743043_837808_6703_1-512.jpg"],[2,"1216743044_072915_6704_1-512.jpg"],[2,"1216743044_072915_6704_1-512.jpg"],[2,"1216743044_322981_6705_1-512.jpg"],[2,"1216743044_322981_6705_1-512.jpg"],[2,"1216743044_562853_6706_1-512.jpg"],[2,"1216743044_832985_6707_1-512.jpg"],[2,"1216743045_122797_6708_1-512.jpg"],[2,"1216743045_432829_6709_1-512.jpg"],[2,"1216743048_438125_6715_1-512.jpg"],[2,"1216743049_153198_6716_1-512.jpg"],[1,"1216743162_026997_6974_3-512.jpg"],[1,"1216743162_322203_6975_3-512.jpg"],[1,"1216743162_582289_6976_3-512.jpg"],[1,"1216743162_837251_6977_3-512.jpg"],[1,"1216743163_137144_6978_3-512.jpg"],[1,"1216743163_137144_6978_3-512.jpg"]],"design_ml":"designed","images":[]}
