{"MATERIAL":"corrugated metal/heavily patched","AVG_SLOPE":5.00843366115,"AVG_HEIGHT":0.73740673336,"TERAIN_SLP":18.5528698532,"AREA":59.0995502357,"VOLUME":44,"FLOORS":1,"INT_ZONE":"Borde Rural","FLOOD":2,"LANDSLIDE":"Amenaza Alta","LEGAL_ID":"358","LEGAL_NAME":"EL PARAISO","LEGAL_AREA":26.04,"LEGAL_LOTS":2077,"LEGAL_POP":11215.8,"LEGAL_DENS":79.76190476,"LEGALIZING":null,"BLOCK_ID_":"002565010","BLOCK_POP":125,"BLOCK_BLD":36,"BLOCK_RISK":9.2362309,"BLOCK_EDU":0,"BLOCK_HLTH":14.29894,"BLOCK_TRAN":41.60239,"BLOCK_CULT":0,"BLOCK_PARK":21.804205,"BLOCK_SEC":100,"BLOCK_CENT":0,"BLOCK_DEF":36.1111111111,"BLD_INHAB":3,"OBJECTID":2,"AO_225":0.2,"id":1274,"preds_material":[[5,"1216743591_364347_7749_3-512.jpg"],[5,"1216743592_239363_7755_3-512.jpg"],[5,"1216743593_089351_7761_3-512.jpg"],[5,"1216743593_949231_7767_3-512.jpg"],[1,"1216743598_124265_7794_3-512.jpg"],[5,"1216743598_649207_7797_3-512.jpg"],[5,"1216743599_719146_7803_3-512.jpg"],[5,"1216743601_069181_7810_3-512.jpg"],[2,"1216743601_069181_7810_3-512.jpg"]],"material_ml":"painted","images":[]}
