{"MATERIAL":"corrugated metal","AVG_SLOPE":6.24478998471,"AVG_HEIGHT":4.29031927371,"TERAIN_SLP":10.7785545401,"AREA":59.6076425661,"VOLUME":256,"FLOORS":2,"INT_ZONE":"Borde Rural","FLOOD":2,"LANDSLIDE":"Amenaza Alta","LEGAL_ID":"358","LEGAL_NAME":"EL PARAISO","LEGAL_AREA":26.04,"LEGAL_LOTS":2077,"LEGAL_POP":11215.8,"LEGAL_DENS":79.76190476,"LEGALIZING":null,"BLOCK_ID_":"002565013","BLOCK_POP":114,"BLOCK_BLD":27,"BLOCK_RISK":1.9993384,"BLOCK_EDU":0.50855428,"BLOCK_HLTH":16.667124,"BLOCK_TRAN":40.232964,"BLOCK_CULT":0,"BLOCK_PARK":26.822498,"BLOCK_SEC":100,"BLOCK_CENT":0,"BLOCK_DEF":51.8518518519,"BLD_INHAB":4,"OBJECTID":2,"AO_225":0.2,"id":1280,"preds_material":[[5,"1216743534_139796_7688_3-512.jpg"],[1,"1216743596_964221_7787_1-512.jpg"],[1,"1216743597_124390_7788_1-512.jpg"]],"material_ml":"brick","preds_construction":[[1,"1216743596_964221_7787_1-512.jpg"],[2,"1216743596_964221_7787_1-512.jpg"],[2,"1216743597_124390_7788_1-512.jpg"]],"construction_ml":"complete","preds_design":[[2,"1216743596_964221_7787_1-512.jpg"],[2,"1216743597_124390_7788_1-512.jpg"]],"design_ml":"designed","images":[]}
