{"MATERIAL":"corrugated metal","AVG_SLOPE":6.65593166917,"AVG_HEIGHT":3.45608364063,"TERAIN_SLP":7.8044746177,"AREA":73.6403492929,"VOLUME":255,"FLOORS":2,"INT_ZONE":"Borde Rural","FLOOD":1,"LANDSLIDE":"Amenaza Alta","LEGAL_ID":"358","LEGAL_NAME":"EL PARAISO","LEGAL_AREA":26.04,"LEGAL_LOTS":2077,"LEGAL_POP":11215.8,"LEGAL_DENS":79.76190476,"LEGALIZING":null,"BLOCK_ID_":"002565013","BLOCK_POP":114,"BLOCK_BLD":27,"BLOCK_RISK":1.9993384,"BLOCK_EDU":0.50855428,"BLOCK_HLTH":16.667124,"BLOCK_TRAN":40.232964,"BLOCK_CULT":0,"BLOCK_PARK":26.822498,"BLOCK_SEC":100,"BLOCK_CENT":0,"BLOCK_DEF":51.8518518519,"BLD_INHAB":4,"OBJECTID":2,"AO_225":0.2,"id":1281,"preds_material":[[5,"1216743531_667057_7685_3-512.jpg"],[6,"1216743531_667057_7685_3-512.jpg"],[5,"1216743531_667057_7685_3-512.jpg"],[5,"1216743532_574835_7686_3-512.jpg"],[6,"1216743532_574835_7686_3-512.jpg"],[5,"1216743532_574835_7686_3-512.jpg"],[6,"1216743532_574835_7686_3-512.jpg"],[5,"1216743533_444861_7687_3-512.jpg"],[6,"1216743533_444861_7687_3-512.jpg"],[5,"1216743534_139796_7688_3-512.jpg"],[5,"1216743534_705232_7689_3-512.jpg"],[5,"1216743535_265058_7690_3-512.jpg"],[5,"1216743535_925038_7691_3-512.jpg"],[5,"1216743542_195207_7692_3-512.jpg"],[2,"1216743574_709585_7705_1-512.jpg"],[6,"1216743574_709585_7705_1-512.jpg"],[5,"1216743576_374426_7710_1-512.jpg"],[1,"1216743577_859521_7715_1-512.jpg"],[1,"1216743578_139726_7716_1-512.jpg"],[1,"1216743578_434416_7717_1-512.jpg"],[1,"1216743581_159222_7723_1-512.jpg"],[1,"1216743581_879231_7724_1-512.jpg"],[1,"1216743582_869196_7725_1-512.jpg"],[1,"1216743584_043984_7726_1-512.jpg"],[1,"1216743584_844129_7727_1-512.jpg"],[1,"1216743585_724036_7728_1-512.jpg"],[1,"1216743586_574132_7729_1-512.jpg"],[1,"1216743586_574132_7729_1-512.jpg"],[5,"1216743587_293984_7730_1-512.jpg"],[5,"1216743587_749215_7731_1-512.jpg"],[5,"1216743588_089261_7732_1-512.jpg"],[1,"1216743589_909284_7740_1-512.jpg"],[1,"1216743590_089294_7741_1-512.jpg"],[1,"1216743590_264210_7742_1-512.jpg"],[1,"1216743591_514189_7750_1-512.jpg"],[6,"1216743591_514189_7750_1-512.jpg"],[1,"1216743591_659302_7751_1-512.jpg"],[6,"1216743591_659302_7751_1-512.jpg"],[5,"1216743591_659302_7751_1-512.jpg"],[1,"1216743591_804216_7752_1-512.jpg"],[6,"1216743591_804216_7752_1-512.jpg"],[5,"1216743591_804216_7752_1-512.jpg"],[1,"1216743591_949304_7753_1-512.jpg"],[5,"1216743591_949304_7753_1-512.jpg"],[6,"1216743591_949304_7753_1-512.jpg"],[6,"1216743592_094222_7754_1-512.jpg"],[1,"1216743592_094222_7754_1-512.jpg"],[5,"1216743592_094222_7754_1-512.jpg"],[6,"1216743592_239363_7755_1-512.jpg"],[1,"1216743592_239363_7755_1-512.jpg"],[5,"1216743592_239363_7755_1-512.jpg"],[6,"1216743592_384242_7756_1-512.jpg"],[1,"1216743592_384242_7756_1-512.jpg"],[1,"1216743592_524293_7757_1-512.jpg"],[6,"1216743592_524293_7757_1-512.jpg"],[1,"1216743592_664252_7758_1-512.jpg"],[1,"1216743592_809305_7759_1-512.jpg"],[1,"1216743592_809305_7759_1-512.jpg"],[1,"1216743592_949362_7760_1-512.jpg"],[1,"1216743592_949362_7760_1-512.jpg"],[1,"1216743593_089351_7761_1-512.jpg"],[1,"1216743593_089351_7761_1-512.jpg"],[1,"1216743593_089351_7761_1-512.jpg"],[1,"1216743593_229324_7762_1-512.jpg"],[1,"1216743593_374275_7763_1-512.jpg"],[1,"1216743593_519272_7764_1-512.jpg"],[1,"1216743593_519272_7764_1-512.jpg"],[6,"1216743593_519272_7764_1-512.jpg"],[1,"1216743593_664161_7765_1-512.jpg"],[1,"1216743593_664161_7765_1-512.jpg"],[1,"1216743593_804169_7766_1-512.jpg"],[5,"1216743593_804169_7766_1-512.jpg"],[1,"1216743593_949231_7767_1-512.jpg"],[6,"1216743593_949231_7767_1-512.jpg"],[1,"1216743594_094188_7768_1-512.jpg"],[6,"1216743594_094188_7768_1-512.jpg"],[1,"1216743594_244196_7769_1-512.jpg"],[1,"1216743594_394207_7770_1-512.jpg"],[1,"1216743594_539292_7771_1-512.jpg"],[1,"1216743594_684213_7772_1-512.jpg"],[1,"1216743594_834265_7773_1-512.jpg"],[1,"1216743594_834265_7773_1-512.jpg"],[1,"1216743594_984263_7774_1-512.jpg"],[1,"1216743594_984263_7774_1-512.jpg"],[1,"1216743595_134413_7775_1-512.jpg"],[1,"1216743595_134413_7775_1-512.jpg"],[1,"1216743595_284303_7776_1-512.jpg"],[5,"1216743595_284303_7776_1-512.jpg"],[1,"1216743595_434288_7777_1-512.jpg"],[6,"1216743595_434288_7777_1-512.jpg"],[1,"1216743595_589215_7778_1-512.jpg"],[6,"1216743595_589215_7778_1-512.jpg"],[1,"1216743595_744137_7779_1-512.jpg"],[6,"1216743595_744137_7779_1-512.jpg"],[1,"1216743595_894142_7780_1-512.jpg"],[6,"1216743595_894142_7780_1-512.jpg"],[1,"1216743596_044155_7781_1-512.jpg"],[6,"1216743596_044155_7781_1-512.jpg"],[1,"1216743596_194138_7782_1-512.jpg"],[1,"1216743596_344183_7783_1-512.jpg"],[1,"1216743596_499264_7784_1-512.jpg"],[1,"1216743596_654215_7785_1-512.jpg"],[1,"1216743596_809319_7786_1-512.jpg"],[5,"1216743612_404833_7840_1-512.jpg"],[5,"1216743612_679832_7841_1-512.jpg"]],"material_ml":"brick","preds_construction":[[2,"1216743531_667057_7685_3-512.jpg"],[1,"1216743531_667057_7685_3-512.jpg"],[2,"1216743531_667057_7685_3-512.jpg"],[2,"1216743532_574835_7686_3-512.jpg"],[2,"1216743532_574835_7686_3-512.jpg"],[2,"1216743533_444861_7687_3-512.jpg"],[2,"1216743534_139796_7688_3-512.jpg"],[2,"1216743535_265058_7690_3-512.jpg"],[2,"1216743535_925038_7691_3-512.jpg"],[2,"1216743542_195207_7692_3-512.jpg"],[2,"1216743575_039434_7706_1-512.jpg"],[2,"1216743577_859521_7715_1-512.jpg"],[2,"1216743578_139726_7716_1-512.jpg"],[2,"1216743578_434416_7717_1-512.jpg"],[2,"1216743581_159222_7723_1-512.jpg"],[2,"1216743581_879231_7724_1-512.jpg"],[2,"1216743582_869196_7725_1-512.jpg"],[2,"1216743584_043984_7726_1-512.jpg"],[2,"1216743584_844129_7727_1-512.jpg"],[2,"1216743585_724036_7728_1-512.jpg"],[2,"1216743586_574132_7729_1-512.jpg"],[2,"1216743586_574132_7729_1-512.jpg"],[2,"1216743587_293984_7730_1-512.jpg"],[2,"1216743587_293984_7730_1-512.jpg"],[2,"1216743587_749215_7731_1-512.jpg"],[2,"1216743588_089261_7732_1-512.jpg"],[2,"1216743590_089294_7741_1-512.jpg"],[2,"1216743590_264210_7742_1-512.jpg"],[2,"1216743591_214266_7748_1-512.jpg"],[2,"1216743591_514189_7750_1-512.jpg"],[2,"1216743591_659302_7751_1-512.jpg"],[2,"1216743591_804216_7752_1-512.jpg"],[2,"1216743591_949304_7753_1-512.jpg"],[2,"1216743592_094222_7754_1-512.jpg"],[2,"1216743592_239363_7755_1-512.jpg"],[2,"1216743592_384242_7756_1-512.jpg"],[2,"1216743592_524293_7757_1-512.jpg"],[2,"1216743592_664252_7758_1-512.jpg"],[2,"1216743592_664252_7758_1-512.jpg"],[2,"1216743592_809305_7759_1-512.jpg"],[2,"1216743592_809305_7759_1-512.jpg"],[2,"1216743592_809305_7759_1-512.jpg"],[2,"1216743592_949362_7760_1-512.jpg"],[2,"1216743593_089351_7761_1-512.jpg"],[2,"1216743593_089351_7761_1-512.jpg"],[2,"1216743593_229324_7762_1-512.jpg"],[2,"1216743593_374275_7763_1-512.jpg"],[2,"1216743593_519272_7764_1-512.jpg"],[2,"1216743593_664161_7765_1-512.jpg"],[2,"1216743593_804169_7766_1-512.jpg"],[2,"1216743593_949231_7767_1-512.jpg"],[2,"1216743594_094188_7768_1-512.jpg"],[2,"1216743594_244196_7769_1-512.jpg"],[2,"1216743594_394207_7770_1-512.jpg"],[2,"1216743594_539292_7771_1-512.jpg"],[2,"1216743594_684213_7772_1-512.jpg"],[2,"1216743594_834265_7773_1-512.jpg"],[2,"1216743594_984263_7774_1-512.jpg"],[2,"1216743595_134413_7775_1-512.jpg"],[2,"1216743595_284303_7776_1-512.jpg"],[2,"1216743595_434288_7777_1-512.jpg"],[2,"1216743595_589215_7778_1-512.jpg"],[2,"1216743595_744137_7779_1-512.jpg"],[2,"1216743595_894142_7780_1-512.jpg"],[2,"1216743596_044155_7781_1-512.jpg"],[2,"1216743596_194138_7782_1-512.jpg"],[2,"1216743596_344183_7783_1-512.jpg"],[2,"1216743596_654215_7785_1-512.jpg"]],"construction_ml":"complete",