{"MATERIAL":"corrugated metal","AVG_SLOPE":7.78128913156,"AVG_HEIGHT":6.21677936636,"TERAIN_SLP":5.64905803722,"AREA":68.7569810196,"VOLUME":427,"FLOORS":2,"INT_ZONE":"Borde Rural","FLOOD":3,"LANDSLIDE":"Amenaza Media","LEGAL_ID":"358","LEGAL_NAME":"EL PARAISO","LEGAL_AREA":26.04,"LEGAL_LOTS":2077,"LEGAL_POP":11215.8,"LEGAL_DENS":79.76190476,"LEGALIZING":null,"BLOCK_ID_":"002565015","BLOCK_POP":110,"BLOCK_BLD":29,"BLOCK_RISK":2.3794487,"BLOCK_EDU":0.57826138,"BLOCK_HLTH":18.720201,"BLOCK_TRAN":43.340565,"BLOCK_CULT":0,"BLOCK_PARK":25.253223,"BLOCK_SEC":100,"BLOCK_CENT":0,"BLOCK_DEF":34.4827586207,"BLD_INHAB":4,"OBJECTID":2,"AO_225":0.2,"id":1285,"preds_material":[[5,"1216741085_293247_1586_3-512.jpg"],[5,"1216741085_983267_1587_3-512.jpg"],[5,"1216741086_698255_1588_3-512.jpg"],[5,"1216741087_393216_1589_3-512.jpg"],[5,"1216741088_313226_1590_3-512.jpg"],[5,"1216741089_373223_1591_3-512.jpg"],[6,"1216743531_667057_7685_1-512.jpg"],[5,"1216743531_667057_7685_1-512.jpg"],[5,"1216743532_574835_7686_1-512.jpg"],[1,"1216743532_574835_7686_1-512.jpg"],[6,"1216743532_574835_7686_1-512.jpg"],[1,"1216743533_444861_7687_1-512.jpg"],[5,"1216743533_444861_7687_1-512.jpg"],[5,"1216743534_139796_7688_1-512.jpg"],[1,"1216743534_139796_7688_1-512.jpg"],[5,"1216743534_705232_7689_1-512.jpg"],[2,"1216743534_705232_7689_1-512.jpg"],[5,"1216743535_265058_7690_1-512.jpg"],[2,"1216743535_265058_7690_1-512.jpg"],[2,"1216743535_925038_7691_1-512.jpg"],[5,"1216743535_925038_7691_1-512.jpg"],[1,"1216743535_925038_7691_1-512.jpg"],[5,"1216743542_195207_7692_1-512.jpg"],[2,"1216743547_523474_7693_1-512.jpg"],[5,"1216743547_523474_7693_1-512.jpg"],[2,"1216743551_983670_7694_1-512.jpg"],[5,"1216743551_983670_7694_1-512.jpg"],[2,"1216743556_438682_7695_1-512.jpg"],[5,"1216743556_438682_7695_1-512.jpg"],[2,"1216743561_423268_7696_1-512.jpg"],[5,"1216743561_423268_7696_1-512.jpg"],[2,"1216743567_052938_7697_1-512.jpg"],[5,"1216743567_052938_7697_1-512.jpg"],[2,"1216743569_293936_7698_1-512.jpg"],[2,"1216743570_539386_7699_1-512.jpg"],[2,"1216743571_349455_7700_1-512.jpg"],[5,"1216743571_349455_7700_1-512.jpg"],[2,"1216743572_514380_7701_1-512.jpg"],[5,"1216743572_514380_7701_1-512.jpg"],[2,"1216743573_304305_7702_1-512.jpg"],[5,"1216743573_304305_7702_1-512.jpg"],[5,"1216743573_854394_7703_1-512.jpg"],[5,"1216743574_324390_7704_1-512.jpg"],[5,"1216743575_039434_7706_1-512.jpg"],[5,"1216743575_374363_7707_1-512.jpg"],[1,"1216743575_729496_7708_1-512.jpg"],[1,"1216743576_064443_7709_1-512.jpg"],[1,"1216743576_374426_7710_1-512.jpg"],[1,"1216743576_674426_7711_1-512.jpg"],[1,"1216743576_984432_7712_1-512.jpg"],[1,"1216743577_294385_7713_1-512.jpg"],[1,"1216743577_589460_7714_1-512.jpg"],[1,"1216743577_859521_7715_1-512.jpg"],[1,"1216743578_139726_7716_1-512.jpg"],[6,"1216743605_189795_7827_3-512.jpg"],[5,"1216743605_189795_7827_3-512.jpg"],[6,"1216743605_519706_7828_3-512.jpg"],[5,"1216743605_519706_7828_3-512.jpg"],[5,"1216743605_884658_7829_3-512.jpg"],[6,"1216743605_884658_7829_3-512.jpg"],[5,"1216743606_349528_7830_3-512.jpg"],[5,"1216743607_029485_7831_3-512.jpg"],[5,"1216743608_049398_7832_3-512.jpg"],[5,"1216743608_979380_7833_3-512.jpg"],[5,"1216743608_979380_7833_3-512.jpg"],[1,"1216743608_979380_7833_3-512.jpg"],[5,"1216744642_104771_10046_1-512.jpg"]],"material_ml":"painted","preds_construction":[[2,"1216743531_667057_7685_1-512.jpg"],[2,"1216743532_574835_7686_1-512.jpg"],[1,"1216743532_574835_7686_1-512.jpg"],[2,"1216743533_444861_7687_1-512.jpg"],[1,"1216743533_444861_7687_1-512.jpg"],[2,"1216743534_139796_7688_1-512.jpg"],[1,"1216743534_139796_7688_1-512.jpg"],[2,"1216743534_705232_7689_1-512.jpg"],[2,"1216743534_705232_7689_1-512.jpg"],[2,"1216743535_265058_7690_1-512.jpg"],[2,"1216743535_265058_7690_1-512.jpg"],[2,"1216743535_925038_7691_1-512.jpg"],[2,"1216743535_925038_7691_1-512.jpg"],[2,"1216743542_195207_7692_1-512.jpg"],[2,"1216743547_523474_7693_1-512.jpg"],[2,"1216743547_523474_7693_1-512.jpg"],[2,"1216743551_983670_7694_1-512.jpg"],[2,"1216743551_983670_7694_1-512.jpg"],[2,"1216743556_438682_7695_1-512.jpg"],[2,"1216743556_438682_7695_1-512.jpg"],[2,"1216743561_423268_7696_1-512.jpg"],[2,"1216743561_423268_7696_1-512.jpg"],[2,"1216743567_052938_7697_1-512.jpg"],[2,"1216743567_052938_7697_1-512.jpg"],[2,"1216743569_293936_7698_1-512.jpg"],[2,"1216743570_539386_7699_1-512.jpg"],[2,"1216743570_539386_7699_1-512.jpg"],[2,"1216743571_349455_7700_1-512.jpg"],[2,"1216743571_349455_7700_1-512.jpg"],[2,"1216743572_514380_7701_1-512.jpg"],[2,"1216743572_514380_7701_1-512.jpg"],[2,"1216743573_304305_7702_1-512.jpg"],[2,"1216743573_304305_7702_1-512.jpg"],[1,"1216743573_854394_7703_1-512.jpg"],[1,"1216743574_324390_7704_1-512.jpg"],[1,"1216743574_709585_7705_1-512.jpg"],[1,"1216743575_039434_7706_1-512.jpg"],[1,"1216743575_374363_7707_1-512.jpg"],[2,"1216743575_374363_7707_1-512.jpg"],[2,"1216743575_374363_7707_1-512.jpg"],[2,"1216743575_729496_7708_1-512.jpg"],[2,"1216743575_729496_7708_1-512.jpg"],[2,"1216743576_064443_7709_1-512.jpg"],[2,"1216743576_374426_7710_1-512.jpg"],[2,"1216743576_674426_7711_1-512.jpg"],[2,"1216743576_674426_7711_1-512.jpg"],[2,"1216743576_984432_7712_1-512.jpg"],[2,"1216743577_294385_7713_1-512.jpg"],[1,"1216743577_589460_7714_1-512.jpg"],[2,"1216743577_589460_7714_1-512.jpg"],[2,"1216743577_859521_7715_1-512.jpg"],[1,"1216743577_859521_7715_1-512.jpg"],[2,"1216743578_139726_7716_1-512.jpg"],[1,"1216743578_139726_7716_1-512.jpg"],[2,"1216743605_189795_7827_3-512.jpg"],[2,"1216743605_519706_7828_3-512.jpg"],[2,"1216743605_884658_7829_3-512.jpg"],[2,"1216743606_349528_7830_3-512.jpg"],[2,"1216743607_029485_7831_3-512.jpg"],[2,"1216743608_049398_7832_3-512.jpg"],[2,"1216743608_979380_7833_3-512.jpg"],[2,"1216743608_979380_7833_3-512.jpg"],[2,"1216744642_104771_10046_1-512.jpg"]],"construction_ml":"complete",