{"MATERIAL":"corrugated metal","AVG_SLOPE":5.17568661838,"AVG_HEIGHT":5.68290005943,"TERAIN_SLP":3.46592284114,"AREA":69.2112408686,"VOLUME":393,"FLOORS":2,"INT_ZONE":"Borde Rural","FLOOD":2,"LANDSLIDE":"Amenaza Media","LEGAL_ID":"358","LEGAL_NAME":"EL PARAISO","LEGAL_AREA":26.04,"LEGAL_LOTS":2077,"LEGAL_POP":11215.8,"LEGAL_DENS":79.76190476,"LEGALIZING":null,"BLOCK_ID_":"002565007","BLOCK_POP":179,"BLOCK_BLD":46,"BLOCK_RISK":18.182732,"BLOCK_EDU":0,"BLOCK_HLTH":11.450012,"BLOCK_TRAN":51.88393,"BLOCK_CULT":0,"BLOCK_PARK":1.3759065,"BLOCK_SEC":55.302574,"BLOCK_CENT":0,"BLOCK_DEF":45.652173913,"BLD_INHAB":4,"OBJECTID":2,"AO_225":0.2,"id":132,"preds_material":[[5,"1216744512_760294_9809_3-512.jpg"],[5,"1216744513_760279_9810_3-512.jpg"]],"material_ml":"painted","images":[]}
