{"MATERIAL":"extreme haphazard","AVG_SLOPE":7.8028912266,"AVG_HEIGHT":1.92987651298,"TERAIN_SLP":11.6797311532,"AREA":57.1906567067,"VOLUME":110,"FLOORS":1,"INT_ZONE":"Borde Rural","FLOOD":1,"LANDSLIDE":"Amenaza Media","LEGAL_ID":"358","LEGAL_NAME":"EL PARAISO","LEGAL_AREA":26.04,"LEGAL_LOTS":2077,"LEGAL_POP":11215.8,"LEGAL_DENS":79.76190476,"LEGALIZING":null,"BLOCK_ID_":"002565014","BLOCK_POP":164,"BLOCK_BLD":34,"BLOCK_RISK":5.1446018,"BLOCK_EDU":0.50351471,"BLOCK_HLTH":16.516663,"BLOCK_TRAN":38.65815,"BLOCK_CULT":0,"BLOCK_PARK":43.092934,"BLOCK_SEC":64.0485,"BLOCK_CENT":0,"BLOCK_DEF":55.8823529412,"BLD_INHAB":5,"OBJECTID":2,"AO_225":0.2,"id":1335,"preds_construction":[[2,"1216743618_104757_7860_1-512.jpg"]],"construction_ml":"complete","images":[]}
