{"MATERIAL":"concrete","AVG_SLOPE":8.62277445204,"AVG_HEIGHT":6.18600384866,"TERAIN_SLP":6.33630133895,"AREA":74.2438413107,"VOLUME":459,"FLOORS":2,"INT_ZONE":"Borde Rural","FLOOD":1,"LANDSLIDE":"Amenaza Media","LEGAL_ID":"358","LEGAL_NAME":"EL PARAISO","LEGAL_AREA":26.04,"LEGAL_LOTS":2077,"LEGAL_POP":11215.8,"LEGAL_DENS":79.76190476,"LEGALIZING":null,"BLOCK_ID_":"002565014","BLOCK_POP":164,"BLOCK_BLD":34,"BLOCK_RISK":5.1446018,"BLOCK_EDU":0.50351471,"BLOCK_HLTH":16.516663,"BLOCK_TRAN":38.65815,"BLOCK_CULT":0,"BLOCK_PARK":43.092934,"BLOCK_SEC":64.0485,"BLOCK_CENT":0,"BLOCK_DEF":55.8823529412,"BLD_INHAB":5,"OBJECTID":2,"AO_225":0.2,"id":1337,"preds_material":[[5,"1216743516_600280_7670_3-512.jpg"],[5,"1216743516_875351_7671_3-512.jpg"],[5,"1216743516_875351_7671_3-512.jpg"],[5,"1216743517_160277_7672_3-512.jpg"],[5,"1216743517_160277_7672_3-512.jpg"],[5,"1216743517_440297_7673_3-512.jpg"],[5,"1216743517_440297_7673_3-512.jpg"],[5,"1216743517_735339_7674_3-512.jpg"],[5,"1216743517_735339_7674_3-512.jpg"],[5,"1216743517_995309_7675_3-512.jpg"],[5,"1216743518_265280_7676_3-512.jpg"],[5,"1216743518_265280_7676_3-512.jpg"],[6,"1216743518_265280_7676_3-512.jpg"],[5,"1216743518_525280_7677_3-512.jpg"],[6,"1216743518_525280_7677_3-512.jpg"],[5,"1216743518_775345_7678_3-512.jpg"],[6,"1216743518_775345_7678_3-512.jpg"],[5,"1216743518_775345_7678_3-512.jpg"],[6,"1216743519_055430_7679_3-512.jpg"],[5,"1216743519_055430_7679_3-512.jpg"],[6,"1216743519_355332_7680_3-512.jpg"],[5,"1216743519_355332_7680_3-512.jpg"],[5,"1216743519_675264_7681_3-512.jpg"],[6,"1216743519_675264_7681_3-512.jpg"],[5,"1216743520_085415_7682_3-512.jpg"],[5,"1216743520_590215_7683_3-512.jpg"],[5,"1216743521_330148_7684_3-512.jpg"],[5,"1216743617_795001_7859_1-512.jpg"],[5,"1216743619_340039_7864_1-512.jpg"],[5,"1216743619_605051_7865_1-512.jpg"],[5,"1216743619_859971_7866_1-512.jpg"],[5,"1216743620_109857_7867_1-512.jpg"],[5,"1216743620_319793_7868_1-512.jpg"],[5,"1216743620_555266_7869_1-512.jpg"],[5,"1216743620_785021_7870_1-512.jpg"],[5,"1216743621_044984_7871_1-512.jpg"],[5,"1216743621_270108_7872_1-512.jpg"],[5,"1216743621_495093_7873_1-512.jpg"],[5,"1216743621_725087_7874_1-512.jpg"],[5,"1216743621_949796_7875_1-512.jpg"],[5,"1216743622_229839_7876_1-512.jpg"],[5,"1216743622_504753_7877_1-512.jpg"],[5,"1216743622_780113_7878_1-512.jpg"],[5,"1216743623_039960_7879_1-512.jpg"],[5,"1216743623_309775_7880_1-512.jpg"],[5,"1216743623_589785_7881_1-512.jpg"]],"material_ml":"painted","preds_construction":[[2,"1216743516_600280_7670_3-512.jpg"],[2,"1216743516_875351_7671_3-512.jpg"],[2,"1216743516_875351_7671_3-512.jpg"],[2,"1216743517_160277_7672_3-512.jpg"],[2,"1216743517_160277_7672_3-512.jpg"],[2,"1216743517_440297_7673_3-512.jpg"],[2,"1216743517_440297_7673_3-512.jpg"],[2,"1216743517_735339_7674_3-512.jpg"],[2,"1216743517_735339_7674_3-512.jpg"],[2,"1216743517_995309_7675_3-512.jpg"],[2,"1216743518_265280_7676_3-512.jpg"],[2,"1216743518_265280_7676_3-512.jpg"],[2,"1216743518_525280_7677_3-512.jpg"],[2,"1216743518_525280_7677_3-512.jpg"],[2,"1216743518_775345_7678_3-512.jpg"],[2,"1216743518_775345_7678_3-512.jpg"],[2,"1216743519_055430_7679_3-512.jpg"],[2,"1216743519_055430_7679_3-512.jpg"],[2,"1216743519_355332_7680_3-512.jpg"],[2,"1216743519_675264_7681_3-512.jpg"],[2,"1216743520_085415_7682_3-512.jpg"],[2,"1216743520_590215_7683_3-512.jpg"],[2,"1216743521_330148_7684_3-512.jpg"],[2,"1216743619_059964_7863_1-512.jpg"],[2,"1216743619_340039_7864_1-512.jpg"],[2,"1216743619_605051_7865_1-512.jpg"],[2,"1216743619_859971_7866_1-512.jpg"],[2,"1216743620_109857_7867_1-512.jpg"],[2,"1216743620_319793_7868_1-512.jpg"],[2,"1216743620_555266_7869_1-512.jpg"],[2,"1216743620_785021_7870_1-512.jpg"],[2,"1216743621_044984_7871_1-512.jpg"],[2,"1216743621_270108_7872_1-512.jpg"],[2,"1216743621_495093_7873_1-512.jpg"],[2,"1216743621_725087_7874_1-512.jpg"],[2,"1216743621_949796_7875_1-512.jpg"],[2,"1216743622_229839_7876_1-512.jpg"],[2,"1216743622_504753_7877_1-512.jpg"],[2,"1216743622_780113_7878_1-512.jpg"],[2,"1216743623_039960_7879_1-512.jpg"],[2,"1216743623_309775_7880_1-512.jpg"],[2,"1216743623_589785_7881_1-512.jpg"]],"construction_ml":"complete","preds_design":[[2,"1216743516_600280_7670_3-512.jpg"],[2,"1216743516_875351_7671_3-512.jpg"],[2,"1216743516_875351_7671_3-512.jpg"],[2,"1216743517_160277_7672_3-512.jpg"],[2,"1216743517_160277_7672_3-512.jpg"],[2,"1216743517_440297_7673_3-512.jpg"],[2,"1216743517_440297_7673_3-512.jpg"],[2,"1216743517_735339_7674_3-512.jpg"],[2,"1216743517_735339_7674_3-512.jpg"],[2,"1216743517_995309_7675_3-512.jpg"],[1,"1216743517_995309_7675_3-512.jpg"],[2,"1216743518_265280_7676_3-512.jpg"],[1,"1216743518_265280_7676_3-512.jpg"],[2,"1216743518_265280_7676_3-512.jpg"],[2,"1216743518_525280_7677_3-512.jpg"],[2,"1216743518_525280_7677_3-512.jpg"],[1,"1216743518_525280_7677_3-512.jpg"],[2,"1216743518_775345_7678_3-512.jpg"],[2,"1216743518_775345_7678_3-512.jpg"],[1,"1216743518_775345_7678_3-512.jpg"],[2,"1216743519_055430_7679_3-512.jpg"],[1,"1216743519_055430_7679_3-512.jpg"],[2,"1216743519_055430_7679_3-512.jpg"],[2,"1216743519_355332_7680_3-512.jpg"],[2,"1216743519_675264_7681_3-512.jpg"],[2,"1216743520_085415_7682_3-512.jpg"],[2,"1216743520_590215_7683_3-512.jpg"],[2,"1216743521_330148_7684_3-512.jpg"],[2,"1216743619_340039_7864_1-512.jpg"],[2,"1216743619_605051_7865_1-512.jpg"],[2,"1216743619_859971_7866_1-512.jpg"],[2,"1216743620_109857_7867_1-512.jpg"],[2,"1216743620_319793_7868_1-512.jpg"],[2,"1216743620_555266_7869_1-512.jpg"],[2,"1216743620_785021_7870_1-512.jpg"],[2,"1216743621_044984_7871_1-512.jpg"],[2,"1216743621_270108_7872_1-512.jpg"],[2,"1216743621_495093_7873_1-512.jpg"],[2,"1216743621_725087_7874_1-512.jpg"],[2,"1216743621_949796_7875_1-512.jpg"],[2,"1216743622_229839_7876_1-512.jpg"],[2,"1216743622_504753_7877_1-512.jpg"],[2,"1216743622_780113_7878_1-512.jpg"],[2,"1216743623_039960_7879_1-512.jpg"],[2,"1216743623_309775_7880_1-512.jpg"],[2,"1216743623_589785_7881_1-512.jpg"],[2,"1216743623_869778_7882_1-512.jpg"]],"design_ml":"designed","images":[]}
