{"MATERIAL":"concrete","AVG_SLOPE":9.31000955846,"AVG_HEIGHT":5.59321154713,"TERAIN_SLP":1.03984520152,"AREA":65.7106861927,"VOLUME":368,"FLOORS":2,"INT_ZONE":"Borde Rural","FLOOD":1,"LANDSLIDE":"Amenaza Media","LEGAL_ID":"358","LEGAL_NAME":"EL PARAISO","LEGAL_AREA":26.04,"LEGAL_LOTS":2077,"LEGAL_POP":11215.8,"LEGAL_DENS":79.76190476,"LEGALIZING":null,"BLOCK_ID_":"002565015","BLOCK_POP":110,"BLOCK_BLD":29,"BLOCK_RISK":2.3794487,"BLOCK_EDU":0.57826138,"BLOCK_HLTH":18.720201,"BLOCK_TRAN":43.340565,"BLOCK_CULT":0,"BLOCK_PARK":25.253223,"BLOCK_SEC":100,"BLOCK_CENT":0,"BLOCK_DEF":34.4827586207,"BLD_INHAB":4,"OBJECTID":2,"AO_225":0.2,"id":1339,"preds_material":[[5,"1216741081_958321_1578_3-512.jpg"],[1,"1216741081_958321_1578_3-512.jpg"],[5,"1216741082_263256_1579_3-512.jpg"],[1,"1216741082_263256_1579_3-512.jpg"],[5,"1216741082_548278_1580_3-512.jpg"],[5,"1216741082_843267_1581_3-512.jpg"],[5,"1216741083_153276_1582_3-512.jpg"],[5,"1216741083_508252_1583_3-512.jpg"],[5,"1216741083_993252_1584_3-512.jpg"],[5,"1216741084_638300_1585_3-512.jpg"],[5,"1216741085_293247_1586_3-512.jpg"],[5,"1216741085_983267_1587_3-512.jpg"],[5,"1216744636_804839_10036_1-512.jpg"],[5,"1216744637_564881_10037_1-512.jpg"],[5,"1216744638_329884_10038_1-512.jpg"],[5,"1216744640_264928_10041_1-512.jpg"],[3,"1216744640_264928_10041_1-512.jpg"],[5,"1216744640_709685_10042_1-512.jpg"],[3,"1216744640_709685_10042_1-512.jpg"],[3,"1216744641_084696_10043_1-512.jpg"],[5,"1216744641_084696_10043_1-512.jpg"],[5,"1216744641_439656_10044_1-512.jpg"],[5,"1216744641_439656_10044_1-512.jpg"],[3,"1216744641_439656_10044_1-512.jpg"],[5,"1216744641_779635_10045_1-512.jpg"],[5,"1216744641_779635_10045_1-512.jpg"],[3,"1216744641_779635_10045_1-512.jpg"],[5,"1216744642_104771_10046_1-512.jpg"],[5,"1216744642_429722_10047_1-512.jpg"],[5,"1216744642_729714_10048_1-512.jpg"],[5,"1216744643_024681_10049_1-512.jpg"],[2,"1216744643_304682_10050_1-512.jpg"],[5,"1216744643_304682_10050_1-512.jpg"],[2,"1216744643_589615_10051_1-512.jpg"],[5,"1216744643_589615_10051_1-512.jpg"],[2,"1216744643_864821_10052_1-512.jpg"],[2,"1216744644_129716_10053_1-512.jpg"],[2,"1216744644_429596_10054_1-512.jpg"],[2,"1216744644_689694_10055_1-512.jpg"],[1,"1216744645_009767_10056_1-512.jpg"],[2,"1216744645_009767_10056_1-512.jpg"],[1,"1216744645_289740_10057_1-512.jpg"],[2,"1216744645_289740_10057_1-512.jpg"],[1,"1216744645_289740_10057_1-512.jpg"],[1,"1216744645_524647_10058_1-512.jpg"],[1,"1216744645_814764_10059_1-512.jpg"],[1,"1216744646_119868_10060_1-512.jpg"],[1,"1216744646_434798_10061_1-512.jpg"],[1,"1216744646_779650_10062_1-512.jpg"],[1,"1216744647_129692_10063_1-512.jpg"]],"material_ml":"painted","preds_construction":[[2,"1216741081_958321_1578_3-512.jpg"],[1,"1216741081_958321_1578_3-512.jpg"],[2,"1216741082_263256_1579_3-512.jpg"],[2,"1216741082_548278_1580_3-512.jpg"],[2,"1216741082_843267_1581_3-512.jpg"],[2,"1216741083_153276_1582_3-512.jpg"],[2,"1216741083_508252_1583_3-512.jpg"],[2,"1216741083_993252_1584_3-512.jpg"],[2,"1216741084_638300_1585_3-512.jpg"],[2,"1216741085_293247_1586_3-512.jpg"],[2,"1216741085_983267_1587_3-512.jpg"],[2,"1216744636_804839_10036_1-512.jpg"],[2,"1216744637_564881_10037_1-512.jpg"],[2,"1216744638_329884_10038_1-512.jpg"],[2,"1216744640_264928_10041_1-512.jpg"],[2,"1216744640_709685_10042_1-512.jpg"],[2,"1216744641_084696_10043_1-512.jpg"],[2,"1216744641_439656_10044_1-512.jpg"],[2,"1216744641_439656_10044_1-512.jpg"],[2,"1216744641_779635_10045_1-512.jpg"],[2,"1216744641_779635_10045_1-512.jpg"],[2,"1216744642_104771_10046_1-512.jpg"],[2,"1216744642_429722_10047_1-512.jpg"],[2,"1216744642_729714_10048_1-512.jpg"],[2,"1216744643_024681_10049_1-512.jpg"],[2,"1216744643_304682_10050_1-512.jpg"],[2,"1216744643_304682_10050_1-512.jpg"],[2,"1216744643_589615_10051_1-512.jpg"],[2,"1216744643_589615_10051_1-512.jpg"],[2,"1216744643_864821_10052_1-512.jpg"],[2,"1216744644_129716_10053_1-512.jpg"],[2,"1216744644_429596_10054_1-512.jpg"],[2,"1216744644_689694_10055_1-512.jpg"],[2,"1216744645_009767_10056_1-512.jpg"],[2,"1216744645_009767_10056_1-512.jpg"],[2,"1216744645_289740_10057_1-512.jpg"],[2,"1216744645_289740_10057_1-512.jpg"],[2,"1216744645_524647_10058_1-512.jpg"],[2,"1216744645_814764_10059_1-512.jpg"],[2,"1216744646_119868_10060_1-512.jpg"],[2,"1216744646_434798_10061_1-512.jpg"],[2,"1216744646_779650_10062_1-512.jpg"],[2,"1216744647_129692_10063_1-512.jpg"]],"construction_ml":"complete","preds_design":[[2,"1216741081_958321_1578_3-512.jpg"],[2,"1216741082_263256_1579_3-512.jpg"],[2,"1216741082_548278_1580_3-512.jpg"],[2,"1216741082_843267_1581_3-512.jpg"],[2,"1216741083_153276_1582_3-512.jpg"],[2,"1216741083_508252_1583_3-512.jpg"],[2,"1216741083_993252_1584_3-512.jpg"],[2,"1216741084_638300_1585_3-512.jpg"],[2,"1216741085_293247_1586_3-512.jpg"],[2,"1216741085_983267_1587_3-512.jpg"],[1,"1216744636_804839_10036_1-512.jpg"],[1,"1216744637_564881_10037_1-512.jpg"],[1,"1216744637_564881_10037_1-512.jpg"],[1,"1216744638_329884_10038_1-512.jpg"],[1,"1216744639_079752_10039_1-512.jpg"],[1,"1216744639_729802_10040_1-512.jpg"],[1,"1216744639_729802_10040_1-512.jpg"],[1,"1216744640_264928_10041_1-512.jpg"],[1,"1216744640_709685_10042_1-512.jpg"],[1,"1216744641_084696_10043_1-512.jpg"],[2,"1216744641_439656_10044_1-512.jpg"],[1,"1216744641_439656_10044_1-512.jpg"],[2,"1216744641_779635_10045_1-512.jpg"],[1,"1216744641_779635_10045_1-512.jpg"],[2,"1216744642_104771_10046_1-512.jpg"],[2,"1216744642_429722_10047_1-512.jpg"],[2,"1216744642_729714_10048_1-512.jpg"],[1,"1216744642_729714_10048_1-512.jpg"],[2,"1216744643_024681_10049_1-512.jpg"],[2,"1216744643_304682_10050_1-512.jpg"],[2,"1216744643_304682_10050_1-512.jpg"],[1,"1216744643_304682_10050_1-512.jpg"],[2,"1216744643_589615_10051_1-512.jpg"],[1,"1216744643_589615_10051_1-512.jpg"],[2,"1216744643_864821_10052_1-512.jpg"],[2,"1216744644_129716_10053_1-512.jpg"],[2,"1216744644_429596_10054_1-512.jpg"],[2,"1216744644_429596_10054_1-512.jpg"],[2,"1216744644_689694_10055_1-512.jpg"],[2,"1216744645_009767_10056_1-512.jpg"],[2,"1216744645_289740_10057_1-512.jpg"],[2,"1216744645_289740_10057_1-512.jpg"],[2,"1216744645_524647_10058_1-512.jpg"],[2,"1216744645_814764_10059_1-512.jpg"],[2,"1216744646_119868_10060_1-512.jpg"],[2,"1216744646_434798_10061_1-512.jpg"],[2,"1216744646_779650_10062_1-512.jpg"],[2,"1216744647_129692_10063_1-512.jpg"]],"design_ml":"designed","images":[]}
