{"MATERIAL":"corrugated metal","AVG_SLOPE":6.67824675664,"AVG_HEIGHT":4.3118098069,"TERAIN_SLP":11.9861128704,"AREA":66.7639113509,"VOLUME":288,"FLOORS":2,"INT_ZONE":"Borde Rural","FLOOD":2,"LANDSLIDE":"Amenaza Media","LEGAL_ID":"358","LEGAL_NAME":"EL PARAISO","LEGAL_AREA":26.04,"LEGAL_LOTS":2077,"LEGAL_POP":11215.8,"LEGAL_DENS":79.76190476,"LEGALIZING":null,"BLOCK_ID_":"002565008","BLOCK_POP":196,"BLOCK_BLD":51,"BLOCK_RISK":5.3271718,"BLOCK_EDU":0,"BLOCK_HLTH":12.281273,"BLOCK_TRAN":47.782475,"BLOCK_CULT":0,"BLOCK_PARK":18.900211,"BLOCK_SEC":100,"BLOCK_CENT":0,"BLOCK_DEF":45.0980392157,"BLD_INHAB":4,"OBJECTID":2,"AO_225":0.2,"id":134,"preds_material":[[1,"1216744556_499897_9903_1-512.jpg"],[1,"1216744556_934806_9904_1-512.jpg"],[5,"1216744556_934806_9904_1-512.jpg"],[5,"1216744556_934806_9904_1-512.jpg"],[5,"1216744556_934806_9904_3-512.jpg"],[1,"1216744557_349901_9905_1-512.jpg"],[5,"1216744557_349901_9905_1-512.jpg"],[5,"1216744557_349901_9905_3-512.jpg"],[5,"1216744557_759801_9906_1-512.jpg"],[5,"1216744557_759801_9906_3-512.jpg"],[5,"1216744557_759801_9906_3-512.jpg"],[5,"1216744558_164809_9907_1-512.jpg"],[1,"1216744558_164809_9907_3-512.jpg"],[5,"1216744558_164809_9907_3-512.jpg"]],"material_ml":"painted","preds_construction":[[1,"1216744556_499897_9903_1-512.jpg"],[2,"1216744556_499897_9903_1-512.jpg"],[1,"1216744556_934806_9904_1-512.jpg"],[2,"1216744556_934806_9904_1-512.jpg"],[2,"1216744556_934806_9904_3-512.jpg"],[2,"1216744557_349901_9905_1-512.jpg"],[2,"1216744557_349901_9905_1-512.jpg"],[2,"1216744557_349901_9905_3-512.jpg"],[2,"1216744557_759801_9906_1-512.jpg"],[2,"1216744557_759801_9906_1-512.jpg"],[2,"1216744557_759801_9906_3-512.jpg"],[2,"1216744557_759801_9906_3-512.jpg"],[2,"1216744558_164809_9907_1-512.jpg"],[2,"1216744558_164809_9907_3-512.jpg"]],"construction_ml":"complete","preds_design":[[2,"1216744556_499897_9903_1-512.jpg"],[2,"1216744556_934806_9904_1-512.jpg"],[2,"1216744556_934806_9904_3-512.jpg"],[2,"1216744557_349901_9905_1-512.jpg"],[2,"1216744557_349901_9905_3-512.jpg"],[2,"1216744557_759801_9906_1-512.jpg"],[2,"1216744557_759801_9906_1-512.jpg"],[2,"1216744557_759801_9906_3-512.jpg"],[2,"1216744558_164809_9907_1-512.jpg"],[2,"1216744558_164809_9907_3-512.jpg"],[2,"1216744558_164809_9907_3-512.jpg"]],"design_ml":"designed","images":[]}
