{"MATERIAL":"corrugated metal","AVG_SLOPE":4.49374106885,"AVG_HEIGHT":6.08400115962,"TERAIN_SLP":1.11946353951,"AREA":66.302538295,"VOLUME":403,"FLOORS":2,"INT_ZONE":"Borde Rural","FLOOD":1,"LANDSLIDE":"Amenaza Media","LEGAL_ID":"358","LEGAL_NAME":"EL PARAISO","LEGAL_AREA":26.04,"LEGAL_LOTS":2077,"LEGAL_POP":11215.8,"LEGAL_DENS":79.76190476,"LEGALIZING":null,"BLOCK_ID_":"002565015","BLOCK_POP":110,"BLOCK_BLD":29,"BLOCK_RISK":2.3794487,"BLOCK_EDU":0.57826138,"BLOCK_HLTH":18.720201,"BLOCK_TRAN":43.340565,"BLOCK_CULT":0,"BLOCK_PARK":25.253223,"BLOCK_SEC":100,"BLOCK_CENT":0,"BLOCK_DEF":34.4827586207,"BLD_INHAB":4,"OBJECTID":2,"AO_225":0.2,"id":1343,"preds_material":[[2,"1216741078_688396_1566_3-512.jpg"],[1,"1216741078_688396_1566_3-512.jpg"],[1,"1216741078_948299_1567_3-512.jpg"],[2,"1216741078_948299_1567_3-512.jpg"],[1,"1216741079_208308_1568_3-512.jpg"],[2,"1216741079_208308_1568_3-512.jpg"],[6,"1216741079_208308_1568_3-512.jpg"],[1,"1216741079_463281_1569_3-512.jpg"],[2,"1216741079_463281_1569_3-512.jpg"],[1,"1216741079_723278_1570_3-512.jpg"],[5,"1216741079_723278_1570_3-512.jpg"],[2,"1216741079_723278_1570_3-512.jpg"],[1,"1216741080_008288_1571_3-512.jpg"],[2,"1216741080_008288_1571_3-512.jpg"],[1,"1216741080_283279_1572_3-512.jpg"],[2,"1216741080_283279_1572_3-512.jpg"],[1,"1216741080_573276_1573_3-512.jpg"],[2,"1216741080_573276_1573_3-512.jpg"],[2,"1216741080_858294_1574_3-512.jpg"],[1,"1216741080_858294_1574_3-512.jpg"],[2,"1216741081_143283_1575_3-512.jpg"],[2,"1216741081_413327_1576_3-512.jpg"],[5,"1216743615_660103_7852_3-512.jpg"]],"material_ml":"concrete","preds_construction":[[2,"1216741078_448314_1565_3-512.jpg"],[1,"1216741078_688396_1566_3-512.jpg"],[2,"1216741078_688396_1566_3-512.jpg"],[2,"1216741078_948299_1567_3-512.jpg"],[1,"1216741078_948299_1567_3-512.jpg"],[2,"1216741079_208308_1568_3-512.jpg"],[1,"1216741079_208308_1568_3-512.jpg"],[2,"1216741079_463281_1569_3-512.jpg"],[1,"1216741079_463281_1569_3-512.jpg"],[2,"1216741079_723278_1570_3-512.jpg"],[2,"1216741080_008288_1571_3-512.jpg"],[2,"1216741080_283279_1572_3-512.jpg"],[2,"1216741080_573276_1573_3-512.jpg"],[2,"1216741080_858294_1574_3-512.jpg"],[2,"1216741081_143283_1575_3-512.jpg"],[1,"1216741081_413327_1576_3-512.jpg"],[2,"1216741081_413327_1576_3-512.jpg"],[2,"1216743615_660103_7852_3-512.jpg"]],"construction_ml":"complete","preds_design":[[2,"1216741078_688396_1566_3-512.jpg"],[2,"1216741078_948299_1567_3-512.jpg"],[2,"1216741079_208308_1568_3-512.jpg"],[2,"1216741079_463281_1569_3-512.jpg"],[2,"1216741079_463281_1569_3-512.jpg"],[2,"1216741079_723278_1570_3-512.jpg"],[2,"1216741080_008288_1571_3-512.jpg"],[2,"1216741080_283279_1572_3-512.jpg"],[2,"1216741080_283279_1572_3-512.jpg"],[2,"1216741080_573276_1573_3-512.jpg"],[2,"1216741080_573276_1573_3-512.jpg"],[2,"1216741080_858294_1574_3-512.jpg"],[2,"1216741081_143283_1575_3-512.jpg"],[2,"1216741081_413327_1576_3-512.jpg"],[1,"1216741081_413327_1576_3-512.jpg"],[2,"1216743615_660103_7852_3-512.jpg"]],"design_ml":"designed","images":[]}
