{"MATERIAL":"corrugated metal","AVG_SLOPE":3.55045653961,"AVG_HEIGHT":8.41580322273,"TERAIN_SLP":1.49155603763,"AREA":66.8839829267,"VOLUME":563,"FLOORS":3,"INT_ZONE":"Borde Rural","FLOOD":2,"LANDSLIDE":"Amenaza Media","LEGAL_ID":"358","LEGAL_NAME":"EL PARAISO","LEGAL_AREA":26.04,"LEGAL_LOTS":2077,"LEGAL_POP":11215.8,"LEGAL_DENS":79.76190476,"LEGALIZING":null,"BLOCK_ID_":"002565015","BLOCK_POP":110,"BLOCK_BLD":29,"BLOCK_RISK":2.3794487,"BLOCK_EDU":0.57826138,"BLOCK_HLTH":18.720201,"BLOCK_TRAN":43.340565,"BLOCK_CULT":0,"BLOCK_PARK":25.253223,"BLOCK_SEC":100,"BLOCK_CENT":0,"BLOCK_DEF":34.4827586207,"BLD_INHAB":4,"OBJECTID":2,"AO_225":0.2,"id":1344,"preds_material":[[1,"1216743589_129568_7736_1-512.jpg"],[1,"1216743590_264210_7742_1-512.jpg"],[5,"1216743615_350035_7851_3-512.jpg"],[5,"1216743615_970049_7853_3-512.jpg"],[5,"1216743615_970049_7853_3-512.jpg"],[5,"1216743616_274783_7854_3-512.jpg"],[5,"1216743616_274783_7854_3-512.jpg"],[5,"1216743616_574903_7855_3-512.jpg"],[5,"1216743616_574903_7855_3-512.jpg"],[5,"1216743616_884917_7856_3-512.jpg"],[5,"1216743616_884917_7856_3-512.jpg"],[5,"1216743617_179819_7857_3-512.jpg"],[5,"1216743617_179819_7857_3-512.jpg"],[5,"1216743617_484881_7858_3-512.jpg"],[5,"1216743617_795001_7859_3-512.jpg"],[5,"1216743618_104757_7860_3-512.jpg"],[5,"1216743618_414787_7861_3-512.jpg"],[5,"1216743618_759821_7862_3-512.jpg"]],"material_ml":"painted","preds_construction":[[2,"1216743615_350035_7851_3-512.jpg"],[2,"1216743615_970049_7853_3-512.jpg"],[2,"1216743616_274783_7854_3-512.jpg"],[2,"1216743616_274783_7854_3-512.jpg"],[2,"1216743616_574903_7855_3-512.jpg"],[2,"1216743616_574903_7855_3-512.jpg"],[2,"1216743616_884917_7856_3-512.jpg"],[2,"1216743616_884917_7856_3-512.jpg"],[2,"1216743617_179819_7857_3-512.jpg"],[2,"1216743617_179819_7857_3-512.jpg"],[2,"1216743617_484881_7858_3-512.jpg"],[2,"1216743617_795001_7859_3-512.jpg"],[2,"1216743618_104757_7860_3-512.jpg"],[2,"1216743618_414787_7861_3-512.jpg"],[2,"1216743618_759821_7862_3-512.jpg"]],"construction_ml":"complete","preds_design":[[2,"1216743615_350035_7851_3-512.jpg"],[2,"1216743615_970049_7853_3-512.jpg"],[2,"1216743616_274783_7854_3-512.jpg"],[2,"1216743616_274783_7854_3-512.jpg"],[2,"1216743616_574903_7855_3-512.jpg"],[2,"1216743616_574903_7855_3-512.jpg"],[2,"1216743616_884917_7856_3-512.jpg"],[2,"1216743616_884917_7856_3-512.jpg"],[2,"1216743617_179819_7857_3-512.jpg"],[2,"1216743617_179819_7857_3-512.jpg"],[2,"1216743617_484881_7858_3-512.jpg"],[2,"1216743617_795001_7859_3-512.jpg"],[2,"1216743618_104757_7860_3-512.jpg"],[2,"1216743618_414787_7861_3-512.jpg"],[2,"1216743618_759821_7862_3-512.jpg"]],"design_ml":"designed","images":[]}
