{"MATERIAL":"corrugated metal","AVG_SLOPE":5.5537732349,"AVG_HEIGHT":5.5843233914,"TERAIN_SLP":2.67908325358,"AREA":55.4121064698,"VOLUME":309,"FLOORS":2,"INT_ZONE":"Borde Rural","FLOOD":3,"LANDSLIDE":"Amenaza Media","LEGAL_ID":"358","LEGAL_NAME":"EL PARAISO","LEGAL_AREA":26.04,"LEGAL_LOTS":2077,"LEGAL_POP":11215.8,"LEGAL_DENS":79.76190476,"LEGALIZING":null,"BLOCK_ID_":"002565015","BLOCK_POP":110,"BLOCK_BLD":29,"BLOCK_RISK":2.3794487,"BLOCK_EDU":0.57826138,"BLOCK_HLTH":18.720201,"BLOCK_TRAN":43.340565,"BLOCK_CULT":0,"BLOCK_PARK":25.253223,"BLOCK_SEC":100,"BLOCK_CENT":0,"BLOCK_DEF":34.4827586207,"BLD_INHAB":4,"OBJECTID":2,"AO_225":0.2,"id":1345,"preds_material":[[5,"1216741075_358323_1551_3-512.jpg"],[5,"1216741075_573296_1552_3-512.jpg"],[5,"1216741075_798393_1553_3-512.jpg"],[5,"1216741076_028516_1554_3-512.jpg"],[5,"1216741076_238317_1555_3-512.jpg"],[5,"1216741076_238317_1555_3-512.jpg"],[5,"1216741076_448319_1556_3-512.jpg"],[5,"1216741076_448319_1556_3-512.jpg"],[5,"1216741076_668321_1557_3-512.jpg"],[5,"1216741076_878305_1558_3-512.jpg"]],"material_ml":"painted","preds_construction":[[2,"1216741075_358323_1551_3-512.jpg"],[2,"1216741075_573296_1552_3-512.jpg"],[2,"1216741075_798393_1553_3-512.jpg"],[2,"1216741076_028516_1554_3-512.jpg"],[2,"1216741076_238317_1555_3-512.jpg"],[2,"1216741076_238317_1555_3-512.jpg"],[2,"1216741076_448319_1556_3-512.jpg"],[2,"1216741076_448319_1556_3-512.jpg"],[2,"1216741076_668321_1557_3-512.jpg"],[2,"1216741076_878305_1558_3-512.jpg"]],"construction_ml":"complete","preds_design":[[2,"1216741075_358323_1551_3-512.jpg"],[2,"1216741075_573296_1552_3-512.jpg"],[2,"1216741075_798393_1553_3-512.jpg"],[2,"1216741076_028516_1554_3-512.jpg"],[2,"1216741076_238317_1555_3-512.jpg"],[2,"1216741076_238317_1555_3-512.jpg"],[2,"1216741076_448319_1556_3-512.jpg"],[2,"1216741076_448319_1556_3-512.jpg"],[2,"1216741076_668321_1557_3-512.jpg"],[2,"1216741076_878305_1558_3-512.jpg"]],"design_ml":"designed","images":[]}
