{"MATERIAL":"corrugated metal/heavily patched","AVG_SLOPE":8.38801104492,"AVG_HEIGHT":4.79193595387,"TERAIN_SLP":2.07113635005,"AREA":53.19881773,"VOLUME":255,"FLOORS":2,"INT_ZONE":"Borde Rural","FLOOD":1,"LANDSLIDE":"Amenaza Media","LEGAL_ID":"358","LEGAL_NAME":"EL PARAISO","LEGAL_AREA":26.04,"LEGAL_LOTS":2077,"LEGAL_POP":11215.8,"LEGAL_DENS":79.76190476,"LEGALIZING":null,"BLOCK_ID_":"002565015","BLOCK_POP":110,"BLOCK_BLD":29,"BLOCK_RISK":2.3794487,"BLOCK_EDU":0.57826138,"BLOCK_HLTH":18.720201,"BLOCK_TRAN":43.340565,"BLOCK_CULT":0,"BLOCK_PARK":25.253223,"BLOCK_SEC":100,"BLOCK_CENT":0,"BLOCK_DEF":34.4827586207,"BLD_INHAB":4,"OBJECTID":2,"AO_225":0.2,"id":1351,"preds_material":[[1,"1216743515_160213_7665_1-512.jpg"],[5,"1216743515_520317_7666_1-512.jpg"],[3,"1216743515_520317_7666_1-512.jpg"],[5,"1216743515_790302_7667_1-512.jpg"],[3,"1216743515_790302_7667_1-512.jpg"],[5,"1216743516_060319_7668_1-512.jpg"],[3,"1216743516_060319_7668_1-512.jpg"],[3,"1216743516_325334_7669_1-512.jpg"],[1,"1216743516_325334_7669_1-512.jpg"],[1,"1216743516_600280_7670_1-512.jpg"],[3,"1216743516_600280_7670_1-512.jpg"],[5,"1216743516_600280_7670_1-512.jpg"],[1,"1216743516_875351_7671_1-512.jpg"],[5,"1216743624_149767_7883_3-512.jpg"],[1,"1216743624_149767_7883_3-512.jpg"],[1,"1216743624_424758_7884_3-512.jpg"],[5,"1216743624_714738_7885_3-512.jpg"],[1,"1216743624_714738_7885_3-512.jpg"],[5,"1216743625_019928_7886_3-512.jpg"],[1,"1216743625_019928_7886_3-512.jpg"],[1,"1216743625_319783_7887_3-512.jpg"],[5,"1216743625_319783_7887_3-512.jpg"],[5,"1216743625_319783_7887_3-512.jpg"],[1,"1216743625_624743_7888_3-512.jpg"]],"material_ml":"brick","preds_construction":[[2,"1216743502_965287_7629_1-512.jpg"],[2,"1216743515_520317_7666_1-512.jpg"],[2,"1216743515_790302_7667_1-512.jpg"],[2,"1216743515_790302_7667_1-512.jpg"],[2,"1216743516_060319_7668_1-512.jpg"],[2,"1216743516_060319_7668_1-512.jpg"],[2,"1216743516_325334_7669_1-512.jpg"],[2,"1216743516_600280_7670_1-512.jpg"],[1,"1216743516_600280_7670_1-512.jpg"],[2,"1216743516_600280_7670_1-512.jpg"],[2,"1216743516_875351_7671_1-512.jpg"],[1,"1216743516_875351_7671_1-512.jpg"],[2,"1216743624_149767_7883_3-512.jpg"],[2,"1216743624_424758_7884_3-512.jpg"],[1,"1216743624_424758_7884_3-512.jpg"],[2,"1216743624_714738_7885_3-512.jpg"],[2,"1216743624_714738_7885_3-512.jpg"],[2,"1216743625_019928_7886_3-512.jpg"],[2,"1216743625_019928_7886_3-512.jpg"],[2,"1216743625_319783_7887_3-512.jpg"],[2,"1216743625_319783_7887_3-512.jpg"],[2,"1216743625_624743_7888_3-512.jpg"],[2,"1216743625_624743_7888_3-512.jpg"]],"construction_ml":"complete","preds_design":[[2,"1216743502_965287_7629_1-512.jpg"],[1,"1216743515_520317_7666_1-512.jpg"],[1,"1216743515_790302_7667_1-512.jpg"],[1,"1216743515_790302_7667_1-512.jpg"],[1,"1216743516_060319_7668_1-512.jpg"],[1,"1216743516_060319_7668_1-512.jpg"],[1,"1216743516_325334_7669_1-512.jpg"],[1,"1216743516_600280_7670_1-512.jpg"],[2,"1216743516_600280_7670_1-512.jpg"],[1,"1216743516_875351_7671_1-512.jpg"],[2,"1216743624_149767_7883_3-512.jpg"],[2,"1216743624_424758_7884_3-512.jpg"],[2,"1216743624_714738_7885_3-512.jpg"],[2,"1216743624_714738_7885_3-512.jpg"],[2,"1216743625_019928_7886_3-512.jpg"],[2,"1216743625_019928_7886_3-512.jpg"],[2,"1216743625_319783_7887_3-512.jpg"],[2,"1216743625_319783_7887_3-512.jpg"],[2,"1216743625_624743_7888_3-512.jpg"],[2,"1216743625_624743_7888_3-512.jpg"]],"design_ml":"designed","images":[]}
