{"MATERIAL":"corrugated metal/heavily patched","AVG_SLOPE":3.37610980951,"AVG_HEIGHT":7.70449753707,"TERAIN_SLP":1.73101215248,"AREA":75.6862935942,"VOLUME":583,"FLOORS":2,"INT_ZONE":"Borde Rural","FLOOD":1,"LANDSLIDE":"Amenaza Media","LEGAL_ID":"358","LEGAL_NAME":"EL PARAISO","LEGAL_AREA":26.04,"LEGAL_LOTS":2077,"LEGAL_POP":11215.8,"LEGAL_DENS":79.76190476,"LEGALIZING":null,"BLOCK_ID_":"002565015","BLOCK_POP":110,"BLOCK_BLD":29,"BLOCK_RISK":2.3794487,"BLOCK_EDU":0.57826138,"BLOCK_HLTH":18.720201,"BLOCK_TRAN":43.340565,"BLOCK_CULT":0,"BLOCK_PARK":25.253223,"BLOCK_SEC":100,"BLOCK_CENT":0,"BLOCK_DEF":34.4827586207,"BLD_INHAB":4,"OBJECTID":2,"AO_225":0.2,"id":1352,"preds_material":[[2,"1216743493_340515_7601_1-512.jpg"],[2,"1216743493_660302_7602_1-512.jpg"],[2,"1216743493_940401_7603_1-512.jpg"],[2,"1216743494_180397_7604_1-512.jpg"],[2,"1216743494_425466_7605_1-512.jpg"],[2,"1216743494_670387_7606_1-512.jpg"],[2,"1216743494_920455_7607_1-512.jpg"],[2,"1216743495_180397_7608_1-512.jpg"],[2,"1216743495_465430_7609_1-512.jpg"],[2,"1216743495_770426_7610_1-512.jpg"],[2,"1216743496_050300_7611_1-512.jpg"],[2,"1216743496_050300_7611_1-512.jpg"],[2,"1216743496_330303_7612_1-512.jpg"],[2,"1216743496_330303_7612_1-512.jpg"],[2,"1216743496_605309_7613_1-512.jpg"],[2,"1216743496_605309_7613_1-512.jpg"],[2,"1216743496_860381_7614_1-512.jpg"],[2,"1216743496_860381_7614_1-512.jpg"],[2,"1216743497_165447_7615_1-512.jpg"],[2,"1216743497_465238_7616_1-512.jpg"],[2,"1216743497_770164_7617_1-512.jpg"],[2,"1216743498_080246_7618_1-512.jpg"],[2,"1216743498_430217_7619_1-512.jpg"],[2,"1216743498_805313_7620_1-512.jpg"],[2,"1216743499_245319_7621_1-512.jpg"],[2,"1216743499_850184_7622_1-512.jpg"],[2,"1216743500_550174_7623_1-512.jpg"],[2,"1216743501_115215_7624_1-512.jpg"],[2,"1216743501_115215_7624_1-512.jpg"],[2,"1216743501_495403_7625_1-512.jpg"],[2,"1216743501_865275_7626_1-512.jpg"],[2,"1216743502_245250_7627_1-512.jpg"],[5,"1216743502_965287_7629_1-512.jpg"],[2,"1216743502_965287_7629_1-512.jpg"],[5,"1216743503_290280_7630_1-512.jpg"],[5,"1216743503_600430_7631_1-512.jpg"],[5,"1216743503_905256_7632_1-512.jpg"],[5,"1216743504_195270_7633_1-512.jpg"],[5,"1216743504_475292_7634_1-512.jpg"],[5,"1216743504_755324_7635_1-512.jpg"],[5,"1216743505_025324_7636_1-512.jpg"],[5,"1216743505_300285_7637_1-512.jpg"],[5,"1216743505_580181_7638_1-512.jpg"],[5,"1216743505_865267_7639_1-512.jpg"],[5,"1216743506_175251_7640_1-512.jpg"],[1,"1216743506_175251_7640_1-512.jpg"],[5,"1216743506_175251_7640_1-512.jpg"],[2,"1216743506_175251_7640_1-512.jpg"],[2,"1216743506_175251_7640_1-512.jpg"],[1,"1216743506_455248_7641_1-512.jpg"],[1,"1216743506_455248_7641_1-512.jpg"],[5,"1216743506_455248_7641_1-512.jpg"],[5,"1216743506_720234_7642_1-512.jpg"],[1,"1216743506_720234_7642_1-512.jpg"],[5,"1216743507_010226_7643_1-512.jpg"],[1,"1216743507_010226_7643_1-512.jpg"],[5,"1216743507_295291_7644_1-512.jpg"],[1,"1216743507_295291_7644_1-512.jpg"],[5,"1216743507_615166_7645_1-512.jpg"],[5,"1216743507_615166_7645_1-512.jpg"],[5,"1216743507_915188_7646_1-512.jpg"],[5,"1216743507_915188_7646_1-512.jpg"],[2,"1216743507_915188_7646_1-512.jpg"],[5,"1216743508_225179_7647_1-512.jpg"],[2,"1216743508_225179_7647_1-512.jpg"],[5,"1216743508_555197_7648_1-512.jpg"],[2,"1216743508_555197_7648_1-512.jpg"],[5,"1216743508_860191_7649_1-512.jpg"],[2,"1216743508_860191_7649_1-512.jpg"],[5,"1216743509_175455_7650_1-512.jpg"],[2,"1216743509_175455_7650_1-512.jpg"],[5,"1216743509_175455_7650_1-512.jpg"],[5,"1216743509_500077_7651_1-512.jpg"],[5,"1216743509_500077_7651_1-512.jpg"],[5,"1216743509_820112_7652_1-512.jpg"],[5,"1216743510_150103_7653_1-512.jpg"],[2,"1216743510_150103_7653_1-512.jpg"],[5,"1216743510_475336_7654_1-512.jpg"],[5,"1216743510_825114_7655_1-512.jpg"],[5,"1216743511_205076_7656_1-512.jpg"],[2,"1216743511_205076_7656_1-512.jpg"],[5,"1216743511_584971_7657_1-512.jpg"],[5,"1216743511_940208_7658_1-512.jpg"],[5,"1216743512_279967_7659_1-512.jpg"],[5,"1216743512_595346_7660_1-512.jpg"],[5,"1216743512_975183_7661_1-512.jpg"],[5,"1216743513_490198_7662_1-512.jpg"],[5,"1216743513_490198_7662_1-512.jpg"],[1,"1216743513_490198_7662_1-512.jpg"],[5,"1216743513_490198_7662_3-512.jpg"],[5,"1216743513_490198_7662_3-512.jpg"],[1,"1216743513_490198_7662_3-512.jpg"],[1,"1216743514_120073_7663_1-512.jpg"],[5,"1216743514_120073_7663_1-512.jpg"],[5,"1216743514_120073_7663_1-512.jpg"],[1,"1216743514_745110_7664_1-512.jpg"],[5,"1216743514_745110_7664_1-512.jpg"],[1,"1216743515_160213_7665_1-512.jpg"],[5,"1216743515_160213_7665_1-512.jpg"],[5,"1216743515_520317_7666_1-512.jpg"],[1,"1216743515_520317_7666_1-512.jpg"],[1,"1216743626_425022_7890_3-512.jpg"],[5,"1216743626_425022_7890_3-512.jpg"],[1,"1216743626_895133_7891_3-512.jpg"],[5,"1216743626_895133_7891_3-512.jpg"],[1,"1216743627_394928_7892_3-512.jpg"],[5,"1216743627_394928_7892_3-512.jpg"],[1,"1216743627_924970_7893_3-512.jpg"],[5,"1216743627_924970_7893_3-512.jpg"],[5,"1216743628_519977_7894_3-512.jpg"],[5,"1216743629_114959_7895_3-512.jpg"]],"material_ml":"painted",