{"MATERIAL":"corrugated metal/heavily patched","AVG_SLOPE":4.78312854833,"AVG_HEIGHT":2.68631853122,"TERAIN_SLP":3.28579888651,"AREA":61.0545866693,"VOLUME":164,"FLOORS":1,"INT_ZONE":"Borde Rural","FLOOD":1,"LANDSLIDE":"Amenaza Media","LEGAL_ID":"358","LEGAL_NAME":"EL PARAISO","LEGAL_AREA":26.04,"LEGAL_LOTS":2077,"LEGAL_POP":11215.8,"LEGAL_DENS":79.76190476,"LEGALIZING":null,"BLOCK_ID_":"002565016","BLOCK_POP":142,"BLOCK_BLD":34,"BLOCK_RISK":4.6029954,"BLOCK_EDU":0.51673931,"BLOCK_HLTH":16.910906,"BLOCK_TRAN":46.423752,"BLOCK_CULT":0,"BLOCK_PARK":22.926834,"BLOCK_SEC":100,"BLOCK_CENT":0,"BLOCK_DEF":58.8235294118,"BLD_INHAB":4,"OBJECTID":2,"AO_225":0.2,"id":1360,"preds_material":[[5,"1216741072_039015_1539_1-512.jpg"],[5,"1216741072_039015_1539_1-512.jpg"],[5,"1216741072_408337_1540_1-512.jpg"],[5,"1216741072_733306_1541_1-512.jpg"],[5,"1216741073_043443_1542_1-512.jpg"],[5,"1216741073_338335_1543_1-512.jpg"],[5,"1216741073_618324_1544_1-512.jpg"],[5,"1216741073_888330_1545_1-512.jpg"],[5,"1216741074_153297_1546_1-512.jpg"],[5,"1216741074_153297_1546_1-512.jpg"],[5,"1216741074_153297_1546_1-512.jpg"],[5,"1216741074_398330_1547_1-512.jpg"],[5,"1216741074_638346_1548_1-512.jpg"],[5,"1216741074_888336_1549_1-512.jpg"],[5,"1216741074_888336_1549_1-512.jpg"],[5,"1216741075_133298_1550_1-512.jpg"],[5,"1216741075_133298_1550_1-512.jpg"],[5,"1216741075_358323_1551_1-512.jpg"],[5,"1216741075_358323_1551_1-512.jpg"],[5,"1216741075_573296_1552_1-512.jpg"],[5,"1216741075_573296_1552_1-512.jpg"],[5,"1216741075_798393_1553_1-512.jpg"],[5,"1216743487_515475_7588_1-512.jpg"],[5,"1216743487_930174_7589_1-512.jpg"],[5,"1216743488_350251_7590_1-512.jpg"],[5,"1216743488_705466_7591_1-512.jpg"]],"material_ml":"painted","preds_construction":[[1,"1216741072_039015_1539_1-512.jpg"],[2,"1216741072_039015_1539_1-512.jpg"],[2,"1216741072_408337_1540_1-512.jpg"],[2,"1216741072_733306_1541_1-512.jpg"],[2,"1216741073_043443_1542_1-512.jpg"],[2,"1216741073_338335_1543_1-512.jpg"],[2,"1216741073_618324_1544_1-512.jpg"],[2,"1216741073_888330_1545_1-512.jpg"],[2,"1216741074_153297_1546_1-512.jpg"],[2,"1216741074_398330_1547_1-512.jpg"],[2,"1216741074_638346_1548_1-512.jpg"],[2,"1216741074_888336_1549_1-512.jpg"],[2,"1216741074_888336_1549_1-512.jpg"],[2,"1216741075_133298_1550_1-512.jpg"],[2,"1216741075_133298_1550_1-512.jpg"],[2,"1216741075_358323_1551_1-512.jpg"],[2,"1216741075_358323_1551_1-512.jpg"],[2,"1216741075_573296_1552_1-512.jpg"],[2,"1216741075_573296_1552_1-512.jpg"],[2,"1216741075_798393_1553_1-512.jpg"],[2,"1216743487_515475_7588_1-512.jpg"],[2,"1216743487_930174_7589_1-512.jpg"],[2,"1216743488_350251_7590_1-512.jpg"],[2,"1216743488_705466_7591_1-512.jpg"]],"construction_ml":"complete","preds_design":[[1,"1216741072_039015_1539_1-512.jpg"],[1,"1216741072_408337_1540_1-512.jpg"],[1,"1216741072_733306_1541_1-512.jpg"],[1,"1216741073_043443_1542_1-512.jpg"],[1,"1216741073_338335_1543_1-512.jpg"],[1,"1216741073_618324_1544_1-512.jpg"],[1,"1216741073_888330_1545_1-512.jpg"],[1,"1216741074_153297_1546_1-512.jpg"],[1,"1216741074_398330_1547_1-512.jpg"],[1,"1216741074_638346_1548_1-512.jpg"],[1,"1216741074_888336_1549_1-512.jpg"],[2,"1216741074_888336_1549_1-512.jpg"],[1,"1216741075_133298_1550_1-512.jpg"],[2,"1216741075_133298_1550_1-512.jpg"],[2,"1216741075_358323_1551_1-512.jpg"],[1,"1216741075_358323_1551_1-512.jpg"],[2,"1216741075_573296_1552_1-512.jpg"],[1,"1216741075_573296_1552_1-512.jpg"],[1,"1216741075_798393_1553_1-512.jpg"],[2,"1216743487_515475_7588_1-512.jpg"],[2,"1216743487_930174_7589_1-512.jpg"],[2,"1216743488_350251_7590_1-512.jpg"],[2,"1216743488_705466_7591_1-512.jpg"]],"design_ml":"undesigned","images":[]}
