{"MATERIAL":"concrete","AVG_SLOPE":15.2171620034,"AVG_HEIGHT":6.00036440156,"TERAIN_SLP":3.94647547973,"AREA":62.8766359288,"VOLUME":377,"FLOORS":2,"INT_ZONE":"Borde Rural","FLOOD":3,"LANDSLIDE":"Amenaza Baja","LEGAL_ID":"358","LEGAL_NAME":"EL PARAISO","LEGAL_AREA":26.04,"LEGAL_LOTS":2077,"LEGAL_POP":11215.8,"LEGAL_DENS":79.76190476,"LEGALIZING":null,"BLOCK_ID_":"002565024","BLOCK_POP":240,"BLOCK_BLD":61,"BLOCK_RISK":2.3657384,"BLOCK_EDU":0.63970935,"BLOCK_HLTH":20.487314,"BLOCK_TRAN":69.686203,"BLOCK_CULT":0,"BLOCK_PARK":24.319061,"BLOCK_SEC":54.195568,"BLOCK_CENT":0,"BLOCK_DEF":31.1475409836,"BLD_INHAB":4,"OBJECTID":2,"AO_225":0.2,"id":1363,"preds_material":[[5,"1216741174_692788_1772_3-512.jpg"],[5,"1216741174_902796_1773_3-512.jpg"],[5,"1216741175_117760_1774_3-512.jpg"],[5,"1216741175_332808_1775_3-512.jpg"],[5,"1216741175_332808_1775_3-512.jpg"],[5,"1216741175_547765_1776_3-512.jpg"],[5,"1216741175_547765_1776_3-512.jpg"],[5,"1216741175_547765_1776_3-512.jpg"],[5,"1216741175_767759_1777_3-512.jpg"],[5,"1216741175_992805_1778_3-512.jpg"],[5,"1216741176_207772_1779_3-512.jpg"],[5,"1216741176_427785_1780_3-512.jpg"],[5,"1216741176_657765_1781_3-512.jpg"]],"material_ml":"painted","preds_construction":[[2,"1216741174_692788_1772_3-512.jpg"],[2,"1216741174_902796_1773_3-512.jpg"],[2,"1216741175_117760_1774_3-512.jpg"],[2,"1216741175_332808_1775_3-512.jpg"],[2,"1216741175_332808_1775_3-512.jpg"],[2,"1216741175_547765_1776_3-512.jpg"],[2,"1216741175_547765_1776_3-512.jpg"],[2,"1216741175_767759_1777_3-512.jpg"],[2,"1216741175_992805_1778_3-512.jpg"],[2,"1216741176_207772_1779_3-512.jpg"],[2,"1216741176_427785_1780_3-512.jpg"],[2,"1216741176_657765_1781_3-512.jpg"]],"construction_ml":"complete","preds_design":[[2,"1216741174_692788_1772_3-512.jpg"],[2,"1216741174_902796_1773_3-512.jpg"],[2,"1216741175_117760_1774_3-512.jpg"],[2,"1216741175_332808_1775_3-512.jpg"],[2,"1216741175_332808_1775_3-512.jpg"],[2,"1216741175_547765_1776_3-512.jpg"],[1,"1216741175_547765_1776_3-512.jpg"],[2,"1216741175_767759_1777_3-512.jpg"],[2,"1216741175_992805_1778_3-512.jpg"],[2,"1216741176_207772_1779_3-512.jpg"],[2,"1216741176_427785_1780_3-512.jpg"],[2,"1216741176_657765_1781_3-512.jpg"]],"design_ml":"designed","images":[]}
