{"MATERIAL":"concrete","AVG_SLOPE":6.73081352395,"AVG_HEIGHT":6.98490549104,"TERAIN_SLP":11.5216019813,"AREA":65.8463341836,"VOLUME":460,"FLOORS":2,"INT_ZONE":"Borde Rural","FLOOD":3,"LANDSLIDE":"Amenaza Media","LEGAL_ID":"311","LEGAL_NAME":"EL MIRADOR","LEGAL_AREA":11.06,"LEGAL_LOTS":989,"LEGAL_POP":5340.6,"LEGAL_DENS":89.42,"LEGALIZING":null,"BLOCK_ID_":"002570064","BLOCK_POP":45,"BLOCK_BLD":15,"BLOCK_RISK":2.5775585,"BLOCK_EDU":0,"BLOCK_HLTH":13.613952,"BLOCK_TRAN":99.722954,"BLOCK_CULT":0,"BLOCK_PARK":29.490747,"BLOCK_SEC":100,"BLOCK_CENT":0,"BLOCK_DEF":46.6666666667,"BLD_INHAB":3,"OBJECTID":2,"AO_225":0.2,"id":1364,"preds_material":[[4,"1216742388_616250_4982_1-512.jpg"],[4,"1216742388_876264_4983_1-512.jpg"],[4,"1216742389_146260_4984_1-512.jpg"],[4,"1216742390_101177_4987_1-512.jpg"],[5,"1216742391_096260_4989_1-512.jpg"],[5,"1216742391_726094_4990_1-512.jpg"],[5,"1216742392_231065_4991_1-512.jpg"],[5,"1216742392_731062_4992_1-512.jpg"],[5,"1216742393_181066_4993_1-512.jpg"],[5,"1216742393_546318_4994_1-512.jpg"],[5,"1216742393_850980_4995_1-512.jpg"],[5,"1216742659_794506_5675_3-512.jpg"],[5,"1216743343_126241_7390_3-512.jpg"],[5,"1216743343_331178_7391_3-512.jpg"],[5,"1216743343_531400_7392_3-512.jpg"],[5,"1216743343_726243_7393_3-512.jpg"],[5,"1216743343_921237_7394_3-512.jpg"],[5,"1216743344_091290_7395_3-512.jpg"],[5,"1216743344_291254_7396_3-512.jpg"],[5,"1216743344_491497_7397_3-512.jpg"],[5,"1216743344_706216_7398_3-512.jpg"],[5,"1216743344_906214_7399_3-512.jpg"],[5,"1216743345_106316_7400_3-512.jpg"],[5,"1216743345_291220_7401_3-512.jpg"],[5,"1216743345_496401_7402_3-512.jpg"],[5,"1216743345_696266_7403_3-512.jpg"],[5,"1216743345_901220_7404_3-512.jpg"],[5,"1216743346_111148_7405_3-512.jpg"],[5,"1216743346_346223_7406_3-512.jpg"],[5,"1216743346_811272_7408_3-512.jpg"],[1,"1216743346_811272_7408_3-512.jpg"],[1,"1216743347_016178_7409_3-512.jpg"],[5,"1216743347_016178_7409_3-512.jpg"],[5,"1216743347_221127_7410_3-512.jpg"],[1,"1216743347_221127_7410_3-512.jpg"],[5,"1216743347_421145_7411_3-512.jpg"],[5,"1216743347_616204_7412_3-512.jpg"],[5,"1216743347_846216_7413_3-512.jpg"],[5,"1216743347_846216_7413_3-512.jpg"],[5,"1216743348_031264_7414_3-512.jpg"],[5,"1216743348_031264_7414_3-512.jpg"],[1,"1216743348_031264_7414_3-512.jpg"],[5,"1216743348_216040_7415_3-512.jpg"],[5,"1216743348_216040_7415_3-512.jpg"],[1,"1216743348_216040_7415_3-512.jpg"],[5,"1216743348_366201_7416_3-512.jpg"],[5,"1216743348_366201_7416_3-512.jpg"],[5,"1216743348_541162_7417_3-512.jpg"],[5,"1216743348_541162_7417_3-512.jpg"],[1,"1216743348_541162_7417_3-512.jpg"],[5,"1216743348_716122_7418_3-512.jpg"],[1,"1216743348_716122_7418_3-512.jpg"],[6,"1216743348_716122_7418_3-512.jpg"],[5,"1216743348_926188_7419_3-512.jpg"],[5,"1216743349_106198_7420_3-512.jpg"],[5,"1216743349_281245_7421_3-512.jpg"],[5,"1216743349_281245_7421_3-512.jpg"],[5,"1216743349_456170_7422_3-512.jpg"],[5,"1216743349_456170_7422_3-512.jpg"],[5,"1216743349_616164_7423_3-512.jpg"],[5,"1216743349_616164_7423_3-512.jpg"],[5,"1216743349_616164_7423_3-512.jpg"],[5,"1216743349_806168_7424_3-512.jpg"],[5,"1216743349_806168_7424_3-512.jpg"],[5,"1216743350_001216_7425_3-512.jpg"],[5,"1216743350_201125_7426_3-512.jpg"],[5,"1216743350_201125_7426_3-512.jpg"],[5,"1216743350_416076_7427_3-512.jpg"],[5,"1216743350_646049_7428_3-512.jpg"],[5,"1216743350_646049_7428_3-512.jpg"],[5,"1216743350_891180_7429_3-512.jpg"],[5,"1216743350_891180_7429_3-512.jpg"],[5,"1216743351_166075_7430_3-512.jpg"],[5,"1216743351_471110_7431_3-512.jpg"],[5,"1216743351_471110_7431_3-512.jpg"],[5,"1216743351_836151_7432_3-512.jpg"],[5,"1216743351_836151_7432_3-512.jpg"],[5,"1216743352_225991_7433_3-512.jpg"],[5,"1216743352_635989_7434_3-512.jpg"],[5,"1216743353_056174_7435_3-512.jpg"],[5,"1216743353_376117_7436_3-512.jpg"],[5,"1216743353_671210_7437_3-512.jpg"],[5,"1216743353_971178_7438_3-512.jpg"],[5,"1216743356_096151_7446_3-512.jpg"]],"material_ml":"painted","preds_construction":[[2,"1216742388_616250_4982_1-512.jpg"],[2,"1216742391_096260_4989_1-512.jpg"],[2,"1216742391_726094_4990_1-512.jpg"],[2,"1216742392_231065_4991_1-512.jpg"],[2,"1216742392_731062_4992_1-512.jpg"],[2,"1216742393_181066_4993_1-512.jpg"],[2,"1216742393_546318_4994_1-512.jpg"],[2,"1216742659_794506_5675_3-512.jpg"],[2,"1216743343_126241_7390_3-512.jpg"],[2,"1216743343_331178_7391_3-512.jpg"],[2,"1216743343_531400_7392_3-512.jpg"],[2,"1216743343_726243_7393_3-512.jpg"],[2,"1216743343_921237_7394_3-512.jpg"],[2,"1216743344_091290_7395_3-512.jpg"],[2,"1216743344_291254_7396_3-512.jpg"],[2,"1216743344_491497_7397_3-512.jpg"],[2,"1216743344_706216_7398_3-512.jpg"],[2,"1216743344_906214_7399_3-512.jpg"],[2,"1216743345_106316_7400_3-512.jpg"],[2,"1216743345_291220_7401_3-512.jpg"],[2,"1216743345_496401_7402_3-512.jpg"],[2,"1216743345_496401_7402_3-512.jpg"],[2,"1216743345_696266_7403_3-512.jpg"],[2,"1216743345_901220_7404_3-512.jpg"],[2,"1216743346_111148_7405_3-512.jpg"],[2,"1216743346_346223_7406_3-512.jpg"],[2,"1216743346_556214_7407_3-512.jpg"],[2,"1216743346_811272_7408_3-512.jpg"],[2,"1216743347_016178_7409_3-512.jpg"],[2,"1216743347_221127_7410_3-512.jpg"],[2,"1216743347_421145_7411_3-512.jpg"],[2,"1216743347_616204_7412_3-512.jpg"],[2,"1216743347_846216_7413_3-512.jpg"],[2,"1216743347_846216_7413_3-512.jpg"],[2,"1216743348_031264_7414_3-512.jpg"],[2,"1216743348_031264_7414_3-512.jpg"],[2,"1216743348_216040_7415_3-512.jpg"],[2,"1216743348_216040_7415_3-512.jpg"],[2,"1216743348_366201_7416_3-512.jpg"],[2,"1216743348_366201_7416_3-512.jpg"],[2,"1216743348_541162_7417_3-512.jpg"],[2,"1216743348_541162_7417_3-512.jpg"],[2,"1216743348_716122_7418_3-512.jpg"],[2,"1216743348_716122_7418_3-512.jpg"],[2,"1216743348_926188_7419_3-512.jpg"],[2,"1216743348_926188_7419_3-512.jpg"],[1,"1216743348_926188_7419_3-512.jpg"],[2,"1216743349_106198_7420_3-512.jpg"],[2,"1216743349_281245_7421_3-512.jpg"],[2,"1216743349_281245_7421_3-512.jpg"],[1,"1216743349_281245_7421_3-512.jpg"],[2,"1216743349_456170_7422_3-512.jpg"],[2,"1216743349_456170_7422_3-512.jpg"],[2,"1216743349_456170_7422_3-512.jpg"],[2,"1216743349_616164_7423_3-512.jpg"],[2,"1216743349_806168_7424_3-512.jpg"],[2,"1216743350_001216_7425_3-512.jpg"],[2,"1216743350_201125_7426_3-512.jpg"],[2,"1216743350_416076_7427_3-512.jpg"],[2,"1216743350_416076_7427_3-512.jpg"],[2,"1216743350_646049_7428_3-512.jpg"],[2,"1216743350_891180_7429_3-512.jpg"],[2,"1216743350_891180_7429_3-512.jpg"],[2,"1216743350_891180_7429_3-512.jpg"],[2,"1216743351_166075_7430_3-512.jpg"],[2,"1216743351_471110_7431_3-512.jpg"],[2,"1216743351_836151_7432_3-512.jpg"],[2,"1216743352_225991_7433_3-512.jpg"],[2,"1216743352_635989_7434_3-512.jpg"],[2,"1216743353_056174_7435_3-512.jpg"],[2,"1216743353_376117_7436_3-512.jpg"],[2,"1216743353_671210_7437_3-512.jpg"]],"construction_ml":"complete",