{"MATERIAL":"corrugated metal","AVG_SLOPE":9.3873114971,"AVG_HEIGHT":9.35822079228,"TERAIN_SLP":7.67222009661,"AREA":73.1043425274,"VOLUME":684,"FLOORS":3,"INT_ZONE":"Borde Rural","FLOOD":2,"LANDSLIDE":"Amenaza Media","LEGAL_ID":"311","LEGAL_NAME":"EL MIRADOR","LEGAL_AREA":11.06,"LEGAL_LOTS":989,"LEGAL_POP":5340.6,"LEGAL_DENS":89.42,"LEGALIZING":null,"BLOCK_ID_":"002570063","BLOCK_POP":44,"BLOCK_BLD":12,"BLOCK_RISK":2.3612998,"BLOCK_EDU":0,"BLOCK_HLTH":14.748342,"BLOCK_TRAN":99.547737,"BLOCK_CULT":0,"BLOCK_PARK":30.97751,"BLOCK_SEC":100,"BLOCK_CENT":0,"BLOCK_DEF":25,"BLD_INHAB":4,"OBJECTID":2,"AO_225":0.2,"id":1365,"preds_material":[[5,"1216743353_971178_7438_1-512.jpg"],[5,"1216743354_266189_7439_1-512.jpg"],[5,"1216743354_541147_7440_1-512.jpg"],[5,"1216743354_816149_7441_1-512.jpg"],[5,"1216743356_096151_7446_1-512.jpg"],[5,"1216743356_366059_7447_1-512.jpg"],[3,"1216743356_366059_7447_1-512.jpg"],[5,"1216743356_631098_7448_1-512.jpg"],[3,"1216743356_631098_7448_1-512.jpg"],[5,"1216743357_716131_7452_1-512.jpg"],[5,"1216743357_991249_7453_1-512.jpg"],[5,"1216743358_261213_7454_1-512.jpg"],[5,"1216743358_526121_7455_1-512.jpg"],[5,"1216743358_776057_7456_1-512.jpg"],[5,"1216743359_031118_7457_1-512.jpg"],[5,"1216743359_296112_7458_1-512.jpg"],[5,"1216743359_551183_7459_1-512.jpg"],[5,"1216743359_821194_7460_1-512.jpg"],[5,"1216743360_091162_7461_1-512.jpg"],[5,"1216743360_381174_7462_1-512.jpg"],[5,"1216743360_681064_7463_1-512.jpg"],[5,"1216743361_021637_7464_1-512.jpg"],[5,"1216743361_326643_7465_1-512.jpg"],[5,"1216743361_611617_7466_1-512.jpg"],[5,"1216743361_611617_7466_1-512.jpg"],[5,"1216743361_896665_7467_1-512.jpg"],[5,"1216743361_896665_7467_1-512.jpg"],[5,"1216743362_186705_7468_1-512.jpg"],[5,"1216743362_186705_7468_1-512.jpg"],[5,"1216743362_466691_7469_1-512.jpg"],[5,"1216743362_466691_7469_1-512.jpg"],[5,"1216743362_466691_7469_1-512.jpg"],[5,"1216743362_741534_7470_1-512.jpg"],[5,"1216743362_741534_7470_1-512.jpg"],[5,"1216743363_006635_7471_1-512.jpg"],[5,"1216743363_006635_7471_1-512.jpg"],[5,"1216743363_276619_7472_1-512.jpg"],[5,"1216743363_521619_7473_1-512.jpg"],[5,"1216743363_761620_7474_1-512.jpg"],[5,"1216743363_761620_7474_1-512.jpg"],[5,"1216743364_006739_7475_1-512.jpg"],[5,"1216743364_276087_7476_1-512.jpg"],[5,"1216743364_511087_7477_1-512.jpg"],[5,"1216743364_740965_7478_1-512.jpg"],[5,"1216743907_863321_8821_1-512.jpg"],[5,"1216743908_018286_8822_1-512.jpg"]],"material_ml":"painted","preds_construction":[[2,"1216743353_671210_7437_1-512.jpg"],[2,"1216743353_971178_7438_1-512.jpg"],[2,"1216743354_266189_7439_1-512.jpg"],[2,"1216743354_541147_7440_1-512.jpg"],[2,"1216743354_816149_7441_1-512.jpg"],[2,"1216743356_096151_7446_1-512.jpg"],[2,"1216743356_366059_7447_1-512.jpg"],[2,"1216743356_631098_7448_1-512.jpg"],[2,"1216743357_716131_7452_1-512.jpg"],[1,"1216743357_716131_7452_1-512.jpg"],[2,"1216743357_991249_7453_1-512.jpg"],[2,"1216743358_261213_7454_1-512.jpg"],[2,"1216743358_526121_7455_1-512.jpg"],[2,"1216743358_776057_7456_1-512.jpg"],[2,"1216743359_031118_7457_1-512.jpg"],[2,"1216743359_296112_7458_1-512.jpg"],[2,"1216743359_551183_7459_1-512.jpg"],[2,"1216743359_821194_7460_1-512.jpg"],[2,"1216743360_091162_7461_1-512.jpg"],[2,"1216743360_381174_7462_1-512.jpg"],[2,"1216743360_681064_7463_1-512.jpg"],[2,"1216743361_021637_7464_1-512.jpg"],[2,"1216743361_326643_7465_1-512.jpg"],[2,"1216743361_611617_7466_1-512.jpg"],[2,"1216743361_611617_7466_1-512.jpg"],[2,"1216743361_896665_7467_1-512.jpg"],[2,"1216743361_896665_7467_1-512.jpg"],[2,"1216743362_186705_7468_1-512.jpg"],[2,"1216743362_186705_7468_1-512.jpg"],[2,"1216743362_466691_7469_1-512.jpg"],[2,"1216743362_466691_7469_1-512.jpg"],[2,"1216743362_466691_7469_1-512.jpg"],[2,"1216743362_741534_7470_1-512.jpg"],[2,"1216743362_741534_7470_1-512.jpg"],[2,"1216743363_006635_7471_1-512.jpg"],[2,"1216743363_276619_7472_1-512.jpg"],[2,"1216743363_521619_7473_1-512.jpg"],[2,"1216743363_761620_7474_1-512.jpg"],[2,"1216743364_006739_7475_1-512.jpg"],[2,"1216743364_276087_7476_1-512.jpg"],[2,"1216743364_511087_7477_1-512.jpg"],[2,"1216743364_740965_7478_1-512.jpg"],[2,"1216743907_863321_8821_1-512.jpg"]],"construction_ml":"complete","preds_design":[[1,"1216743354_816149_7441_1-512.jpg"],[2,"1216743355_581342_7444_1-512.jpg"],[1,"1216743356_096151_7446_1-512.jpg"],[2,"1216743356_096151_7446_1-512.jpg"],[2,"1216743356_366059_7447_1-512.jpg"],[2,"1216743356_631098_7448_1-512.jpg"],[2,"1216743357_716131_7452_1-512.jpg"],[2,"1216743357_991249_7453_1-512.jpg"],[2,"1216743358_261213_7454_1-512.jpg"],[2,"1216743358_526121_7455_1-512.jpg"],[2,"1216743358_776057_7456_1-512.jpg"],[1,"1216743359_031118_7457_1-512.jpg"],[2,"1216743359_031118_7457_1-512.jpg"],[2,"1216743359_296112_7458_1-512.jpg"],[2,"1216743359_551183_7459_1-512.jpg"],[2,"1216743359_821194_7460_1-512.jpg"],[2,"1216743360_091162_7461_1-512.jpg"],[2,"1216743360_381174_7462_1-512.jpg"],[2,"1216743360_681064_7463_1-512.jpg"],[2,"1216743361_021637_7464_1-512.jpg"],[2,"1216743361_326643_7465_1-512.jpg"],[1,"1216743361_611617_7466_1-512.jpg"],[1,"1216743361_896665_7467_1-512.jpg"],[2,"1216743361_896665_7467_1-512.jpg"],[1,"1216743362_186705_7468_1-512.jpg"],[2,"1216743362_186705_7468_1-512.jpg"],[1,"1216743362_466691_7469_1-512.jpg"],[2,"1216743362_466691_7469_1-512.jpg"],[2,"1216743362_741534_7470_1-512.jpg"],[1,"1216743362_741534_7470_1-512.jpg"],[2,"1216743363_006635_7471_1-512.jpg"],[2,"1216743363_276619_7472_1-512.jpg"],[2,"1216743363_521619_7473_1-512.jpg"],[2,"1216743363_761620_7474_1-512.jpg"],[2,"1216743364_006739_7475_1-512.jpg"],[2,"1216743364_276087_7476_1-512.jpg"],[2,"1216743364_511087_7477_1-512.jpg"],[2,"1216743364_740965_7478_1-512.jpg"],[1,"1216743907_863321_8821_1-512.jpg"]],"design_ml":"designed","images":[]}
