{"MATERIAL":"corrugated metal","AVG_SLOPE":4.64184441733,"AVG_HEIGHT":5.88293214601,"TERAIN_SLP":8.07777384913,"AREA":55.6372631794,"VOLUME":327,"FLOORS":2,"INT_ZONE":"Borde Rural","FLOOD":1,"LANDSLIDE":"Amenaza Media","LEGAL_ID":"311","LEGAL_NAME":"EL MIRADOR","LEGAL_AREA":11.06,"LEGAL_LOTS":989,"LEGAL_POP":5340.6,"LEGAL_DENS":89.42,"LEGALIZING":null,"BLOCK_ID_":"002570063","BLOCK_POP":44,"BLOCK_BLD":12,"BLOCK_RISK":2.3612998,"BLOCK_EDU":0,"BLOCK_HLTH":14.748342,"BLOCK_TRAN":99.547737,"BLOCK_CULT":0,"BLOCK_PARK":30.97751,"BLOCK_SEC":100,"BLOCK_CENT":0,"BLOCK_DEF":25,"BLD_INHAB":4,"OBJECTID":2,"AO_225":0.2,"id":1367,"preds_material":[[4,"1216742391_096260_4989_1-512.jpg"],[1,"1216743350_646049_7428_1-512.jpg"],[1,"1216743350_646049_7428_1-512.jpg"],[1,"1216743350_891180_7429_1-512.jpg"],[1,"1216743350_891180_7429_1-512.jpg"],[1,"1216743351_166075_7430_1-512.jpg"],[1,"1216743351_166075_7430_1-512.jpg"],[1,"1216743351_471110_7431_1-512.jpg"],[1,"1216743351_471110_7431_1-512.jpg"],[1,"1216743351_836151_7432_1-512.jpg"],[1,"1216743352_225991_7433_1-512.jpg"],[1,"1216743352_635989_7434_1-512.jpg"],[1,"1216743353_056174_7435_1-512.jpg"],[1,"1216743353_376117_7436_1-512.jpg"],[1,"1216743353_671210_7437_1-512.jpg"],[1,"1216743353_971178_7438_1-512.jpg"],[5,"1216743355_076124_7442_1-512.jpg"],[5,"1216743355_331169_7443_1-512.jpg"],[5,"1216743355_581342_7444_1-512.jpg"],[5,"1216743355_836161_7445_1-512.jpg"],[5,"1216743355_836161_7445_1-512.jpg"],[5,"1216743355_836161_7445_1-512.jpg"],[5,"1216743356_096151_7446_1-512.jpg"],[5,"1216743356_366059_7447_1-512.jpg"],[5,"1216743356_366059_7447_1-512.jpg"],[5,"1216743356_631098_7448_1-512.jpg"],[5,"1216743356_901101_7449_1-512.jpg"],[5,"1216743356_901101_7449_1-512.jpg"],[5,"1216743357_171123_7450_1-512.jpg"],[5,"1216743357_171123_7450_1-512.jpg"],[5,"1216743357_446150_7451_1-512.jpg"],[5,"1216743357_716131_7452_1-512.jpg"],[5,"1216743357_991249_7453_1-512.jpg"],[5,"1216743358_261213_7454_1-512.jpg"],[5,"1216743358_526121_7455_1-512.jpg"],[5,"1216743358_776057_7456_1-512.jpg"],[5,"1216743359_031118_7457_1-512.jpg"],[5,"1216743359_296112_7458_1-512.jpg"],[5,"1216743359_551183_7459_1-512.jpg"],[5,"1216743359_821194_7460_1-512.jpg"],[5,"1216743360_091162_7461_1-512.jpg"],[5,"1216743360_381174_7462_1-512.jpg"],[5,"1216743360_681064_7463_1-512.jpg"]],"material_ml":"painted","preds_construction":[[2,"1216743350_891180_7429_1-512.jpg"],[2,"1216743351_166075_7430_1-512.jpg"],[1,"1216743351_166075_7430_1-512.jpg"],[1,"1216743351_471110_7431_1-512.jpg"],[2,"1216743351_471110_7431_1-512.jpg"],[1,"1216743351_836151_7432_1-512.jpg"],[2,"1216743351_836151_7432_1-512.jpg"],[2,"1216743352_225991_7433_1-512.jpg"],[1,"1216743352_225991_7433_1-512.jpg"],[2,"1216743352_635989_7434_1-512.jpg"],[2,"1216743353_056174_7435_1-512.jpg"],[2,"1216743353_376117_7436_1-512.jpg"],[2,"1216743353_671210_7437_1-512.jpg"],[2,"1216743353_971178_7438_1-512.jpg"],[2,"1216743354_266189_7439_1-512.jpg"],[2,"1216743354_541147_7440_1-512.jpg"],[2,"1216743355_076124_7442_1-512.jpg"],[2,"1216743355_331169_7443_1-512.jpg"],[2,"1216743355_581342_7444_1-512.jpg"],[2,"1216743355_836161_7445_1-512.jpg"],[2,"1216743356_096151_7446_1-512.jpg"],[2,"1216743356_096151_7446_1-512.jpg"],[2,"1216743356_366059_7447_1-512.jpg"],[2,"1216743356_366059_7447_1-512.jpg"],[2,"1216743356_631098_7448_1-512.jpg"],[2,"1216743356_901101_7449_1-512.jpg"],[2,"1216743356_901101_7449_1-512.jpg"],[2,"1216743357_171123_7450_1-512.jpg"],[2,"1216743357_171123_7450_1-512.jpg"],[2,"1216743357_446150_7451_1-512.jpg"],[2,"1216743357_716131_7452_1-512.jpg"],[2,"1216743357_991249_7453_1-512.jpg"],[2,"1216743358_261213_7454_1-512.jpg"],[2,"1216743358_526121_7455_1-512.jpg"],[2,"1216743358_776057_7456_1-512.jpg"],[2,"1216743359_031118_7457_1-512.jpg"],[2,"1216743359_296112_7458_1-512.jpg"],[2,"1216743359_551183_7459_1-512.jpg"],[2,"1216743359_821194_7460_1-512.jpg"],[2,"1216743360_091162_7461_1-512.jpg"],[2,"1216743360_381174_7462_1-512.jpg"],[2,"1216743360_681064_7463_1-512.jpg"]],"construction_ml":"complete","preds_design":[[1,"1216743350_646049_7428_1-512.jpg"],[1,"1216743350_891180_7429_1-512.jpg"],[1,"1216743350_891180_7429_1-512.jpg"],[1,"1216743351_166075_7430_1-512.jpg"],[1,"1216743351_166075_7430_1-512.jpg"],[1,"1216743351_471110_7431_1-512.jpg"],[2,"1216743351_471110_7431_1-512.jpg"],[2,"1216743351_836151_7432_1-512.jpg"],[2,"1216743352_225991_7433_1-512.jpg"],[2,"1216743352_635989_7434_1-512.jpg"],[1,"1216743352_635989_7434_1-512.jpg"],[1,"1216743353_056174_7435_1-512.jpg"],[1,"1216743353_376117_7436_1-512.jpg"],[1,"1216743353_671210_7437_1-512.jpg"],[1,"1216743355_076124_7442_1-512.jpg"],[2,"1216743355_076124_7442_1-512.jpg"],[1,"1216743355_331169_7443_1-512.jpg"],[2,"1216743355_331169_7443_1-512.jpg"],[1,"1216743355_581342_7444_1-512.jpg"],[1,"1216743355_836161_7445_1-512.jpg"],[1,"1216743355_836161_7445_1-512.jpg"],[2,"1216743355_836161_7445_1-512.jpg"],[1,"1216743356_096151_7446_1-512.jpg"],[1,"1216743356_096151_7446_1-512.jpg"],[2,"1216743356_096151_7446_1-512.jpg"],[1,"1216743356_366059_7447_1-512.jpg"],[2,"1216743356_366059_7447_1-512.jpg"],[2,"1216743356_631098_7448_1-512.jpg"],[1,"1216743356_631098_7448_1-512.jpg"],[2,"1216743356_901101_7449_1-512.jpg"],[2,"1216743356_901101_7449_1-512.jpg"],[1,"1216743356_901101_7449_1-512.jpg"],[2,"1216743357_171123_7450_1-512.jpg"],[2,"1216743357_171123_7450_1-512.jpg"],[1,"1216743357_171123_7450_1-512.jpg"],[2,"1216743357_446150_7451_1-512.jpg"],[1,"1216743357_446150_7451_1-512.jpg"],[2,"1216743357_716131_7452_1-512.jpg"],[1,"1216743357_716131_7452_1-512.jpg"],[2,"1216743357_991249_7453_1-512.jpg"],[1,"1216743357_991249_7453_1-512.jpg"],[2,"1216743358_261213_7454_1-512.jpg"],[1,"1216743358_261213_7454_1-512.jpg"],[2,"1216743358_526121_7455_1-512.jpg"],[1,"1216743358_526121_7455_1-512.jpg"],[2,"1216743358_776057_7456_1-512.jpg"],[2,"1216743359_031118_7457_1-512.jpg"],[2,"1216743359_296112_7458_1-512.jpg"],[2,"1216743359_551183_7459_1-512.jpg"],[2,"1216743359_821194_7460_1-512.jpg"],[2,"1216743360_091162_7461_1-512.jpg"],[2,"1216743360_381174_7462_1-512.jpg"],[2,"1216743360_681064_7463_1-512.jpg"],[2,"1216743361_611617_7466_1-512.jpg"]],"design_ml":"designed","images":[]}
