{"MATERIAL":"corrugated metal/heavily patched","AVG_SLOPE":7.18888280847,"AVG_HEIGHT":0.2459852461,"TERAIN_SLP":12.8989626604,"AREA":57.0857937524,"VOLUME":14,"FLOORS":1,"INT_ZONE":"Borde Rural","FLOOD":1,"LANDSLIDE":"Amenaza Media","LEGAL_ID":"311","LEGAL_NAME":"EL MIRADOR","LEGAL_AREA":11.06,"LEGAL_LOTS":989,"LEGAL_POP":5340.6,"LEGAL_DENS":89.42,"LEGALIZING":null,"BLOCK_ID_":"002570063","BLOCK_POP":44,"BLOCK_BLD":12,"BLOCK_RISK":2.3612998,"BLOCK_EDU":0,"BLOCK_HLTH":14.748342,"BLOCK_TRAN":99.547737,"BLOCK_CULT":0,"BLOCK_PARK":30.97751,"BLOCK_SEC":100,"BLOCK_CENT":0,"BLOCK_DEF":25,"BLD_INHAB":4,"OBJECTID":2,"AO_225":0.2,"id":1380,"preds_material":[[5,"1216743364_970948_7479_1-512.jpg"],[5,"1216743365_206022_7480_1-512.jpg"],[5,"1216743365_435980_7481_1-512.jpg"],[5,"1216743365_435980_7481_1-512.jpg"],[1,"1216743365_435980_7481_1-512.jpg"],[5,"1216743365_646100_7482_1-512.jpg"],[5,"1216743365_646100_7482_1-512.jpg"],[2,"1216743365_646100_7482_1-512.jpg"],[5,"1216743365_880994_7483_1-512.jpg"],[5,"1216743366_125959_7484_1-512.jpg"],[5,"1216743366_361098_7485_1-512.jpg"],[5,"1216743366_585988_7486_1-512.jpg"],[1,"1216743366_585988_7486_1-512.jpg"],[5,"1216743366_825869_7487_1-512.jpg"],[1,"1216743366_825869_7487_1-512.jpg"],[5,"1216743367_111153_7488_1-512.jpg"],[1,"1216743367_111153_7488_1-512.jpg"],[5,"1216743907_378614_8818_1-512.jpg"],[5,"1216743907_543572_8819_1-512.jpg"],[5,"1216743907_708540_8820_1-512.jpg"]],"material_ml":"painted","preds_construction":[[2,"1216743364_970948_7479_1-512.jpg"],[2,"1216743365_206022_7480_1-512.jpg"],[2,"1216743365_435980_7481_1-512.jpg"],[2,"1216743365_435980_7481_1-512.jpg"],[2,"1216743365_646100_7482_1-512.jpg"],[2,"1216743365_646100_7482_1-512.jpg"],[2,"1216743365_880994_7483_1-512.jpg"],[2,"1216743366_125959_7484_1-512.jpg"],[2,"1216743366_361098_7485_1-512.jpg"],[2,"1216743366_585988_7486_1-512.jpg"],[2,"1216743366_825869_7487_1-512.jpg"],[2,"1216743367_111153_7488_1-512.jpg"],[2,"1216743907_378614_8818_1-512.jpg"],[2,"1216743907_543572_8819_1-512.jpg"],[2,"1216743907_708540_8820_1-512.jpg"]],"construction_ml":"complete","preds_design":[[2,"1216743364_970948_7479_1-512.jpg"],[2,"1216743365_206022_7480_1-512.jpg"],[2,"1216743365_435980_7481_1-512.jpg"],[2,"1216743365_435980_7481_1-512.jpg"],[2,"1216743365_646100_7482_1-512.jpg"],[2,"1216743365_646100_7482_1-512.jpg"],[2,"1216743365_880994_7483_1-512.jpg"],[2,"1216743366_125959_7484_1-512.jpg"],[2,"1216743366_361098_7485_1-512.jpg"],[2,"1216743366_585988_7486_1-512.jpg"],[2,"1216743366_825869_7487_1-512.jpg"],[2,"1216743367_111153_7488_1-512.jpg"],[1,"1216743907_378614_8818_1-512.jpg"],[1,"1216743907_543572_8819_1-512.jpg"],[1,"1216743907_708540_8820_1-512.jpg"]],"design_ml":"designed","images":[]}
