{"MATERIAL":"corrugated metal","AVG_SLOPE":8.21792486929,"AVG_HEIGHT":6.18773523344,"TERAIN_SLP":19.3133221048,"AREA":59.5507327501,"VOLUME":368,"FLOORS":2,"INT_ZONE":"Borde Rural","FLOOD":1,"LANDSLIDE":"Amenaza Media","LEGAL_ID":"311","LEGAL_NAME":"EL MIRADOR","LEGAL_AREA":11.06,"LEGAL_LOTS":989,"LEGAL_POP":5340.6,"LEGAL_DENS":89.42,"LEGALIZING":null,"BLOCK_ID_":"002570065","BLOCK_POP":81,"BLOCK_BLD":23,"BLOCK_RISK":3.6558633,"BLOCK_EDU":0,"BLOCK_HLTH":11.69486,"BLOCK_TRAN":99.798088,"BLOCK_CULT":0,"BLOCK_PARK":9.8308315,"BLOCK_SEC":100,"BLOCK_CENT":0,"BLOCK_DEF":39.1304347826,"BLD_INHAB":4,"OBJECTID":1,"AO_225":0.16,"id":1385,"preds_material":[[3,"1216742394_386382_4997_3-512.jpg"],[5,"1216742394_386382_4997_3-512.jpg"],[5,"1216742394_626361_4998_3-512.jpg"],[2,"1216742395_101219_5000_3-512.jpg"],[5,"1216742395_101219_5000_3-512.jpg"],[5,"1216742395_306373_5001_3-512.jpg"],[2,"1216742395_306373_5001_3-512.jpg"],[5,"1216742395_501325_5002_3-512.jpg"],[5,"1216742395_716235_5003_3-512.jpg"],[5,"1216742395_916188_5004_3-512.jpg"],[5,"1216742396_121247_5005_3-512.jpg"],[5,"1216742396_306243_5006_3-512.jpg"],[5,"1216742396_746306_5008_3-512.jpg"],[5,"1216742396_976366_5009_3-512.jpg"],[5,"1216742397_191227_5010_3-512.jpg"],[1,"1216742657_444909_5673_1-512.jpg"],[2,"1216743339_806197_7376_3-512.jpg"],[2,"1216743340_106053_7377_3-512.jpg"],[2,"1216743341_176256_7381_3-512.jpg"],[2,"1216743341_411224_7382_3-512.jpg"],[5,"1216743343_126241_7390_3-512.jpg"],[5,"1216743344_706216_7398_3-512.jpg"],[5,"1216743344_906214_7399_3-512.jpg"],[5,"1216743345_106316_7400_3-512.jpg"]],"material_ml":"painted","preds_construction":[[2,"1216742394_851366_4999_3-512.jpg"],[1,"1216742395_101219_5000_3-512.jpg"],[2,"1216742395_306373_5001_3-512.jpg"],[2,"1216742395_501325_5002_3-512.jpg"],[1,"1216742395_501325_5002_3-512.jpg"],[2,"1216742395_716235_5003_3-512.jpg"],[1,"1216742395_716235_5003_3-512.jpg"],[2,"1216742395_916188_5004_3-512.jpg"],[2,"1216742396_121247_5005_3-512.jpg"],[2,"1216742396_306243_5006_3-512.jpg"],[2,"1216742396_746306_5008_3-512.jpg"],[2,"1216742396_976366_5009_3-512.jpg"],[2,"1216742397_191227_5010_3-512.jpg"],[1,"1216742657_444909_5673_1-512.jpg"],[2,"1216742658_699344_5674_1-512.jpg"]],"construction_ml":"complete","preds_design":[[1,"1216742395_501325_5002_3-512.jpg"],[1,"1216742395_716235_5003_3-512.jpg"],[1,"1216742395_916188_5004_3-512.jpg"],[1,"1216742396_121247_5005_3-512.jpg"],[1,"1216742396_306243_5006_3-512.jpg"],[2,"1216742396_746306_5008_3-512.jpg"],[2,"1216742396_976366_5009_3-512.jpg"],[2,"1216742397_191227_5010_3-512.jpg"],[1,"1216742656_028941_5672_1-512.jpg"],[1,"1216742657_444909_5673_1-512.jpg"]],"design_ml":"undesigned","images":[]}
