{"MATERIAL":"corrugated metal/heavily patched","AVG_SLOPE":6.49789252574,"AVG_HEIGHT":2.0029619212,"TERAIN_SLP":23.6993896619,"AREA":60.4262639998,"VOLUME":121,"FLOORS":1,"INT_ZONE":"Borde Rural","FLOOD":1,"LANDSLIDE":"Amenaza Media","LEGAL_ID":"311","LEGAL_NAME":"EL MIRADOR","LEGAL_AREA":11.06,"LEGAL_LOTS":989,"LEGAL_POP":5340.6,"LEGAL_DENS":89.42,"LEGALIZING":null,"BLOCK_ID_":"002570064","BLOCK_POP":45,"BLOCK_BLD":15,"BLOCK_RISK":2.5775585,"BLOCK_EDU":0,"BLOCK_HLTH":13.613952,"BLOCK_TRAN":99.722954,"BLOCK_CULT":0,"BLOCK_PARK":29.490747,"BLOCK_SEC":100,"BLOCK_CENT":0,"BLOCK_DEF":46.6666666667,"BLD_INHAB":3,"OBJECTID":2,"AO_225":0.2,"id":1389,"preds_material":[[5,"1216742185_552391_4287_1-512.jpg"],[5,"1216742186_092335_4289_1-512.jpg"],[5,"1216742186_372216_4290_1-512.jpg"],[5,"1216742186_647181_4291_1-512.jpg"],[5,"1216742186_922266_4292_1-512.jpg"],[5,"1216742187_202266_4293_1-512.jpg"],[5,"1216742187_477262_4294_1-512.jpg"],[5,"1216742187_752350_4295_1-512.jpg"],[5,"1216743364_276087_7476_3-512.jpg"],[1,"1216743364_511087_7477_3-512.jpg"],[5,"1216743364_511087_7477_3-512.jpg"],[5,"1216743364_511087_7477_3-512.jpg"],[5,"1216743364_740965_7478_3-512.jpg"],[5,"1216743364_970948_7479_3-512.jpg"],[5,"1216743364_970948_7479_3-512.jpg"],[1,"1216743364_970948_7479_3-512.jpg"],[5,"1216743365_206022_7480_3-512.jpg"],[5,"1216743365_435980_7481_3-512.jpg"],[5,"1216743365_646100_7482_3-512.jpg"],[5,"1216743365_880994_7483_3-512.jpg"],[5,"1216743366_125959_7484_3-512.jpg"],[5,"1216743366_361098_7485_3-512.jpg"],[5,"1216743366_585988_7486_3-512.jpg"],[5,"1216743366_825869_7487_3-512.jpg"],[5,"1216743368_141048_7492_3-512.jpg"],[5,"1216743368_446056_7493_3-512.jpg"]],"material_ml":"painted","preds_construction":[[2,"1216742185_552391_4287_1-512.jpg"],[2,"1216742186_092335_4289_1-512.jpg"],[2,"1216742186_372216_4290_1-512.jpg"],[1,"1216742186_372216_4290_1-512.jpg"],[2,"1216742186_647181_4291_1-512.jpg"],[1,"1216742186_647181_4291_1-512.jpg"],[2,"1216742186_922266_4292_1-512.jpg"],[2,"1216742187_202266_4293_1-512.jpg"],[2,"1216742187_477262_4294_1-512.jpg"],[2,"1216742187_752350_4295_1-512.jpg"],[2,"1216743364_276087_7476_3-512.jpg"],[2,"1216743364_511087_7477_3-512.jpg"],[2,"1216743364_511087_7477_3-512.jpg"],[2,"1216743364_740965_7478_3-512.jpg"],[2,"1216743364_970948_7479_3-512.jpg"],[2,"1216743364_970948_7479_3-512.jpg"],[2,"1216743365_206022_7480_3-512.jpg"],[2,"1216743365_435980_7481_3-512.jpg"],[2,"1216743365_646100_7482_3-512.jpg"],[2,"1216743365_880994_7483_3-512.jpg"],[2,"1216743366_125959_7484_3-512.jpg"],[2,"1216743366_361098_7485_3-512.jpg"],[2,"1216743366_585988_7486_3-512.jpg"],[2,"1216743366_825869_7487_3-512.jpg"],[2,"1216743368_141048_7492_3-512.jpg"],[2,"1216743368_446056_7493_3-512.jpg"]],"construction_ml":"complete","preds_design":[[1,"1216742185_552391_4287_1-512.jpg"],[1,"1216742185_847278_4288_1-512.jpg"],[1,"1216742186_092335_4289_1-512.jpg"],[1,"1216742186_372216_4290_1-512.jpg"],[1,"1216742186_647181_4291_1-512.jpg"],[1,"1216742186_922266_4292_1-512.jpg"],[1,"1216742187_202266_4293_1-512.jpg"],[1,"1216742187_477262_4294_1-512.jpg"],[1,"1216742187_752350_4295_1-512.jpg"],[2,"1216743364_006739_7475_3-512.jpg"],[2,"1216743364_276087_7476_3-512.jpg"],[2,"1216743364_511087_7477_3-512.jpg"],[2,"1216743364_740965_7478_3-512.jpg"],[2,"1216743364_740965_7478_3-512.jpg"],[2,"1216743364_970948_7479_3-512.jpg"],[2,"1216743365_206022_7480_3-512.jpg"],[2,"1216743365_435980_7481_3-512.jpg"],[2,"1216743365_646100_7482_3-512.jpg"],[2,"1216743365_880994_7483_3-512.jpg"],[2,"1216743366_125959_7484_3-512.jpg"],[2,"1216743366_361098_7485_3-512.jpg"],[2,"1216743366_585988_7486_3-512.jpg"],[2,"1216743366_825869_7487_3-512.jpg"],[2,"1216743368_141048_7492_3-512.jpg"],[2,"1216743368_446056_7493_3-512.jpg"]],"design_ml":"designed","images":[]}
