{"MATERIAL":"corrugated metal","AVG_SLOPE":7.573575249,"AVG_HEIGHT":1.06597844831,"TERAIN_SLP":13.0406299049,"AREA":60.3698686528,"VOLUME":64,"FLOORS":1,"INT_ZONE":"Borde Rural","FLOOD":1,"LANDSLIDE":"Amenaza Media","LEGAL_ID":"311","LEGAL_NAME":"EL MIRADOR","LEGAL_AREA":11.06,"LEGAL_LOTS":989,"LEGAL_POP":5340.6,"LEGAL_DENS":89.42,"LEGALIZING":null,"BLOCK_ID_":"002570031","BLOCK_POP":55,"BLOCK_BLD":13,"BLOCK_RISK":9.0519161,"BLOCK_EDU":0,"BLOCK_HLTH":8.7840242,"BLOCK_TRAN":98.801575,"BLOCK_CULT":0,"BLOCK_PARK":0,"BLOCK_SEC":100,"BLOCK_CENT":0,"BLOCK_DEF":38.4615384615,"BLD_INHAB":4,"OBJECTID":1,"AO_225":0.16,"id":139,"preds_material":[[5,"1216742282_126819_4717_3-512.jpg"],[5,"1216744481_470275_9783_1-512.jpg"],[1,"1216744481_470275_9783_1-512.jpg"],[1,"1216744482_320347_9784_1-512.jpg"],[5,"1216744482_320347_9784_1-512.jpg"],[5,"1216744809_858866_10516_1-512.jpg"],[5,"1216744810_809103_10518_1-512.jpg"],[5,"1216744811_268838_10519_1-512.jpg"],[5,"1216744811_938832_10520_1-512.jpg"],[5,"1216744812_638827_10521_1-512.jpg"]],"material_ml":"painted","preds_construction":[[2,"1216742282_126819_4717_3-512.jpg"],[2,"1216744481_470275_9783_1-512.jpg"],[2,"1216744482_320347_9784_1-512.jpg"],[2,"1216744809_858866_10516_1-512.jpg"],[2,"1216744810_343846_10517_1-512.jpg"],[2,"1216744810_809103_10518_1-512.jpg"],[2,"1216744811_268838_10519_1-512.jpg"],[2,"1216744811_938832_10520_1-512.jpg"],[2,"1216744812_638827_10521_1-512.jpg"]],"construction_ml":"complete","preds_design":[[2,"1216744481_470275_9783_1-512.jpg"],[2,"1216744482_320347_9784_1-512.jpg"],[1,"1216744809_858866_10516_1-512.jpg"],[1,"1216744810_343846_10517_1-512.jpg"],[1,"1216744810_809103_10518_1-512.jpg"],[1,"1216744811_268838_10519_1-512.jpg"],[1,"1216744811_938832_10520_1-512.jpg"],[2,"1216744811_938832_10520_1-512.jpg"],[1,"1216744812_638827_10521_1-512.jpg"],[2,"1216744812_638827_10521_1-512.jpg"]],"design_ml":"undesigned","images":[]}
