{"MATERIAL":"corrugated metal/heavily patched","AVG_SLOPE":8.85171537376,"AVG_HEIGHT":0.38317637273,"TERAIN_SLP":13.4776570516,"AREA":51.8946884985,"VOLUME":20,"FLOORS":1,"INT_ZONE":"Borde Rural","FLOOD":1,"LANDSLIDE":"Amenaza Media","LEGAL_ID":"311","LEGAL_NAME":"EL MIRADOR","LEGAL_AREA":11.06,"LEGAL_LOTS":989,"LEGAL_POP":5340.6,"LEGAL_DENS":89.42,"LEGALIZING":null,"BLOCK_ID_":"002570064","BLOCK_POP":45,"BLOCK_BLD":15,"BLOCK_RISK":2.5775585,"BLOCK_EDU":0,"BLOCK_HLTH":13.613952,"BLOCK_TRAN":99.722954,"BLOCK_CULT":0,"BLOCK_PARK":29.490747,"BLOCK_SEC":100,"BLOCK_CENT":0,"BLOCK_DEF":46.6666666667,"BLD_INHAB":3,"OBJECTID":2,"AO_225":0.2,"id":1390,"preds_material":[[5,"1216743348_926188_7419_3-512.jpg"],[5,"1216743349_281245_7421_3-512.jpg"],[5,"1216743349_456170_7422_3-512.jpg"],[5,"1216743350_001216_7425_3-512.jpg"],[5,"1216743350_201125_7426_3-512.jpg"],[5,"1216743350_416076_7427_3-512.jpg"],[5,"1216743350_646049_7428_3-512.jpg"],[5,"1216743351_166075_7430_3-512.jpg"],[5,"1216743354_266189_7439_3-512.jpg"],[5,"1216743354_541147_7440_3-512.jpg"],[5,"1216743354_816149_7441_3-512.jpg"],[5,"1216743355_076124_7442_3-512.jpg"],[5,"1216743355_331169_7443_3-512.jpg"],[5,"1216743355_581342_7444_3-512.jpg"],[5,"1216743355_836161_7445_3-512.jpg"],[5,"1216743356_096151_7446_3-512.jpg"],[5,"1216743356_366059_7447_3-512.jpg"],[5,"1216743356_366059_7447_3-512.jpg"],[5,"1216743356_631098_7448_3-512.jpg"],[5,"1216743356_631098_7448_3-512.jpg"],[5,"1216743356_901101_7449_3-512.jpg"],[5,"1216743357_171123_7450_3-512.jpg"],[5,"1216743357_446150_7451_3-512.jpg"],[1,"1216743357_716131_7452_3-512.jpg"],[6,"1216743358_526121_7455_3-512.jpg"],[5,"1216743359_031118_7457_3-512.jpg"],[5,"1216743359_296112_7458_3-512.jpg"],[5,"1216743359_296112_7458_3-512.jpg"],[1,"1216743359_296112_7458_3-512.jpg"],[5,"1216743359_551183_7459_3-512.jpg"],[1,"1216743359_551183_7459_3-512.jpg"],[5,"1216743359_821194_7460_3-512.jpg"],[5,"1216743360_091162_7461_3-512.jpg"],[5,"1216743360_381174_7462_3-512.jpg"],[5,"1216743360_681064_7463_3-512.jpg"],[1,"1216743360_681064_7463_3-512.jpg"],[5,"1216743361_021637_7464_3-512.jpg"],[5,"1216743361_326643_7465_3-512.jpg"],[5,"1216743361_611617_7466_3-512.jpg"],[5,"1216743361_896665_7467_3-512.jpg"],[5,"1216743362_186705_7468_3-512.jpg"]],"material_ml":"painted","preds_construction":[[2,"1216743348_926188_7419_3-512.jpg"],[2,"1216743349_281245_7421_3-512.jpg"],[2,"1216743349_456170_7422_3-512.jpg"],[2,"1216743350_201125_7426_3-512.jpg"],[2,"1216743350_416076_7427_3-512.jpg"],[2,"1216743350_646049_7428_3-512.jpg"],[2,"1216743351_471110_7431_3-512.jpg"],[1,"1216743353_971178_7438_3-512.jpg"],[1,"1216743354_266189_7439_3-512.jpg"],[2,"1216743354_266189_7439_3-512.jpg"],[1,"1216743354_541147_7440_3-512.jpg"],[2,"1216743354_541147_7440_3-512.jpg"],[2,"1216743354_816149_7441_3-512.jpg"],[2,"1216743355_076124_7442_3-512.jpg"],[1,"1216743355_076124_7442_3-512.jpg"],[2,"1216743355_331169_7443_3-512.jpg"],[2,"1216743355_581342_7444_3-512.jpg"],[1,"1216743355_581342_7444_3-512.jpg"],[1,"1216743355_836161_7445_3-512.jpg"],[2,"1216743355_836161_7445_3-512.jpg"],[1,"1216743356_096151_7446_3-512.jpg"],[2,"1216743356_096151_7446_3-512.jpg"],[1,"1216743356_366059_7447_3-512.jpg"],[2,"1216743356_366059_7447_3-512.jpg"],[1,"1216743356_631098_7448_3-512.jpg"],[1,"1216743356_901101_7449_3-512.jpg"],[2,"1216743356_901101_7449_3-512.jpg"],[2,"1216743356_901101_7449_3-512.jpg"],[1,"1216743357_171123_7450_3-512.jpg"],[2,"1216743357_171123_7450_3-512.jpg"],[2,"1216743357_171123_7450_3-512.jpg"],[1,"1216743357_446150_7451_3-512.jpg"],[1,"1216743357_716131_7452_3-512.jpg"],[2,"1216743358_526121_7455_3-512.jpg"],[2,"1216743359_031118_7457_3-512.jpg"],[1,"1216743359_296112_7458_3-512.jpg"],[2,"1216743359_296112_7458_3-512.jpg"],[1,"1216743359_551183_7459_3-512.jpg"],[1,"1216743359_821194_7460_3-512.jpg"],[2,"1216743359_821194_7460_3-512.jpg"],[2,"1216743360_091162_7461_3-512.jpg"],[2,"1216743360_091162_7461_3-512.jpg"],[1,"1216743360_091162_7461_3-512.jpg"],[2,"1216743360_381174_7462_3-512.jpg"],[2,"1216743360_681064_7463_3-512.jpg"],[2,"1216743361_021637_7464_3-512.jpg"],[2,"1216743361_326643_7465_3-512.jpg"],[2,"1216743361_611617_7466_3-512.jpg"],[2,"1216743361_896665_7467_3-512.jpg"],[2,"1216743362_186705_7468_3-512.jpg"]],"construction_ml":"complete","preds_design":[[1,"1216743349_281245_7421_3-512.jpg"],[1,"1216743349_456170_7422_3-512.jpg"],[2,"1216743350_001216_7425_3-512.jpg"],[2,"1216743350_416076_7427_3-512.jpg"],[2,"1216743350_646049_7428_3-512.jpg"],[2,"1216743353_971178_7438_3-512.jpg"],[2,"1216743354_266189_7439_3-512.jpg"],[2,"1216743354_541147_7440_3-512.jpg"],[1,"1216743354_541147_7440_3-512.jpg"],[1,"1216743354_816149_7441_3-512.jpg"],[2,"1216743354_816149_7441_3-512.jpg"],[1,"1216743355_076124_7442_3-512.jpg"],[1,"1216743355_331169_7443_3-512.jpg"],[1,"1216743355_581342_7444_3-512.jpg"],[1,"1216743355_836161_7445_3-512.jpg"],[2,"1216743355_836161_7445_3-512.jpg"],[1,"1216743356_096151_7446_3-512.jpg"],[2,"1216743356_096151_7446_3-512.jpg"],[1,"1216743356_366059_7447_3-512.jpg"],[1,"1216743356_366059_7447_3-512.jpg"],[2,"1216743356_366059_7447_3-512.jpg"],[1,"1216743356_631098_7448_3-512.jpg"],[2,"1216743356_631098_7448_3-512.jpg"],[2,"1216743356_901101_7449_3-512.jpg"],[1,"1216743356_901101_7449_3-512.jpg"],[2,"1216743357_171123_7450_3-512.jpg"],[1,"1216743357_171123_7450_3-512.jpg"],[1,"1216743357_446150_7451_3-512.jpg"],[1,"1216743358_526121_7455_3-512.jpg"],[1,"1216743358_776057_7456_3-512.jpg"],[1,"1216743359_031118_7457_3-512.jpg"],[2,"1216743359_296112_7458_3-512.jpg"],[1,"1216743359_296112_7458_3-512.jpg"],[2,"1216743359_551183_7459_3-512.jpg"],[1,"1216743359_551183_7459_3-512.jpg"],[2,"1216743359_821194_7460_3-512.jpg"],[2,"1216743360_091162_7461_3-512.jpg"],[2,"1216743360_381174_7462_3-512.jpg"],[2,"1216743360_681064_7463_3-512.jpg"],[2,"1216743361_021637_7464_3-512.jpg"],[2,"1216743361_326643_7465_3-512.jpg"],[2,"1216743361_611617_7466_3-512.jpg"],[2,"1216743361_896665_7467_3-512.jpg"],[2,"1216743362_186705_7468_3-512.jpg"]],"design_ml":"designed","images":[]}
