{"MATERIAL":"concrete","AVG_SLOPE":9.579808997,"AVG_HEIGHT":8.49072012149,"TERAIN_SLP":17.4335997607,"AREA":72.8765070948,"VOLUME":619,"FLOORS":3,"INT_ZONE":"Borde Rural","FLOOD":1,"LANDSLIDE":"Amenaza Media","LEGAL_ID":"311","LEGAL_NAME":"EL MIRADOR","LEGAL_AREA":11.06,"LEGAL_LOTS":989,"LEGAL_POP":5340.6,"LEGAL_DENS":89.42,"LEGALIZING":null,"BLOCK_ID_":"002570065","BLOCK_POP":81,"BLOCK_BLD":23,"BLOCK_RISK":3.6558633,"BLOCK_EDU":0,"BLOCK_HLTH":11.69486,"BLOCK_TRAN":99.798088,"BLOCK_CULT":0,"BLOCK_PARK":9.8308315,"BLOCK_SEC":100,"BLOCK_CENT":0,"BLOCK_DEF":39.1304347826,"BLD_INHAB":4,"OBJECTID":1,"AO_225":0.16,"id":1394,"preds_material":[[2,"1216742388_341263_4981_3-512.jpg"],[2,"1216742388_616250_4982_3-512.jpg"],[2,"1216742388_876264_4983_3-512.jpg"],[5,"1216742391_096260_4989_3-512.jpg"],[2,"1216742391_096260_4989_3-512.jpg"],[5,"1216742391_726094_4990_3-512.jpg"],[2,"1216742391_726094_4990_3-512.jpg"],[2,"1216742392_231065_4991_3-512.jpg"],[1,"1216742659_794506_5675_1-512.jpg"],[6,"1216743335_876172_7365_3-512.jpg"],[2,"1216743335_876172_7365_3-512.jpg"],[2,"1216743336_121269_7366_3-512.jpg"],[1,"1216743336_121269_7366_3-512.jpg"],[6,"1216743336_121269_7366_3-512.jpg"],[1,"1216743336_381282_7367_3-512.jpg"],[2,"1216743336_381282_7367_3-512.jpg"],[1,"1216743336_661253_7368_3-512.jpg"],[2,"1216743336_661253_7368_3-512.jpg"],[1,"1216743336_976243_7369_3-512.jpg"],[2,"1216743336_976243_7369_3-512.jpg"],[2,"1216743337_326208_7370_3-512.jpg"],[1,"1216743337_326208_7370_3-512.jpg"],[2,"1216743342_076154_7385_3-512.jpg"],[2,"1216743342_296158_7386_3-512.jpg"],[2,"1216743342_511394_7387_3-512.jpg"],[2,"1216743342_721141_7388_3-512.jpg"],[2,"1216743342_926234_7389_3-512.jpg"],[5,"1216743343_126241_7390_3-512.jpg"],[5,"1216743343_921237_7394_3-512.jpg"],[5,"1216743344_091290_7395_3-512.jpg"]],"material_ml":"concrete","preds_construction":[[2,"1216742388_341263_4981_3-512.jpg"],[2,"1216742388_616250_4982_3-512.jpg"],[2,"1216742391_096260_4989_3-512.jpg"],[2,"1216742391_726094_4990_3-512.jpg"],[2,"1216742392_231065_4991_3-512.jpg"],[1,"1216742659_794506_5675_1-512.jpg"],[2,"1216743335_876172_7365_3-512.jpg"],[2,"1216743336_121269_7366_3-512.jpg"],[1,"1216743336_121269_7366_3-512.jpg"],[2,"1216743336_381282_7367_3-512.jpg"],[2,"1216743341_856323_7384_3-512.jpg"],[2,"1216743342_076154_7385_3-512.jpg"],[2,"1216743342_296158_7386_3-512.jpg"],[2,"1216743342_511394_7387_3-512.jpg"],[2,"1216743342_721141_7388_3-512.jpg"],[2,"1216743342_926234_7389_3-512.jpg"],[2,"1216743343_126241_7390_3-512.jpg"],[2,"1216743344_091290_7395_3-512.jpg"]],"construction_ml":"complete","preds_design":[[1,"1216742388_616250_4982_3-512.jpg"],[1,"1216742391_096260_4989_3-512.jpg"],[1,"1216742391_726094_4990_3-512.jpg"],[1,"1216742392_231065_4991_3-512.jpg"],[1,"1216742392_231065_4991_3-512.jpg"],[1,"1216742659_794506_5675_1-512.jpg"],[2,"1216743335_876172_7365_3-512.jpg"],[2,"1216743336_121269_7366_3-512.jpg"],[2,"1216743336_381282_7367_3-512.jpg"],[2,"1216743342_076154_7385_3-512.jpg"],[2,"1216743342_296158_7386_3-512.jpg"],[2,"1216743342_511394_7387_3-512.jpg"],[2,"1216743342_721141_7388_3-512.jpg"],[2,"1216743342_926234_7389_3-512.jpg"],[2,"1216743343_126241_7390_3-512.jpg"],[2,"1216743344_091290_7395_3-512.jpg"]],"design_ml":"designed","images":[]}
