{"MATERIAL":"concrete","AVG_SLOPE":10.7280957694,"AVG_HEIGHT":8.11731893825,"TERAIN_SLP":13.4240986589,"AREA":74.304406961,"VOLUME":603,"FLOORS":3,"INT_ZONE":"Borde Rural","FLOOD":1,"LANDSLIDE":"Amenaza Media","LEGAL_ID":"311","LEGAL_NAME":"EL MIRADOR","LEGAL_AREA":11.06,"LEGAL_LOTS":989,"LEGAL_POP":5340.6,"LEGAL_DENS":89.42,"LEGALIZING":null,"BLOCK_ID_":"002570069","BLOCK_POP":51,"BLOCK_BLD":13,"BLOCK_RISK":9.8803749,"BLOCK_EDU":0,"BLOCK_HLTH":12.597464,"BLOCK_TRAN":99.904572,"BLOCK_CULT":0,"BLOCK_PARK":65.945023,"BLOCK_SEC":100,"BLOCK_CENT":0,"BLOCK_DEF":46.1538461538,"BLD_INHAB":4,"OBJECTID":2,"AO_225":0.2,"id":1395,"preds_material":[[5,"1216742178_002542_4274_1-512.jpg"],[5,"1216742179_337312_4275_1-512.jpg"],[1,"1216743893_648478_8734_1-512.jpg"],[1,"1216743893_933461_8735_1-512.jpg"],[1,"1216743894_138470_8736_1-512.jpg"],[1,"1216743894_343410_8737_1-512.jpg"],[1,"1216743894_548417_8738_1-512.jpg"],[1,"1216743894_753393_8739_1-512.jpg"],[1,"1216743894_958468_8740_1-512.jpg"],[1,"1216743895_163412_8741_1-512.jpg"],[1,"1216743895_368465_8742_1-512.jpg"],[1,"1216743895_578476_8743_1-512.jpg"],[1,"1216743895_788430_8744_1-512.jpg"],[1,"1216743895_948525_8745_1-512.jpg"],[1,"1216743896_103462_8746_1-512.jpg"],[1,"1216743896_233408_8747_1-512.jpg"],[1,"1216743896_383438_8748_1-512.jpg"],[1,"1216743896_533444_8749_1-512.jpg"],[1,"1216743896_713402_8750_1-512.jpg"],[1,"1216743896_858481_8751_1-512.jpg"],[1,"1216743896_988422_8752_1-512.jpg"],[1,"1216743897_128278_8753_1-512.jpg"],[1,"1216743897_283417_8754_1-512.jpg"]],"material_ml":"brick","preds_construction":[[2,"1216742178_002542_4274_1-512.jpg"],[2,"1216742179_337312_4275_1-512.jpg"],[2,"1216743893_648478_8734_1-512.jpg"],[2,"1216743893_933461_8735_1-512.jpg"],[2,"1216743894_138470_8736_1-512.jpg"],[2,"1216743894_343410_8737_1-512.jpg"],[2,"1216743894_343410_8737_1-512.jpg"],[2,"1216743894_548417_8738_1-512.jpg"],[2,"1216743894_753393_8739_1-512.jpg"],[2,"1216743894_958468_8740_1-512.jpg"],[2,"1216743895_163412_8741_1-512.jpg"],[2,"1216743895_368465_8742_1-512.jpg"],[2,"1216743895_578476_8743_1-512.jpg"],[2,"1216743895_788430_8744_1-512.jpg"],[2,"1216743895_948525_8745_1-512.jpg"],[2,"1216743896_103462_8746_1-512.jpg"],[2,"1216743896_233408_8747_1-512.jpg"],[2,"1216743896_383438_8748_1-512.jpg"],[2,"1216743896_533444_8749_1-512.jpg"],[2,"1216743896_713402_8750_1-512.jpg"],[2,"1216743896_858481_8751_1-512.jpg"],[2,"1216743896_988422_8752_1-512.jpg"],[2,"1216743897_128278_8753_1-512.jpg"],[2,"1216743897_283417_8754_1-512.jpg"]],"construction_ml":"complete","preds_design":[[2,"1216742178_002542_4274_1-512.jpg"],[2,"1216742179_337312_4275_1-512.jpg"],[2,"1216743893_648478_8734_1-512.jpg"],[2,"1216743893_933461_8735_1-512.jpg"],[2,"1216743894_138470_8736_1-512.jpg"],[2,"1216743894_343410_8737_1-512.jpg"],[2,"1216743894_343410_8737_1-512.jpg"],[2,"1216743894_548417_8738_1-512.jpg"],[2,"1216743894_753393_8739_1-512.jpg"],[2,"1216743894_958468_8740_1-512.jpg"],[2,"1216743895_163412_8741_1-512.jpg"],[2,"1216743895_368465_8742_1-512.jpg"],[2,"1216743895_578476_8743_1-512.jpg"],[2,"1216743895_788430_8744_1-512.jpg"],[2,"1216743895_948525_8745_1-512.jpg"],[2,"1216743896_103462_8746_1-512.jpg"],[2,"1216743896_233408_8747_1-512.jpg"],[2,"1216743896_383438_8748_1-512.jpg"],[2,"1216743896_533444_8749_1-512.jpg"],[2,"1216743896_713402_8750_1-512.jpg"],[2,"1216743896_858481_8751_1-512.jpg"],[2,"1216743896_988422_8752_1-512.jpg"],[2,"1216743897_128278_8753_1-512.jpg"],[2,"1216743897_283417_8754_1-512.jpg"],[2,"1216743897_418325_8755_1-512.jpg"]],"design_ml":"designed","images":[]}
