{"MATERIAL":"corrugated metal - dark","AVG_SLOPE":12.2731932555,"AVG_HEIGHT":6.64365230368,"TERAIN_SLP":16.414794162,"AREA":71.9168239463,"VOLUME":478,"FLOORS":2,"INT_ZONE":"Borde Rural","FLOOD":1,"LANDSLIDE":"Amenaza Media","LEGAL_ID":"311","LEGAL_NAME":"EL MIRADOR","LEGAL_AREA":11.06,"LEGAL_LOTS":989,"LEGAL_POP":5340.6,"LEGAL_DENS":89.42,"LEGALIZING":null,"BLOCK_ID_":"002570065","BLOCK_POP":81,"BLOCK_BLD":23,"BLOCK_RISK":3.6558633,"BLOCK_EDU":0,"BLOCK_HLTH":11.69486,"BLOCK_TRAN":99.798088,"BLOCK_CULT":0,"BLOCK_PARK":9.8308315,"BLOCK_SEC":100,"BLOCK_CENT":0,"BLOCK_DEF":39.1304347826,"BLD_INHAB":4,"OBJECTID":1,"AO_225":0.16,"id":1396,"preds_material":[[5,"1216742395_916188_5004_3-512.jpg"],[5,"1216742396_121247_5005_3-512.jpg"],[5,"1216742396_306243_5006_3-512.jpg"],[5,"1216742396_521324_5007_3-512.jpg"],[5,"1216742397_491215_5011_3-512.jpg"],[5,"1216742397_791206_5012_3-512.jpg"],[5,"1216742398_096251_5013_3-512.jpg"],[5,"1216742398_501575_5014_3-512.jpg"],[5,"1216742399_066228_5015_3-512.jpg"],[1,"1216742656_028941_5672_1-512.jpg"]],"material_ml":"painted","preds_construction":[[2,"1216742395_916188_5004_3-512.jpg"],[2,"1216742396_121247_5005_3-512.jpg"],[2,"1216742396_306243_5006_3-512.jpg"],[2,"1216742396_521324_5007_3-512.jpg"],[2,"1216742397_491215_5011_3-512.jpg"],[2,"1216742397_791206_5012_3-512.jpg"],[2,"1216742398_096251_5013_3-512.jpg"],[2,"1216742398_501575_5014_3-512.jpg"],[2,"1216742399_066228_5015_3-512.jpg"],[2,"1216742399_066228_5015_3-512.jpg"],[1,"1216742654_239257_5671_1-512.jpg"],[1,"1216742656_028941_5672_1-512.jpg"]],"construction_ml":"complete","preds_design":[[2,"1216742395_916188_5004_3-512.jpg"],[2,"1216742396_121247_5005_3-512.jpg"],[2,"1216742396_306243_5006_3-512.jpg"],[2,"1216742396_521324_5007_3-512.jpg"],[2,"1216742397_491215_5011_3-512.jpg"],[2,"1216742397_791206_5012_3-512.jpg"],[2,"1216742398_096251_5013_3-512.jpg"],[2,"1216742398_501575_5014_3-512.jpg"],[2,"1216742399_066228_5015_3-512.jpg"],[1,"1216742656_028941_5672_1-512.jpg"]],"design_ml":"designed","images":[]}
