{"MATERIAL":"corrugated metal - dark","AVG_SLOPE":6.05933370905,"AVG_HEIGHT":6.0780074995,"TERAIN_SLP":10.5585073991,"AREA":71.7736985162,"VOLUME":436,"FLOORS":2,"INT_ZONE":"Borde Rural","FLOOD":1,"LANDSLIDE":"Amenaza Media","LEGAL_ID":"311","LEGAL_NAME":"EL MIRADOR","LEGAL_AREA":11.06,"LEGAL_LOTS":989,"LEGAL_POP":5340.6,"LEGAL_DENS":89.42,"LEGALIZING":null,"BLOCK_ID_":"002570069","BLOCK_POP":51,"BLOCK_BLD":13,"BLOCK_RISK":9.8803749,"BLOCK_EDU":0,"BLOCK_HLTH":12.597464,"BLOCK_TRAN":99.904572,"BLOCK_CULT":0,"BLOCK_PARK":65.945023,"BLOCK_SEC":100,"BLOCK_CENT":0,"BLOCK_DEF":46.1538461538,"BLD_INHAB":4,"OBJECTID":2,"AO_225":0.2,"id":1397,"preds_material":[[2,"1216742401_961580_5019_1-512.jpg"],[2,"1216742402_456331_5020_1-512.jpg"],[2,"1216742402_806210_5021_1-512.jpg"],[5,"1216742649_125102_5662_3-512.jpg"],[5,"1216742649_600037_5663_3-512.jpg"],[5,"1216742650_079857_5664_3-512.jpg"],[5,"1216742650_565016_5665_3-512.jpg"],[5,"1216742651_045050_5666_3-512.jpg"],[5,"1216742651_530084_5667_3-512.jpg"],[5,"1216742652_044967_5668_3-512.jpg"],[5,"1216742652_619849_5669_3-512.jpg"],[5,"1216742653_304923_5670_3-512.jpg"],[5,"1216742654_239257_5671_3-512.jpg"]],"material_ml":"painted","preds_construction":[[2,"1216742401_961580_5019_1-512.jpg"],[2,"1216742402_456331_5020_1-512.jpg"],[2,"1216742402_806210_5021_1-512.jpg"],[2,"1216742649_125102_5662_3-512.jpg"],[2,"1216742649_600037_5663_3-512.jpg"],[2,"1216742650_079857_5664_3-512.jpg"],[2,"1216742650_565016_5665_3-512.jpg"],[2,"1216742651_045050_5666_3-512.jpg"],[2,"1216742651_530084_5667_3-512.jpg"],[2,"1216742652_044967_5668_3-512.jpg"],[2,"1216742652_619849_5669_3-512.jpg"],[2,"1216742653_304923_5670_3-512.jpg"],[2,"1216742654_239257_5671_3-512.jpg"]],"construction_ml":"complete","preds_design":[[2,"1216742401_331243_5018_1-512.jpg"],[2,"1216742401_961580_5019_1-512.jpg"],[2,"1216742402_456331_5020_1-512.jpg"],[2,"1216742402_806210_5021_1-512.jpg"],[2,"1216742649_125102_5662_3-512.jpg"],[2,"1216742649_600037_5663_3-512.jpg"],[2,"1216742650_079857_5664_3-512.jpg"],[2,"1216742650_565016_5665_3-512.jpg"],[2,"1216742651_045050_5666_3-512.jpg"],[2,"1216742651_530084_5667_3-512.jpg"],[2,"1216742652_044967_5668_3-512.jpg"],[2,"1216742652_619849_5669_3-512.jpg"],[2,"1216742653_304923_5670_3-512.jpg"],[2,"1216742654_239257_5671_3-512.jpg"]],"design_ml":"designed","images":[]}
