{"MATERIAL":"corrugated metal - painted","AVG_SLOPE":11.8323311756,"AVG_HEIGHT":4.26447158295,"TERAIN_SLP":20.3877415258,"AREA":59.7102902354,"VOLUME":255,"FLOORS":2,"INT_ZONE":"Borde Rural","FLOOD":1,"LANDSLIDE":"Amenaza Media","LEGAL_ID":"311","LEGAL_NAME":"EL MIRADOR","LEGAL_AREA":11.06,"LEGAL_LOTS":989,"LEGAL_POP":5340.6,"LEGAL_DENS":89.42,"LEGALIZING":null,"BLOCK_ID_":"002570069","BLOCK_POP":51,"BLOCK_BLD":13,"BLOCK_RISK":9.8803749,"BLOCK_EDU":0,"BLOCK_HLTH":12.597464,"BLOCK_TRAN":99.904572,"BLOCK_CULT":0,"BLOCK_PARK":65.945023,"BLOCK_SEC":100,"BLOCK_CENT":0,"BLOCK_DEF":46.1538461538,"BLD_INHAB":4,"OBJECTID":2,"AO_225":0.2,"id":1400,"preds_material":[[5,"1216742180_292343_4276_1-512.jpg"],[5,"1216743898_433388_8762_1-512.jpg"],[5,"1216743898_563424_8763_1-512.jpg"],[5,"1216743898_693433_8764_1-512.jpg"]],"material_ml":"painted","preds_construction":[[2,"1216742180_292343_4276_1-512.jpg"],[2,"1216743898_433388_8762_1-512.jpg"],[2,"1216743898_563424_8763_1-512.jpg"]],"construction_ml":"complete","preds_design":[[2,"1216742180_292343_4276_1-512.jpg"],[2,"1216743898_433388_8762_1-512.jpg"],[2,"1216743898_563424_8763_1-512.jpg"]],"design_ml":"designed","images":[]}
