{"MATERIAL":"concrete","AVG_SLOPE":6.69758900798,"AVG_HEIGHT":4.66233808926,"TERAIN_SLP":12.8932940103,"AREA":41.8624801841,"VOLUME":195,"FLOORS":2,"INT_ZONE":"Borde Rural","FLOOD":2,"LANDSLIDE":"Amenaza Media","LEGAL_ID":"311","LEGAL_NAME":"EL MIRADOR","LEGAL_AREA":11.06,"LEGAL_LOTS":989,"LEGAL_POP":5340.6,"LEGAL_DENS":89.42,"LEGALIZING":null,"BLOCK_ID_":"002570069","BLOCK_POP":51,"BLOCK_BLD":13,"BLOCK_RISK":9.8803749,"BLOCK_EDU":0,"BLOCK_HLTH":12.597464,"BLOCK_TRAN":99.904572,"BLOCK_CULT":0,"BLOCK_PARK":65.945023,"BLOCK_SEC":100,"BLOCK_CENT":0,"BLOCK_DEF":46.1538461538,"BLD_INHAB":4,"OBJECTID":2,"AO_225":0.2,"id":1401,"preds_material":[[1,"1216743891_888497_8727_1-512.jpg"],[1,"1216743892_158583_8728_1-512.jpg"],[1,"1216743892_398565_8729_1-512.jpg"],[1,"1216743892_633590_8730_1-512.jpg"],[1,"1216743892_633590_8730_1-512.jpg"],[1,"1216743892_913411_8731_1-512.jpg"],[1,"1216743892_913411_8731_1-512.jpg"],[1,"1216743893_118410_8732_1-512.jpg"],[1,"1216743893_118410_8732_1-512.jpg"],[1,"1216743893_378471_8733_1-512.jpg"],[1,"1216743893_378471_8733_1-512.jpg"],[1,"1216743893_648478_8734_1-512.jpg"],[1,"1216743893_933461_8735_1-512.jpg"]],"material_ml":"brick","preds_construction":[[2,"1216743891_888497_8727_1-512.jpg"],[2,"1216743892_158583_8728_1-512.jpg"],[2,"1216743892_398565_8729_1-512.jpg"],[2,"1216743892_633590_8730_1-512.jpg"],[2,"1216743892_633590_8730_1-512.jpg"],[2,"1216743892_913411_8731_1-512.jpg"],[2,"1216743892_913411_8731_1-512.jpg"],[2,"1216743893_118410_8732_1-512.jpg"],[2,"1216743893_118410_8732_1-512.jpg"],[2,"1216743893_378471_8733_1-512.jpg"],[2,"1216743893_378471_8733_1-512.jpg"],[2,"1216743893_648478_8734_1-512.jpg"],[2,"1216743893_933461_8735_1-512.jpg"],[2,"1216743894_138470_8736_1-512.jpg"]],"construction_ml":"complete","preds_design":[[2,"1216743891_888497_8727_1-512.jpg"],[2,"1216743892_158583_8728_1-512.jpg"],[2,"1216743892_398565_8729_1-512.jpg"],[2,"1216743892_633590_8730_1-512.jpg"],[2,"1216743892_633590_8730_1-512.jpg"],[2,"1216743892_913411_8731_1-512.jpg"],[2,"1216743892_913411_8731_1-512.jpg"],[2,"1216743893_118410_8732_1-512.jpg"],[2,"1216743893_118410_8732_1-512.jpg"],[2,"1216743893_378471_8733_1-512.jpg"],[2,"1216743893_378471_8733_1-512.jpg"],[2,"1216743893_648478_8734_1-512.jpg"],[2,"1216743893_933461_8735_1-512.jpg"]],"design_ml":"designed","images":[]}
