{"MATERIAL":"corrugated metal - new","AVG_SLOPE":12.256187292,"AVG_HEIGHT":6.21892131205,"TERAIN_SLP":17.6489472076,"AREA":55.7559647074,"VOLUME":347,"FLOORS":2,"INT_ZONE":"Borde Rural","FLOOD":1,"LANDSLIDE":"Amenaza Media","LEGAL_ID":"311","LEGAL_NAME":"EL MIRADOR","LEGAL_AREA":11.06,"LEGAL_LOTS":989,"LEGAL_POP":5340.6,"LEGAL_DENS":89.42,"LEGALIZING":null,"BLOCK_ID_":"002570068","BLOCK_POP":88,"BLOCK_BLD":25,"BLOCK_RISK":4.2743444,"BLOCK_EDU":0,"BLOCK_HLTH":10.96818,"BLOCK_TRAN":99.915054,"BLOCK_CULT":0,"BLOCK_PARK":10.020773,"BLOCK_SEC":38.01339,"BLOCK_CENT":0,"BLOCK_DEF":32,"BLD_INHAB":4,"OBJECTID":1,"AO_225":0.16,"id":1402,"preds_material":[[5,"1216742403_141297_5022_3-512.jpg"],[5,"1216742403_451361_5023_3-512.jpg"],[5,"1216742403_711431_5024_3-512.jpg"],[5,"1216742403_941284_5025_3-512.jpg"],[5,"1216742404_191216_5026_3-512.jpg"],[5,"1216742404_426279_5027_3-512.jpg"],[5,"1216742404_656277_5028_3-512.jpg"],[5,"1216742404_876341_5029_3-512.jpg"],[5,"1216742405_731345_5033_3-512.jpg"],[5,"1216742602_550123_5589_1-512.jpg"],[5,"1216742638_696316_5642_1-512.jpg"],[5,"1216742640_254725_5643_1-512.jpg"],[5,"1216742641_004611_5644_1-512.jpg"],[5,"1216742641_614485_5645_1-512.jpg"],[5,"1216742642_079555_5646_1-512.jpg"],[5,"1216742644_534960_5652_1-512.jpg"],[5,"1216742644_889830_5653_1-512.jpg"],[5,"1216742645_244910_5654_1-512.jpg"],[5,"1216742645_589856_5655_1-512.jpg"],[5,"1216742645_899911_5656_1-512.jpg"],[5,"1216742646_259950_5657_1-512.jpg"],[5,"1216742646_660003_5658_1-512.jpg"],[5,"1216742647_170053_5659_1-512.jpg"]],"material_ml":"painted","preds_construction":[[2,"1216742403_141297_5022_3-512.jpg"],[2,"1216742403_451361_5023_3-512.jpg"],[2,"1216742403_711431_5024_3-512.jpg"],[2,"1216742403_941284_5025_3-512.jpg"],[2,"1216742404_191216_5026_3-512.jpg"],[2,"1216742404_426279_5027_3-512.jpg"],[2,"1216742404_656277_5028_3-512.jpg"],[2,"1216742404_876341_5029_3-512.jpg"],[2,"1216742602_550123_5589_1-512.jpg"],[2,"1216742638_696316_5642_1-512.jpg"],[2,"1216742640_254725_5643_1-512.jpg"],[2,"1216742641_004611_5644_1-512.jpg"],[2,"1216742641_614485_5645_1-512.jpg"],[2,"1216742642_079555_5646_1-512.jpg"],[2,"1216742644_534960_5652_1-512.jpg"],[2,"1216742644_889830_5653_1-512.jpg"],[2,"1216742645_244910_5654_1-512.jpg"],[2,"1216742645_589856_5655_1-512.jpg"],[2,"1216742645_899911_5656_1-512.jpg"],[2,"1216742646_259950_5657_1-512.jpg"],[2,"1216742646_660003_5658_1-512.jpg"],[2,"1216742647_170053_5659_1-512.jpg"]],"construction_ml":"complete","preds_design":[[1,"1216742402_806210_5021_3-512.jpg"],[1,"1216742403_141297_5022_3-512.jpg"],[1,"1216742403_451361_5023_3-512.jpg"],[2,"1216742403_711431_5024_3-512.jpg"],[2,"1216742403_941284_5025_3-512.jpg"],[2,"1216742404_191216_5026_3-512.jpg"],[2,"1216742404_426279_5027_3-512.jpg"],[1,"1216742404_426279_5027_3-512.jpg"],[1,"1216742404_656277_5028_3-512.jpg"],[2,"1216742404_656277_5028_3-512.jpg"],[1,"1216742404_876341_5029_3-512.jpg"],[1,"1216742405_731345_5033_3-512.jpg"],[2,"1216742602_550123_5589_1-512.jpg"],[1,"1216742638_696316_5642_1-512.jpg"],[1,"1216742640_254725_5643_1-512.jpg"],[1,"1216742641_004611_5644_1-512.jpg"],[1,"1216742641_614485_5645_1-512.jpg"],[1,"1216742642_079555_5646_1-512.jpg"],[1,"1216742644_534960_5652_1-512.jpg"],[1,"1216742644_889830_5653_1-512.jpg"],[1,"1216742645_244910_5654_1-512.jpg"],[1,"1216742645_589856_5655_1-512.jpg"],[1,"1216742645_899911_5656_1-512.jpg"],[1,"1216742646_259950_5657_1-512.jpg"],[1,"1216742646_660003_5658_1-512.jpg"],[1,"1216742647_170053_5659_1-512.jpg"]],"design_ml":"undesigned","images":[]}
