{"MATERIAL":"corrugated metal","AVG_SLOPE":8.60201797413,"AVG_HEIGHT":4.13738245751,"TERAIN_SLP":5.95473024288,"AREA":63.3034440999,"VOLUME":262,"FLOORS":2,"INT_ZONE":"Borde Rural","FLOOD":1,"LANDSLIDE":"Amenaza Media","LEGAL_ID":"311","LEGAL_NAME":"EL MIRADOR","LEGAL_AREA":11.06,"LEGAL_LOTS":989,"LEGAL_POP":5340.6,"LEGAL_DENS":89.42,"LEGALIZING":null,"BLOCK_ID_":"002570031","BLOCK_POP":55,"BLOCK_BLD":13,"BLOCK_RISK":9.0519161,"BLOCK_EDU":0,"BLOCK_HLTH":8.7840242,"BLOCK_TRAN":98.801575,"BLOCK_CULT":0,"BLOCK_PARK":0,"BLOCK_SEC":100,"BLOCK_CENT":0,"BLOCK_DEF":38.4615384615,"BLD_INHAB":4,"OBJECTID":1,"AO_225":0.16,"id":141,"preds_material":[[5,"1216742291_696824_4757_3-512.jpg"],[5,"1216742292_056949_4758_3-512.jpg"],[5,"1216742292_426969_4759_3-512.jpg"],[5,"1216742292_811721_4760_3-512.jpg"],[5,"1216742293_216779_4761_3-512.jpg"],[5,"1216742293_656786_4762_3-512.jpg"],[5,"1216742294_046889_4763_3-512.jpg"],[6,"1216742294_046889_4763_3-512.jpg"],[5,"1216742294_391840_4764_3-512.jpg"],[5,"1216742294_391840_4764_3-512.jpg"],[6,"1216742294_391840_4764_3-512.jpg"],[5,"1216742294_671704_4765_3-512.jpg"],[5,"1216742294_671704_4765_3-512.jpg"],[5,"1216742294_971835_4766_3-512.jpg"],[5,"1216742294_971835_4766_3-512.jpg"],[5,"1216742295_251755_4767_3-512.jpg"],[5,"1216742295_251755_4767_3-512.jpg"],[5,"1216742295_491709_4768_3-512.jpg"],[5,"1216742295_491709_4768_3-512.jpg"],[5,"1216742295_756823_4769_3-512.jpg"],[5,"1216742295_756823_4769_3-512.jpg"],[5,"1216742296_011749_4770_3-512.jpg"],[5,"1216742296_286790_4771_3-512.jpg"],[5,"1216742296_531762_4772_3-512.jpg"],[5,"1216742296_716787_4773_3-512.jpg"],[6,"1216742296_941901_4774_3-512.jpg"],[5,"1216742296_941901_4774_3-512.jpg"],[1,"1216744799_394153_10492_1-512.jpg"],[1,"1216744799_749135_10493_1-512.jpg"],[1,"1216744800_084132_10494_1-512.jpg"],[1,"1216744800_423920_10495_1-512.jpg"],[1,"1216744800_693929_10496_1-512.jpg"],[4,"1216744800_693929_10496_1-512.jpg"],[1,"1216744800_973925_10497_1-512.jpg"],[1,"1216744801_323948_10498_1-512.jpg"],[1,"1216744801_738887_10499_1-512.jpg"],[1,"1216744802_113825_10500_1-512.jpg"],[5,"1216744810_343846_10517_1-512.jpg"]],"material_ml":"painted","preds_construction":[[2,"1216742291_696824_4757_3-512.jpg"],[2,"1216742292_056949_4758_3-512.jpg"],[2,"1216742292_426969_4759_3-512.jpg"],[2,"1216742292_811721_4760_3-512.jpg"],[2,"1216742293_216779_4761_3-512.jpg"],[2,"1216742293_656786_4762_3-512.jpg"],[2,"1216742294_046889_4763_3-512.jpg"],[2,"1216742294_046889_4763_3-512.jpg"],[2,"1216742294_391840_4764_3-512.jpg"],[2,"1216742294_391840_4764_3-512.jpg"],[2,"1216742294_671704_4765_3-512.jpg"],[2,"1216742294_671704_4765_3-512.jpg"],[2,"1216742294_671704_4765_3-512.jpg"],[2,"1216742294_971835_4766_3-512.jpg"],[2,"1216742294_971835_4766_3-512.jpg"],[2,"1216742295_251755_4767_3-512.jpg"],[2,"1216742295_491709_4768_3-512.jpg"],[2,"1216742295_491709_4768_3-512.jpg"],[2,"1216742295_756823_4769_3-512.jpg"],[2,"1216742296_011749_4770_3-512.jpg"],[2,"1216742296_286790_4771_3-512.jpg"],[2,"1216742296_531762_4772_3-512.jpg"],[2,"1216742296_941901_4774_3-512.jpg"],[2,"1216744799_749135_10493_1-512.jpg"],[2,"1216744800_084132_10494_1-512.jpg"],[2,"1216744800_423920_10495_1-512.jpg"],[2,"1216744800_693929_10496_1-512.jpg"],[2,"1216744800_973925_10497_1-512.jpg"],[2,"1216744801_323948_10498_1-512.jpg"],[2,"1216744801_738887_10499_1-512.jpg"],[2,"1216744802_113825_10500_1-512.jpg"]],"construction_ml":"complete","preds_design":[[2,"1216742291_696824_4757_3-512.jpg"],[2,"1216742292_056949_4758_3-512.jpg"],[2,"1216742292_426969_4759_3-512.jpg"],[2,"1216742292_811721_4760_3-512.jpg"],[2,"1216742293_216779_4761_3-512.jpg"],[2,"1216742293_656786_4762_3-512.jpg"],[2,"1216742294_046889_4763_3-512.jpg"],[2,"1216742294_046889_4763_3-512.jpg"],[2,"1216742294_391840_4764_3-512.jpg"],[2,"1216742294_391840_4764_3-512.jpg"],[2,"1216742294_671704_4765_3-512.jpg"],[2,"1216742294_671704_4765_3-512.jpg"],[2,"1216742294_971835_4766_3-512.jpg"],[2,"1216742294_971835_4766_3-512.jpg"],[2,"1216742294_971835_4766_3-512.jpg"],[2,"1216742295_251755_4767_3-512.jpg"],[2,"1216742295_251755_4767_3-512.jpg"],[2,"1216742295_251755_4767_3-512.jpg"],[2,"1216742295_491709_4768_3-512.jpg"],[2,"1216742295_756823_4769_3-512.jpg"],[2,"1216742296_011749_4770_3-512.jpg"],[2,"1216742296_286790_4771_3-512.jpg"],[2,"1216742296_531762_4772_3-512.jpg"],[2,"1216742296_716787_4773_3-512.jpg"],[2,"1216742296_941901_4774_3-512.jpg"],[2,"1216742297_176753_4775_3-512.jpg"],[2,"1216744799_394153_10492_1-512.jpg"],[1,"1216744799_749135_10493_1-512.jpg"],[1,"1216744800_084132_10494_1-512.jpg"],[1,"1216744800_423920_10495_1-512.jpg"],[1,"1216744800_693929_10496_1-512.jpg"],[1,"1216744800_973925_10497_1-512.jpg"],[1,"1216744801_323948_10498_1-512.jpg"],[1,"1216744801_738887_10499_1-512.jpg"],[1,"1216744802_113825_10500_1-512.jpg"]],"design_ml":"designed","images":[]}
