{"MATERIAL":"corrugated metal","AVG_SLOPE":11.1594707122,"AVG_HEIGHT":8.2692800749,"TERAIN_SLP":13.1451789103,"AREA":33.7782340913,"VOLUME":279,"FLOORS":3,"INT_ZONE":"Borde Rural","FLOOD":3,"LANDSLIDE":"Amenaza Media","LEGAL_ID":"311","LEGAL_NAME":"EL MIRADOR","LEGAL_AREA":11.06,"LEGAL_LOTS":989,"LEGAL_POP":5340.6,"LEGAL_DENS":89.42,"LEGALIZING":null,"BLOCK_ID_":"002570068","BLOCK_POP":88,"BLOCK_BLD":25,"BLOCK_RISK":4.2743444,"BLOCK_EDU":0,"BLOCK_HLTH":10.96818,"BLOCK_TRAN":99.915054,"BLOCK_CULT":0,"BLOCK_PARK":10.020773,"BLOCK_SEC":38.01339,"BLOCK_CENT":0,"BLOCK_DEF":32,"BLD_INHAB":4,"OBJECTID":2,"AO_225":0.2,"id":1415,"preds_material":[[5,"1216742401_331243_5018_3-512.jpg"],[5,"1216742401_961580_5019_3-512.jpg"],[5,"1216742402_456331_5020_3-512.jpg"],[5,"1216742402_806210_5021_3-512.jpg"],[5,"1216742650_079857_5664_1-512.jpg"],[5,"1216742650_565016_5665_1-512.jpg"],[5,"1216742651_045050_5666_1-512.jpg"],[5,"1216742651_530084_5667_1-512.jpg"],[5,"1216742652_044967_5668_1-512.jpg"],[5,"1216742652_619849_5669_1-512.jpg"],[5,"1216742653_304923_5670_1-512.jpg"],[5,"1216742654_239257_5671_1-512.jpg"],[5,"1216742656_028941_5672_1-512.jpg"]],"material_ml":"painted","preds_construction":[[2,"1216742401_331243_5018_3-512.jpg"],[2,"1216742401_961580_5019_3-512.jpg"],[2,"1216742402_456331_5020_3-512.jpg"],[2,"1216742402_806210_5021_3-512.jpg"],[2,"1216742403_141297_5022_3-512.jpg"],[2,"1216742650_079857_5664_1-512.jpg"],[2,"1216742650_565016_5665_1-512.jpg"],[2,"1216742651_045050_5666_1-512.jpg"],[2,"1216742651_530084_5667_1-512.jpg"],[2,"1216742652_044967_5668_1-512.jpg"],[2,"1216742652_619849_5669_1-512.jpg"],[2,"1216742653_304923_5670_1-512.jpg"],[2,"1216742654_239257_5671_1-512.jpg"],[2,"1216742656_028941_5672_1-512.jpg"]],"construction_ml":"complete","preds_design":[[2,"1216742401_331243_5018_3-512.jpg"],[2,"1216742401_961580_5019_3-512.jpg"],[2,"1216742402_456331_5020_3-512.jpg"],[2,"1216742402_806210_5021_3-512.jpg"],[2,"1216742403_141297_5022_3-512.jpg"],[1,"1216742650_079857_5664_1-512.jpg"],[1,"1216742650_565016_5665_1-512.jpg"],[1,"1216742651_045050_5666_1-512.jpg"],[1,"1216742651_530084_5667_1-512.jpg"],[1,"1216742652_044967_5668_1-512.jpg"],[1,"1216742652_619849_5669_1-512.jpg"],[1,"1216742653_304923_5670_1-512.jpg"],[1,"1216742654_239257_5671_1-512.jpg"],[1,"1216742656_028941_5672_1-512.jpg"]],"design_ml":"undesigned","images":[]}
