{"MATERIAL":"corrugated metal","AVG_SLOPE":7.13293816611,"AVG_HEIGHT":8.39141047132,"TERAIN_SLP":18.874649378,"AREA":32.6046843546,"VOLUME":274,"FLOORS":3,"INT_ZONE":"Borde Rural","FLOOD":3,"LANDSLIDE":"Amenaza Media","LEGAL_ID":"311","LEGAL_NAME":"EL MIRADOR","LEGAL_AREA":11.06,"LEGAL_LOTS":989,"LEGAL_POP":5340.6,"LEGAL_DENS":89.42,"LEGALIZING":null,"BLOCK_ID_":"002570068","BLOCK_POP":88,"BLOCK_BLD":25,"BLOCK_RISK":4.2743444,"BLOCK_EDU":0,"BLOCK_HLTH":10.96818,"BLOCK_TRAN":99.915054,"BLOCK_CULT":0,"BLOCK_PARK":10.020773,"BLOCK_SEC":38.01339,"BLOCK_CENT":0,"BLOCK_DEF":32,"BLD_INHAB":4,"OBJECTID":1,"AO_225":0.16,"id":1416,"preds_material":[[5,"1216742603_320216_5592_1-512.jpg"],[5,"1216742649_600037_5663_1-512.jpg"]],"material_ml":"painted","preds_construction":[[2,"1216742603_320216_5592_1-512.jpg"]],"construction_ml":"complete","preds_design":[[2,"1216742603_320216_5592_1-512.jpg"]],"design_ml":"designed","images":[]}
