{"MATERIAL":"corrugated metal","AVG_SLOPE":3.21340775024,"AVG_HEIGHT":1.73907875298,"TERAIN_SLP":25.3402092956,"AREA":54.58238109,"VOLUME":95,"FLOORS":1,"INT_ZONE":"Borde Rural","FLOOD":3,"LANDSLIDE":"Amenaza Media","LEGAL_ID":"311","LEGAL_NAME":"EL MIRADOR","LEGAL_AREA":11.06,"LEGAL_LOTS":989,"LEGAL_POP":5340.6,"LEGAL_DENS":89.42,"LEGALIZING":null,"BLOCK_ID_":"002570068","BLOCK_POP":88,"BLOCK_BLD":25,"BLOCK_RISK":4.2743444,"BLOCK_EDU":0,"BLOCK_HLTH":10.96818,"BLOCK_TRAN":99.915054,"BLOCK_CULT":0,"BLOCK_PARK":10.020773,"BLOCK_SEC":38.01339,"BLOCK_CENT":0,"BLOCK_DEF":32,"BLD_INHAB":4,"OBJECTID":1,"AO_225":0.16,"id":1417,"preds_material":[[5,"1216742405_296349_5031_3-512.jpg"],[5,"1216742405_511381_5032_3-512.jpg"],[5,"1216742405_731345_5033_3-512.jpg"],[5,"1216742405_921182_5034_3-512.jpg"],[5,"1216742406_171179_5035_3-512.jpg"],[5,"1216742406_431194_5036_3-512.jpg"],[5,"1216742406_696190_5037_3-512.jpg"],[5,"1216742406_951174_5038_3-512.jpg"],[5,"1216742603_090145_5591_1-512.jpg"],[5,"1216742603_320216_5592_1-512.jpg"],[5,"1216742603_535135_5593_1-512.jpg"],[5,"1216742603_535135_5593_1-512.jpg"],[5,"1216742603_745228_5594_1-512.jpg"],[5,"1216742603_745228_5594_1-512.jpg"],[5,"1216742603_990129_5595_1-512.jpg"],[5,"1216742603_990129_5595_1-512.jpg"],[5,"1216742604_195518_5596_1-512.jpg"],[5,"1216742604_195518_5596_1-512.jpg"],[5,"1216742604_350129_5597_1-512.jpg"],[5,"1216742604_350129_5597_1-512.jpg"],[5,"1216742604_540179_5598_1-512.jpg"],[5,"1216742604_540179_5598_1-512.jpg"],[5,"1216742604_730160_5599_1-512.jpg"],[5,"1216742604_730160_5599_1-512.jpg"],[5,"1216742604_880151_5600_1-512.jpg"],[5,"1216742604_880151_5600_1-512.jpg"],[5,"1216742605_055166_5601_1-512.jpg"],[5,"1216742605_055166_5601_1-512.jpg"],[5,"1216742605_230226_5602_1-512.jpg"],[5,"1216742605_230226_5602_1-512.jpg"],[5,"1216742605_230226_5602_1-512.jpg"],[5,"1216742605_405158_5603_1-512.jpg"],[5,"1216742605_405158_5603_1-512.jpg"],[5,"1216742605_580360_5604_1-512.jpg"],[5,"1216742605_580360_5604_1-512.jpg"],[5,"1216742605_750237_5605_1-512.jpg"],[5,"1216742605_750237_5605_1-512.jpg"],[5,"1216742605_915126_5606_1-512.jpg"],[5,"1216742605_915126_5606_1-512.jpg"],[5,"1216742606_080236_5607_1-512.jpg"],[5,"1216742606_080236_5607_1-512.jpg"],[5,"1216742606_250291_5608_1-512.jpg"],[5,"1216742606_250291_5608_1-512.jpg"],[5,"1216742606_250291_5608_1-512.jpg"],[5,"1216742606_420245_5609_1-512.jpg"],[5,"1216742606_420245_5609_1-512.jpg"],[5,"1216742606_585414_5610_1-512.jpg"],[5,"1216742606_585414_5610_1-512.jpg"],[5,"1216742606_750346_5611_1-512.jpg"],[5,"1216742606_750346_5611_1-512.jpg"],[5,"1216742606_920392_5612_1-512.jpg"],[5,"1216742606_920392_5612_1-512.jpg"],[5,"1216742607_090223_5613_1-512.jpg"],[5,"1216742607_090223_5613_1-512.jpg"],[5,"1216742607_260186_5614_1-512.jpg"],[5,"1216742607_260186_5614_1-512.jpg"],[5,"1216742607_260186_5614_1-512.jpg"],[5,"1216742607_430243_5615_1-512.jpg"],[5,"1216742607_430243_5615_1-512.jpg"],[5,"1216742607_605147_5616_1-512.jpg"],[5,"1216742607_605147_5616_1-512.jpg"],[5,"1216742607_780225_5617_1-512.jpg"],[5,"1216742607_780225_5617_1-512.jpg"],[5,"1216742607_955181_5618_1-512.jpg"],[5,"1216742607_955181_5618_1-512.jpg"],[5,"1216742608_135175_5619_1-512.jpg"],[5,"1216742608_135175_5619_1-512.jpg"],[5,"1216742608_320267_5620_1-512.jpg"],[5,"1216742608_320267_5620_1-512.jpg"],[5,"1216742608_320267_5620_1-512.jpg"],[5,"1216742608_505195_5621_1-512.jpg"],[5,"1216742608_505195_5621_1-512.jpg"],[5,"1216742608_695208_5622_1-512.jpg"],[5,"1216742608_695208_5622_1-512.jpg"],[5,"1216742608_890172_5623_1-512.jpg"],[5,"1216742608_890172_5623_1-512.jpg"],[5,"1216742609_090225_5624_1-512.jpg"],[5,"1216742609_090225_5624_1-512.jpg"],[5,"1216742609_300198_5625_1-512.jpg"],[5,"1216742609_300198_5625_1-512.jpg"],[5,"1216742609_515238_5626_1-512.jpg"],[5,"1216742609_515238_5626_1-512.jpg"],[5,"1216742609_515238_5626_1-512.jpg"],[5,"1216742609_735121_5627_1-512.jpg"],[5,"1216742609_735121_5627_1-512.jpg"],[5,"1216742609_970253_5628_1-512.jpg"],[5,"1216742609_970253_5628_1-512.jpg"],[5,"1216742610_215169_5629_1-512.jpg"],[5,"1216742610_215169_5629_1-512.jpg"],[5,"1216742610_470314_5630_1-512.jpg"],[5,"1216742610_470314_5630_1-512.jpg"],[5,"1216742610_740247_5631_1-512.jpg"],[5,"1216742610_740247_5631_1-512.jpg"],[5,"1216742611_055123_5632_1-512.jpg"],[5,"1216742611_055123_5632_1-512.jpg"],[5,"1216742611_055123_5632_1-512.jpg"],[5,"1216742611_455090_5633_1-512.jpg"],[5,"1216742611_455090_5633_1-512.jpg"],[5,"1216742612_045217_5634_1-512.jpg"],[5,"1216742612_045217_5634_1-512.jpg"],[5,"1216742625_812760_5635_1-512.jpg"],[5,"1216742625_812760_5635_1-512.jpg"],[5,"1216742625_812760_5635_1-512.jpg"],[5,"1216742626_430012_5636_1-512.jpg"],[5,"1216742626_430012_5636_1-512.jpg"],[5,"1216742627_094942_5637_1-512.jpg"],[5,"1216742627_724817_5638_1-512.jpg"],[5,"1216742628_319942_5639_1-512.jpg"],[5,"1216742628_999990_5640_1-512.jpg"],[5,"1216742630_009987_5641_1-512.jpg"]],"material_ml":"painted",