{"MATERIAL":"corrugated metal/heavily patched","AVG_SLOPE":10.1640471107,"AVG_HEIGHT":4.38435565615,"TERAIN_SLP":19.5132214935,"AREA":59.0123727068,"VOLUME":259,"FLOORS":2,"INT_ZONE":"Borde Rural","FLOOD":3,"LANDSLIDE":"Amenaza Media","LEGAL_ID":"311","LEGAL_NAME":"EL MIRADOR","LEGAL_AREA":11.06,"LEGAL_LOTS":989,"LEGAL_POP":5340.6,"LEGAL_DENS":89.42,"LEGALIZING":null,"BLOCK_ID_":"002570065","BLOCK_POP":81,"BLOCK_BLD":23,"BLOCK_RISK":3.6558633,"BLOCK_EDU":0,"BLOCK_HLTH":11.69486,"BLOCK_TRAN":99.798088,"BLOCK_CULT":0,"BLOCK_PARK":9.8308315,"BLOCK_SEC":100,"BLOCK_CENT":0,"BLOCK_DEF":39.1304347826,"BLD_INHAB":4,"OBJECTID":1,"AO_225":0.16,"id":1420,"preds_material":[[2,"1216742392_731062_4992_3-512.jpg"],[2,"1216742393_181066_4993_3-512.jpg"],[2,"1216742393_546318_4994_3-512.jpg"],[2,"1216742393_850980_4995_3-512.jpg"],[2,"1216742394_126239_4996_3-512.jpg"],[2,"1216742394_386382_4997_3-512.jpg"],[5,"1216742394_386382_4997_3-512.jpg"],[2,"1216742394_626361_4998_3-512.jpg"],[2,"1216742394_851366_4999_3-512.jpg"],[2,"1216742394_851366_4999_3-512.jpg"],[2,"1216742395_101219_5000_3-512.jpg"],[5,"1216742395_101219_5000_3-512.jpg"],[5,"1216742396_521324_5007_3-512.jpg"],[5,"1216742396_746306_5008_3-512.jpg"],[1,"1216742658_699344_5674_1-512.jpg"],[2,"1216743341_636371_7383_3-512.jpg"],[2,"1216743341_856323_7384_3-512.jpg"],[5,"1216743343_331178_7391_3-512.jpg"],[5,"1216743343_531400_7392_3-512.jpg"],[5,"1216743343_726243_7393_3-512.jpg"],[5,"1216743345_291220_7401_3-512.jpg"]],"material_ml":"concrete","preds_construction":[[2,"1216742392_731062_4992_3-512.jpg"],[2,"1216742393_181066_4993_3-512.jpg"],[2,"1216742393_546318_4994_3-512.jpg"],[2,"1216742393_850980_4995_3-512.jpg"],[2,"1216742394_126239_4996_3-512.jpg"],[2,"1216742394_386382_4997_3-512.jpg"],[2,"1216742394_626361_4998_3-512.jpg"],[2,"1216742394_851366_4999_3-512.jpg"],[2,"1216742394_851366_4999_3-512.jpg"],[2,"1216742395_101219_5000_3-512.jpg"],[2,"1216742395_101219_5000_3-512.jpg"],[2,"1216742396_521324_5007_3-512.jpg"],[2,"1216742396_746306_5008_3-512.jpg"],[1,"1216742658_699344_5674_1-512.jpg"]],"construction_ml":"complete","preds_design":[[1,"1216742392_231065_4991_3-512.jpg"],[1,"1216742392_731062_4992_3-512.jpg"],[1,"1216742393_181066_4993_3-512.jpg"],[1,"1216742393_546318_4994_3-512.jpg"],[1,"1216742393_850980_4995_3-512.jpg"],[1,"1216742394_126239_4996_3-512.jpg"],[1,"1216742394_386382_4997_3-512.jpg"],[1,"1216742394_626361_4998_3-512.jpg"],[1,"1216742394_851366_4999_3-512.jpg"],[1,"1216742395_101219_5000_3-512.jpg"],[1,"1216742395_306373_5001_3-512.jpg"],[1,"1216742396_521324_5007_3-512.jpg"],[1,"1216742396_746306_5008_3-512.jpg"],[1,"1216742658_699344_5674_1-512.jpg"]],"design_ml":"undesigned","images":[]}
