{"MATERIAL":"corrugated metal/heavily patched","AVG_SLOPE":3.36400103612,"AVG_HEIGHT":0.37091173199,"TERAIN_SLP":12.7163473226,"AREA":60.6512773878,"VOLUME":22,"FLOORS":1,"INT_ZONE":"Borde Rural","FLOOD":3,"LANDSLIDE":"Amenaza Media","LEGAL_ID":"311","LEGAL_NAME":"EL MIRADOR","LEGAL_AREA":11.06,"LEGAL_LOTS":989,"LEGAL_POP":5340.6,"LEGAL_DENS":89.42,"LEGALIZING":null,"BLOCK_ID_":"002570065","BLOCK_POP":81,"BLOCK_BLD":23,"BLOCK_RISK":3.6558633,"BLOCK_EDU":0,"BLOCK_HLTH":11.69486,"BLOCK_TRAN":99.798088,"BLOCK_CULT":0,"BLOCK_PARK":9.8308315,"BLOCK_SEC":100,"BLOCK_CENT":0,"BLOCK_DEF":39.1304347826,"BLD_INHAB":4,"OBJECTID":1,"AO_225":0.16,"id":1421,"preds_material":[[2,"1216742389_146260_4984_3-512.jpg"],[2,"1216742389_431248_4985_3-512.jpg"]],"material_ml":"concrete","images":[]}
