{"MATERIAL":"corrugated metal - painted","AVG_SLOPE":4.92833300371,"AVG_HEIGHT":9.37408771418,"TERAIN_SLP":8.64644535323,"AREA":74.3836420943,"VOLUME":697,"FLOORS":3,"INT_ZONE":"Borde Rural","FLOOD":3,"LANDSLIDE":"Amenaza Media","LEGAL_ID":"311","LEGAL_NAME":"EL MIRADOR","LEGAL_AREA":11.06,"LEGAL_LOTS":989,"LEGAL_POP":5340.6,"LEGAL_DENS":89.42,"LEGALIZING":null,"BLOCK_ID_":"002570071","BLOCK_POP":54,"BLOCK_BLD":17,"BLOCK_RISK":2.759589,"BLOCK_EDU":0,"BLOCK_HLTH":11.874525,"BLOCK_TRAN":99.99971,"BLOCK_CULT":0,"BLOCK_PARK":67.955612,"BLOCK_SEC":41.267639,"BLOCK_CENT":0,"BLOCK_DEF":41.1764705882,"BLD_INHAB":3,"OBJECTID":2,"AO_225":0.2,"id":1424,"preds_material":[[5,"1216742143_627527_4227_1-512.jpg"],[5,"1216742143_947644_4228_1-512.jpg"],[5,"1216742144_277599_4229_1-512.jpg"],[5,"1216742151_302655_4243_1-512.jpg"],[5,"1216742154_577647_4246_1-512.jpg"],[5,"1216742156_772481_4248_1-512.jpg"],[5,"1216742405_921182_5034_1-512.jpg"],[5,"1216742406_171179_5035_1-512.jpg"],[5,"1216742406_431194_5036_1-512.jpg"],[5,"1216742406_696190_5037_1-512.jpg"],[5,"1216742406_951174_5038_1-512.jpg"],[5,"1216742407_436195_5040_1-512.jpg"],[5,"1216742407_666179_5041_1-512.jpg"],[5,"1216742407_951396_5042_1-512.jpg"],[5,"1216742408_261208_5043_1-512.jpg"],[5,"1216742408_576183_5044_1-512.jpg"]],"material_ml":"painted","preds_construction":[[2,"1216742406_171179_5035_1-512.jpg"],[1,"1216742406_171179_5035_1-512.jpg"],[2,"1216742406_431194_5036_1-512.jpg"],[2,"1216742406_696190_5037_1-512.jpg"],[2,"1216742406_951174_5038_1-512.jpg"],[2,"1216742407_436195_5040_1-512.jpg"],[2,"1216742407_666179_5041_1-512.jpg"],[2,"1216742407_951396_5042_1-512.jpg"],[2,"1216742408_261208_5043_1-512.jpg"],[2,"1216742408_576183_5044_1-512.jpg"]],"construction_ml":"complete","preds_design":[[1,"1216742406_171179_5035_1-512.jpg"],[1,"1216742406_431194_5036_1-512.jpg"],[1,"1216742406_696190_5037_1-512.jpg"],[1,"1216742406_951174_5038_1-512.jpg"],[1,"1216742407_436195_5040_1-512.jpg"],[1,"1216742407_666179_5041_1-512.jpg"],[1,"1216742407_951396_5042_1-512.jpg"],[1,"1216742408_261208_5043_1-512.jpg"],[1,"1216742408_576183_5044_1-512.jpg"]],"design_ml":"undesigned","images":[]}
