{"MATERIAL":"corrugated metal","AVG_SLOPE":5.22356830775,"AVG_HEIGHT":10.4381796061,"TERAIN_SLP":6.2663843726,"AREA":61.0615210171,"VOLUME":637,"FLOORS":3,"INT_ZONE":"Borde Rural","FLOOD":3,"LANDSLIDE":"Amenaza Media","LEGAL_ID":"311","LEGAL_NAME":"EL MIRADOR","LEGAL_AREA":11.06,"LEGAL_LOTS":989,"LEGAL_POP":5340.6,"LEGAL_DENS":89.42,"LEGALIZING":null,"BLOCK_ID_":"002570071","BLOCK_POP":54,"BLOCK_BLD":17,"BLOCK_RISK":2.759589,"BLOCK_EDU":0,"BLOCK_HLTH":11.874525,"BLOCK_TRAN":99.99971,"BLOCK_CULT":0,"BLOCK_PARK":67.955612,"BLOCK_SEC":41.267639,"BLOCK_CENT":0,"BLOCK_DEF":41.1764705882,"BLD_INHAB":3,"OBJECTID":2,"AO_225":0.2,"id":1425,"preds_material":[[5,"1216742152_342474_4244_1-512.jpg"],[5,"1216742408_941311_5045_1-512.jpg"],[5,"1216742409_331405_5046_1-512.jpg"],[5,"1216742409_726227_5047_1-512.jpg"],[5,"1216742410_171161_5048_1-512.jpg"]],"material_ml":"painted","preds_construction":[[2,"1216742408_941311_5045_1-512.jpg"],[2,"1216742409_331405_5046_1-512.jpg"],[2,"1216742409_726227_5047_1-512.jpg"],[2,"1216742410_171161_5048_1-512.jpg"]],"construction_ml":"complete","preds_design":[[1,"1216742408_941311_5045_1-512.jpg"],[1,"1216742409_331405_5046_1-512.jpg"],[1,"1216742409_726227_5047_1-512.jpg"],[1,"1216742410_171161_5048_1-512.jpg"]],"design_ml":"undesigned","images":[]}
