{"MATERIAL":"corrugated metal - dark","AVG_SLOPE":13.6571664215,"AVG_HEIGHT":2.07603687351,"TERAIN_SLP":17.9703242177,"AREA":24.6972044765,"VOLUME":51,"FLOORS":1,"INT_ZONE":"Borde Rural","FLOOD":1,"LANDSLIDE":"Amenaza Media","LEGAL_ID":"311","LEGAL_NAME":"EL MIRADOR","LEGAL_AREA":11.06,"LEGAL_LOTS":989,"LEGAL_POP":5340.6,"LEGAL_DENS":89.42,"LEGALIZING":null,"BLOCK_ID_":"002570068","BLOCK_POP":88,"BLOCK_BLD":25,"BLOCK_RISK":4.2743444,"BLOCK_EDU":0,"BLOCK_HLTH":10.96818,"BLOCK_TRAN":99.915054,"BLOCK_CULT":0,"BLOCK_PARK":10.020773,"BLOCK_SEC":38.01339,"BLOCK_CENT":0,"BLOCK_DEF":32,"BLD_INHAB":4,"OBJECTID":1,"AO_225":0.16,"id":1453,"preds_material":[[5,"1216742571_575610_5477_3-512.jpg"],[5,"1216742573_790536_5484_3-512.jpg"],[5,"1216742574_125399_5485_3-512.jpg"],[5,"1216742579_405357_5496_3-512.jpg"],[5,"1216742590_635251_5549_1-512.jpg"],[5,"1216742590_805259_5550_1-512.jpg"],[5,"1216742591_500225_5554_1-512.jpg"],[1,"1216742591_500225_5554_1-512.jpg"],[1,"1216742591_680364_5555_1-512.jpg"],[5,"1216742591_680364_5555_1-512.jpg"],[5,"1216742591_860314_5556_1-512.jpg"],[5,"1216742592_075258_5557_1-512.jpg"],[5,"1216742592_260185_5558_1-512.jpg"],[5,"1216742592_450051_5559_1-512.jpg"],[5,"1216742592_815243_5561_1-512.jpg"],[5,"1216742593_020398_5562_1-512.jpg"],[5,"1216742593_235367_5563_1-512.jpg"],[5,"1216742593_460433_5564_1-512.jpg"],[5,"1216742593_655247_5565_1-512.jpg"],[5,"1216742593_930188_5566_1-512.jpg"],[5,"1216742594_255333_5567_1-512.jpg"],[5,"1216742594_640191_5568_1-512.jpg"],[5,"1216742594_640191_5568_1-512.jpg"],[5,"1216742595_095274_5569_1-512.jpg"],[5,"1216742595_095274_5569_1-512.jpg"],[5,"1216742595_675545_5570_1-512.jpg"]],"material_ml":"painted","preds_construction":[[2,"1216742590_635251_5549_1-512.jpg"],[2,"1216742590_805259_5550_1-512.jpg"],[2,"1216742591_500225_5554_1-512.jpg"],[2,"1216742591_680364_5555_1-512.jpg"],[2,"1216742591_860314_5556_1-512.jpg"],[2,"1216742592_075258_5557_1-512.jpg"],[2,"1216742592_260185_5558_1-512.jpg"],[2,"1216742592_450051_5559_1-512.jpg"],[2,"1216742592_645159_5560_1-512.jpg"],[2,"1216742592_815243_5561_1-512.jpg"],[2,"1216742593_020398_5562_1-512.jpg"],[2,"1216742593_235367_5563_1-512.jpg"],[2,"1216742593_460433_5564_1-512.jpg"],[2,"1216742593_655247_5565_1-512.jpg"],[2,"1216742593_930188_5566_1-512.jpg"],[2,"1216742594_255333_5567_1-512.jpg"],[2,"1216742594_640191_5568_1-512.jpg"],[2,"1216742594_640191_5568_1-512.jpg"],[2,"1216742595_095274_5569_1-512.jpg"],[2,"1216742595_095274_5569_1-512.jpg"],[2,"1216742595_675545_5570_1-512.jpg"],[2,"1216742595_675545_5570_1-512.jpg"]],"construction_ml":"complete","preds_design":[[2,"1216742590_635251_5549_1-512.jpg"],[2,"1216742590_805259_5550_1-512.jpg"],[1,"1216742591_500225_5554_1-512.jpg"],[1,"1216742591_680364_5555_1-512.jpg"],[1,"1216742591_860314_5556_1-512.jpg"],[1,"1216742592_075258_5557_1-512.jpg"],[1,"1216742592_260185_5558_1-512.jpg"],[1,"1216742592_450051_5559_1-512.jpg"],[2,"1216742592_645159_5560_1-512.jpg"],[2,"1216742592_815243_5561_1-512.jpg"],[2,"1216742593_020398_5562_1-512.jpg"],[2,"1216742593_235367_5563_1-512.jpg"],[2,"1216742593_460433_5564_1-512.jpg"],[2,"1216742593_655247_5565_1-512.jpg"],[2,"1216742593_930188_5566_1-512.jpg"],[2,"1216742594_255333_5567_1-512.jpg"],[2,"1216742594_640191_5568_1-512.jpg"],[1,"1216742594_640191_5568_1-512.jpg"],[2,"1216742595_095274_5569_1-512.jpg"],[1,"1216742595_095274_5569_1-512.jpg"],[2,"1216742595_675545_5570_1-512.jpg"],[1,"1216742595_675545_5570_1-512.jpg"]],"design_ml":"designed","images":[]}
