{"MATERIAL":"corrugated metal","AVG_SLOPE":8.3705463816,"AVG_HEIGHT":1.92287075216,"TERAIN_SLP":27.5287743684,"AREA":120.715579584,"VOLUME":232,"FLOORS":1,"INT_ZONE":"Borde Rural","FLOOD":1,"LANDSLIDE":"Amenaza Media","LEGAL_ID":"311","LEGAL_NAME":"EL MIRADOR","LEGAL_AREA":11.06,"LEGAL_LOTS":989,"LEGAL_POP":5340.6,"LEGAL_DENS":89.42,"LEGALIZING":null,"BLOCK_ID_":"002570072","BLOCK_POP":77,"BLOCK_BLD":19,"BLOCK_RISK":11.297082,"BLOCK_EDU":0,"BLOCK_HLTH":10.394378,"BLOCK_TRAN":99.986649,"BLOCK_CULT":0,"BLOCK_PARK":75.510239,"BLOCK_SEC":100,"BLOCK_CENT":0,"BLOCK_DEF":26.3157894737,"BLD_INHAB":4,"OBJECTID":1,"AO_225":0.16,"id":1459,"preds_material":[[5,"1216742097_328937_4065_1-512.jpg"],[2,"1216742407_436195_5040_3-512.jpg"],[2,"1216742408_941311_5045_3-512.jpg"],[5,"1216742600_360289_5582_3-512.jpg"],[5,"1216742600_700150_5583_3-512.jpg"],[5,"1216742601_030285_5584_3-512.jpg"],[5,"1216742601_430156_5585_3-512.jpg"],[5,"1216742601_760281_5586_3-512.jpg"],[5,"1216742602_095251_5587_3-512.jpg"],[1,"1216742602_095251_5587_3-512.jpg"],[5,"1216742602_320142_5588_3-512.jpg"],[5,"1216742602_550123_5589_3-512.jpg"],[5,"1216742602_805147_5590_3-512.jpg"]],"material_ml":"painted","preds_construction":[[2,"1216742600_360289_5582_3-512.jpg"],[2,"1216742600_700150_5583_3-512.jpg"],[2,"1216742601_030285_5584_3-512.jpg"],[2,"1216742601_430156_5585_3-512.jpg"],[2,"1216742601_430156_5585_3-512.jpg"],[2,"1216742601_760281_5586_3-512.jpg"],[2,"1216742602_095251_5587_3-512.jpg"],[2,"1216742602_320142_5588_3-512.jpg"],[2,"1216742602_550123_5589_3-512.jpg"],[2,"1216742602_805147_5590_3-512.jpg"],[2,"1216742603_090145_5591_3-512.jpg"]],"construction_ml":"complete","preds_design":[[2,"1216742600_360289_5582_3-512.jpg"],[2,"1216742600_700150_5583_3-512.jpg"],[2,"1216742601_030285_5584_3-512.jpg"],[2,"1216742601_430156_5585_3-512.jpg"],[2,"1216742601_760281_5586_3-512.jpg"],[2,"1216742601_760281_5586_3-512.jpg"],[2,"1216742602_095251_5587_3-512.jpg"],[2,"1216742602_320142_5588_3-512.jpg"],[2,"1216742602_550123_5589_3-512.jpg"],[2,"1216742602_805147_5590_3-512.jpg"]],"design_ml":"designed","images":[]}
