{"MATERIAL":"corrugated metal","AVG_SLOPE":10.412710053,"AVG_HEIGHT":5.00029973916,"TERAIN_SLP":22.7057061205,"AREA":54.8436418465,"VOLUME":274,"FLOORS":2,"INT_ZONE":"Borde Rural","FLOOD":1,"LANDSLIDE":"Amenaza Media","LEGAL_ID":"311","LEGAL_NAME":"EL MIRADOR","LEGAL_AREA":11.06,"LEGAL_LOTS":989,"LEGAL_POP":5340.6,"LEGAL_DENS":89.42,"LEGALIZING":null,"BLOCK_ID_":"002570072","BLOCK_POP":77,"BLOCK_BLD":19,"BLOCK_RISK":11.297082,"BLOCK_EDU":0,"BLOCK_HLTH":10.394378,"BLOCK_TRAN":99.986649,"BLOCK_CULT":0,"BLOCK_PARK":75.510239,"BLOCK_SEC":100,"BLOCK_CENT":0,"BLOCK_DEF":26.3157894737,"BLD_INHAB":4,"OBJECTID":1,"AO_225":0.16,"id":1460,"preds_material":[[5,"1216741991_398380_3736_1-512.jpg"],[5,"1216741991_633364_3737_1-512.jpg"],[5,"1216741991_868390_3738_1-512.jpg"],[1,"1216741991_868390_3738_1-512.jpg"],[5,"1216741991_868390_3738_1-512.jpg"],[5,"1216741992_108389_3739_1-512.jpg"],[1,"1216741992_108389_3739_1-512.jpg"],[5,"1216741992_108389_3739_1-512.jpg"],[5,"1216741992_353398_3740_1-512.jpg"],[1,"1216741992_353398_3740_1-512.jpg"],[5,"1216741992_353398_3740_1-512.jpg"],[5,"1216741992_608396_3741_1-512.jpg"],[5,"1216741992_608396_3741_1-512.jpg"],[1,"1216741992_608396_3741_1-512.jpg"],[1,"1216741992_608396_3741_1-512.jpg"]],"material_ml":"painted","preds_construction":[[2,"1216741991_398380_3736_1-512.jpg"],[2,"1216741991_633364_3737_1-512.jpg"],[2,"1216741991_633364_3737_1-512.jpg"],[2,"1216741991_868390_3738_1-512.jpg"],[2,"1216741991_868390_3738_1-512.jpg"],[2,"1216741992_108389_3739_1-512.jpg"],[2,"1216741992_108389_3739_1-512.jpg"],[2,"1216741992_108389_3739_1-512.jpg"],[2,"1216741992_353398_3740_1-512.jpg"],[2,"1216741992_353398_3740_1-512.jpg"],[2,"1216741992_608396_3741_1-512.jpg"],[2,"1216741992_608396_3741_1-512.jpg"],[1,"1216741992_608396_3741_1-512.jpg"],[2,"1216741992_868389_3742_1-512.jpg"]],"construction_ml":"complete","preds_design":[[2,"1216741991_398380_3736_1-512.jpg"],[2,"1216741991_633364_3737_1-512.jpg"],[2,"1216741991_633364_3737_1-512.jpg"],[2,"1216741991_868390_3738_1-512.jpg"],[2,"1216741991_868390_3738_1-512.jpg"],[2,"1216741992_108389_3739_1-512.jpg"],[2,"1216741992_108389_3739_1-512.jpg"],[2,"1216741992_108389_3739_1-512.jpg"],[2,"1216741992_353398_3740_1-512.jpg"],[2,"1216741992_353398_3740_1-512.jpg"],[2,"1216741992_608396_3741_1-512.jpg"],[2,"1216741992_608396_3741_1-512.jpg"],[2,"1216741992_868389_3742_1-512.jpg"]],"design_ml":"designed","images":[]}
