{"MATERIAL":"corrugated metal","AVG_SLOPE":4.08965964324,"AVG_HEIGHT":3.10452437406,"TERAIN_SLP":19.8164482335,"AREA":52.334586817,"VOLUME":162,"FLOORS":2,"INT_ZONE":"Borde Rural","FLOOD":1,"LANDSLIDE":"Amenaza Media","LEGAL_ID":"311","LEGAL_NAME":"EL MIRADOR","LEGAL_AREA":11.06,"LEGAL_LOTS":989,"LEGAL_POP":5340.6,"LEGAL_DENS":89.42,"LEGALIZING":null,"BLOCK_ID_":"002570072","BLOCK_POP":77,"BLOCK_BLD":19,"BLOCK_RISK":11.297082,"BLOCK_EDU":0,"BLOCK_HLTH":10.394378,"BLOCK_TRAN":99.986649,"BLOCK_CULT":0,"BLOCK_PARK":75.510239,"BLOCK_SEC":100,"BLOCK_CENT":0,"BLOCK_DEF":26.3157894737,"BLD_INHAB":4,"OBJECTID":1,"AO_225":0.16,"id":1461,"preds_material":[[5,"1216741987_598420_3722_1-512.jpg"],[1,"1216741987_598420_3722_1-512.jpg"],[5,"1216741987_883385_3723_1-512.jpg"],[1,"1216741987_883385_3723_1-512.jpg"],[5,"1216741988_478419_3725_1-512.jpg"],[1,"1216741988_478419_3725_1-512.jpg"],[5,"1216741988_478419_3725_1-512.jpg"],[5,"1216741988_783378_3726_1-512.jpg"],[5,"1216741988_783378_3726_1-512.jpg"],[1,"1216741988_783378_3726_1-512.jpg"],[5,"1216741989_083355_3727_1-512.jpg"],[5,"1216741989_083355_3727_1-512.jpg"],[1,"1216741989_083355_3727_1-512.jpg"],[5,"1216741989_358401_3728_1-512.jpg"],[5,"1216741989_358401_3728_1-512.jpg"],[5,"1216741989_613357_3729_1-512.jpg"],[5,"1216741989_613357_3729_1-512.jpg"],[5,"1216741989_613357_3729_1-512.jpg"]],"material_ml":"painted","preds_construction":[[2,"1216741987_598420_3722_1-512.jpg"],[2,"1216741987_883385_3723_1-512.jpg"],[2,"1216741988_178428_3724_1-512.jpg"],[2,"1216741988_478419_3725_1-512.jpg"],[2,"1216741988_783378_3726_1-512.jpg"],[2,"1216741988_783378_3726_1-512.jpg"],[2,"1216741989_083355_3727_1-512.jpg"],[2,"1216741989_083355_3727_1-512.jpg"],[2,"1216741989_358401_3728_1-512.jpg"],[2,"1216741989_358401_3728_1-512.jpg"],[2,"1216741989_613357_3729_1-512.jpg"],[2,"1216741989_613357_3729_1-512.jpg"],[2,"1216741989_613357_3729_1-512.jpg"]],"construction_ml":"complete","preds_design":[[2,"1216741987_598420_3722_1-512.jpg"],[2,"1216741987_883385_3723_1-512.jpg"],[2,"1216741988_178428_3724_1-512.jpg"],[2,"1216741988_478419_3725_1-512.jpg"],[1,"1216741988_478419_3725_1-512.jpg"],[2,"1216741988_783378_3726_1-512.jpg"],[1,"1216741988_783378_3726_1-512.jpg"],[2,"1216741989_083355_3727_1-512.jpg"],[2,"1216741989_083355_3727_1-512.jpg"],[1,"1216741989_083355_3727_1-512.jpg"],[2,"1216741989_358401_3728_1-512.jpg"],[2,"1216741989_358401_3728_1-512.jpg"],[1,"1216741989_358401_3728_1-512.jpg"],[2,"1216741989_613357_3729_1-512.jpg"],[1,"1216741989_613357_3729_1-512.jpg"],[1,"1216741989_613357_3729_1-512.jpg"]],"design_ml":"designed","images":[]}
