{"MATERIAL":"corrugated metal","AVG_SLOPE":3.76296957654,"AVG_HEIGHT":4.63750687438,"TERAIN_SLP":19.1843324192,"AREA":61.7057317003,"VOLUME":286,"FLOORS":2,"INT_ZONE":"Borde Rural","FLOOD":1,"LANDSLIDE":"Amenaza Media","LEGAL_ID":"311","LEGAL_NAME":"EL MIRADOR","LEGAL_AREA":11.06,"LEGAL_LOTS":989,"LEGAL_POP":5340.6,"LEGAL_DENS":89.42,"LEGALIZING":null,"BLOCK_ID_":"002570072","BLOCK_POP":77,"BLOCK_BLD":19,"BLOCK_RISK":11.297082,"BLOCK_EDU":0,"BLOCK_HLTH":10.394378,"BLOCK_TRAN":99.986649,"BLOCK_CULT":0,"BLOCK_PARK":75.510239,"BLOCK_SEC":100,"BLOCK_CENT":0,"BLOCK_DEF":26.3157894737,"BLD_INHAB":4,"OBJECTID":1,"AO_225":0.16,"id":1462,"preds_material":[[3,"1216742138_482545_4211_1-512.jpg"],[3,"1216742138_792550_4212_1-512.jpg"],[1,"1216742138_792550_4212_1-512.jpg"],[3,"1216742139_122567_4213_1-512.jpg"],[1,"1216742139_122567_4213_1-512.jpg"],[3,"1216742139_432467_4214_1-512.jpg"],[1,"1216742139_432467_4214_1-512.jpg"],[3,"1216742139_747555_4215_1-512.jpg"],[1,"1216742139_747555_4215_1-512.jpg"],[1,"1216742140_072623_4216_1-512.jpg"],[3,"1216742140_072623_4216_1-512.jpg"],[1,"1216742140_392518_4217_1-512.jpg"],[3,"1216742140_392518_4217_1-512.jpg"],[1,"1216742140_722576_4218_1-512.jpg"],[3,"1216742140_722576_4218_1-512.jpg"],[1,"1216742141_042628_4219_1-512.jpg"],[3,"1216742141_042628_4219_1-512.jpg"],[1,"1216742141_377551_4220_1-512.jpg"],[3,"1216742141_377551_4220_1-512.jpg"],[1,"1216742141_717536_4221_1-512.jpg"],[1,"1216742142_047591_4222_1-512.jpg"],[1,"1216742142_367611_4223_1-512.jpg"],[1,"1216742142_697592_4224_1-512.jpg"],[1,"1216742143_012505_4225_1-512.jpg"],[1,"1216742143_337653_4226_1-512.jpg"],[5,"1216742143_337653_4226_1-512.jpg"],[1,"1216742143_627527_4227_1-512.jpg"],[1,"1216742143_947644_4228_1-512.jpg"],[1,"1216742144_277599_4229_1-512.jpg"],[1,"1216742144_607624_4230_1-512.jpg"],[1,"1216742144_917650_4231_1-512.jpg"],[1,"1216742145_242616_4232_1-512.jpg"],[1,"1216742145_572466_4233_1-512.jpg"],[2,"1216742410_726267_5049_3-512.jpg"],[2,"1216742411_411319_5050_3-512.jpg"],[2,"1216742411_996207_5051_3-512.jpg"]],"material_ml":"brick","preds_construction":[[1,"1216742137_222678_4207_1-512.jpg"],[1,"1216742138_482545_4211_1-512.jpg"],[1,"1216742138_792550_4212_1-512.jpg"],[1,"1216742139_122567_4213_1-512.jpg"],[2,"1216742139_122567_4213_1-512.jpg"],[2,"1216742139_432467_4214_1-512.jpg"],[1,"1216742139_432467_4214_1-512.jpg"],[1,"1216742139_747555_4215_1-512.jpg"],[2,"1216742139_747555_4215_1-512.jpg"],[2,"1216742140_072623_4216_1-512.jpg"],[1,"1216742140_072623_4216_1-512.jpg"],[2,"1216742140_392518_4217_1-512.jpg"],[1,"1216742140_392518_4217_1-512.jpg"],[2,"1216742140_722576_4218_1-512.jpg"],[1,"1216742140_722576_4218_1-512.jpg"],[2,"1216742141_042628_4219_1-512.jpg"],[1,"1216742141_042628_4219_1-512.jpg"],[2,"1216742141_377551_4220_1-512.jpg"],[1,"1216742141_377551_4220_1-512.jpg"],[2,"1216742141_717536_4221_1-512.jpg"],[1,"1216742141_717536_4221_1-512.jpg"],[2,"1216742142_047591_4222_1-512.jpg"],[2,"1216742142_367611_4223_1-512.jpg"],[2,"1216742142_697592_4224_1-512.jpg"],[2,"1216742143_012505_4225_1-512.jpg"],[2,"1216742143_337653_4226_1-512.jpg"],[2,"1216742143_627527_4227_1-512.jpg"],[2,"1216742143_947644_4228_1-512.jpg"],[2,"1216742144_277599_4229_1-512.jpg"],[2,"1216742144_607624_4230_1-512.jpg"],[2,"1216742144_917650_4231_1-512.jpg"],[2,"1216742145_242616_4232_1-512.jpg"],[2,"1216742145_572466_4233_1-512.jpg"],[2,"1216742410_726267_5049_3-512.jpg"],[2,"1216742411_411319_5050_3-512.jpg"],[2,"1216742411_996207_5051_3-512.jpg"],[2,"1216742412_336122_5052_3-512.jpg"],[1,"1216742412_336122_5052_3-512.jpg"],[2,"1216742412_621163_5053_3-512.jpg"]],"construction_ml":"complete","preds_design":[[1,"1216742138_482545_4211_1-512.jpg"],[1,"1216742138_792550_4212_1-512.jpg"],[1,"1216742139_122567_4213_1-512.jpg"],[2,"1216742139_122567_4213_1-512.jpg"],[1,"1216742139_432467_4214_1-512.jpg"],[2,"1216742139_432467_4214_1-512.jpg"],[1,"1216742139_747555_4215_1-512.jpg"],[2,"1216742139_747555_4215_1-512.jpg"],[1,"1216742140_072623_4216_1-512.jpg"],[2,"1216742140_072623_4216_1-512.jpg"],[1,"1216742140_072623_4216_1-512.jpg"],[2,"1216742140_392518_4217_1-512.jpg"],[1,"1216742140_392518_4217_1-512.jpg"],[2,"1216742140_722576_4218_1-512.jpg"],[1,"1216742140_722576_4218_1-512.jpg"],[2,"1216742141_042628_4219_1-512.jpg"],[1,"1216742141_042628_4219_1-512.jpg"],[2,"1216742141_377551_4220_1-512.jpg"],[1,"1216742141_377551_4220_1-512.jpg"],[2,"1216742141_717536_4221_1-512.jpg"],[2,"1216742142_047591_4222_1-512.jpg"],[2,"1216742142_367611_4223_1-512.jpg"],[2,"1216742142_697592_4224_1-512.jpg"],[2,"1216742143_012505_4225_1-512.jpg"],[2,"1216742143_337653_4226_1-512.jpg"],[2,"1216742143_627527_4227_1-512.jpg"],[2,"1216742143_947644_4228_1-512.jpg"],[2,"1216742144_277599_4229_1-512.jpg"],[2,"1216742144_607624_4230_1-512.jpg"],[2,"1216742144_917650_4231_1-512.jpg"],[2,"1216742145_242616_4232_1-512.jpg"],[2,"1216742145_572466_4233_1-512.jpg"],[2,"1216742410_726267_5049_3-512.jpg"],[2,"1216742411_411319_5050_3-512.jpg"],[2,"1216742411_996207_5051_3-512.jpg"],[2,"1216742412_336122_5052_3-512.jpg"],[2,"1216742412_621163_5053_3-512.jpg"]],"design_ml":"designed","images":[]}
