{"MATERIAL":"corrugated metal","AVG_SLOPE":9.17705965915,"AVG_HEIGHT":8.44682880419,"TERAIN_SLP":26.2729571667,"AREA":29.525678568,"VOLUME":249,"FLOORS":3,"INT_ZONE":"Borde Rural","FLOOD":1,"LANDSLIDE":"Amenaza Media","LEGAL_ID":"311","LEGAL_NAME":"EL MIRADOR","LEGAL_AREA":11.06,"LEGAL_LOTS":989,"LEGAL_POP":5340.6,"LEGAL_DENS":89.42,"LEGALIZING":null,"BLOCK_ID_":"002570072","BLOCK_POP":77,"BLOCK_BLD":19,"BLOCK_RISK":11.297082,"BLOCK_EDU":0,"BLOCK_HLTH":10.394378,"BLOCK_TRAN":99.986649,"BLOCK_CULT":0,"BLOCK_PARK":75.510239,"BLOCK_SEC":100,"BLOCK_CENT":0,"BLOCK_DEF":26.3157894737,"BLD_INHAB":4,"OBJECTID":1,"AO_225":0.16,"id":1463,"preds_material":[[2,"1216742406_696190_5037_3-512.jpg"],[1,"1216742406_696190_5037_3-512.jpg"],[2,"1216742406_951174_5038_3-512.jpg"],[1,"1216742406_951174_5038_3-512.jpg"],[5,"1216742603_090145_5591_3-512.jpg"],[5,"1216742603_320216_5592_3-512.jpg"],[5,"1216742603_535135_5593_3-512.jpg"],[5,"1216742603_745228_5594_3-512.jpg"],[5,"1216742603_990129_5595_3-512.jpg"],[5,"1216742604_195518_5596_3-512.jpg"],[5,"1216742604_350129_5597_3-512.jpg"],[5,"1216742604_540179_5598_3-512.jpg"],[5,"1216742604_730160_5599_3-512.jpg"],[5,"1216742604_880151_5600_3-512.jpg"],[5,"1216742605_230226_5602_3-512.jpg"],[5,"1216742605_405158_5603_3-512.jpg"],[5,"1216742605_580360_5604_3-512.jpg"],[5,"1216742605_750237_5605_3-512.jpg"],[5,"1216742605_915126_5606_3-512.jpg"],[5,"1216742606_080236_5607_3-512.jpg"],[5,"1216742606_250291_5608_3-512.jpg"],[5,"1216742606_420245_5609_3-512.jpg"],[5,"1216742606_585414_5610_3-512.jpg"],[5,"1216742606_750346_5611_3-512.jpg"],[5,"1216742606_920392_5612_3-512.jpg"],[5,"1216742607_090223_5613_3-512.jpg"],[5,"1216742607_260186_5614_3-512.jpg"],[5,"1216742607_605147_5616_3-512.jpg"],[5,"1216742607_780225_5617_3-512.jpg"],[5,"1216742607_955181_5618_3-512.jpg"],[5,"1216742608_135175_5619_3-512.jpg"]],"material_ml":"painted","preds_construction":[[2,"1216742406_696190_5037_3-512.jpg"],[2,"1216742406_951174_5038_3-512.jpg"],[1,"1216742406_951174_5038_3-512.jpg"],[2,"1216742602_805147_5590_3-512.jpg"],[2,"1216742603_320216_5592_3-512.jpg"],[2,"1216742603_535135_5593_3-512.jpg"],[2,"1216742603_745228_5594_3-512.jpg"],[2,"1216742603_990129_5595_3-512.jpg"],[2,"1216742604_195518_5596_3-512.jpg"],[2,"1216742604_350129_5597_3-512.jpg"],[2,"1216742604_540179_5598_3-512.jpg"],[2,"1216742604_730160_5599_3-512.jpg"],[2,"1216742604_880151_5600_3-512.jpg"],[2,"1216742605_230226_5602_3-512.jpg"],[2,"1216742605_405158_5603_3-512.jpg"],[2,"1216742605_580360_5604_3-512.jpg"],[2,"1216742605_750237_5605_3-512.jpg"],[2,"1216742605_915126_5606_3-512.jpg"],[2,"1216742606_080236_5607_3-512.jpg"],[2,"1216742606_420245_5609_3-512.jpg"],[2,"1216742606_585414_5610_3-512.jpg"],[2,"1216742606_750346_5611_3-512.jpg"],[2,"1216742606_920392_5612_3-512.jpg"],[2,"1216742607_090223_5613_3-512.jpg"],[2,"1216742607_260186_5614_3-512.jpg"],[2,"1216742607_780225_5617_3-512.jpg"],[2,"1216742607_955181_5618_3-512.jpg"],[2,"1216742608_135175_5619_3-512.jpg"]],"construction_ml":"complete","preds_design":[[2,"1216742406_696190_5037_3-512.jpg"],[2,"1216742406_951174_5038_3-512.jpg"],[2,"1216742603_090145_5591_3-512.jpg"],[2,"1216742603_320216_5592_3-512.jpg"],[2,"1216742603_535135_5593_3-512.jpg"],[2,"1216742603_745228_5594_3-512.jpg"],[2,"1216742603_990129_5595_3-512.jpg"],[2,"1216742604_195518_5596_3-512.jpg"],[2,"1216742604_350129_5597_3-512.jpg"],[2,"1216742604_540179_5598_3-512.jpg"],[2,"1216742604_730160_5599_3-512.jpg"],[2,"1216742604_880151_5600_3-512.jpg"],[2,"1216742605_230226_5602_3-512.jpg"],[2,"1216742605_405158_5603_3-512.jpg"],[2,"1216742605_580360_5604_3-512.jpg"],[2,"1216742605_750237_5605_3-512.jpg"],[2,"1216742605_915126_5606_3-512.jpg"],[2,"1216742606_080236_5607_3-512.jpg"],[2,"1216742606_250291_5608_3-512.jpg"],[2,"1216742606_420245_5609_3-512.jpg"],[2,"1216742606_585414_5610_3-512.jpg"],[2,"1216742606_750346_5611_3-512.jpg"],[2,"1216742606_920392_5612_3-512.jpg"],[2,"1216742607_090223_5613_3-512.jpg"],[2,"1216742607_260186_5614_3-512.jpg"],[2,"1216742607_605147_5616_3-512.jpg"],[2,"1216742607_780225_5617_3-512.jpg"],[2,"1216742607_955181_5618_3-512.jpg"],[2,"1216742608_135175_5619_3-512.jpg"]],"design_ml":"designed","images":[]}
