{"MATERIAL":"corrugated metal","AVG_SLOPE":9.33842711247,"AVG_HEIGHT":0.54188611424,"TERAIN_SLP":17.0643540305,"AREA":50.9287243902,"VOLUME":28,"FLOORS":1,"INT_ZONE":"Borde Rural","FLOOD":1,"LANDSLIDE":"Amenaza Media","LEGAL_ID":"311","LEGAL_NAME":"EL MIRADOR","LEGAL_AREA":11.06,"LEGAL_LOTS":989,"LEGAL_POP":5340.6,"LEGAL_DENS":89.42,"LEGALIZING":null,"BLOCK_ID_":"002570072","BLOCK_POP":77,"BLOCK_BLD":19,"BLOCK_RISK":11.297082,"BLOCK_EDU":0,"BLOCK_HLTH":10.394378,"BLOCK_TRAN":99.986649,"BLOCK_CULT":0,"BLOCK_PARK":75.510239,"BLOCK_SEC":100,"BLOCK_CENT":0,"BLOCK_DEF":26.3157894737,"BLD_INHAB":4,"OBJECTID":1,"AO_225":0.16,"id":1466,"preds_material":[[5,"1216742598_185222_5575_3-512.jpg"],[5,"1216742598_560167_5576_3-512.jpg"]],"material_ml":"painted","preds_construction":[[2,"1216742597_785254_5574_3-512.jpg"],[2,"1216742598_185222_5575_3-512.jpg"],[2,"1216742598_560167_5576_3-512.jpg"]],"construction_ml":"complete","preds_design":[[2,"1216742597_785254_5574_3-512.jpg"],[2,"1216742598_185222_5575_3-512.jpg"],[2,"1216742598_560167_5576_3-512.jpg"]],"design_ml":"designed","images":[]}
