{"MATERIAL":"corrugated metal/heavily patched","AVG_SLOPE":7.05373649805,"AVG_HEIGHT":3.98738718642,"TERAIN_SLP":13.0323416438,"AREA":52.6353512137,"VOLUME":210,"FLOORS":2,"INT_ZONE":"Borde Rural","FLOOD":1,"LANDSLIDE":"Amenaza Media","LEGAL_ID":"311","LEGAL_NAME":"EL MIRADOR","LEGAL_AREA":11.06,"LEGAL_LOTS":989,"LEGAL_POP":5340.6,"LEGAL_DENS":89.42,"LEGALIZING":null,"BLOCK_ID_":"002570072","BLOCK_POP":77,"BLOCK_BLD":19,"BLOCK_RISK":11.297082,"BLOCK_EDU":0,"BLOCK_HLTH":10.394378,"BLOCK_TRAN":99.986649,"BLOCK_CULT":0,"BLOCK_PARK":75.510239,"BLOCK_SEC":100,"BLOCK_CENT":0,"BLOCK_DEF":26.3157894737,"BLD_INHAB":4,"OBJECTID":1,"AO_225":0.16,"id":1469,"preds_material":[[5,"1216741984_748421_3712_1-512.jpg"],[5,"1216741985_058505_3713_1-512.jpg"],[5,"1216741985_343410_3714_1-512.jpg"],[5,"1216741985_343410_3714_1-512.jpg"],[5,"1216741985_633389_3715_1-512.jpg"],[5,"1216741985_633389_3715_1-512.jpg"],[2,"1216741985_633389_3715_1-512.jpg"],[5,"1216741985_918435_3716_1-512.jpg"],[5,"1216741986_208423_3717_1-512.jpg"],[1,"1216741986_208423_3717_1-512.jpg"],[2,"1216741986_208423_3717_1-512.jpg"],[6,"1216742591_320292_5553_3-512.jpg"]],"material_ml":"painted","preds_construction":[[2,"1216741984_398420_3711_1-512.jpg"],[2,"1216741984_748421_3712_1-512.jpg"],[2,"1216741985_058505_3713_1-512.jpg"],[2,"1216741985_343410_3714_1-512.jpg"],[2,"1216741985_343410_3714_1-512.jpg"],[2,"1216741985_633389_3715_1-512.jpg"],[2,"1216741985_633389_3715_1-512.jpg"],[2,"1216741985_918435_3716_1-512.jpg"],[2,"1216741985_918435_3716_1-512.jpg"],[2,"1216741986_208423_3717_1-512.jpg"]],"construction_ml":"complete","preds_design":[[2,"1216741984_748421_3712_1-512.jpg"],[2,"1216741985_058505_3713_1-512.jpg"],[2,"1216741985_343410_3714_1-512.jpg"],[2,"1216741985_343410_3714_1-512.jpg"],[2,"1216741985_633389_3715_1-512.jpg"],[2,"1216741985_633389_3715_1-512.jpg"],[2,"1216741985_918435_3716_1-512.jpg"],[2,"1216741985_918435_3716_1-512.jpg"],[2,"1216741986_208423_3717_1-512.jpg"],[2,"1216741986_508423_3718_1-512.jpg"],[2,"1216742591_320292_5553_3-512.jpg"]],"design_ml":"designed","images":[]}
