{"MATERIAL":"corrugated metal/heavily patched","AVG_SLOPE":6.179817496,"AVG_HEIGHT":0.75991696965,"TERAIN_SLP":20.5802354768,"AREA":34.8975589149,"VOLUME":27,"FLOORS":1,"INT_ZONE":"Borde Rural","FLOOD":1,"LANDSLIDE":"Amenaza Media","LEGAL_ID":"311","LEGAL_NAME":"EL MIRADOR","LEGAL_AREA":11.06,"LEGAL_LOTS":989,"LEGAL_POP":5340.6,"LEGAL_DENS":89.42,"LEGALIZING":null,"BLOCK_ID_":"002570072","BLOCK_POP":77,"BLOCK_BLD":19,"BLOCK_RISK":11.297082,"BLOCK_EDU":0,"BLOCK_HLTH":10.394378,"BLOCK_TRAN":99.986649,"BLOCK_CULT":0,"BLOCK_PARK":75.510239,"BLOCK_SEC":100,"BLOCK_CENT":0,"BLOCK_DEF":26.3157894737,"BLD_INHAB":4,"OBJECTID":1,"AO_225":0.16,"id":1472,"preds_material":[[6,"1216742588_920388_5539_3-512.jpg"],[6,"1216742589_090239_5540_3-512.jpg"],[6,"1216742589_265203_5541_3-512.jpg"],[6,"1216742589_265203_5541_3-512.jpg"],[6,"1216742589_440229_5542_3-512.jpg"],[6,"1216742589_610228_5543_3-512.jpg"],[6,"1216742589_780264_5544_3-512.jpg"],[6,"1216742589_955237_5545_3-512.jpg"],[6,"1216742590_130264_5546_3-512.jpg"],[6,"1216742590_300245_5547_3-512.jpg"],[6,"1216742590_460277_5548_3-512.jpg"],[6,"1216742590_635251_5549_3-512.jpg"],[6,"1216742590_805259_5550_3-512.jpg"],[6,"1216742590_975274_5551_3-512.jpg"],[6,"1216742591_145391_5552_3-512.jpg"],[5,"1216742592_075258_5557_3-512.jpg"],[5,"1216742592_260185_5558_3-512.jpg"],[5,"1216742592_450051_5559_3-512.jpg"],[5,"1216742592_645159_5560_3-512.jpg"],[5,"1216742592_815243_5561_3-512.jpg"],[5,"1216742593_020398_5562_3-512.jpg"],[5,"1216742593_235367_5563_3-512.jpg"],[5,"1216742593_460433_5564_3-512.jpg"],[5,"1216742593_655247_5565_3-512.jpg"],[5,"1216742593_930188_5566_3-512.jpg"],[5,"1216742594_255333_5567_3-512.jpg"],[5,"1216742594_640191_5568_3-512.jpg"],[5,"1216742594_640191_5568_3-512.jpg"],[5,"1216742595_095274_5569_3-512.jpg"],[5,"1216742595_675545_5570_3-512.jpg"],[5,"1216742596_320223_5571_3-512.jpg"]],"material_ml":"painted","preds_construction":[[2,"1216742588_920388_5539_3-512.jpg"],[2,"1216742589_090239_5540_3-512.jpg"],[2,"1216742589_265203_5541_3-512.jpg"],[2,"1216742589_440229_5542_3-512.jpg"],[1,"1216742589_440229_5542_3-512.jpg"],[2,"1216742589_610228_5543_3-512.jpg"],[2,"1216742589_780264_5544_3-512.jpg"],[2,"1216742589_955237_5545_3-512.jpg"],[2,"1216742590_130264_5546_3-512.jpg"],[2,"1216742590_300245_5547_3-512.jpg"],[2,"1216742590_460277_5548_3-512.jpg"],[2,"1216742590_635251_5549_3-512.jpg"],[2,"1216742590_805259_5550_3-512.jpg"],[2,"1216742590_975274_5551_3-512.jpg"],[2,"1216742591_145391_5552_3-512.jpg"],[2,"1216742592_075258_5557_3-512.jpg"],[2,"1216742592_260185_5558_3-512.jpg"],[2,"1216742592_450051_5559_3-512.jpg"],[2,"1216742592_645159_5560_3-512.jpg"],[2,"1216742592_815243_5561_3-512.jpg"],[2,"1216742593_020398_5562_3-512.jpg"],[2,"1216742593_235367_5563_3-512.jpg"],[2,"1216742593_460433_5564_3-512.jpg"],[2,"1216742593_655247_5565_3-512.jpg"],[2,"1216742593_930188_5566_3-512.jpg"],[2,"1216742594_255333_5567_3-512.jpg"],[2,"1216742594_640191_5568_3-512.jpg"],[2,"1216742594_640191_5568_3-512.jpg"],[2,"1216742595_095274_5569_3-512.jpg"],[2,"1216742595_675545_5570_3-512.jpg"],[2,"1216742596_320223_5571_3-512.jpg"]],"construction_ml":"complete","preds_design":[[2,"1216742588_920388_5539_3-512.jpg"],[2,"1216742589_090239_5540_3-512.jpg"],[2,"1216742589_265203_5541_3-512.jpg"],[2,"1216742589_440229_5542_3-512.jpg"],[2,"1216742589_610228_5543_3-512.jpg"],[2,"1216742589_780264_5544_3-512.jpg"],[2,"1216742589_955237_5545_3-512.jpg"],[2,"1216742590_130264_5546_3-512.jpg"],[2,"1216742590_300245_5547_3-512.jpg"],[2,"1216742590_460277_5548_3-512.jpg"],[2,"1216742590_635251_5549_3-512.jpg"],[2,"1216742590_805259_5550_3-512.jpg"],[2,"1216742590_975274_5551_3-512.jpg"],[2,"1216742591_145391_5552_3-512.jpg"],[2,"1216742592_075258_5557_3-512.jpg"],[2,"1216742592_260185_5558_3-512.jpg"],[2,"1216742592_450051_5559_3-512.jpg"],[2,"1216742592_645159_5560_3-512.jpg"],[2,"1216742592_815243_5561_3-512.jpg"],[2,"1216742593_020398_5562_3-512.jpg"],[2,"1216742593_235367_5563_3-512.jpg"],[2,"1216742593_460433_5564_3-512.jpg"],[2,"1216742593_655247_5565_3-512.jpg"],[2,"1216742593_930188_5566_3-512.jpg"],[2,"1216742594_255333_5567_3-512.jpg"],[2,"1216742594_640191_5568_3-512.jpg"],[2,"1216742594_640191_5568_3-512.jpg"],[2,"1216742595_095274_5569_3-512.jpg"],[2,"1216742595_675545_5570_3-512.jpg"],[2,"1216742596_320223_5571_3-512.jpg"]],"design_ml":"designed","images":[]}
