{"MATERIAL":"concrete","AVG_SLOPE":9.11159804836,"AVG_HEIGHT":5.85467049149,"TERAIN_SLP":6.73546407065,"AREA":64.3490716835,"VOLUME":377,"FLOORS":2,"INT_ZONE":"Borde Rural","FLOOD":2,"LANDSLIDE":"Amenaza Media","LEGAL_ID":"311","LEGAL_NAME":"EL MIRADOR","LEGAL_AREA":11.06,"LEGAL_LOTS":989,"LEGAL_POP":5340.6,"LEGAL_DENS":89.42,"LEGALIZING":null,"BLOCK_ID_":"002570073","BLOCK_POP":88,"BLOCK_BLD":24,"BLOCK_RISK":8.0373611,"BLOCK_EDU":0,"BLOCK_HLTH":9.0482588,"BLOCK_TRAN":98.988823,"BLOCK_CULT":0,"BLOCK_PARK":31.617407,"BLOCK_SEC":100,"BLOCK_CENT":0,"BLOCK_DEF":29.1666666667,"BLD_INHAB":4,"OBJECTID":1,"AO_225":0.16,"id":1484,"preds_material":[[5,"1216741888_933911_3690_1-512.jpg"],[5,"1216741900_768867_3691_1-512.jpg"],[5,"1216741911_688840_3692_1-512.jpg"],[5,"1216741917_628786_3693_1-512.jpg"],[5,"1216741922_488769_3694_1-512.jpg"],[5,"1216741927_113762_3695_1-512.jpg"],[5,"1216741947_058592_3696_1-512.jpg"],[5,"1216741956_668543_3698_1-512.jpg"],[5,"1216741977_888454_3699_1-512.jpg"],[5,"1216742566_065230_5449_1-512.jpg"],[5,"1216742566_420223_5450_1-512.jpg"],[5,"1216742566_740236_5451_1-512.jpg"],[5,"1216742567_005567_5452_1-512.jpg"],[5,"1216742567_005567_5452_1-512.jpg"],[5,"1216742567_255643_5453_1-512.jpg"],[5,"1216742567_480671_5454_1-512.jpg"],[5,"1216742567_700660_5455_1-512.jpg"],[5,"1216742567_905728_5456_1-512.jpg"],[5,"1216742568_115362_5457_1-512.jpg"],[5,"1216742568_300350_5458_1-512.jpg"],[5,"1216742568_485415_5459_1-512.jpg"],[5,"1216742568_660384_5460_1-512.jpg"],[5,"1216742568_830388_5461_1-512.jpg"],[5,"1216742568_985439_5462_1-512.jpg"],[5,"1216742569_155479_5463_1-512.jpg"],[5,"1216742569_155479_5463_1-512.jpg"],[5,"1216742569_320483_5464_1-512.jpg"],[5,"1216742569_320483_5464_1-512.jpg"],[5,"1216742569_465355_5465_1-512.jpg"],[5,"1216742569_465355_5465_1-512.jpg"],[5,"1216742569_630478_5466_1-512.jpg"],[5,"1216742569_630478_5466_1-512.jpg"],[5,"1216742569_795395_5467_1-512.jpg"],[5,"1216742569_795395_5467_1-512.jpg"],[5,"1216742569_920347_5468_1-512.jpg"],[5,"1216742569_920347_5468_1-512.jpg"],[5,"1216742570_085258_5469_1-512.jpg"],[5,"1216742584_800221_5515_3-512.jpg"]],"material_ml":"painted","preds_construction":[[2,"1216741886_803933_3689_1-512.jpg"],[2,"1216741888_933911_3690_1-512.jpg"],[2,"1216741900_768867_3691_1-512.jpg"],[2,"1216741911_688840_3692_1-512.jpg"],[2,"1216741917_628786_3693_1-512.jpg"],[2,"1216741922_488769_3694_1-512.jpg"],[2,"1216741927_113762_3695_1-512.jpg"],[2,"1216741947_058592_3696_1-512.jpg"],[2,"1216741956_668543_3698_1-512.jpg"],[2,"1216741977_888454_3699_1-512.jpg"],[2,"1216742566_065230_5449_1-512.jpg"],[2,"1216742566_420223_5450_1-512.jpg"],[2,"1216742566_740236_5451_1-512.jpg"],[2,"1216742567_005567_5452_1-512.jpg"],[2,"1216742567_255643_5453_1-512.jpg"],[2,"1216742567_480671_5454_1-512.jpg"],[2,"1216742567_700660_5455_1-512.jpg"],[2,"1216742567_905728_5456_1-512.jpg"],[2,"1216742568_115362_5457_1-512.jpg"],[2,"1216742568_300350_5458_1-512.jpg"],[2,"1216742568_485415_5459_1-512.jpg"],[2,"1216742568_660384_5460_1-512.jpg"],[2,"1216742568_830388_5461_1-512.jpg"],[2,"1216742568_985439_5462_1-512.jpg"],[2,"1216742569_155479_5463_1-512.jpg"],[2,"1216742569_320483_5464_1-512.jpg"],[2,"1216742569_320483_5464_1-512.jpg"],[2,"1216742569_465355_5465_1-512.jpg"],[2,"1216742569_465355_5465_1-512.jpg"],[2,"1216742569_630478_5466_1-512.jpg"],[2,"1216742569_630478_5466_1-512.jpg"],[2,"1216742569_795395_5467_1-512.jpg"],[2,"1216742569_795395_5467_1-512.jpg"],[2,"1216742569_920347_5468_1-512.jpg"],[2,"1216742569_920347_5468_1-512.jpg"],[2,"1216742570_085258_5469_1-512.jpg"]],"construction_ml":"complete","preds_design":[[2,"1216741886_803933_3689_1-512.jpg"],[2,"1216741888_933911_3690_1-512.jpg"],[2,"1216741900_768867_3691_1-512.jpg"],[2,"1216741911_688840_3692_1-512.jpg"],[2,"1216741917_628786_3693_1-512.jpg"],[2,"1216741922_488769_3694_1-512.jpg"],[2,"1216741927_113762_3695_1-512.jpg"],[2,"1216741947_058592_3696_1-512.jpg"],[2,"1216741956_668543_3698_1-512.jpg"],[2,"1216741977_888454_3699_1-512.jpg"],[2,"1216742566_065230_5449_1-512.jpg"],[2,"1216742566_420223_5450_1-512.jpg"],[2,"1216742566_740236_5451_1-512.jpg"],[2,"1216742567_005567_5452_1-512.jpg"],[2,"1216742567_255643_5453_1-512.jpg"],[2,"1216742567_480671_5454_1-512.jpg"],[2,"1216742567_700660_5455_1-512.jpg"],[2,"1216742567_905728_5456_1-512.jpg"],[2,"1216742568_115362_5457_1-512.jpg"],[2,"1216742568_300350_5458_1-512.jpg"],[2,"1216742568_485415_5459_1-512.jpg"],[2,"1216742568_660384_5460_1-512.jpg"],[2,"1216742568_830388_5461_1-512.jpg"],[2,"1216742568_985439_5462_1-512.jpg"],[2,"1216742569_155479_5463_1-512.jpg"],[2,"1216742569_320483_5464_1-512.jpg"],[2,"1216742569_320483_5464_1-512.jpg"],[2,"1216742569_465355_5465_1-512.jpg"],[2,"1216742569_465355_5465_1-512.jpg"],[2,"1216742569_630478_5466_1-512.jpg"],[2,"1216742569_630478_5466_1-512.jpg"],[2,"1216742569_795395_5467_1-512.jpg"],[2,"1216742569_795395_5467_1-512.jpg"],[2,"1216742569_920347_5468_1-512.jpg"],[2,"1216742569_920347_5468_1-512.jpg"],[2,"1216742570_085258_5469_1-512.jpg"]],"design_ml":"designed","images":[]}
