{"MATERIAL":"corrugated metal/heavily patched","AVG_SLOPE":4.3790381579,"AVG_HEIGHT":5.62818786433,"TERAIN_SLP":3.22158700122,"AREA":76.8723773794,"VOLUME":433,"FLOORS":2,"INT_ZONE":"Borde Rural","FLOOD":3,"LANDSLIDE":"Amenaza Baja","LEGAL_ID":"358","LEGAL_NAME":"EL PARAISO","LEGAL_AREA":26.04,"LEGAL_LOTS":2077,"LEGAL_POP":11215.8,"LEGAL_DENS":79.76190476,"LEGALIZING":null,"BLOCK_ID_":"002565006","BLOCK_POP":190,"BLOCK_BLD":48,"BLOCK_RISK":24.79384,"BLOCK_EDU":0,"BLOCK_HLTH":10.726727,"BLOCK_TRAN":56.566322,"BLOCK_CULT":0,"BLOCK_PARK":1.2882968,"BLOCK_SEC":100,"BLOCK_CENT":0,"BLOCK_DEF":31.25,"BLD_INHAB":4,"OBJECTID":2,"AO_225":0.2,"id":152,"preds_material":[[1,"1216744498_145136_9799_3-512.jpg"],[5,"1216744500_450347_9801_3-512.jpg"],[5,"1216744501_320364_9802_3-512.jpg"]],"material_ml":"painted","preds_construction":[[2,"1216744498_145136_9799_3-512.jpg"],[1,"1216744498_145136_9799_3-512.jpg"],[2,"1216744500_450347_9801_3-512.jpg"],[2,"1216744501_320364_9802_3-512.jpg"],[1,"1216744501_320364_9802_3-512.jpg"]],"construction_ml":"complete","preds_design":[[2,"1216744498_145136_9799_3-512.jpg"],[2,"1216744500_450347_9801_3-512.jpg"],[2,"1216744501_320364_9802_3-512.jpg"]],"design_ml":"designed","images":[]}
