{"MATERIAL":"corrugated metal/heavily patched","AVG_SLOPE":9.47383691958,"AVG_HEIGHT":3.67984832421,"TERAIN_SLP":1.82663438726,"AREA":62.6131426349,"VOLUME":230,"FLOORS":2,"INT_ZONE":"Borde Rural","FLOOD":3,"LANDSLIDE":"Amenaza Baja","LEGAL_ID":"358","LEGAL_NAME":"EL PARAISO","LEGAL_AREA":26.04,"LEGAL_LOTS":2077,"LEGAL_POP":11215.8,"LEGAL_DENS":79.76190476,"LEGALIZING":null,"BLOCK_ID_":"002565005","BLOCK_POP":176,"BLOCK_BLD":41,"BLOCK_RISK":33.237366,"BLOCK_EDU":0,"BLOCK_HLTH":10.076873,"BLOCK_TRAN":62.137344,"BLOCK_CULT":0,"BLOCK_PARK":0,"BLOCK_SEC":100,"BLOCK_CENT":0,"BLOCK_DEF":48.7804878049,"BLD_INHAB":4,"OBJECTID":2,"AO_225":0.2,"id":155,"preds_material":[[5,"1216742278_116827_4700_3-512.jpg"],[6,"1216742278_116827_4700_3-512.jpg"],[6,"1216742278_366838_4701_3-512.jpg"],[1,"1216742278_366838_4701_3-512.jpg"],[5,"1216742278_366838_4701_3-512.jpg"],[6,"1216742279_396757_4705_3-512.jpg"],[1,"1216742279_396757_4705_3-512.jpg"],[6,"1216742279_631785_4706_3-512.jpg"],[1,"1216742279_631785_4706_3-512.jpg"],[5,"1216742279_631785_4706_3-512.jpg"],[5,"1216744482_320347_9784_3-512.jpg"],[5,"1216744483_080470_9785_3-512.jpg"],[5,"1216744484_150102_9786_3-512.jpg"],[5,"1216744484_150102_9786_3-512.jpg"],[5,"1216744485_200435_9787_3-512.jpg"],[5,"1216744485_200435_9787_3-512.jpg"],[5,"1216744486_030467_9788_3-512.jpg"],[5,"1216744487_190372_9789_3-512.jpg"],[5,"1216744488_145344_9790_3-512.jpg"],[5,"1216744489_195410_9791_3-512.jpg"],[5,"1216744490_255382_9792_3-512.jpg"],[1,"1216744491_185349_9793_3-512.jpg"],[5,"1216744804_638827_10506_1-512.jpg"],[5,"1216744811_938832_10520_3-512.jpg"],[5,"1216744811_938832_10520_3-512.jpg"],[5,"1216744812_638827_10521_3-512.jpg"],[5,"1216744812_638827_10521_3-512.jpg"],[5,"1216744813_248771_10522_3-512.jpg"],[5,"1216744813_248771_10522_3-512.jpg"],[5,"1216744813_753787_10523_3-512.jpg"],[5,"1216744814_233802_10524_3-512.jpg"],[5,"1216744814_718740_10525_3-512.jpg"],[5,"1216744815_208807_10526_3-512.jpg"],[5,"1216744815_683779_10527_3-512.jpg"]],"material_ml":"painted","preds_construction":[[2,"1216744482_320347_9784_3-512.jpg"],[2,"1216744483_080470_9785_3-512.jpg"],[2,"1216744484_150102_9786_3-512.jpg"],[2,"1216744484_150102_9786_3-512.jpg"],[2,"1216744485_200435_9787_3-512.jpg"],[2,"1216744485_200435_9787_3-512.jpg"],[2,"1216744486_030467_9788_3-512.jpg"],[2,"1216744487_190372_9789_3-512.jpg"],[2,"1216744488_145344_9790_3-512.jpg"],[2,"1216744489_195410_9791_3-512.jpg"],[1,"1216744491_185349_9793_3-512.jpg"],[2,"1216744491_185349_9793_3-512.jpg"],[2,"1216744811_938832_10520_3-512.jpg"],[2,"1216744811_938832_10520_3-512.jpg"],[2,"1216744812_638827_10521_3-512.jpg"],[2,"1216744812_638827_10521_3-512.jpg"],[2,"1216744813_248771_10522_3-512.jpg"],[2,"1216744813_248771_10522_3-512.jpg"],[2,"1216744813_753787_10523_3-512.jpg"],[2,"1216744814_233802_10524_3-512.jpg"],[2,"1216744814_718740_10525_3-512.jpg"],[2,"1216744815_208807_10526_3-512.jpg"],[2,"1216744815_683779_10527_3-512.jpg"]],"construction_ml":"complete","preds_design":[[1,"1216744481_470275_9783_3-512.jpg"],[2,"1216744483_080470_9785_3-512.jpg"],[1,"1216744483_080470_9785_3-512.jpg"],[2,"1216744484_150102_9786_3-512.jpg"],[1,"1216744484_150102_9786_3-512.jpg"],[2,"1216744484_150102_9786_3-512.jpg"],[2,"1216744485_200435_9787_3-512.jpg"],[2,"1216744485_200435_9787_3-512.jpg"],[1,"1216744485_200435_9787_3-512.jpg"],[2,"1216744486_030467_9788_3-512.jpg"],[2,"1216744487_190372_9789_3-512.jpg"],[2,"1216744488_145344_9790_3-512.jpg"],[2,"1216744489_195410_9791_3-512.jpg"],[2,"1216744491_185349_9793_3-512.jpg"],[2,"1216744811_938832_10520_3-512.jpg"],[2,"1216744811_938832_10520_3-512.jpg"],[1,"1216744811_938832_10520_3-512.jpg"],[2,"1216744811_938832_10520_3-512.jpg"],[2,"1216744812_638827_10521_3-512.jpg"],[1,"1216744812_638827_10521_3-512.jpg"],[2,"1216744812_638827_10521_3-512.jpg"],[1,"1216744813_248771_10522_3-512.jpg"],[2,"1216744813_248771_10522_3-512.jpg"],[1,"1216744813_753787_10523_3-512.jpg"],[1,"1216744814_233802_10524_3-512.jpg"],[1,"1216744814_718740_10525_3-512.jpg"],[1,"1216744815_208807_10526_3-512.jpg"],[2,"1216744815_683779_10527_3-512.jpg"],[1,"1216744815_683779_10527_3-512.jpg"]],"design_ml":"designed","images":[]}
