{"MATERIAL":"corrugated metal","AVG_SLOPE":3.52795044513,"AVG_HEIGHT":7.98728319241,"TERAIN_SLP":3.38083737706,"AREA":70.1730031179,"VOLUME":560,"FLOORS":2,"INT_ZONE":"Borde Rural","FLOOD":1,"LANDSLIDE":"Amenaza Media","LEGAL_ID":"311","LEGAL_NAME":"EL MIRADOR","LEGAL_AREA":11.06,"LEGAL_LOTS":989,"LEGAL_POP":5340.6,"LEGAL_DENS":89.42,"LEGALIZING":null,"BLOCK_ID_":"002570035","BLOCK_POP":39,"BLOCK_BLD":10,"BLOCK_RISK":27.581842,"BLOCK_EDU":0,"BLOCK_HLTH":9.7428646,"BLOCK_TRAN":94.606827,"BLOCK_CULT":0,"BLOCK_PARK":0,"BLOCK_SEC":100,"BLOCK_CENT":0,"BLOCK_DEF":0,"BLD_INHAB":4,"OBJECTID":1,"AO_225":0.16,"id":160,"preds_material":[[1,"1216742319_536915_4875_1-512.jpg"],[1,"1216744771_978943_10433_1-512.jpg"],[5,"1216744780_774037_10455_3-512.jpg"]],"material_ml":"brick","preds_construction":[[2,"1216744771_978943_10433_1-512.jpg"],[2,"1216744772_588975_10434_1-512.jpg"]],"construction_ml":"complete","preds_design":[[1,"1216744771_978943_10433_1-512.jpg"],[1,"1216744772_588975_10434_1-512.jpg"]],"design_ml":"undesigned","images":[]}
