{"MATERIAL":"corrugated metal","AVG_SLOPE":7.38925996269,"AVG_HEIGHT":4.3532258369,"TERAIN_SLP":12.8428920283,"AREA":57.9447906288,"VOLUME":252,"FLOORS":2,"INT_ZONE":"Borde Rural","FLOOD":2,"LANDSLIDE":"Amenaza Baja","LEGAL_ID":"358","LEGAL_NAME":"EL PARAISO","LEGAL_AREA":26.04,"LEGAL_LOTS":2077,"LEGAL_POP":11215.8,"LEGAL_DENS":79.76190476,"LEGALIZING":null,"BLOCK_ID_":"002565008","BLOCK_POP":196,"BLOCK_BLD":51,"BLOCK_RISK":5.3271718,"BLOCK_EDU":0,"BLOCK_HLTH":12.281273,"BLOCK_TRAN":47.782475,"BLOCK_CULT":0,"BLOCK_PARK":18.900211,"BLOCK_SEC":100,"BLOCK_CENT":0,"BLOCK_DEF":45.0980392157,"BLD_INHAB":4,"OBJECTID":2,"AO_225":0.2,"id":171,"preds_material":[[2,"1216744571_085155_9931_1-512.jpg"],[5,"1216744571_085155_9931_1-512.jpg"],[5,"1216744571_085155_9931_3-512.jpg"],[5,"1216744571_594843_9932_1-512.jpg"],[2,"1216744571_594843_9932_1-512.jpg"],[5,"1216744571_594843_9932_1-512.jpg"],[5,"1216744571_594843_9932_3-512.jpg"],[5,"1216744572_149943_9933_1-512.jpg"],[2,"1216744572_149943_9933_1-512.jpg"],[5,"1216744572_149943_9933_1-512.jpg"],[1,"1216744572_149943_9933_1-512.jpg"],[5,"1216744572_149943_9933_3-512.jpg"],[5,"1216744572_569967_9934_1-512.jpg"],[5,"1216744572_569967_9934_3-512.jpg"]],"material_ml":"painted","preds_construction":[[2,"1216744571_085155_9931_1-512.jpg"],[2,"1216744571_085155_9931_3-512.jpg"],[2,"1216744571_594843_9932_1-512.jpg"],[2,"1216744571_594843_9932_1-512.jpg"],[2,"1216744571_594843_9932_3-512.jpg"],[2,"1216744572_149943_9933_1-512.jpg"],[2,"1216744572_149943_9933_1-512.jpg"],[2,"1216744572_149943_9933_3-512.jpg"],[2,"1216744572_569967_9934_1-512.jpg"],[2,"1216744572_569967_9934_3-512.jpg"]],"construction_ml":"complete","preds_design":[[2,"1216744571_085155_9931_1-512.jpg"],[2,"1216744571_085155_9931_3-512.jpg"],[2,"1216744571_594843_9932_1-512.jpg"],[2,"1216744571_594843_9932_1-512.jpg"],[2,"1216744571_594843_9932_3-512.jpg"],[2,"1216744572_149943_9933_1-512.jpg"],[2,"1216744572_149943_9933_1-512.jpg"],[2,"1216744572_149943_9933_3-512.jpg"],[2,"1216744572_569967_9934_1-512.jpg"],[2,"1216744572_569967_9934_3-512.jpg"]],"design_ml":"designed","images":[]}
