{"MATERIAL":"corrugated metal","AVG_SLOPE":5.06360537277,"AVG_HEIGHT":5.63267464255,"TERAIN_SLP":5.36616838044,"AREA":31.1960285278,"VOLUME":176,"FLOORS":2,"INT_ZONE":null,"FLOOD":1,"LANDSLIDE":"Amenaza Media","LEGAL_ID":"1480","LEGAL_NAME":"PUERTA DEL PARAISO","LEGAL_AREA":0,"LEGAL_LOTS":0,"LEGAL_POP":0,"LEGAL_DENS":0,"LEGALIZING":"No viable","BLOCK_ID_":"204107012","BLOCK_POP":4,"BLOCK_BLD":1,"BLOCK_RISK":7.112607,"BLOCK_EDU":0,"BLOCK_HLTH":0,"BLOCK_TRAN":99.607826,"BLOCK_CULT":0,"BLOCK_PARK":97.904274,"BLOCK_SEC":42.33535,"BLOCK_CENT":0,"BLOCK_DEF":100,"BLD_INHAB":4,"OBJECTID":1,"AO_225":0.16,"id":1746,"preds_material":[[5,"1216742523_485389_5295_1-512.jpg"],[5,"1216742524_135407_5296_1-512.jpg"],[5,"1216742524_135407_5296_1-512.jpg"],[5,"1216742524_715439_5297_1-512.jpg"],[5,"1216742524_715439_5297_1-512.jpg"]],"material_ml":"painted","preds_construction":[[2,"1216742523_485389_5295_1-512.jpg"],[2,"1216742524_135407_5296_1-512.jpg"],[2,"1216742524_135407_5296_1-512.jpg"],[2,"1216742524_715439_5297_1-512.jpg"],[2,"1216742524_715439_5297_1-512.jpg"]],"construction_ml":"complete","preds_design":[[2,"1216742523_485389_5295_1-512.jpg"],[2,"1216742524_135407_5296_1-512.jpg"],[2,"1216742524_135407_5296_1-512.jpg"],[2,"1216742524_715439_5297_1-512.jpg"],[2,"1216742524_715439_5297_1-512.jpg"]],"design_ml":"designed","images":[]}
