{"MATERIAL":"corrugated metal","AVG_SLOPE":12.0037568438,"AVG_HEIGHT":3.06869753041,"TERAIN_SLP":4.37222087714,"AREA":19.6343217389,"VOLUME":60,"FLOORS":2,"INT_ZONE":null,"FLOOD":1,"LANDSLIDE":"Amenaza Media","LEGAL_ID":"1480","LEGAL_NAME":"PUERTA DEL PARAISO","LEGAL_AREA":0,"LEGAL_LOTS":0,"LEGAL_POP":0,"LEGAL_DENS":0,"LEGALIZING":"No viable","BLOCK_ID_":"204107012","BLOCK_POP":4,"BLOCK_BLD":1,"BLOCK_RISK":7.112607,"BLOCK_EDU":0,"BLOCK_HLTH":0,"BLOCK_TRAN":99.607826,"BLOCK_CULT":0,"BLOCK_PARK":97.904274,"BLOCK_SEC":42.33535,"BLOCK_CENT":0,"BLOCK_DEF":100,"BLD_INHAB":4,"OBJECTID":1,"AO_225":0.16,"id":1747,"preds_material":[[5,"1216742520_395539_5287_1-512.jpg"],[5,"1216742520_735551_5288_1-512.jpg"],[5,"1216742520_735551_5288_1-512.jpg"],[5,"1216742521_020788_5289_1-512.jpg"],[5,"1216742521_020788_5289_1-512.jpg"],[5,"1216742521_325629_5290_1-512.jpg"],[5,"1216742521_325629_5290_1-512.jpg"],[5,"1216742521_695617_5291_1-512.jpg"],[5,"1216742521_695617_5291_1-512.jpg"]],"material_ml":"painted","preds_construction":[[2,"1216742520_395539_5287_1-512.jpg"],[2,"1216742520_735551_5288_1-512.jpg"],[2,"1216742520_735551_5288_1-512.jpg"],[2,"1216742521_020788_5289_1-512.jpg"],[2,"1216742521_020788_5289_1-512.jpg"],[2,"1216742521_325629_5290_1-512.jpg"],[2,"1216742521_325629_5290_1-512.jpg"],[2,"1216742521_695617_5291_1-512.jpg"],[2,"1216742521_695617_5291_1-512.jpg"]],"construction_ml":"complete","preds_design":[[2,"1216742520_395539_5287_1-512.jpg"],[2,"1216742520_735551_5288_1-512.jpg"],[2,"1216742520_735551_5288_1-512.jpg"],[2,"1216742521_020788_5289_1-512.jpg"],[2,"1216742521_020788_5289_1-512.jpg"],[2,"1216742521_325629_5290_1-512.jpg"],[2,"1216742521_325629_5290_1-512.jpg"],[2,"1216742521_325629_5290_1-512.jpg"],[2,"1216742521_695617_5291_1-512.jpg"],[2,"1216742521_695617_5291_1-512.jpg"]],"design_ml":"designed","images":[]}
