{"MATERIAL":"corrugated metal","AVG_SLOPE":6.38446796872,"AVG_HEIGHT":3.40558357734,"TERAIN_SLP":3.52143754404,"AREA":64.1981149766,"VOLUME":219,"FLOORS":2,"INT_ZONE":"Borde Rural","FLOOD":1,"LANDSLIDE":"Amenaza Media","LEGAL_ID":"311","LEGAL_NAME":"EL MIRADOR","LEGAL_AREA":11.06,"LEGAL_LOTS":989,"LEGAL_POP":5340.6,"LEGAL_DENS":89.42,"LEGALIZING":null,"BLOCK_ID_":"002570032","BLOCK_POP":60,"BLOCK_BLD":15,"BLOCK_RISK":6.7814999,"BLOCK_EDU":0,"BLOCK_HLTH":9.2153234,"BLOCK_TRAN":97.862679,"BLOCK_CULT":0,"BLOCK_PARK":0,"BLOCK_SEC":100,"BLOCK_CENT":0,"BLOCK_DEF":53.3333333333,"BLD_INHAB":4,"OBJECTID":1,"AO_225":0.16,"id":175,"preds_material":[[6,"1216742266_551878_4659_1-512.jpg"],[5,"1216744468_840528_9776_1-512.jpg"],[5,"1216744724_339231_10275_1-512.jpg"],[5,"1216744726_309324_10281_1-512.jpg"],[2,"1216744802_823817_10502_3-512.jpg"]],"material_ml":"painted","preds_construction":[[2,"1216744802_823817_10502_3-512.jpg"]],"construction_ml":"complete","preds_design":[[1,"1216744769_214062_10427_3-512.jpg"],[1,"1216744802_823817_10502_3-512.jpg"],[2,"1216744802_823817_10502_3-512.jpg"]],"design_ml":"undesigned","images":[]}
