{"MATERIAL":"concrete","AVG_SLOPE":13.8914000034,"AVG_HEIGHT":3.97020245563,"TERAIN_SLP":8.63942331648,"AREA":64.4325416213,"VOLUME":256,"FLOORS":2,"INT_ZONE":null,"FLOOD":0,"LANDSLIDE":"Amenaza Media","LEGAL_ID":"1480","LEGAL_NAME":"PUERTA DEL PARAISO","LEGAL_AREA":0,"LEGAL_LOTS":0,"LEGAL_POP":0,"LEGAL_DENS":0,"LEGALIZING":"No viable","BLOCK_ID_":"204107012","BLOCK_POP":4,"BLOCK_BLD":1,"BLOCK_RISK":7.112607,"BLOCK_EDU":0,"BLOCK_HLTH":0,"BLOCK_TRAN":99.607826,"BLOCK_CULT":0,"BLOCK_PARK":97.904274,"BLOCK_SEC":42.33535,"BLOCK_CENT":0,"BLOCK_DEF":100,"BLD_INHAB":4,"OBJECTID":1,"AO_225":0.16,"id":1778,"preds_material":[[5,"1216742518_140550_5281_1-512.jpg"],[5,"1216742518_570850_5282_1-512.jpg"],[5,"1216742518_570850_5282_1-512.jpg"],[5,"1216742518_960839_5283_1-512.jpg"],[5,"1216742518_960839_5283_1-512.jpg"],[5,"1216742519_320727_5284_1-512.jpg"],[5,"1216742519_320727_5284_1-512.jpg"],[5,"1216742519_705548_5285_1-512.jpg"],[5,"1216742519_705548_5285_1-512.jpg"],[5,"1216742520_050510_5286_1-512.jpg"],[5,"1216742520_395539_5287_1-512.jpg"],[5,"1216742520_735551_5288_1-512.jpg"]],"material_ml":"painted","preds_construction":[[2,"1216742518_140550_5281_1-512.jpg"],[2,"1216742518_570850_5282_1-512.jpg"],[2,"1216742518_960839_5283_1-512.jpg"],[2,"1216742519_320727_5284_1-512.jpg"],[2,"1216742519_705548_5285_1-512.jpg"],[2,"1216742519_705548_5285_1-512.jpg"],[2,"1216742520_050510_5286_1-512.jpg"],[2,"1216742520_395539_5287_1-512.jpg"],[2,"1216742520_735551_5288_1-512.jpg"]],"construction_ml":"complete","preds_design":[[2,"1216742518_570850_5282_1-512.jpg"],[2,"1216742518_960839_5283_1-512.jpg"],[2,"1216742519_320727_5284_1-512.jpg"],[2,"1216742519_705548_5285_1-512.jpg"],[2,"1216742519_705548_5285_1-512.jpg"],[2,"1216742520_050510_5286_1-512.jpg"],[2,"1216742520_395539_5287_1-512.jpg"],[2,"1216742520_735551_5288_1-512.jpg"]],"design_ml":"designed","images":[]}
