{"MATERIAL":"corrugated metal","AVG_SLOPE":4.78742932402,"AVG_HEIGHT":0.34742034719,"TERAIN_SLP":11.8756207099,"AREA":56.7240335902,"VOLUME":20,"FLOORS":1,"INT_ZONE":"Borde Rural","FLOOD":1,"LANDSLIDE":"Amenaza Baja","LEGAL_ID":"358","LEGAL_NAME":"EL PARAISO","LEGAL_AREA":26.04,"LEGAL_LOTS":2077,"LEGAL_POP":11215.8,"LEGAL_DENS":79.76190476,"LEGALIZING":null,"BLOCK_ID_":"002565008","BLOCK_POP":196,"BLOCK_BLD":51,"BLOCK_RISK":5.3271718,"BLOCK_EDU":0,"BLOCK_HLTH":12.281273,"BLOCK_TRAN":47.782475,"BLOCK_CULT":0,"BLOCK_PARK":18.900211,"BLOCK_SEC":100,"BLOCK_CENT":0,"BLOCK_DEF":45.0980392157,"BLD_INHAB":4,"OBJECTID":2,"AO_225":0.2,"id":180,"preds_material":[[5,"1216744572_994949_9935_3-512.jpg"],[5,"1216744573_409819_9936_3-512.jpg"],[5,"1216744573_829939_9937_3-512.jpg"],[5,"1216744574_219922_9938_3-512.jpg"]],"material_ml":"painted","preds_construction":[[2,"1216744572_994949_9935_3-512.jpg"],[2,"1216744573_409819_9936_3-512.jpg"],[2,"1216744573_409819_9936_3-512.jpg"],[2,"1216744573_829939_9937_3-512.jpg"],[2,"1216744573_829939_9937_3-512.jpg"]],"construction_ml":"complete","preds_design":[[2,"1216744572_994949_9935_3-512.jpg"],[2,"1216744573_409819_9936_3-512.jpg"],[2,"1216744573_409819_9936_3-512.jpg"],[2,"1216744573_409819_9936_3-512.jpg"],[2,"1216744573_829939_9937_3-512.jpg"]],"design_ml":"designed","images":[]}
