{"MATERIAL":"corrugated metal","AVG_SLOPE":3.95011916263,"AVG_HEIGHT":1.84495968828,"TERAIN_SLP":19.6147512922,"AREA":55.8757450982,"VOLUME":103,"FLOORS":1,"INT_ZONE":null,"FLOOD":2,"LANDSLIDE":"Amenaza Media","LEGAL_ID":"1480","LEGAL_NAME":"PUERTA DEL PARAISO","LEGAL_AREA":0,"LEGAL_LOTS":0,"LEGAL_POP":0,"LEGAL_DENS":0,"LEGALIZING":"No viable","BLOCK_ID_":"204107012","BLOCK_POP":4,"BLOCK_BLD":1,"BLOCK_RISK":7.112607,"BLOCK_EDU":0,"BLOCK_HLTH":0,"BLOCK_TRAN":99.607826,"BLOCK_CULT":0,"BLOCK_PARK":97.904274,"BLOCK_SEC":42.33535,"BLOCK_CENT":0,"BLOCK_DEF":100,"BLD_INHAB":4,"OBJECTID":1,"AO_225":0.16,"id":1802,"preds_material":[[1,"1216745867_808984_12670_3-512.jpg"],[5,"1216746342_007008_14863_1-512.jpg"],[2,"1216746342_007008_14863_1-512.jpg"]],"material_ml":"brick","images":[]}
