{"MATERIAL":"corrugated metal","AVG_SLOPE":6.75015973349,"AVG_HEIGHT":7.40785022494,"TERAIN_SLP":11.3145340273,"AREA":66.6961488503,"VOLUME":494,"FLOORS":2,"INT_ZONE":null,"FLOOD":2,"LANDSLIDE":"Amenaza Media","LEGAL_ID":"1480","LEGAL_NAME":"PUERTA DEL PARAISO","LEGAL_AREA":0,"LEGAL_LOTS":0,"LEGAL_POP":0,"LEGAL_DENS":0,"LEGALIZING":"No viable","BLOCK_ID_":"204107012","BLOCK_POP":4,"BLOCK_BLD":1,"BLOCK_RISK":7.112607,"BLOCK_EDU":0,"BLOCK_HLTH":0,"BLOCK_TRAN":99.607826,"BLOCK_CULT":0,"BLOCK_PARK":97.904274,"BLOCK_SEC":42.33535,"BLOCK_CENT":0,"BLOCK_DEF":100,"BLD_INHAB":4,"OBJECTID":1,"AO_225":0.16,"id":1810,"preds_material":[[5,"1216742455_650622_5201_3-512.jpg"],[5,"1216742456_360650_5202_3-512.jpg"],[1,"1216742456_360650_5202_3-512.jpg"],[5,"1216742456_970821_5203_3-512.jpg"],[5,"1216742457_520696_5204_3-512.jpg"],[5,"1216742458_095571_5205_3-512.jpg"],[5,"1216742458_595864_5206_3-512.jpg"],[5,"1216742458_970889_5207_3-512.jpg"],[5,"1216742459_310813_5208_3-512.jpg"],[5,"1216742459_640859_5209_3-512.jpg"],[5,"1216742459_640859_5209_3-512.jpg"],[5,"1216742459_960776_5210_3-512.jpg"],[5,"1216742459_960776_5210_3-512.jpg"],[5,"1216742460_265826_5211_3-512.jpg"],[5,"1216742460_265826_5211_3-512.jpg"],[5,"1216742460_570800_5212_3-512.jpg"],[5,"1216742460_895770_5213_3-512.jpg"],[5,"1216742461_260843_5214_3-512.jpg"],[5,"1216742461_650813_5215_3-512.jpg"],[5,"1216742462_090695_5216_3-512.jpg"],[5,"1216742462_690707_5217_3-512.jpg"],[1,"1216742463_460758_5218_3-512.jpg"],[1,"1216742463_460758_5218_3-512.jpg"],[5,"1216742463_460758_5218_3-512.jpg"],[1,"1216742464_385605_5219_3-512.jpg"],[1,"1216742465_075701_5220_3-512.jpg"],[1,"1216742465_815715_5221_3-512.jpg"],[1,"1216742466_655668_5222_3-512.jpg"],[1,"1216742466_655668_5222_3-512.jpg"],[1,"1216742467_340609_5223_3-512.jpg"],[1,"1216742467_340609_5223_3-512.jpg"],[1,"1216742467_340609_5223_3-512.jpg"],[1,"1216742467_875773_5224_3-512.jpg"],[1,"1216742468_405590_5225_3-512.jpg"],[1,"1216742468_885648_5226_3-512.jpg"],[1,"1216742469_260654_5227_3-512.jpg"],[1,"1216742469_585689_5228_3-512.jpg"],[1,"1216742469_865699_5229_3-512.jpg"],[1,"1216742470_120579_5230_3-512.jpg"],[1,"1216742470_355594_5231_3-512.jpg"],[1,"1216742470_575654_5232_3-512.jpg"],[1,"1216742470_785696_5233_3-512.jpg"],[5,"1216742470_985670_5234_3-512.jpg"],[5,"1216742471_185685_5235_3-512.jpg"],[5,"1216742471_375666_5236_3-512.jpg"],[5,"1216742471_560648_5237_3-512.jpg"],[5,"1216742471_745705_5238_3-512.jpg"],[5,"1216742471_930661_5239_3-512.jpg"],[5,"1216742472_115619_5240_3-512.jpg"],[5,"1216742472_295511_5241_3-512.jpg"],[5,"1216742472_480618_5242_3-512.jpg"],[5,"1216742472_670631_5243_3-512.jpg"],[5,"1216742472_860584_5244_3-512.jpg"],[5,"1216742472_860584_5244_3-512.jpg"],[1,"1216742472_860584_5244_3-512.jpg"],[5,"1216742473_060621_5245_3-512.jpg"],[1,"1216742473_060621_5245_3-512.jpg"],[5,"1216742473_265635_5246_3-512.jpg"],[5,"1216742473_475669_5247_3-512.jpg"],[5,"1216742473_700650_5248_3-512.jpg"],[5,"1216742473_935745_5249_3-512.jpg"],[5,"1216742474_180591_5250_3-512.jpg"],[5,"1216742474_430609_5251_3-512.jpg"],[5,"1216742474_655711_5252_3-512.jpg"],[5,"1216742474_875739_5253_3-512.jpg"],[5,"1216742475_095832_5254_3-512.jpg"],[5,"1216742475_320733_5255_3-512.jpg"],[5,"1216742475_320733_5255_3-512.jpg"],[5,"1216742475_550724_5256_3-512.jpg"],[1,"1216742475_550724_5256_3-512.jpg"],[5,"1216742475_835807_5257_3-512.jpg"],[5,"1216742476_120785_5258_3-512.jpg"],[5,"1216742476_425775_5259_3-512.jpg"],[5,"1216742476_730718_5260_3-512.jpg"],[5,"1216742477_035696_5261_3-512.jpg"],[5,"1216742477_395707_5262_3-512.jpg"],[5,"1216742477_925733_5263_3-512.jpg"],[1,"1216742477_925733_5263_3-512.jpg"],[5,"1216742478_690628_5264_3-512.jpg"],[5,"1216742479_535580_5265_3-512.jpg"],[5,"1216742484_434946_5266_3-512.jpg"],[1,"1216742484_434946_5266_3-512.jpg"],[5,"1216742501_458233_5267_3-512.jpg"],[5,"1216746353_236542_14872_1-512.jpg"],[5,"1216746353_236542_14872_1-512.jpg"]],"material_ml":"painted","preds_construction":[[2,"1216742455_650622_5201_3-512.jpg"],[2,"1216742456_360650_5202_3-512.jpg"],[2,"1216742456_970821_5203_3-512.jpg"],[2,"1216742457_520696_5204_3-512.jpg"],[2,"1216742458_095571_5205_3-512.jpg"],[2,"1216742458_595864_5206_3-512.jpg"],[2,"1216742458_970889_5207_3-512.jpg"],[2,"1216742459_310813_5208_3-512.jpg"],[2,"1216742459_640859_5209_3-512.jpg"],[2,"1216742459_640859_5209_3-512.jpg"],[2,"1216742459_960776_5210_3-512.jpg"],[2,"1216742460_265826_5211_3-512.jpg"],[2,"1216742460_265826_5211_3-512.jpg"],[2,"1216742460_570800_5212_3-512.jpg"],[2,"1216742460_895770_5213_3-512.jpg"],[2,"1216742461_260843_5214_3-512.jpg"],[2,"1216742461_650813_5215_3-512.jpg"],[2,"1216742462_090695_5216_3-512.jpg"],[2,"1216742462_690707_5217_3-512.jpg"],[1,"1216742463_460758_5218_3-512.jpg"],[2,"1216742463_460758_5218_3-512.jpg"],[2,"1216742463_460758_5218_3-512.jpg"],[1,"1216742464_385605_5219_3-512.jpg"],[2,"1216742464_385605_5219_3-512.jpg"],[1,"1216742465_075701_5220_3-512.jpg"],[2,"1216742465_075701_5220_3-512.jpg"],[2,"1216742465_815715_5221_3-512.jpg"],[1,"1216742465_815715_5221_3-512.jpg"],[2,"1216742466_655668_5222_3-512.jpg"],[1,"1216742466_655668_5222_3-512.jpg"],[1,"1216742467_340609_5223_3-512.jpg"],[2,"1216742467_875773_5224_3-512.jpg"],[1,"1216742467_875773_5224_3-512.jpg"],[1,"1216742467_875773_5224_3-512.jpg"],[1,"1216742468_405590_5225_3-512.jpg"],[2,"1216742468_405590_5225_3-512.jpg"],[2,"1216742468_885648_5226_3-512.jpg"],[1,"1216742468_885648_5226_3-512.jpg"],[2,"1216742469_260654_5227_3-512.jpg"],[2,"1216742469_585689_5228_3-512.jpg"],[1,"1216742469_585689_5228_3-512.jpg"],[2,"1216742469_865699_5229_3-512.jpg"],[2,"1216742470_120579_5230_3-512.jpg"],[2,"1216742470_355594_5231_3-512.jpg"],[2,"1216742470_575654_5232_3-512.jpg"],[2,"1216742470_785696_5233_3-512.jpg"],[1,"1216742470_785696_5233_3-512.jpg"],[2,"1216742470_985670_5234_3-512.jpg"],[2,"1216742471_185685_5235_3-512.jpg"],[2,"1216742471_375666_5236_3-512.jpg"],[2,"1216742471_560648_5237_3-512.jpg"],[2,"1216742471_745705_5238_3-512.jpg"],[2,"1216742471_930661_5239_3-512.jpg"],[2,"1216742472_115619_5240_3-512.jpg"],[2,"1216742472_295511_5241_3-512.jpg"],[2,"1216742472_480618_5242_3-512.jpg"],[2,"1216742472_670631_5243_3-512.jpg"],[2,"1216742472_860584_5244_3-512.jpg"],[2,"1216742472_860584_5244_3-512.jpg"],[2,"1216742473_060621_5245_3-512.jpg"],[2,"1216742473_265635_5246_3-512.jpg"],[2,"1216742473_475669_5247_3-512.jpg"],[2,"1216742473_700650_5248_3-512.jpg"],[2,"1216742473_935745_5249_3-512.jpg"],[2,"1216742474_180591_5250_3-512.jpg"],[2,"1216742474_430609_5251_3-512.jpg"],[2,"1216742474_655711_5252_3-512.jpg"],[2,"1216742474_875739_5253_3-512.jpg"],[2,"1216742475_095832_5254_3-512.jpg"],[2,"1216742475_320733_5255_3-512.jpg"],[2,"1216742475_320733_5255_3-512.jpg"],[2,"1216742475_550724_5256_3-512.jpg"],[2,"1216742475_550724_5256_3-512.jpg"],[2,"1216742475_835807_5257_3-512.jpg"],[2,"1216742476_120785_5258_3-512.jpg"],[2,"1216742476_425775_5259_3-512.jpg"],[2,"1216742476_730718_5260_3-512.jpg"],[2,"1216742477_035696_5261_3-512.jpg"],[2,"1216742477_395707_5262_3-512.jpg"],[2,"1216742477_925733_5263_3-512.jpg"],[2,"1216742478_690628_5264_3-512.jpg"],[2,"1216742479_535580_5265_3-512.jpg"],[2,"1216742484_434946_5266_3-512.jpg"],[2,"1216742501_458233_5267_3-512.jpg"],[2,"1216746353_236542_14872_1-512.jpg"]],"construction_ml":"complete",