{"MATERIAL":"corrugated metal/heavily patched","AVG_SLOPE":8.10400250052,"AVG_HEIGHT":3.10018740761,"TERAIN_SLP":7.55218258572,"AREA":60.4805495516,"VOLUME":188,"FLOORS":2,"INT_ZONE":null,"FLOOD":2,"LANDSLIDE":"Amenaza Media","LEGAL_ID":"1480","LEGAL_NAME":"PUERTA DEL PARAISO","LEGAL_AREA":0,"LEGAL_LOTS":0,"LEGAL_POP":0,"LEGAL_DENS":0,"LEGALIZING":"No viable","BLOCK_ID_":"204107012","BLOCK_POP":4,"BLOCK_BLD":1,"BLOCK_RISK":7.112607,"BLOCK_EDU":0,"BLOCK_HLTH":0,"BLOCK_TRAN":99.607826,"BLOCK_CULT":0,"BLOCK_PARK":97.904274,"BLOCK_SEC":42.33535,"BLOCK_CENT":0,"BLOCK_DEF":100,"BLD_INHAB":4,"OBJECTID":1,"AO_225":0.16,"id":1826,"preds_material":[[1,"1216742530_875627_5315_3-512.jpg"],[5,"1216742530_875627_5315_3-512.jpg"],[6,"1216742530_875627_5315_3-512.jpg"],[1,"1216742531_110591_5316_3-512.jpg"],[5,"1216742531_110591_5316_3-512.jpg"],[5,"1216742531_335583_5317_3-512.jpg"],[1,"1216742531_335583_5317_3-512.jpg"]],"material_ml":"brick","images":[]}
