{"MATERIAL":"concrete","AVG_SLOPE":7.77083207937,"AVG_HEIGHT":5.87787599223,"TERAIN_SLP":5.88890834795,"AREA":68.6181426453,"VOLUME":403,"FLOORS":2,"INT_ZONE":null,"FLOOD":2,"LANDSLIDE":"Amenaza Media","LEGAL_ID":"1480","LEGAL_NAME":"PUERTA DEL PARAISO","LEGAL_AREA":0,"LEGAL_LOTS":0,"LEGAL_POP":0,"LEGAL_DENS":0,"LEGALIZING":"No viable","BLOCK_ID_":"204107012","BLOCK_POP":4,"BLOCK_BLD":1,"BLOCK_RISK":7.112607,"BLOCK_EDU":0,"BLOCK_HLTH":0,"BLOCK_TRAN":99.607826,"BLOCK_CULT":0,"BLOCK_PARK":97.904274,"BLOCK_SEC":42.33535,"BLOCK_CENT":0,"BLOCK_DEF":100,"BLD_INHAB":4,"OBJECTID":1,"AO_225":0.16,"id":1829,"preds_material":[[5,"1216742522_935547_5294_3-512.jpg"],[5,"1216742523_485389_5295_3-512.jpg"],[5,"1216742524_135407_5296_3-512.jpg"],[5,"1216742524_715439_5297_3-512.jpg"],[5,"1216742525_280389_5298_3-512.jpg"],[5,"1216742525_830429_5299_3-512.jpg"],[5,"1216742526_315395_5300_3-512.jpg"],[5,"1216742526_745424_5301_3-512.jpg"],[5,"1216742527_155544_5302_3-512.jpg"],[5,"1216742527_530451_5303_3-512.jpg"],[5,"1216742528_510688_5306_3-512.jpg"],[5,"1216742528_815712_5307_3-512.jpg"],[5,"1216742529_105707_5308_3-512.jpg"],[5,"1216742529_390680_5309_3-512.jpg"],[5,"1216742529_665623_5310_3-512.jpg"],[5,"1216742529_930597_5311_3-512.jpg"],[5,"1216742530_140574_5312_3-512.jpg"],[5,"1216742530_390612_5313_3-512.jpg"],[5,"1216742530_635555_5314_3-512.jpg"],[5,"1216742530_875627_5315_3-512.jpg"]],"material_ml":"painted","preds_construction":[[2,"1216742522_935547_5294_3-512.jpg"],[2,"1216742523_485389_5295_3-512.jpg"],[2,"1216742524_135407_5296_3-512.jpg"],[2,"1216742524_715439_5297_3-512.jpg"],[2,"1216742525_280389_5298_3-512.jpg"],[2,"1216742525_280389_5298_3-512.jpg"],[2,"1216742525_830429_5299_3-512.jpg"],[2,"1216742525_830429_5299_3-512.jpg"],[2,"1216742526_315395_5300_3-512.jpg"],[2,"1216742526_745424_5301_3-512.jpg"],[2,"1216742527_155544_5302_3-512.jpg"],[2,"1216742527_530451_5303_3-512.jpg"],[2,"1216742528_510688_5306_3-512.jpg"],[2,"1216742528_815712_5307_3-512.jpg"],[2,"1216742529_105707_5308_3-512.jpg"],[2,"1216742529_390680_5309_3-512.jpg"],[2,"1216742529_665623_5310_3-512.jpg"],[2,"1216742529_930597_5311_3-512.jpg"],[2,"1216742530_140574_5312_3-512.jpg"],[2,"1216742530_390612_5313_3-512.jpg"],[2,"1216742530_635555_5314_3-512.jpg"],[2,"1216742530_875627_5315_3-512.jpg"]],"construction_ml":"complete","preds_design":[[2,"1216742522_935547_5294_3-512.jpg"],[2,"1216742523_485389_5295_3-512.jpg"],[2,"1216742524_135407_5296_3-512.jpg"],[2,"1216742524_715439_5297_3-512.jpg"],[2,"1216742525_280389_5298_3-512.jpg"],[2,"1216742525_830429_5299_3-512.jpg"],[2,"1216742525_830429_5299_3-512.jpg"],[2,"1216742526_315395_5300_3-512.jpg"],[2,"1216742526_745424_5301_3-512.jpg"],[2,"1216742527_155544_5302_3-512.jpg"],[2,"1216742527_530451_5303_3-512.jpg"],[2,"1216742528_510688_5306_3-512.jpg"],[2,"1216742528_815712_5307_3-512.jpg"],[2,"1216742529_105707_5308_3-512.jpg"],[2,"1216742529_390680_5309_3-512.jpg"],[2,"1216742529_665623_5310_3-512.jpg"],[2,"1216742529_930597_5311_3-512.jpg"],[2,"1216742530_140574_5312_3-512.jpg"],[2,"1216742530_390612_5313_3-512.jpg"],[2,"1216742530_635555_5314_3-512.jpg"]],"design_ml":"designed","images":[]}
