{"MATERIAL":"corrugated metal/heavily patched","AVG_SLOPE":5.34000299108,"AVG_HEIGHT":2.90167790952,"TERAIN_SLP":5.91595785219,"AREA":57.9030145703,"VOLUME":168,"FLOORS":1,"INT_ZONE":null,"FLOOD":2,"LANDSLIDE":"Amenaza Media","LEGAL_ID":"1480","LEGAL_NAME":"PUERTA DEL PARAISO","LEGAL_AREA":0,"LEGAL_LOTS":0,"LEGAL_POP":0,"LEGAL_DENS":0,"LEGALIZING":"No viable","BLOCK_ID_":"204107012","BLOCK_POP":4,"BLOCK_BLD":1,"BLOCK_RISK":7.112607,"BLOCK_EDU":0,"BLOCK_HLTH":0,"BLOCK_TRAN":99.607826,"BLOCK_CULT":0,"BLOCK_PARK":97.904274,"BLOCK_SEC":42.33535,"BLOCK_CENT":0,"BLOCK_DEF":100,"BLD_INHAB":4,"OBJECTID":1,"AO_225":0.16,"id":1830,"preds_material":[[5,"1216742517_595604_5280_3-512.jpg"],[5,"1216742518_140550_5281_3-512.jpg"],[5,"1216742518_570850_5282_3-512.jpg"],[5,"1216742518_960839_5283_3-512.jpg"],[5,"1216742519_320727_5284_3-512.jpg"],[5,"1216742519_705548_5285_3-512.jpg"],[5,"1216742520_050510_5286_3-512.jpg"],[5,"1216742520_395539_5287_3-512.jpg"],[5,"1216742520_735551_5288_3-512.jpg"],[5,"1216742521_020788_5289_3-512.jpg"],[5,"1216742521_325629_5290_3-512.jpg"],[5,"1216742521_695617_5291_3-512.jpg"],[5,"1216742521_695617_5291_3-512.jpg"],[5,"1216742522_100610_5292_3-512.jpg"],[5,"1216742522_100610_5292_3-512.jpg"],[5,"1216742522_535528_5293_3-512.jpg"],[5,"1216742522_535528_5293_3-512.jpg"],[5,"1216742522_935547_5294_3-512.jpg"],[5,"1216742523_485389_5295_3-512.jpg"],[5,"1216742524_135407_5296_3-512.jpg"]],"material_ml":"painted","preds_construction":[[1,"1216742517_595604_5280_3-512.jpg"],[2,"1216742517_595604_5280_3-512.jpg"],[1,"1216742518_140550_5281_3-512.jpg"],[2,"1216742518_140550_5281_3-512.jpg"],[2,"1216742518_570850_5282_3-512.jpg"],[1,"1216742518_570850_5282_3-512.jpg"],[2,"1216742518_960839_5283_3-512.jpg"],[1,"1216742518_960839_5283_3-512.jpg"],[2,"1216742518_960839_5283_3-512.jpg"],[2,"1216742519_320727_5284_3-512.jpg"],[1,"1216742519_320727_5284_3-512.jpg"],[2,"1216742519_705548_5285_3-512.jpg"],[2,"1216742520_050510_5286_3-512.jpg"],[2,"1216742520_395539_5287_3-512.jpg"],[2,"1216742520_735551_5288_3-512.jpg"],[2,"1216742521_020788_5289_3-512.jpg"],[2,"1216742521_325629_5290_3-512.jpg"],[2,"1216742521_325629_5290_3-512.jpg"],[2,"1216742521_695617_5291_3-512.jpg"],[2,"1216742521_695617_5291_3-512.jpg"],[2,"1216742522_100610_5292_3-512.jpg"],[2,"1216742522_100610_5292_3-512.jpg"],[2,"1216742522_535528_5293_3-512.jpg"],[2,"1216742522_535528_5293_3-512.jpg"],[2,"1216742522_935547_5294_3-512.jpg"],[2,"1216742523_485389_5295_3-512.jpg"],[2,"1216742524_135407_5296_3-512.jpg"]],"construction_ml":"complete","preds_design":[[1,"1216742517_595604_5280_3-512.jpg"],[1,"1216742518_140550_5281_3-512.jpg"],[1,"1216742518_570850_5282_3-512.jpg"],[1,"1216742518_570850_5282_3-512.jpg"],[1,"1216742518_960839_5283_3-512.jpg"],[1,"1216742519_320727_5284_3-512.jpg"],[1,"1216742519_705548_5285_3-512.jpg"],[1,"1216742520_050510_5286_3-512.jpg"],[1,"1216742520_395539_5287_3-512.jpg"],[1,"1216742520_735551_5288_3-512.jpg"],[1,"1216742521_020788_5289_3-512.jpg"],[1,"1216742521_325629_5290_3-512.jpg"],[1,"1216742521_695617_5291_3-512.jpg"],[2,"1216742521_695617_5291_3-512.jpg"],[2,"1216742522_100610_5292_3-512.jpg"],[1,"1216742522_100610_5292_3-512.jpg"],[2,"1216742522_535528_5293_3-512.jpg"],[1,"1216742522_535528_5293_3-512.jpg"],[1,"1216742522_935547_5294_3-512.jpg"],[1,"1216742523_485389_5295_3-512.jpg"],[2,"1216742524_135407_5296_3-512.jpg"],[1,"1216742524_135407_5296_3-512.jpg"]],"design_ml":"undesigned","images":[]}
