{"MATERIAL":"corrugated metal/heavily patched","AVG_SLOPE":7.61713392622,"AVG_HEIGHT":2.65368291692,"TERAIN_SLP":1.49958778341,"AREA":29.5065396529,"VOLUME":78,"FLOORS":1,"INT_ZONE":"Borde Rural","FLOOD":2,"LANDSLIDE":"Amenaza Media","LEGAL_ID":"311","LEGAL_NAME":"EL MIRADOR","LEGAL_AREA":11.06,"LEGAL_LOTS":989,"LEGAL_POP":5340.6,"LEGAL_DENS":89.42,"LEGALIZING":null,"BLOCK_ID_":"002570056","BLOCK_POP":85,"BLOCK_BLD":28,"BLOCK_RISK":9.0817919,"BLOCK_EDU":0,"BLOCK_HLTH":11.342425,"BLOCK_TRAN":98.318123,"BLOCK_CULT":0,"BLOCK_PARK":4.153626,"BLOCK_SEC":100,"BLOCK_CENT":0,"BLOCK_DEF":14.2857142857,"BLD_INHAB":3,"OBJECTID":1,"AO_225":0.16,"id":1839,"preds_material":[[5,"1216742837_103926_6141_1-512.jpg"],[5,"1216742837_478959_6142_1-512.jpg"],[5,"1216742837_863862_6143_1-512.jpg"],[5,"1216742838_253803_6144_1-512.jpg"],[5,"1216742838_663779_6145_1-512.jpg"],[5,"1216742839_153933_6146_1-512.jpg"],[5,"1216742839_658879_6147_1-512.jpg"],[5,"1216742840_223790_6148_1-512.jpg"],[5,"1216742840_898778_6149_1-512.jpg"],[5,"1216742841_468793_6150_1-512.jpg"],[1,"1216742854_658398_6182_1-512.jpg"]],"material_ml":"painted","preds_construction":[[2,"1216742836_709036_6140_1-512.jpg"],[1,"1216742837_103926_6141_1-512.jpg"],[2,"1216742837_103926_6141_1-512.jpg"],[1,"1216742837_478959_6142_1-512.jpg"],[1,"1216742837_863862_6143_1-512.jpg"],[1,"1216742838_253803_6144_1-512.jpg"],[1,"1216742838_663779_6145_1-512.jpg"],[1,"1216742839_153933_6146_1-512.jpg"],[1,"1216742839_658879_6147_1-512.jpg"],[1,"1216742840_223790_6148_1-512.jpg"],[1,"1216742840_898778_6149_1-512.jpg"],[1,"1216742841_468793_6150_1-512.jpg"],[2,"1216742841_468793_6150_1-512.jpg"],[2,"1216742847_733667_6162_1-512.jpg"],[2,"1216742850_743530_6171_1-512.jpg"]],"construction_ml":"incomplete","preds_design":[[2,"1216742837_103926_6141_1-512.jpg"],[2,"1216742837_478959_6142_1-512.jpg"],[2,"1216742837_863862_6143_1-512.jpg"],[2,"1216742838_253803_6144_1-512.jpg"],[2,"1216742838_663779_6145_1-512.jpg"],[2,"1216742839_153933_6146_1-512.jpg"],[2,"1216742839_658879_6147_1-512.jpg"],[2,"1216742840_223790_6148_1-512.jpg"],[2,"1216742840_898778_6149_1-512.jpg"],[2,"1216742841_468793_6150_1-512.jpg"],[1,"1216742850_743530_6171_1-512.jpg"],[1,"1216742854_658398_6182_1-512.jpg"]],"design_ml":"designed","images":[]}
