{"MATERIAL":"corrugated metal - rusty","AVG_SLOPE":4.97054812102,"AVG_HEIGHT":2.56365969436,"TERAIN_SLP":0.90048178271,"AREA":59.0044417495,"VOLUME":151,"FLOORS":1,"INT_ZONE":"Borde Rural","FLOOD":1,"LANDSLIDE":"Amenaza Baja","LEGAL_ID":"358","LEGAL_NAME":"EL PARAISO","LEGAL_AREA":26.04,"LEGAL_LOTS":2077,"LEGAL_POP":11215.8,"LEGAL_DENS":79.76190476,"LEGALIZING":null,"BLOCK_ID_":"002565005","BLOCK_POP":176,"BLOCK_BLD":41,"BLOCK_RISK":33.237366,"BLOCK_EDU":0,"BLOCK_HLTH":10.076873,"BLOCK_TRAN":62.137344,"BLOCK_CULT":0,"BLOCK_PARK":0,"BLOCK_SEC":100,"BLOCK_CENT":0,"BLOCK_DEF":48.7804878049,"BLD_INHAB":4,"OBJECTID":2,"AO_225":0.2,"id":184,"preds_material":[[5,"1216742267_791920_4663_3-512.jpg"],[5,"1216742268_082134_4664_3-512.jpg"],[5,"1216742268_366898_4665_3-512.jpg"],[5,"1216742268_696910_4666_3-512.jpg"],[5,"1216742269_016948_4667_3-512.jpg"],[5,"1216742270_016936_4670_3-512.jpg"],[5,"1216742270_336895_4671_3-512.jpg"],[5,"1216742270_666906_4672_3-512.jpg"],[5,"1216742270_981806_4673_3-512.jpg"],[5,"1216742271_306891_4674_3-512.jpg"],[5,"1216742272_736835_4678_3-512.jpg"],[5,"1216742273_561792_4681_3-512.jpg"],[5,"1216742273_816778_4682_3-512.jpg"],[5,"1216742274_066785_4683_3-512.jpg"],[5,"1216742274_271819_4684_3-512.jpg"],[5,"1216742274_511814_4685_3-512.jpg"],[5,"1216742274_751706_4686_3-512.jpg"],[5,"1216742274_996704_4687_3-512.jpg"],[5,"1216744471_175330_9777_3-512.jpg"],[5,"1216744472_735373_9778_3-512.jpg"],[5,"1216744728_254381_10286_3-512.jpg"],[5,"1216744728_614385_10287_3-512.jpg"],[5,"1216744729_659364_10290_3-512.jpg"],[5,"1216744730_104397_10291_3-512.jpg"],[5,"1216744731_664296_10294_3-512.jpg"],[5,"1216744732_269345_10295_3-512.jpg"],[5,"1216744754_399012_10347_3-512.jpg"],[5,"1216744757_438970_10364_3-512.jpg"],[5,"1216744757_608907_10365_3-512.jpg"],[5,"1216744757_773948_10366_3-512.jpg"],[5,"1216744757_929084_10367_3-512.jpg"],[5,"1216744758_099041_10368_3-512.jpg"],[5,"1216744758_264044_10369_3-512.jpg"],[5,"1216744758_754144_10372_3-512.jpg"],[5,"1216744758_914219_10373_3-512.jpg"],[5,"1216744759_074225_10374_3-512.jpg"],[5,"1216744759_229220_10375_3-512.jpg"],[5,"1216744759_689266_10378_3-512.jpg"],[5,"1216744759_854112_10379_3-512.jpg"],[5,"1216744760_014108_10380_3-512.jpg"],[5,"1216744760_174158_10381_3-512.jpg"],[5,"1216744760_479049_10383_3-512.jpg"],[5,"1216744760_649179_10384_3-512.jpg"],[5,"1216744760_824041_10385_3-512.jpg"],[5,"1216744760_999064_10386_3-512.jpg"],[5,"1216744761_179073_10387_3-512.jpg"],[1,"1216744761_699075_10390_3-512.jpg"],[1,"1216744761_889146_10391_3-512.jpg"],[1,"1216744762_079148_10392_3-512.jpg"],[1,"1216744762_269154_10393_3-512.jpg"],[5,"1216744763_029281_10397_3-512.jpg"],[5,"1216744763_224339_10398_3-512.jpg"],[5,"1216744763_414273_10399_3-512.jpg"],[1,"1216744763_414273_10399_3-512.jpg"],[2,"1216744764_394297_10404_3-512.jpg"],[1,"1216744764_394297_10404_3-512.jpg"],[5,"1216744806_378779_10509_3-512.jpg"],[5,"1216744806_933776_10510_3-512.jpg"],[5,"1216744807_428791_10511_3-512.jpg"]],"material_ml":"painted","preds_construction":[[2,"1216742269_351853_4668_3-512.jpg"],[2,"1216742270_016936_4670_3-512.jpg"],[2,"1216742270_336895_4671_3-512.jpg"],[2,"1216742270_666906_4672_3-512.jpg"],[2,"1216742270_981806_4673_3-512.jpg"],[2,"1216742271_306891_4674_3-512.jpg"],[2,"1216742273_561792_4681_3-512.jpg"],[2,"1216742273_816778_4682_3-512.jpg"],[2,"1216742274_066785_4683_3-512.jpg"],[2,"1216742274_271819_4684_3-512.jpg"],[2,"1216742274_511814_4685_3-512.jpg"],[2,"1216742274_751706_4686_3-512.jpg"],[2,"1216742274_996704_4687_3-512.jpg"],[2,"1216744471_175330_9777_3-512.jpg"],[2,"1216744728_254381_10286_3-512.jpg"],[1,"1216744728_254381_10286_3-512.jpg"],[2,"1216744728_614385_10287_3-512.jpg"],[2,"1216744728_969289_10288_3-512.jpg"],[2,"1216744729_659364_10290_3-512.jpg"],[1,"1216744729_659364_10290_3-512.jpg"],[2,"1216744730_104397_10291_3-512.jpg"],[2,"1216744731_664296_10294_3-512.jpg"],[2,"1216744732_269345_10295_3-512.jpg"],[2,"1216744754_399012_10347_3-512.jpg"],[2,"1216744757_438970_10364_3-512.jpg"],[2,"1216744757_608907_10365_3-512.jpg"],[2,"1216744757_773948_10366_3-512.jpg"],[2,"1216744757_929084_10367_3-512.jpg"],[2,"1216744758_099041_10368_3-512.jpg"],[2,"1216744758_264044_10369_3-512.jpg"],[1,"1216744758_754144_10372_3-512.jpg"],[2,"1216744758_754144_10372_3-512.jpg"],[2,"1216744758_914219_10373_3-512.jpg"],[1,"1216744758_914219_10373_3-512.jpg"],[2,"1216744759_074225_10374_3-512.jpg"],[2,"1216744759_229220_10375_3-512.jpg"],[2,"1216744759_689266_10378_3-512.jpg"],[2,"1216744759_854112_10379_3-512.jpg"],[2,"1216744760_014108_10380_3-512.jpg"],[2,"1216744760_174158_10381_3-512.jpg"],[2,"1216744760_649179_10384_3-512.jpg"],[2,"1216744760_824041_10385_3-512.jpg"],[2,"1216744760_999064_10386_3-512.jpg"],[2,"1216744761_179073_10387_3-512.jpg"],[2,"1216744761_889146_10391_3-512.jpg"],[2,"1216744762_079148_10392_3-512.jpg"],[2,"1216744762_269154_10393_3-512.jpg"],[2,"1216744763_224339_10398_3-512.jpg"],[2,"1216744763_414273_10399_3-512.jpg"],[2,"1216744764_594302_10405_3-512.jpg"]],"construction_ml":"complete","preds_design":[[2,"1216742270_336895_4671_3-512.jpg"],[2,"1216742270_666906_4672_3-512.jpg"],[2,"1216742270_981806_4673_3-512.jpg"],[2,"1216742271_306891_4674_3-512.jpg"],[2,"1216742272_736835_4678_3-512.jpg"],[2,"1216742273_561792_4681_3-512.jpg"],[2,"1216742273_816778_4682_3-512.jpg"],[2,"1216742274_066785_4683_3-512.jpg"],[2,"1216742274_271819_4684_3-512.jpg"],[2,"1216742274_511814_4685_3-512.jpg"],[2,"1216742274_751706_4686_3-512.jpg"],[2,"1216742274_996704_4687_3-512.jpg"],[1,"1216742275_246685_4688_3-512.jpg"],[2,"1216744728_254381_10286_3-512.jpg"],[1,"1216744728_254381_10286_3-512.jpg"],[2,"1216744728_614385_10287_3-512.jpg"],[1,"1216744728_614385_10287_3-512.jpg"],[2,"1216744729_659364_10290_3-512.jpg"],[2,"1216744730_104397_10291_3-512.jpg"],[1,"1216744730_104397_10291_3-512.jpg"],[1,"1216744731_664296_10294_3-512.jpg"],[2,"1216744731_664296_10294_3-512.jpg"],[2,"1216744732_269345_10295_3-512.jpg"],[1,"1216744732_269345_10295_3-512.jpg"],[1,"1216744754_399012_10347_3-512.jpg"],[2,"1216744754_399012_10347_3-512.jpg"],[2,"1216744755_719183_10354_3-512.jpg"],[1,"1216744755_719183_10354_3-512.jpg"],[2,"1216744757_438970_10364_3-512.jpg"],[2,"1216744757_608907_10365_3-512.jpg"],[2,"1216744757_773948_10366_3-512.jpg"],[2,"1216744757_929084_10367_3-512.jpg"],[2,"1216744758_099041_10368_3-512.jpg"],[2,"1216744758_579064_10371_3-512.jpg"],[1,"1216744758_579064_10371_3-512.jpg"],[2,"1216744758_754144_10372_3-512.jpg"],[1,"1216744758_754144_10372_3-512.jpg"],[2,"1216744758_914219_10373_3-512.jpg"],[1,"1216744758_914219_10373_3-512.jpg"],[2,"1216744759_074225_10374_3-512.jpg"],[1,"1216744759_074225_10374_3-512.jpg"],[2,"1216744759_229220_10375_3-512.jpg"],[1,"1216744759_689266_10378_3-512.jpg"],[2,"1216744759_689266_10378_3-512.jpg"],[1,"1216744759_854112_10379_3-512.jpg"],[2,"1216744759_854112_10379_3-512.jpg"],[2,"1216744760_014108_10380_3-512.jpg"],[2,"1216744760_649179_10384_3-512.jpg"],[1,"1216744760_649179_10384_3-512.jpg"],[2,"1216744760_824041_10385_3-512.jpg"],[2,"1216744760_999064_10386_3-512.jpg"],[2,"1216744761_179073_10387_3-512.jpg"],[1,"1216744761_179073_10387_3-512.jpg"],[2,"1216744761_889146_10391_3-512.jpg"],[2,"1216744762_079148_10392_3-512.jpg"],[2,"1216744762_269154_10393_3-512.jpg"],[2,"1216744763_224339_10398_3-512.jpg"],[2,"1216744763_414273_10399_3-512.jpg"]],"design_ml":"designed","images":[]}
