{"MATERIAL":"corrugated metal - rusty","AVG_SLOPE":3.84984063594,"AVG_HEIGHT":2.55234971131,"TERAIN_SLP":3.1684950037,"AREA":84.1958525368,"VOLUME":215,"FLOORS":1,"INT_ZONE":"Borde Rural","FLOOD":3,"LANDSLIDE":"Amenaza Media","LEGAL_ID":"311","LEGAL_NAME":"EL MIRADOR","LEGAL_AREA":11.06,"LEGAL_LOTS":989,"LEGAL_POP":5340.6,"LEGAL_DENS":89.42,"LEGALIZING":null,"BLOCK_ID_":"002570032","BLOCK_POP":60,"BLOCK_BLD":15,"BLOCK_RISK":6.7814999,"BLOCK_EDU":0,"BLOCK_HLTH":9.2153234,"BLOCK_TRAN":97.862679,"BLOCK_CULT":0,"BLOCK_PARK":0,"BLOCK_SEC":100,"BLOCK_CENT":0,"BLOCK_DEF":53.3333333333,"BLD_INHAB":4,"OBJECTID":2,"AO_225":0.2,"id":186,"preds_material":[[5,"1216742267_791920_4663_1-512.jpg"],[5,"1216742268_082134_4664_1-512.jpg"],[5,"1216742268_366898_4665_1-512.jpg"],[5,"1216742268_696910_4666_1-512.jpg"],[5,"1216742269_016948_4667_1-512.jpg"],[5,"1216742269_351853_4668_1-512.jpg"],[5,"1216742270_336895_4671_1-512.jpg"],[5,"1216742270_666906_4672_1-512.jpg"],[5,"1216742270_981806_4673_1-512.jpg"],[5,"1216742270_981806_4673_1-512.jpg"],[5,"1216742271_306891_4674_1-512.jpg"],[5,"1216742271_306891_4674_1-512.jpg"],[5,"1216742271_676913_4675_1-512.jpg"],[5,"1216742271_676913_4675_1-512.jpg"],[5,"1216742272_051903_4676_1-512.jpg"],[5,"1216742272_051903_4676_1-512.jpg"],[5,"1216742272_406948_4677_1-512.jpg"],[5,"1216742272_406948_4677_1-512.jpg"],[5,"1216742272_736835_4678_1-512.jpg"],[5,"1216742273_036837_4679_1-512.jpg"],[5,"1216742273_311844_4680_1-512.jpg"],[1,"1216744474_140527_9779_1-512.jpg"],[5,"1216744725_659214_10279_1-512.jpg"],[5,"1216744725_979192_10280_1-512.jpg"],[5,"1216744727_894327_10285_1-512.jpg"],[5,"1216744758_419061_10370_3-512.jpg"],[5,"1216744758_579064_10371_3-512.jpg"],[5,"1216744759_229220_10375_3-512.jpg"],[5,"1216744759_394099_10376_3-512.jpg"],[5,"1216744759_524102_10377_3-512.jpg"],[2,"1216744760_174158_10381_3-512.jpg"],[1,"1216744760_344176_10382_3-512.jpg"],[1,"1216744760_479049_10383_3-512.jpg"],[5,"1216744760_479049_10383_3-512.jpg"],[5,"1216744761_179073_10387_3-512.jpg"],[5,"1216744761_359021_10388_3-512.jpg"],[5,"1216744761_514086_10389_3-512.jpg"],[5,"1216744761_699075_10390_3-512.jpg"],[1,"1216744761_699075_10390_3-512.jpg"],[2,"1216744762_459225_10394_3-512.jpg"],[2,"1216744762_649229_10395_3-512.jpg"],[2,"1216744762_839267_10396_3-512.jpg"],[5,"1216744762_839267_10396_3-512.jpg"],[5,"1216744763_604419_10400_3-512.jpg"],[5,"1216744763_799277_10401_3-512.jpg"],[1,"1216744763_799277_10401_3-512.jpg"],[5,"1216744764_004265_10402_3-512.jpg"],[1,"1216744764_004265_10402_3-512.jpg"],[5,"1216744764_204288_10403_3-512.jpg"],[1,"1216744764_204288_10403_3-512.jpg"],[5,"1216744764_979237_10407_3-512.jpg"],[5,"1216744765_169274_10408_3-512.jpg"],[5,"1216744765_364151_10409_3-512.jpg"],[5,"1216744765_559048_10410_3-512.jpg"],[5,"1216744766_189009_10413_3-512.jpg"],[5,"1216744766_384016_10414_3-512.jpg"],[5,"1216744766_584046_10415_3-512.jpg"],[5,"1216744766_784023_10416_3-512.jpg"],[5,"1216744766_989056_10417_3-512.jpg"],[5,"1216744767_194012_10418_3-512.jpg"],[5,"1216744767_374157_10419_3-512.jpg"],[5,"1216744767_589005_10420_3-512.jpg"],[5,"1216744767_819049_10421_3-512.jpg"],[5,"1216744768_033977_10422_3-512.jpg"]],"material_ml":"painted","preds_construction":[[2,"1216742267_791920_4663_1-512.jpg"],[2,"1216742268_082134_4664_1-512.jpg"],[2,"1216742268_366898_4665_1-512.jpg"],[2,"1216742268_696910_4666_1-512.jpg"],[2,"1216742269_016948_4667_1-512.jpg"],[2,"1216742269_351853_4668_1-512.jpg"],[2,"1216742270_336895_4671_1-512.jpg"],[2,"1216742270_666906_4672_1-512.jpg"],[2,"1216742270_666906_4672_1-512.jpg"],[2,"1216742270_981806_4673_1-512.jpg"],[2,"1216742270_981806_4673_1-512.jpg"],[2,"1216742271_306891_4674_1-512.jpg"],[2,"1216742271_306891_4674_1-512.jpg"],[2,"1216742271_676913_4675_1-512.jpg"],[2,"1216742271_676913_4675_1-512.jpg"],[2,"1216742272_051903_4676_1-512.jpg"],[2,"1216742272_051903_4676_1-512.jpg"],[2,"1216742272_406948_4677_1-512.jpg"],[2,"1216742272_406948_4677_1-512.jpg"],[2,"1216742272_736835_4678_1-512.jpg"],[2,"1216742273_036837_4679_1-512.jpg"],[2,"1216742273_311844_4680_1-512.jpg"],[2,"1216744471_175330_9777_1-512.jpg"],[2,"1216744472_735373_9778_1-512.jpg"],[2,"1216744474_140527_9779_1-512.jpg"],[2,"1216744727_894327_10285_1-512.jpg"],[2,"1216744759_229220_10375_3-512.jpg"],[2,"1216744759_394099_10376_3-512.jpg"],[2,"1216744760_174158_10381_3-512.jpg"],[2,"1216744760_344176_10382_3-512.jpg"],[1,"1216744760_344176_10382_3-512.jpg"],[2,"1216744761_179073_10387_3-512.jpg"],[2,"1216744761_359021_10388_3-512.jpg"],[2,"1216744762_459225_10394_3-512.jpg"],[2,"1216744762_649229_10395_3-512.jpg"],[2,"1216744762_839267_10396_3-512.jpg"],[2,"1216744763_604419_10400_3-512.jpg"],[2,"1216744763_604419_10400_3-512.jpg"],[2,"1216744763_799277_10401_3-512.jpg"],[2,"1216744764_004265_10402_3-512.jpg"],[2,"1216744764_204288_10403_3-512.jpg"],[2,"1216744764_979237_10407_3-512.jpg"],[2,"1216744765_169274_10408_3-512.jpg"],[1,"1216744765_169274_10408_3-512.jpg"],[2,"1216744765_364151_10409_3-512.jpg"],[2,"1216744765_559048_10410_3-512.jpg"],[2,"1216744766_189009_10413_3-512.jpg"],[2,"1216744766_384016_10414_3-512.jpg"],[2,"1216744766_584046_10415_3-512.jpg"],[2,"1216744766_784023_10416_3-512.jpg"],[2,"1216744766_989056_10417_3-512.jpg"],[2,"1216744767_194012_10418_3-512.jpg"],[2,"1216744767_374157_10419_3-512.jpg"],[2,"1216744767_589005_10420_3-512.jpg"],[2,"1216744767_819049_10421_3-512.jpg"],[2,"1216744768_033977_10422_3-512.jpg"],[1,"1216744768_723960_10425_3-512.jpg"],[1,"1216744768_973987_10426_3-512.jpg"]],"construction_ml":"complete","preds_design":[[2,"1216742267_791920_4663_1-512.jpg"],[2,"1216742268_082134_4664_1-512.jpg"],[2,"1216742268_366898_4665_1-512.jpg"],[2,"1216742268_696910_4666_1-512.jpg"],[2,"1216742269_016948_4667_1-512.jpg"],[2,"1216742269_351853_4668_1-512.jpg"],[2,"1216742270_336895_4671_1-512.jpg"],[2,"1216742270_666906_4672_1-512.jpg"],[2,"1216742270_666906_4672_1-512.jpg"],[2,"1216742270_981806_4673_1-512.jpg"],[2,"1216742270_981806_4673_1-512.jpg"],[2,"1216742271_306891_4674_1-512.jpg"],[2,"1216742271_306891_4674_1-512.jpg"],[2,"1216742271_676913_4675_1-512.jpg"],[2,"1216742271_676913_4675_1-512.jpg"],[2,"1216742272_051903_4676_1-512.jpg"],[2,"1216742272_051903_4676_1-512.jpg"],[2,"1216742272_406948_4677_1-512.jpg"],[2,"1216742272_736835_4678_1-512.jpg"],[2,"1216742273_036837_4679_1-512.jpg"],[2,"1216742273_311844_4680_1-512.jpg"],[1,"1216744471_175330_9777_1-512.jpg"],[1,"1216744472_735373_9778_1-512.jpg"],[2,"1216744474_140527_9779_1-512.jpg"],[2,"1216744758_264044_10369_3-512.jpg"],[2,"1216744759_229220_10375_3-512.jpg"],[2,"1216744759_394099_10376_3-512.jpg"],[2,"1216744760_344176_10382_3-512.jpg"],[2,"1216744761_359021_10388_3-512.jpg"],[2,"1216744762_459225_10394_3-512.jpg"],[2,"1216744762_649229_10395_3-512.jpg"],[2,"1216744762_839267_10396_3-512.jpg"],[2,"1216744763_604419_10400_3-512.jpg"],[2,"1216744763_799277_10401_3-512.jpg"],[2,"1216744764_004265_10402_3-512.jpg"],[2,"1216744764_204288_10403_3-512.jpg"],[1,"1216744764_979237_10407_3-512.jpg"],[2,"1216744764_979237_10407_3-512.jpg"],[1,"1216744765_169274_10408_3-512.jpg"],[1,"1216744765_364151_10409_3-512.jpg"],[1,"1216744765_559048_10410_3-512.jpg"],[2,"1216744766_189009_10413_3-512.jpg"],[2,"1216744766_384016_10414_3-512.jpg"],[2,"1216744766_584046_10415_3-512.jpg"],[2,"1216744766_784023_10416_3-512.jpg"],[2,"1216744766_989056_10417_3-512.jpg"],[2,"1216744767_194012_10418_3-512.jpg"],[2,"1216744767_374157_10419_3-512.jpg"],[2,"1216744767_589005_10420_3-512.jpg"],[2,"1216744767_819049_10421_3-512.jpg"],[1,"1216744767_819049_10421_3-512.jpg"],[1,"1216744768_033977_10422_3-512.jpg"],[2,"1216744768_033977_10422_3-512.jpg"],[1,"1216744768_259022_10423_3-512.jpg"],[1,"1216744768_489048_10424_3-512.jpg"],[1,"1216744768_723960_10425_3-512.jpg"],[1,"1216744768_973987_10426_3-512.jpg"]],"design_ml":"designed","images":[]}
