{"MATERIAL":"corrugated metal - painted","AVG_SLOPE":5.13044277389,"AVG_HEIGHT":0.38720207361,"TERAIN_SLP":14.5679052889,"AREA":60.9815434718,"VOLUME":24,"FLOORS":1,"INT_ZONE":"Borde Rural","FLOOD":2,"LANDSLIDE":"Amenaza Baja","LEGAL_ID":"358","LEGAL_NAME":"EL PARAISO","LEGAL_AREA":26.04,"LEGAL_LOTS":2077,"LEGAL_POP":11215.8,"LEGAL_DENS":79.76190476,"LEGALIZING":null,"BLOCK_ID_":"002565008","BLOCK_POP":196,"BLOCK_BLD":51,"BLOCK_RISK":5.3271718,"BLOCK_EDU":0,"BLOCK_HLTH":12.281273,"BLOCK_TRAN":47.782475,"BLOCK_CULT":0,"BLOCK_PARK":18.900211,"BLOCK_SEC":100,"BLOCK_CENT":0,"BLOCK_DEF":45.0980392157,"BLD_INHAB":4,"OBJECTID":2,"AO_225":0.2,"id":191,"preds_material":[[5,"1216744574_219922_9938_3-512.jpg"],[5,"1216744574_535000_9939_3-512.jpg"],[5,"1216744574_865041_9940_3-512.jpg"],[5,"1216744575_185271_9941_3-512.jpg"],[5,"1216744575_519964_9942_3-512.jpg"],[5,"1216744575_770146_9943_3-512.jpg"]],"material_ml":"painted","preds_construction":[[2,"1216744574_219922_9938_3-512.jpg"],[2,"1216744574_535000_9939_3-512.jpg"],[2,"1216744574_865041_9940_3-512.jpg"],[2,"1216744575_185271_9941_3-512.jpg"],[2,"1216744575_519964_9942_3-512.jpg"],[2,"1216744575_770146_9943_3-512.jpg"]],"construction_ml":"complete","preds_design":[[2,"1216744574_219922_9938_3-512.jpg"],[2,"1216744574_535000_9939_3-512.jpg"],[2,"1216744574_865041_9940_3-512.jpg"],[2,"1216744575_185271_9941_3-512.jpg"],[2,"1216744575_519964_9942_3-512.jpg"],[2,"1216744575_770146_9943_3-512.jpg"]],"design_ml":"designed","images":[]}
