{"MATERIAL":"concrete","AVG_SLOPE":12.7037372098,"AVG_HEIGHT":6.04024717667,"TERAIN_SLP":19.9798195141,"AREA":59.4217742803,"VOLUME":359,"FLOORS":2,"INT_ZONE":null,"FLOOD":2,"LANDSLIDE":"Amenaza Media","LEGAL_ID":"358","LEGAL_NAME":"EL PARAISO","LEGAL_AREA":26.04,"LEGAL_LOTS":2077,"LEGAL_POP":11215.8,"LEGAL_DENS":79.76190476,"LEGALIZING":null,"BLOCK_ID_":"002565030","BLOCK_POP":127,"BLOCK_BLD":30,"BLOCK_RISK":2.6615663,"BLOCK_EDU":0.99624121,"BLOCK_HLTH":29.996338,"BLOCK_TRAN":9.5941181,"BLOCK_CULT":0,"BLOCK_PARK":56.890549,"BLOCK_SEC":100,"BLOCK_CENT":0,"BLOCK_DEF":66.6666666667,"BLD_INHAB":4,"OBJECTID":1,"AO_225":0.16,"id":1926,"images":[]}
