{"MATERIAL":"concrete","AVG_SLOPE":7.67130846248,"AVG_HEIGHT":6.00881246125,"TERAIN_SLP":8.37143991774,"AREA":63.4889354822,"VOLUME":381,"FLOORS":2,"INT_ZONE":"Borde Rural","FLOOD":1,"LANDSLIDE":"Amenaza Baja","LEGAL_ID":"358","LEGAL_NAME":"EL PARAISO","LEGAL_AREA":26.04,"LEGAL_LOTS":2077,"LEGAL_POP":11215.8,"LEGAL_DENS":79.76190476,"LEGALIZING":null,"BLOCK_ID_":"002565008","BLOCK_POP":196,"BLOCK_BLD":51,"BLOCK_RISK":5.3271718,"BLOCK_EDU":0,"BLOCK_HLTH":12.281273,"BLOCK_TRAN":47.782475,"BLOCK_CULT":0,"BLOCK_PARK":18.900211,"BLOCK_SEC":100,"BLOCK_CENT":0,"BLOCK_DEF":45.0980392157,"BLD_INHAB":4,"OBJECTID":2,"AO_225":0.2,"id":194,"preds_material":[[5,"1216744569_099978_9926_3-512.jpg"],[5,"1216744569_459486_9927_1-512.jpg"],[5,"1216744569_459486_9927_1-512.jpg"],[5,"1216744569_459486_9927_3-512.jpg"],[5,"1216744569_459486_9927_3-512.jpg"],[5,"1216744569_459486_9927_3-512.jpg"],[5,"1216744569_834493_9928_1-512.jpg"],[5,"1216744569_834493_9928_1-512.jpg"],[5,"1216744569_834493_9928_3-512.jpg"],[5,"1216744569_834493_9928_3-512.jpg"],[5,"1216744569_834493_9928_3-512.jpg"],[5,"1216744570_179985_9929_1-512.jpg"],[5,"1216744570_179985_9929_1-512.jpg"],[5,"1216744570_179985_9929_3-512.jpg"],[5,"1216744570_179985_9929_3-512.jpg"],[5,"1216744570_604898_9930_1-512.jpg"],[2,"1216744570_604898_9930_1-512.jpg"],[5,"1216744570_604898_9930_3-512.jpg"],[5,"1216744570_604898_9930_3-512.jpg"]],"material_ml":"painted","preds_construction":[[2,"1216744569_099978_9926_3-512.jpg"],[2,"1216744569_459486_9927_1-512.jpg"],[2,"1216744569_459486_9927_1-512.jpg"],[2,"1216744569_459486_9927_3-512.jpg"],[2,"1216744569_459486_9927_3-512.jpg"],[2,"1216744569_459486_9927_3-512.jpg"],[2,"1216744569_834493_9928_1-512.jpg"],[2,"1216744569_834493_9928_1-512.jpg"],[2,"1216744569_834493_9928_3-512.jpg"],[2,"1216744569_834493_9928_3-512.jpg"],[2,"1216744569_834493_9928_3-512.jpg"],[2,"1216744570_179985_9929_1-512.jpg"],[2,"1216744570_179985_9929_1-512.jpg"],[2,"1216744570_179985_9929_1-512.jpg"],[2,"1216744570_179985_9929_3-512.jpg"],[2,"1216744570_179985_9929_3-512.jpg"],[2,"1216744570_604898_9930_1-512.jpg"],[2,"1216744570_604898_9930_1-512.jpg"],[2,"1216744570_604898_9930_3-512.jpg"],[2,"1216744570_604898_9930_3-512.jpg"]],"construction_ml":"complete","preds_design":[[2,"1216744569_099978_9926_3-512.jpg"],[2,"1216744569_459486_9927_1-512.jpg"],[2,"1216744569_459486_9927_1-512.jpg"],[2,"1216744569_459486_9927_3-512.jpg"],[1,"1216744569_459486_9927_3-512.jpg"],[2,"1216744569_459486_9927_3-512.jpg"],[2,"1216744569_834493_9928_1-512.jpg"],[2,"1216744569_834493_9928_1-512.jpg"],[2,"1216744569_834493_9928_3-512.jpg"],[1,"1216744569_834493_9928_3-512.jpg"],[2,"1216744570_179985_9929_1-512.jpg"],[2,"1216744570_179985_9929_1-512.jpg"],[2,"1216744570_179985_9929_3-512.jpg"],[1,"1216744570_179985_9929_3-512.jpg"],[2,"1216744570_604898_9930_1-512.jpg"],[2,"1216744570_604898_9930_1-512.jpg"],[2,"1216744570_604898_9930_3-512.jpg"],[1,"1216744570_604898_9930_3-512.jpg"],[2,"1216744570_604898_9930_3-512.jpg"]],"design_ml":"designed","images":[]}
