{"MATERIAL":"corrugated metal/heavily patched","AVG_SLOPE":11.8339583402,"AVG_HEIGHT":1.98584445501,"TERAIN_SLP":23.5557994541,"AREA":27.8969515482,"VOLUME":55,"FLOORS":1,"INT_ZONE":"Borde Rural","FLOOD":2,"LANDSLIDE":"Amenaza Media","LEGAL_ID":"358","LEGAL_NAME":"EL PARAISO","LEGAL_AREA":26.04,"LEGAL_LOTS":2077,"LEGAL_POP":11215.8,"LEGAL_DENS":79.76190476,"LEGALIZING":null,"BLOCK_ID_":"002565036","BLOCK_POP":171,"BLOCK_BLD":42,"BLOCK_RISK":2.7483876,"BLOCK_EDU":1.4781685,"BLOCK_HLTH":41.804771,"BLOCK_TRAN":24.256557,"BLOCK_CULT":0,"BLOCK_PARK":93.006943,"BLOCK_SEC":100,"BLOCK_CENT":0,"BLOCK_DEF":30.9523809524,"BLD_INHAB":4,"OBJECTID":1,"AO_225":0.16,"id":2039,"preds_material":[[5,"1216743755_129230_8277_1-512.jpg"],[5,"1216743988_792881_9130_1-512.jpg"],[5,"1216743996_142889_9154_3-512.jpg"],[5,"1216743996_702872_9155_3-512.jpg"],[5,"1216743997_252938_9156_3-512.jpg"],[5,"1216743997_792896_9157_3-512.jpg"]],"material_ml":"painted","preds_construction":[[2,"1216743996_142889_9154_3-512.jpg"],[2,"1216743996_702872_9155_3-512.jpg"],[2,"1216743997_252938_9156_3-512.jpg"],[2,"1216743997_792896_9157_3-512.jpg"]],"construction_ml":"complete","preds_design":[[2,"1216743996_142889_9154_3-512.jpg"],[2,"1216743996_702872_9155_3-512.jpg"],[2,"1216743997_252938_9156_3-512.jpg"],[2,"1216743997_792896_9157_3-512.jpg"]],"design_ml":"designed","images":[]}
