{"MATERIAL":"corrugated metal - new","AVG_SLOPE":7.09118459344,"AVG_HEIGHT":5.09126285854,"TERAIN_SLP":6.09758924051,"AREA":31.5854959318,"VOLUME":161,"FLOORS":2,"INT_ZONE":null,"FLOOD":2,"LANDSLIDE":"Amenaza Media","LEGAL_ID":"358","LEGAL_NAME":"EL PARAISO","LEGAL_AREA":26.04,"LEGAL_LOTS":2077,"LEGAL_POP":11215.8,"LEGAL_DENS":79.76190476,"LEGALIZING":null,"BLOCK_ID_":"002565036","BLOCK_POP":171,"BLOCK_BLD":42,"BLOCK_RISK":2.7483876,"BLOCK_EDU":1.4781685,"BLOCK_HLTH":41.804771,"BLOCK_TRAN":24.256557,"BLOCK_CULT":0,"BLOCK_PARK":93.006943,"BLOCK_SEC":100,"BLOCK_CENT":0,"BLOCK_DEF":30.9523809524,"BLD_INHAB":4,"OBJECTID":1,"AO_225":0.16,"id":2047,"preds_material":[[2,"1216740520_861444_386_3-512.jpg"],[2,"1216740521_731489_387_3-512.jpg"],[2,"1216740522_391466_388_3-512.jpg"],[2,"1216740523_081442_389_3-512.jpg"],[5,"1216740523_081442_389_3-512.jpg"],[2,"1216740523_646480_390_3-512.jpg"],[2,"1216740523_646480_390_3-512.jpg"],[5,"1216740523_646480_390_3-512.jpg"],[2,"1216740524_271433_391_3-512.jpg"],[2,"1216740524_271433_391_3-512.jpg"],[2,"1216740524_806458_392_3-512.jpg"],[2,"1216740525_341424_393_3-512.jpg"],[5,"1216740525_341424_393_3-512.jpg"],[2,"1216740525_926447_394_3-512.jpg"],[5,"1216740525_926447_394_3-512.jpg"],[2,"1216740526_511420_395_3-512.jpg"],[5,"1216740526_511420_395_3-512.jpg"],[2,"1216740527_031577_396_3-512.jpg"],[2,"1216740527_591409_397_3-512.jpg"],[2,"1216740528_101616_398_3-512.jpg"],[2,"1216740528_561429_399_3-512.jpg"],[5,"1216740528_561429_399_3-512.jpg"],[5,"1216743765_889327_8316_1-512.jpg"],[5,"1216743769_394097_8333_1-512.jpg"],[5,"1216743769_669058_8334_1-512.jpg"],[5,"1216743769_969090_8335_1-512.jpg"],[5,"1216743770_308870_8336_1-512.jpg"],[5,"1216743770_693894_8337_1-512.jpg"],[5,"1216743771_118879_8338_1-512.jpg"],[5,"1216743771_513936_8339_1-512.jpg"],[5,"1216743771_878966_8340_1-512.jpg"],[5,"1216743772_194073_8341_1-512.jpg"],[5,"1216743772_564076_8342_1-512.jpg"],[5,"1216743772_934067_8343_1-512.jpg"]],"material_ml":"painted","preds_construction":[[2,"1216740520_191474_385_3-512.jpg"],[2,"1216740520_861444_386_3-512.jpg"],[2,"1216740521_731489_387_3-512.jpg"],[2,"1216740522_391466_388_3-512.jpg"],[2,"1216740523_081442_389_3-512.jpg"],[2,"1216740523_081442_389_3-512.jpg"],[2,"1216740523_646480_390_3-512.jpg"],[2,"1216740523_646480_390_3-512.jpg"],[2,"1216740524_271433_391_3-512.jpg"],[2,"1216740524_806458_392_3-512.jpg"],[2,"1216740524_806458_392_3-512.jpg"],[2,"1216740525_341424_393_3-512.jpg"],[2,"1216740525_926447_394_3-512.jpg"],[2,"1216740526_511420_395_3-512.jpg"],[2,"1216740527_031577_396_3-512.jpg"],[2,"1216740527_591409_397_3-512.jpg"],[2,"1216740528_101616_398_3-512.jpg"],[2,"1216740528_561429_399_3-512.jpg"],[2,"1216740529_041546_400_3-512.jpg"],[2,"1216743765_889327_8316_1-512.jpg"],[2,"1216743769_394097_8333_1-512.jpg"],[2,"1216743769_394097_8333_1-512.jpg"],[2,"1216743769_669058_8334_1-512.jpg"],[2,"1216743769_969090_8335_1-512.jpg"],[2,"1216743770_308870_8336_1-512.jpg"],[2,"1216743770_693894_8337_1-512.jpg"],[2,"1216743771_118879_8338_1-512.jpg"],[2,"1216743771_513936_8339_1-512.jpg"],[2,"1216743771_878966_8340_1-512.jpg"],[2,"1216743772_194073_8341_1-512.jpg"],[2,"1216743772_564076_8342_1-512.jpg"],[2,"1216743772_934067_8343_1-512.jpg"]],"construction_ml":"complete","preds_design":[[2,"1216740520_191474_385_3-512.jpg"],[2,"1216740520_861444_386_3-512.jpg"],[1,"1216740520_861444_386_3-512.jpg"],[2,"1216740521_731489_387_3-512.jpg"],[1,"1216740521_731489_387_3-512.jpg"],[2,"1216740522_391466_388_3-512.jpg"],[2,"1216740523_081442_389_3-512.jpg"],[2,"1216740523_646480_390_3-512.jpg"],[1,"1216740523_646480_390_3-512.jpg"],[2,"1216740524_271433_391_3-512.jpg"],[1,"1216740524_271433_391_3-512.jpg"],[2,"1216740524_271433_391_3-512.jpg"],[2,"1216740524_806458_392_3-512.jpg"],[2,"1216740524_806458_392_3-512.jpg"],[2,"1216740525_341424_393_3-512.jpg"],[1,"1216740525_341424_393_3-512.jpg"],[2,"1216740525_341424_393_3-512.jpg"],[2,"1216740525_926447_394_3-512.jpg"],[2,"1216740526_511420_395_3-512.jpg"],[2,"1216740527_031577_396_3-512.jpg"],[2,"1216740527_591409_397_3-512.jpg"],[2,"1216740528_101616_398_3-512.jpg"],[2,"1216740528_561429_399_3-512.jpg"],[2,"1216743765_889327_8316_1-512.jpg"],[1,"1216743769_394097_8333_1-512.jpg"],[1,"1216743769_394097_8333_1-512.jpg"],[1,"1216743769_669058_8334_1-512.jpg"],[1,"1216743769_969090_8335_1-512.jpg"],[1,"1216743770_308870_8336_1-512.jpg"],[1,"1216743770_693894_8337_1-512.jpg"],[1,"1216743771_118879_8338_1-512.jpg"],[1,"1216743771_513936_8339_1-512.jpg"],[1,"1216743771_878966_8340_1-512.jpg"],[1,"1216743772_194073_8341_1-512.jpg"],[1,"1216743772_564076_8342_1-512.jpg"],[1,"1216743772_934067_8343_1-512.jpg"]],"design_ml":"designed","images":[]}
