{"MATERIAL":"corrugated metal - new","AVG_SLOPE":17.0562141509,"AVG_HEIGHT":4.33722323904,"TERAIN_SLP":1.96854301585,"AREA":130.921763665,"VOLUME":568,"FLOORS":2,"INT_ZONE":null,"FLOOD":2,"LANDSLIDE":"Amenaza Media","LEGAL_ID":"358","LEGAL_NAME":"EL PARAISO","LEGAL_AREA":26.04,"LEGAL_LOTS":2077,"LEGAL_POP":11215.8,"LEGAL_DENS":79.76190476,"LEGALIZING":null,"BLOCK_ID_":"002565051","BLOCK_POP":95,"BLOCK_BLD":21,"BLOCK_RISK":3.4137738,"BLOCK_EDU":0.90259469,"BLOCK_HLTH":27.965561,"BLOCK_TRAN":50.021797,"BLOCK_CULT":0,"BLOCK_PARK":78.609688,"BLOCK_SEC":100,"BLOCK_CENT":0,"BLOCK_DEF":47.619047619,"BLD_INHAB":5,"OBJECTID":1,"AO_225":0.16,"id":2051,"preds_material":[[1,"1216740509_476537_359_3-512.jpg"],[1,"1216740509_726540_360_3-512.jpg"],[1,"1216740509_981526_361_3-512.jpg"],[1,"1216740510_241520_362_3-512.jpg"],[1,"1216740510_506554_363_3-512.jpg"],[5,"1216740510_506554_363_3-512.jpg"],[1,"1216740510_756549_364_3-512.jpg"],[5,"1216740510_756549_364_3-512.jpg"],[5,"1216740511_006721_365_3-512.jpg"],[1,"1216740511_006721_365_3-512.jpg"],[1,"1216740511_246540_366_3-512.jpg"],[5,"1216740511_246540_366_3-512.jpg"],[5,"1216740511_481556_367_3-512.jpg"],[1,"1216740511_481556_367_3-512.jpg"],[5,"1216740511_716541_368_3-512.jpg"],[1,"1216740511_716541_368_3-512.jpg"],[5,"1216740511_956584_369_3-512.jpg"],[1,"1216740511_956584_369_3-512.jpg"],[5,"1216740512_201493_370_3-512.jpg"],[1,"1216740512_201493_370_3-512.jpg"],[5,"1216740512_471490_371_3-512.jpg"],[1,"1216740512_471490_371_3-512.jpg"],[5,"1216740512_776520_372_3-512.jpg"],[1,"1216740512_776520_372_3-512.jpg"],[1,"1216740513_141475_373_3-512.jpg"],[5,"1216740513_141475_373_3-512.jpg"],[1,"1216740513_576550_374_3-512.jpg"],[5,"1216740513_576550_374_3-512.jpg"],[1,"1216740514_036724_375_3-512.jpg"],[5,"1216740514_036724_375_3-512.jpg"],[1,"1216740514_511508_376_3-512.jpg"],[5,"1216740514_511508_376_3-512.jpg"],[1,"1216740515_126510_377_3-512.jpg"],[5,"1216740515_126510_377_3-512.jpg"],[1,"1216740515_811488_378_3-512.jpg"],[5,"1216740516_526497_379_3-512.jpg"],[5,"1216743776_834112_8353_1-512.jpg"],[5,"1216743777_274069_8354_1-512.jpg"],[5,"1216743777_694015_8355_1-512.jpg"],[5,"1216743778_089058_8356_1-512.jpg"],[5,"1216743778_469040_8357_1-512.jpg"],[5,"1216743778_839045_8358_1-512.jpg"],[5,"1216743779_288965_8359_1-512.jpg"],[5,"1216743779_739048_8360_1-512.jpg"],[5,"1216743780_168787_8361_1-512.jpg"]],"material_ml":"painted","preds_construction":[[2,"1216740509_006758_357_3-512.jpg"],[2,"1216740509_231504_358_3-512.jpg"],[2,"1216740509_476537_359_3-512.jpg"],[2,"1216740509_726540_360_3-512.jpg"],[2,"1216740509_981526_361_3-512.jpg"],[2,"1216740510_241520_362_3-512.jpg"],[2,"1216740510_506554_363_3-512.jpg"],[2,"1216740510_756549_364_3-512.jpg"],[1,"1216740510_756549_364_3-512.jpg"],[2,"1216740511_006721_365_3-512.jpg"],[2,"1216740511_246540_366_3-512.jpg"],[2,"1216740511_481556_367_3-512.jpg"],[2,"1216740511_716541_368_3-512.jpg"],[2,"1216740511_956584_369_3-512.jpg"],[2,"1216740512_201493_370_3-512.jpg"],[2,"1216740512_471490_371_3-512.jpg"],[2,"1216740512_776520_372_3-512.jpg"],[2,"1216740513_141475_373_3-512.jpg"],[2,"1216740513_576550_374_3-512.jpg"],[2,"1216740514_036724_375_3-512.jpg"],[2,"1216740514_511508_376_3-512.jpg"],[2,"1216740515_126510_377_3-512.jpg"],[2,"1216740515_811488_378_3-512.jpg"],[2,"1216743776_834112_8353_1-512.jpg"],[2,"1216743777_274069_8354_1-512.jpg"],[2,"1216743777_694015_8355_1-512.jpg"],[2,"1216743778_089058_8356_1-512.jpg"],[2,"1216743778_469040_8357_1-512.jpg"],[2,"1216743778_839045_8358_1-512.jpg"],[2,"1216743779_288965_8359_1-512.jpg"],[2,"1216743779_739048_8360_1-512.jpg"]],"construction_ml":"complete","preds_design":[[1,"1216740509_231504_358_3-512.jpg"],[1,"1216740509_476537_359_3-512.jpg"],[1,"1216740509_726540_360_3-512.jpg"],[1,"1216740509_981526_361_3-512.jpg"],[1,"1216740510_241520_362_3-512.jpg"],[1,"1216740510_506554_363_3-512.jpg"],[1,"1216740510_756549_364_3-512.jpg"],[1,"1216740511_006721_365_3-512.jpg"],[1,"1216740511_246540_366_3-512.jpg"],[1,"1216740511_481556_367_3-512.jpg"],[1,"1216740511_716541_368_3-512.jpg"],[1,"1216740511_956584_369_3-512.jpg"],[1,"1216740512_201493_370_3-512.jpg"],[1,"1216740512_471490_371_3-512.jpg"],[2,"1216740512_471490_371_3-512.jpg"],[1,"1216740512_776520_372_3-512.jpg"],[1,"1216740513_141475_373_3-512.jpg"],[1,"1216740513_576550_374_3-512.jpg"],[1,"1216740514_036724_375_3-512.jpg"],[1,"1216740514_511508_376_3-512.jpg"],[1,"1216740515_126510_377_3-512.jpg"],[1,"1216740515_811488_378_3-512.jpg"],[2,"1216743776_834112_8353_1-512.jpg"],[2,"1216743777_274069_8354_1-512.jpg"],[2,"1216743777_694015_8355_1-512.jpg"],[2,"1216743778_089058_8356_1-512.jpg"],[2,"1216743778_469040_8357_1-512.jpg"],[2,"1216743778_839045_8358_1-512.jpg"],[2,"1216743779_288965_8359_1-512.jpg"],[2,"1216743779_739048_8360_1-512.jpg"],[1,"1216743780_168787_8361_1-512.jpg"]],"design_ml":"undesigned","images":[]}
