{"MATERIAL":"corrugated metal/heavily patched","AVG_SLOPE":9.88837245184,"AVG_HEIGHT":4.03716359136,"TERAIN_SLP":1.69049744759,"AREA":61.7238241853,"VOLUME":249,"FLOORS":2,"INT_ZONE":null,"FLOOD":2,"LANDSLIDE":"Amenaza Media","LEGAL_ID":"358","LEGAL_NAME":"EL PARAISO","LEGAL_AREA":26.04,"LEGAL_LOTS":2077,"LEGAL_POP":11215.8,"LEGAL_DENS":79.76190476,"LEGALIZING":null,"BLOCK_ID_":"002565036","BLOCK_POP":171,"BLOCK_BLD":42,"BLOCK_RISK":2.7483876,"BLOCK_EDU":1.4781685,"BLOCK_HLTH":41.804771,"BLOCK_TRAN":24.256557,"BLOCK_CULT":0,"BLOCK_PARK":93.006943,"BLOCK_SEC":100,"BLOCK_CENT":0,"BLOCK_DEF":30.9523809524,"BLD_INHAB":4,"OBJECTID":1,"AO_225":0.16,"id":2055,"preds_material":[[5,"1216740516_526497_379_3-512.jpg"],[5,"1216740517_276563_380_3-512.jpg"],[5,"1216740517_921455_381_3-512.jpg"],[5,"1216740518_481472_382_3-512.jpg"],[5,"1216740519_016548_383_3-512.jpg"],[5,"1216740519_581443_384_3-512.jpg"],[5,"1216743774_393905_8347_1-512.jpg"],[5,"1216743774_823910_8348_1-512.jpg"],[5,"1216743775_244095_8349_1-512.jpg"]],"material_ml":"painted","preds_construction":[[2,"1216740517_276563_380_3-512.jpg"],[2,"1216740517_921455_381_3-512.jpg"],[2,"1216740518_481472_382_3-512.jpg"],[2,"1216740519_016548_383_3-512.jpg"],[2,"1216740519_581443_384_3-512.jpg"],[2,"1216743774_393905_8347_1-512.jpg"],[2,"1216743774_823910_8348_1-512.jpg"],[2,"1216743775_244095_8349_1-512.jpg"]],"construction_ml":"complete","preds_design":[[2,"1216740517_276563_380_3-512.jpg"],[2,"1216740517_921455_381_3-512.jpg"],[2,"1216740518_481472_382_3-512.jpg"],[2,"1216740519_016548_383_3-512.jpg"],[2,"1216740519_581443_384_3-512.jpg"],[2,"1216743774_393905_8347_1-512.jpg"],[2,"1216743774_823910_8348_1-512.jpg"],[2,"1216743775_244095_8349_1-512.jpg"]],"design_ml":"designed","images":[]}
