{"MATERIAL":"corrugated metal/heavily patched","AVG_SLOPE":5.97844066593,"AVG_HEIGHT":0.76274943978,"TERAIN_SLP":15.8147900052,"AREA":35.4559569107,"VOLUME":27,"FLOORS":1,"INT_ZONE":null,"FLOOD":2,"LANDSLIDE":"Amenaza Media","LEGAL_ID":"358","LEGAL_NAME":"EL PARAISO","LEGAL_AREA":26.04,"LEGAL_LOTS":2077,"LEGAL_POP":11215.8,"LEGAL_DENS":79.76190476,"LEGALIZING":null,"BLOCK_ID_":"002565036","BLOCK_POP":171,"BLOCK_BLD":42,"BLOCK_RISK":2.7483876,"BLOCK_EDU":1.4781685,"BLOCK_HLTH":41.804771,"BLOCK_TRAN":24.256557,"BLOCK_CULT":0,"BLOCK_PARK":93.006943,"BLOCK_SEC":100,"BLOCK_CENT":0,"BLOCK_DEF":30.9523809524,"BLD_INHAB":4,"OBJECTID":1,"AO_225":0.16,"id":2056,"preds_material":[[5,"1216740524_806458_392_3-512.jpg"],[5,"1216740525_341424_393_3-512.jpg"],[5,"1216740525_926447_394_3-512.jpg"],[5,"1216740526_511420_395_3-512.jpg"],[5,"1216740528_561429_399_3-512.jpg"],[1,"1216740528_561429_399_3-512.jpg"],[5,"1216740529_041546_400_3-512.jpg"],[5,"1216740529_476446_401_3-512.jpg"],[6,"1216743763_574308_8305_1-512.jpg"],[5,"1216743764_444067_8309_1-512.jpg"],[1,"1216743764_444067_8309_1-512.jpg"],[5,"1216743764_654080_8310_1-512.jpg"],[5,"1216743764_859017_8311_1-512.jpg"],[2,"1216743766_094326_8317_1-512.jpg"],[2,"1216743766_294277_8318_1-512.jpg"],[2,"1216743766_454045_8319_1-512.jpg"],[2,"1216743766_659044_8320_1-512.jpg"],[2,"1216743766_864062_8321_1-512.jpg"],[2,"1216743767_089120_8322_1-512.jpg"],[2,"1216743767_294088_8323_1-512.jpg"],[2,"1216743767_499074_8324_1-512.jpg"],[2,"1216743767_704105_8325_1-512.jpg"],[2,"1216743767_909006_8326_1-512.jpg"],[2,"1216743768_114069_8327_1-512.jpg"],[2,"1216743768_284085_8328_1-512.jpg"]],"material_ml":"concrete","preds_construction":[[2,"1216740525_341424_393_3-512.jpg"],[2,"1216740525_926447_394_3-512.jpg"],[2,"1216740526_511420_395_3-512.jpg"],[2,"1216740528_561429_399_3-512.jpg"],[2,"1216740529_041546_400_3-512.jpg"],[2,"1216740529_476446_401_3-512.jpg"],[1,"1216740529_476446_401_3-512.jpg"],[2,"1216743763_574308_8305_1-512.jpg"],[2,"1216743764_444067_8309_1-512.jpg"],[2,"1216743764_654080_8310_1-512.jpg"],[2,"1216743764_859017_8311_1-512.jpg"],[2,"1216743766_094326_8317_1-512.jpg"],[2,"1216743766_294277_8318_1-512.jpg"],[2,"1216743766_454045_8319_1-512.jpg"],[2,"1216743766_659044_8320_1-512.jpg"],[2,"1216743766_864062_8321_1-512.jpg"],[2,"1216743767_089120_8322_1-512.jpg"],[2,"1216743767_294088_8323_1-512.jpg"],[2,"1216743767_499074_8324_1-512.jpg"],[2,"1216743767_704105_8325_1-512.jpg"],[2,"1216743767_909006_8326_1-512.jpg"],[2,"1216743768_114069_8327_1-512.jpg"],[2,"1216743768_284085_8328_1-512.jpg"],[2,"1216743768_493993_8329_1-512.jpg"]],"construction_ml":"complete","preds_design":[[2,"1216740524_271433_391_3-512.jpg"],[1,"1216740524_806458_392_3-512.jpg"],[1,"1216740525_341424_393_3-512.jpg"],[1,"1216740525_926447_394_3-512.jpg"],[2,"1216740525_926447_394_3-512.jpg"],[1,"1216740526_511420_395_3-512.jpg"],[1,"1216740528_561429_399_3-512.jpg"],[1,"1216740529_041546_400_3-512.jpg"],[1,"1216740529_476446_401_3-512.jpg"],[1,"1216743763_574308_8305_1-512.jpg"],[2,"1216743764_444067_8309_1-512.jpg"],[2,"1216743764_654080_8310_1-512.jpg"],[2,"1216743764_859017_8311_1-512.jpg"],[2,"1216743766_094326_8317_1-512.jpg"],[2,"1216743766_294277_8318_1-512.jpg"],[2,"1216743766_454045_8319_1-512.jpg"],[2,"1216743766_659044_8320_1-512.jpg"],[2,"1216743766_864062_8321_1-512.jpg"],[2,"1216743767_089120_8322_1-512.jpg"],[2,"1216743767_294088_8323_1-512.jpg"],[2,"1216743767_499074_8324_1-512.jpg"],[2,"1216743767_704105_8325_1-512.jpg"],[2,"1216743767_909006_8326_1-512.jpg"],[2,"1216743768_114069_8327_1-512.jpg"],[2,"1216743768_284085_8328_1-512.jpg"],[2,"1216743768_493993_8329_1-512.jpg"]],"design_ml":"designed","images":[]}
