{"MATERIAL":"corrugated metal - rusty","AVG_SLOPE":7.50199669019,"AVG_HEIGHT":1.74387895453,"TERAIN_SLP":2.61597334805,"AREA":59.872019788,"VOLUME":104,"FLOORS":1,"INT_ZONE":null,"FLOOD":2,"LANDSLIDE":"Amenaza Media","LEGAL_ID":"358","LEGAL_NAME":"EL PARAISO","LEGAL_AREA":26.04,"LEGAL_LOTS":2077,"LEGAL_POP":11215.8,"LEGAL_DENS":79.76190476,"LEGALIZING":null,"BLOCK_ID_":"002565050","BLOCK_POP":53,"BLOCK_BLD":14,"BLOCK_RISK":3.3278797,"BLOCK_EDU":1.1139129,"BLOCK_HLTH":33.366993,"BLOCK_TRAN":50.464108,"BLOCK_CULT":0,"BLOCK_PARK":74.755394,"BLOCK_SEC":100,"BLOCK_CENT":0,"BLOCK_DEF":35.7142857143,"BLD_INHAB":4,"OBJECTID":1,"AO_225":0.16,"id":2060,"preds_material":[[1,"1216740508_791524_356_1-512.jpg"],[1,"1216740509_006758_357_1-512.jpg"],[1,"1216740509_231504_358_1-512.jpg"],[1,"1216740509_476537_359_1-512.jpg"],[1,"1216740509_726540_360_1-512.jpg"],[1,"1216740509_981526_361_1-512.jpg"],[1,"1216740510_241520_362_1-512.jpg"],[5,"1216740510_241520_362_1-512.jpg"],[1,"1216740548_106265_443_1-512.jpg"],[5,"1216743779_739048_8360_3-512.jpg"],[3,"1216743779_739048_8360_3-512.jpg"],[5,"1216743780_168787_8361_3-512.jpg"],[3,"1216743780_168787_8361_3-512.jpg"],[5,"1216743780_624013_8362_3-512.jpg"],[3,"1216743780_624013_8362_3-512.jpg"]],"material_ml":"brick","preds_construction":[[2,"1216740508_791524_356_1-512.jpg"],[2,"1216740509_006758_357_1-512.jpg"],[2,"1216740509_231504_358_1-512.jpg"],[2,"1216740509_476537_359_1-512.jpg"],[2,"1216740509_726540_360_1-512.jpg"],[2,"1216740509_981526_361_1-512.jpg"],[2,"1216740510_241520_362_1-512.jpg"],[2,"1216740510_506554_363_1-512.jpg"],[2,"1216743779_739048_8360_3-512.jpg"],[1,"1216743779_739048_8360_3-512.jpg"],[1,"1216743780_168787_8361_3-512.jpg"],[2,"1216743780_168787_8361_3-512.jpg"],[1,"1216743780_624013_8362_3-512.jpg"],[2,"1216743780_624013_8362_3-512.jpg"]],"construction_ml":"complete","preds_design":[[1,"1216740508_791524_356_1-512.jpg"],[1,"1216740509_006758_357_1-512.jpg"],[1,"1216740509_231504_358_1-512.jpg"],[1,"1216740509_476537_359_1-512.jpg"],[1,"1216740509_726540_360_1-512.jpg"],[1,"1216740509_981526_361_1-512.jpg"],[1,"1216740510_241520_362_1-512.jpg"],[1,"1216743779_739048_8360_3-512.jpg"],[1,"1216743780_168787_8361_3-512.jpg"],[1,"1216743780_624013_8362_3-512.jpg"]],"design_ml":"undesigned","images":[]}
