{"MATERIAL":"corrugated metal","AVG_SLOPE":6.51263346862,"AVG_HEIGHT":3.04422331767,"TERAIN_SLP":8.8407837297,"AREA":18.1392659867,"VOLUME":55,"FLOORS":2,"INT_ZONE":"Borde Rural","FLOOD":2,"LANDSLIDE":"Amenaza Media","LEGAL_ID":"358","LEGAL_NAME":"EL PARAISO","LEGAL_AREA":26.04,"LEGAL_LOTS":2077,"LEGAL_POP":11215.8,"LEGAL_DENS":79.76190476,"LEGALIZING":null,"BLOCK_ID_":"002565008","BLOCK_POP":196,"BLOCK_BLD":51,"BLOCK_RISK":5.3271718,"BLOCK_EDU":0,"BLOCK_HLTH":12.281273,"BLOCK_TRAN":47.782475,"BLOCK_CULT":0,"BLOCK_PARK":18.900211,"BLOCK_SEC":100,"BLOCK_CENT":0,"BLOCK_DEF":45.0980392157,"BLD_INHAB":4,"OBJECTID":2,"AO_225":0.2,"id":207,"preds_material":[[5,"1216744558_544845_9908_1-512.jpg"],[5,"1216744558_904844_9909_1-512.jpg"],[5,"1216744558_904844_9909_3-512.jpg"],[1,"1216744558_904844_9909_3-512.jpg"],[5,"1216744559_270056_9910_1-512.jpg"],[5,"1216744559_270056_9910_3-512.jpg"],[1,"1216744559_270056_9910_3-512.jpg"],[5,"1216744559_650034_9911_1-512.jpg"],[5,"1216744559_650034_9911_3-512.jpg"],[5,"1216744560_050088_9912_1-512.jpg"],[5,"1216744560_050088_9912_3-512.jpg"],[1,"1216744560_050088_9912_3-512.jpg"],[5,"1216744560_520115_9913_1-512.jpg"],[5,"1216744560_520115_9913_3-512.jpg"]],"material_ml":"painted","preds_construction":[[2,"1216744558_544845_9908_1-512.jpg"],[2,"1216744558_904844_9909_1-512.jpg"],[2,"1216744558_904844_9909_3-512.jpg"],[1,"1216744558_904844_9909_3-512.jpg"],[2,"1216744559_270056_9910_1-512.jpg"],[2,"1216744559_270056_9910_3-512.jpg"],[1,"1216744559_270056_9910_3-512.jpg"],[2,"1216744559_650034_9911_1-512.jpg"],[1,"1216744559_650034_9911_3-512.jpg"],[2,"1216744559_650034_9911_3-512.jpg"],[2,"1216744560_050088_9912_1-512.jpg"],[2,"1216744560_050088_9912_3-512.jpg"],[1,"1216744560_050088_9912_3-512.jpg"],[2,"1216744560_520115_9913_1-512.jpg"],[2,"1216744560_520115_9913_3-512.jpg"]],"construction_ml":"complete","preds_design":[[2,"1216744558_544845_9908_1-512.jpg"],[2,"1216744558_904844_9909_1-512.jpg"],[2,"1216744558_904844_9909_3-512.jpg"],[2,"1216744559_270056_9910_1-512.jpg"],[2,"1216744559_270056_9910_3-512.jpg"],[2,"1216744559_650034_9911_1-512.jpg"],[2,"1216744559_650034_9911_3-512.jpg"],[2,"1216744560_050088_9912_1-512.jpg"],[2,"1216744560_050088_9912_3-512.jpg"],[1,"1216744560_050088_9912_3-512.jpg"],[2,"1216744560_520115_9913_1-512.jpg"],[1,"1216744560_520115_9913_3-512.jpg"],[2,"1216744560_520115_9913_3-512.jpg"]],"design_ml":"designed","images":[]}
