{"MATERIAL":"corrugated metal","AVG_SLOPE":8.11328224792,"AVG_HEIGHT":5.3353636615,"TERAIN_SLP":2.48134283276,"AREA":57.9776924876,"VOLUME":309,"FLOORS":2,"INT_ZONE":null,"FLOOD":1,"LANDSLIDE":"Amenaza Media","LEGAL_ID":"358","LEGAL_NAME":"EL PARAISO","LEGAL_AREA":26.04,"LEGAL_LOTS":2077,"LEGAL_POP":11215.8,"LEGAL_DENS":79.76190476,"LEGALIZING":null,"BLOCK_ID_":"002565051","BLOCK_POP":95,"BLOCK_BLD":21,"BLOCK_RISK":3.4137738,"BLOCK_EDU":0.90259469,"BLOCK_HLTH":27.965561,"BLOCK_TRAN":50.021797,"BLOCK_CULT":0,"BLOCK_PARK":78.609688,"BLOCK_SEC":100,"BLOCK_CENT":0,"BLOCK_DEF":47.619047619,"BLD_INHAB":5,"OBJECTID":1,"AO_225":0.16,"id":2072,"preds_material":[[2,"1216740507_021684_347_3-512.jpg"],[5,"1216740507_216570_348_3-512.jpg"],[2,"1216740507_216570_348_3-512.jpg"],[1,"1216740507_216570_348_3-512.jpg"],[5,"1216740507_411521_349_3-512.jpg"],[2,"1216740507_411521_349_3-512.jpg"],[5,"1216740507_601522_350_3-512.jpg"],[2,"1216740507_601522_350_3-512.jpg"],[5,"1216740507_796554_351_3-512.jpg"],[2,"1216740507_796554_351_3-512.jpg"],[5,"1216740507_996560_352_3-512.jpg"],[2,"1216740507_996560_352_3-512.jpg"],[2,"1216740508_191507_353_3-512.jpg"],[5,"1216740508_191507_353_3-512.jpg"],[2,"1216740508_386581_354_3-512.jpg"],[5,"1216740508_386581_354_3-512.jpg"],[2,"1216740508_586544_355_3-512.jpg"],[5,"1216740508_586544_355_3-512.jpg"],[2,"1216740508_791524_356_3-512.jpg"],[5,"1216743781_083968_8363_1-512.jpg"]],"material_ml":"concrete","preds_construction":[[2,"1216740507_021684_347_3-512.jpg"],[2,"1216740507_216570_348_3-512.jpg"],[2,"1216740507_411521_349_3-512.jpg"],[2,"1216740507_601522_350_3-512.jpg"],[2,"1216740507_796554_351_3-512.jpg"],[2,"1216740507_996560_352_3-512.jpg"],[2,"1216740508_191507_353_3-512.jpg"],[2,"1216740508_386581_354_3-512.jpg"],[2,"1216740508_586544_355_3-512.jpg"],[2,"1216740508_791524_356_3-512.jpg"],[2,"1216743780_624013_8362_1-512.jpg"],[2,"1216743781_083968_8363_1-512.jpg"],[2,"1216743781_083968_8363_1-512.jpg"]],"construction_ml":"complete","preds_design":[[2,"1216740507_216570_348_3-512.jpg"],[2,"1216740507_411521_349_3-512.jpg"],[2,"1216740507_601522_350_3-512.jpg"],[2,"1216740507_796554_351_3-512.jpg"],[2,"1216740507_996560_352_3-512.jpg"],[2,"1216740508_191507_353_3-512.jpg"],[2,"1216740508_386581_354_3-512.jpg"],[2,"1216740508_586544_355_3-512.jpg"],[2,"1216740508_791524_356_3-512.jpg"],[2,"1216743780_624013_8362_1-512.jpg"],[2,"1216743781_083968_8363_1-512.jpg"]],"design_ml":"designed","images":[]}
