{"MATERIAL":"corrugated metal","AVG_SLOPE":7.6729852254,"AVG_HEIGHT":8.26225566487,"TERAIN_SLP":3.46631647505,"AREA":68.124675275,"VOLUME":563,"FLOORS":3,"INT_ZONE":null,"FLOOD":2,"LANDSLIDE":"Amenaza Media","LEGAL_ID":"358","LEGAL_NAME":"EL PARAISO","LEGAL_AREA":26.04,"LEGAL_LOTS":2077,"LEGAL_POP":11215.8,"LEGAL_DENS":79.76190476,"LEGALIZING":null,"BLOCK_ID_":"002565051","BLOCK_POP":95,"BLOCK_BLD":21,"BLOCK_RISK":3.4137738,"BLOCK_EDU":0.90259469,"BLOCK_HLTH":27.965561,"BLOCK_TRAN":50.021797,"BLOCK_CULT":0,"BLOCK_PARK":78.609688,"BLOCK_SEC":100,"BLOCK_CENT":0,"BLOCK_DEF":47.619047619,"BLD_INHAB":5,"OBJECTID":1,"AO_225":0.16,"id":2076,"preds_material":[[6,"1216740504_976566_336_3-512.jpg"],[1,"1216740504_976566_336_3-512.jpg"],[5,"1216740505_151557_337_3-512.jpg"],[5,"1216740505_331524_338_3-512.jpg"],[6,"1216740505_331524_338_3-512.jpg"],[5,"1216740505_516574_339_3-512.jpg"],[6,"1216740505_516574_339_3-512.jpg"],[5,"1216740505_701518_340_3-512.jpg"],[5,"1216740505_886556_341_3-512.jpg"],[5,"1216740506_076563_342_3-512.jpg"],[6,"1216740506_076563_342_3-512.jpg"],[5,"1216740506_261538_343_3-512.jpg"],[5,"1216740506_451525_344_3-512.jpg"],[6,"1216740506_451525_344_3-512.jpg"],[5,"1216743783_219039_8367_1-512.jpg"],[5,"1216743783_678938_8368_1-512.jpg"],[5,"1216743784_573956_8370_1-512.jpg"]],"material_ml":"painted","preds_construction":[[2,"1216740504_976566_336_3-512.jpg"],[2,"1216740505_151557_337_3-512.jpg"],[2,"1216740505_331524_338_3-512.jpg"],[2,"1216740505_516574_339_3-512.jpg"],[2,"1216740505_701518_340_3-512.jpg"],[2,"1216740505_886556_341_3-512.jpg"],[2,"1216740506_076563_342_3-512.jpg"],[2,"1216740506_261538_343_3-512.jpg"],[2,"1216740506_451525_344_3-512.jpg"],[2,"1216740506_641532_345_3-512.jpg"],[2,"1216743783_219039_8367_1-512.jpg"],[2,"1216743783_678938_8368_1-512.jpg"],[2,"1216743784_148957_8369_1-512.jpg"],[2,"1216743784_573956_8370_1-512.jpg"]],"construction_ml":"complete","preds_design":[[2,"1216740504_976566_336_3-512.jpg"],[2,"1216740505_151557_337_3-512.jpg"],[2,"1216740505_331524_338_3-512.jpg"],[2,"1216740505_516574_339_3-512.jpg"],[2,"1216740505_701518_340_3-512.jpg"],[2,"1216740505_886556_341_3-512.jpg"],[2,"1216740506_076563_342_3-512.jpg"],[2,"1216740506_261538_343_3-512.jpg"],[2,"1216740506_451525_344_3-512.jpg"],[2,"1216740506_641532_345_3-512.jpg"],[2,"1216743783_219039_8367_1-512.jpg"],[2,"1216743783_678938_8368_1-512.jpg"],[2,"1216743784_148957_8369_1-512.jpg"]],"design_ml":"designed","images":[]}
