{"MATERIAL":"corrugated metal/heavily patched","AVG_SLOPE":3.33876046606,"AVG_HEIGHT":5.14305961936,"TERAIN_SLP":3.99165855179,"AREA":64.9125411963,"VOLUME":334,"FLOORS":2,"INT_ZONE":null,"FLOOD":1,"LANDSLIDE":"Amenaza Media","LEGAL_ID":"358","LEGAL_NAME":"EL PARAISO","LEGAL_AREA":26.04,"LEGAL_LOTS":2077,"LEGAL_POP":11215.8,"LEGAL_DENS":79.76190476,"LEGALIZING":null,"BLOCK_ID_":"002565036","BLOCK_POP":171,"BLOCK_BLD":42,"BLOCK_RISK":2.7483876,"BLOCK_EDU":1.4781685,"BLOCK_HLTH":41.804771,"BLOCK_TRAN":24.256557,"BLOCK_CULT":0,"BLOCK_PARK":93.006943,"BLOCK_SEC":100,"BLOCK_CENT":0,"BLOCK_DEF":30.9523809524,"BLD_INHAB":4,"OBJECTID":1,"AO_225":0.16,"id":2089,"preds_material":[[5,"1216743776_364063_8352_1-512.jpg"]],"material_ml":"painted","images":[]}
