{"MATERIAL":"corrugated metal","AVG_SLOPE":8.13366301239,"AVG_HEIGHT":7.52137025901,"TERAIN_SLP":12.5901501412,"AREA":76.1996866846,"VOLUME":573,"FLOORS":2,"INT_ZONE":"Borde Rural","FLOOD":3,"LANDSLIDE":"Amenaza Media","LEGAL_ID":"358","LEGAL_NAME":"EL PARAISO","LEGAL_AREA":26.04,"LEGAL_LOTS":2077,"LEGAL_POP":11215.8,"LEGAL_DENS":79.76190476,"LEGALIZING":null,"BLOCK_ID_":"002565008","BLOCK_POP":196,"BLOCK_BLD":51,"BLOCK_RISK":5.3271718,"BLOCK_EDU":0,"BLOCK_HLTH":12.281273,"BLOCK_TRAN":47.782475,"BLOCK_CULT":0,"BLOCK_PARK":18.900211,"BLOCK_SEC":100,"BLOCK_CENT":0,"BLOCK_DEF":45.0980392157,"BLD_INHAB":4,"OBJECTID":2,"AO_225":0.2,"id":213,"preds_material":[[5,"1216744528_770192_9843_3-512.jpg"],[5,"1216744529_090549_9844_3-512.jpg"],[5,"1216744529_460161_9845_3-512.jpg"],[5,"1216744529_880213_9846_3-512.jpg"],[5,"1216744532_625176_9852_3-512.jpg"],[5,"1216744532_985170_9853_3-512.jpg"],[5,"1216744533_330164_9854_3-512.jpg"],[5,"1216744533_700196_9855_3-512.jpg"],[5,"1216744534_030332_9856_3-512.jpg"],[1,"1216744534_030332_9856_3-512.jpg"],[5,"1216744534_355098_9857_3-512.jpg"],[5,"1216744534_680093_9858_3-512.jpg"],[5,"1216744535_045336_9859_3-512.jpg"],[5,"1216744535_395209_9860_3-512.jpg"],[2,"1216744536_105230_9862_3-512.jpg"],[2,"1216744536_440154_9863_3-512.jpg"],[2,"1216744536_805131_9864_3-512.jpg"],[2,"1216744537_165185_9865_3-512.jpg"],[2,"1216744537_525168_9866_3-512.jpg"],[2,"1216744537_935166_9867_3-512.jpg"],[5,"1216744538_305211_9868_3-512.jpg"],[5,"1216744538_675114_9869_3-512.jpg"],[5,"1216744539_040285_9870_3-512.jpg"],[5,"1216744539_410120_9871_3-512.jpg"],[5,"1216744539_800116_9872_3-512.jpg"],[5,"1216744540_570019_9874_3-512.jpg"],[2,"1216744540_570019_9874_3-512.jpg"],[1,"1216744540_570019_9874_3-512.jpg"],[1,"1216744540_980075_9875_3-512.jpg"],[2,"1216744540_980075_9875_3-512.jpg"],[2,"1216744541_450088_9876_3-512.jpg"],[1,"1216744541_450088_9876_3-512.jpg"],[5,"1216744541_450088_9876_3-512.jpg"],[2,"1216744542_145053_9877_3-512.jpg"],[5,"1216744542_145053_9877_3-512.jpg"],[1,"1216744542_145053_9877_3-512.jpg"],[5,"1216744543_140134_9878_3-512.jpg"],[1,"1216744543_140134_9878_3-512.jpg"],[6,"1216744543_140134_9878_3-512.jpg"],[5,"1216744546_445189_9883_3-512.jpg"],[5,"1216744546_915080_9884_3-512.jpg"],[5,"1216744547_370184_9885_3-512.jpg"]],"material_ml":"painted","preds_construction":[[2,"1216744533_330164_9854_3-512.jpg"],[2,"1216744533_700196_9855_3-512.jpg"],[2,"1216744534_030332_9856_3-512.jpg"],[2,"1216744534_355098_9857_3-512.jpg"],[2,"1216744534_680093_9858_3-512.jpg"],[2,"1216744536_105230_9862_3-512.jpg"],[2,"1216744536_440154_9863_3-512.jpg"],[2,"1216744536_805131_9864_3-512.jpg"],[2,"1216744537_165185_9865_3-512.jpg"],[2,"1216744537_525168_9866_3-512.jpg"],[2,"1216744537_935166_9867_3-512.jpg"],[2,"1216744538_675114_9869_3-512.jpg"],[2,"1216744539_040285_9870_3-512.jpg"],[2,"1216744539_410120_9871_3-512.jpg"],[2,"1216744539_800116_9872_3-512.jpg"],[2,"1216744540_175112_9873_3-512.jpg"],[2,"1216744540_175112_9873_3-512.jpg"],[2,"1216744540_570019_9874_3-512.jpg"],[2,"1216744540_570019_9874_3-512.jpg"],[1,"1216744540_980075_9875_3-512.jpg"],[2,"1216744540_980075_9875_3-512.jpg"],[1,"1216744541_450088_9876_3-512.jpg"],[2,"1216744541_450088_9876_3-512.jpg"],[2,"1216744542_145053_9877_3-512.jpg"],[1,"1216744542_145053_9877_3-512.jpg"],[2,"1216744543_140134_9878_3-512.jpg"],[2,"1216744546_445189_9883_3-512.jpg"],[2,"1216744546_915080_9884_3-512.jpg"],[2,"1216744547_370184_9885_3-512.jpg"],[2,"1216744547_845338_9886_3-512.jpg"]],"construction_ml":"complete","preds_design":[[2,"1216744533_700196_9855_3-512.jpg"],[2,"1216744534_030332_9856_3-512.jpg"],[2,"1216744534_355098_9857_3-512.jpg"],[2,"1216744534_680093_9858_3-512.jpg"],[2,"1216744536_105230_9862_3-512.jpg"],[2,"1216744536_440154_9863_3-512.jpg"],[2,"1216744536_805131_9864_3-512.jpg"],[2,"1216744537_165185_9865_3-512.jpg"],[2,"1216744537_525168_9866_3-512.jpg"],[2,"1216744537_935166_9867_3-512.jpg"],[1,"1216744538_675114_9869_3-512.jpg"],[1,"1216744539_040285_9870_3-512.jpg"],[1,"1216744539_410120_9871_3-512.jpg"],[1,"1216744539_800116_9872_3-512.jpg"],[1,"1216744540_570019_9874_3-512.jpg"],[2,"1216744540_570019_9874_3-512.jpg"],[1,"1216744540_980075_9875_3-512.jpg"],[1,"1216744541_450088_9876_3-512.jpg"],[1,"1216744542_145053_9877_3-512.jpg"],[1,"1216744543_140134_9878_3-512.jpg"],[2,"1216744546_445189_9883_3-512.jpg"],[2,"1216744546_915080_9884_3-512.jpg"],[2,"1216744547_370184_9885_3-512.jpg"]],"design_ml":"designed","images":[]}
