{"MATERIAL":"corrugated metal - painted","AVG_SLOPE":4.56713700331,"AVG_HEIGHT":8.00986039347,"TERAIN_SLP":5.6744363696,"AREA":79.64775671,"VOLUME":638,"FLOORS":3,"INT_ZONE":"Borde Rural","FLOOD":3,"LANDSLIDE":"Amenaza Media","LEGAL_ID":"358","LEGAL_NAME":"EL PARAISO","LEGAL_AREA":26.04,"LEGAL_LOTS":2077,"LEGAL_POP":11215.8,"LEGAL_DENS":79.76190476,"LEGALIZING":null,"BLOCK_ID_":"002565008","BLOCK_POP":196,"BLOCK_BLD":51,"BLOCK_RISK":5.3271718,"BLOCK_EDU":0,"BLOCK_HLTH":12.281273,"BLOCK_TRAN":47.782475,"BLOCK_CULT":0,"BLOCK_PARK":18.900211,"BLOCK_SEC":100,"BLOCK_CENT":0,"BLOCK_DEF":45.0980392157,"BLD_INHAB":4,"OBJECTID":2,"AO_225":0.2,"id":214,"preds_material":[[1,"1216744522_960285_9824_3-512.jpg"],[1,"1216744523_310295_9825_3-512.jpg"],[1,"1216744523_705288_9826_3-512.jpg"],[5,"1216744525_155272_9830_3-512.jpg"],[5,"1216744525_430277_9831_3-512.jpg"],[5,"1216744525_705299_9832_3-512.jpg"],[5,"1216744526_760403_9836_3-512.jpg"],[5,"1216744527_045390_9837_3-512.jpg"],[5,"1216744527_320385_9838_3-512.jpg"],[5,"1216744527_590213_9839_3-512.jpg"],[5,"1216744527_880223_9840_3-512.jpg"],[5,"1216744528_175209_9841_3-512.jpg"],[5,"1216744528_470124_9842_3-512.jpg"],[5,"1216744528_770192_9843_3-512.jpg"],[5,"1216744529_090549_9844_3-512.jpg"],[5,"1216744529_460161_9845_3-512.jpg"],[5,"1216744529_880213_9846_3-512.jpg"],[5,"1216744530_330185_9847_3-512.jpg"],[5,"1216744530_885200_9848_3-512.jpg"],[5,"1216744531_395306_9849_3-512.jpg"],[5,"1216744531_850241_9850_3-512.jpg"],[5,"1216744532_250267_9851_3-512.jpg"],[5,"1216744532_625176_9852_3-512.jpg"],[3,"1216744534_680093_9858_3-512.jpg"],[5,"1216744536_440154_9863_3-512.jpg"],[5,"1216744536_805131_9864_3-512.jpg"],[2,"1216744538_305211_9868_3-512.jpg"],[2,"1216744538_675114_9869_3-512.jpg"],[5,"1216744540_175112_9873_3-512.jpg"],[5,"1216744540_570019_9874_3-512.jpg"],[5,"1216744540_980075_9875_3-512.jpg"],[2,"1216744540_980075_9875_3-512.jpg"],[2,"1216744544_135116_9879_3-512.jpg"],[5,"1216744547_845338_9886_3-512.jpg"]],"material_ml":"painted","preds_construction":[[2,"1216744525_155272_9830_3-512.jpg"],[2,"1216744525_430277_9831_3-512.jpg"],[2,"1216744526_760403_9836_3-512.jpg"],[2,"1216744527_045390_9837_3-512.jpg"],[2,"1216744527_320385_9838_3-512.jpg"],[2,"1216744527_590213_9839_3-512.jpg"],[2,"1216744527_880223_9840_3-512.jpg"],[2,"1216744528_175209_9841_3-512.jpg"],[2,"1216744528_470124_9842_3-512.jpg"],[2,"1216744528_770192_9843_3-512.jpg"],[2,"1216744529_090549_9844_3-512.jpg"],[2,"1216744529_460161_9845_3-512.jpg"],[2,"1216744529_880213_9846_3-512.jpg"],[2,"1216744530_330185_9847_3-512.jpg"],[2,"1216744530_885200_9848_3-512.jpg"],[2,"1216744530_885200_9848_3-512.jpg"],[1,"1216744530_885200_9848_3-512.jpg"],[2,"1216744531_395306_9849_3-512.jpg"],[2,"1216744531_850241_9850_3-512.jpg"],[2,"1216744532_250267_9851_3-512.jpg"],[2,"1216744532_250267_9851_3-512.jpg"],[2,"1216744536_440154_9863_3-512.jpg"],[2,"1216744536_805131_9864_3-512.jpg"],[2,"1216744538_675114_9869_3-512.jpg"],[2,"1216744539_040285_9870_3-512.jpg"]],"construction_ml":"complete","preds_design":[[2,"1216744525_155272_9830_3-512.jpg"],[2,"1216744525_430277_9831_3-512.jpg"],[2,"1216744526_760403_9836_3-512.jpg"],[1,"1216744526_760403_9836_3-512.jpg"],[2,"1216744527_045390_9837_3-512.jpg"],[1,"1216744527_045390_9837_3-512.jpg"],[2,"1216744527_320385_9838_3-512.jpg"],[1,"1216744527_320385_9838_3-512.jpg"],[2,"1216744527_590213_9839_3-512.jpg"],[1,"1216744527_590213_9839_3-512.jpg"],[2,"1216744527_880223_9840_3-512.jpg"],[1,"1216744527_880223_9840_3-512.jpg"],[2,"1216744528_175209_9841_3-512.jpg"],[1,"1216744528_175209_9841_3-512.jpg"],[1,"1216744528_470124_9842_3-512.jpg"],[2,"1216744528_470124_9842_3-512.jpg"],[2,"1216744528_770192_9843_3-512.jpg"],[1,"1216744528_770192_9843_3-512.jpg"],[1,"1216744529_090549_9844_3-512.jpg"],[2,"1216744529_090549_9844_3-512.jpg"],[1,"1216744529_460161_9845_3-512.jpg"],[2,"1216744529_460161_9845_3-512.jpg"],[1,"1216744529_880213_9846_3-512.jpg"],[2,"1216744529_880213_9846_3-512.jpg"],[1,"1216744530_330185_9847_3-512.jpg"],[2,"1216744530_330185_9847_3-512.jpg"],[1,"1216744530_885200_9848_3-512.jpg"],[1,"1216744531_395306_9849_3-512.jpg"],[1,"1216744531_850241_9850_3-512.jpg"],[1,"1216744532_250267_9851_3-512.jpg"],[1,"1216744532_250267_9851_3-512.jpg"],[2,"1216744536_440154_9863_3-512.jpg"],[2,"1216744536_805131_9864_3-512.jpg"]],"design_ml":"undesigned","images":[]}
