{"MATERIAL":"corrugated metal/heavily patched","AVG_SLOPE":7.62735010687,"AVG_HEIGHT":2.92634706642,"TERAIN_SLP":5.06436656301,"AREA":65.804343077,"VOLUME":193,"FLOORS":1,"INT_ZONE":"Borde Rural","FLOOD":1,"LANDSLIDE":"Amenaza Media","LEGAL_ID":"358","LEGAL_NAME":"EL PARAISO","LEGAL_AREA":26.04,"LEGAL_LOTS":2077,"LEGAL_POP":11215.8,"LEGAL_DENS":79.76190476,"LEGALIZING":null,"BLOCK_ID_":"002565007","BLOCK_POP":179,"BLOCK_BLD":46,"BLOCK_RISK":18.182732,"BLOCK_EDU":0,"BLOCK_HLTH":11.450012,"BLOCK_TRAN":51.88393,"BLOCK_CULT":0,"BLOCK_PARK":1.3759065,"BLOCK_SEC":55.302574,"BLOCK_CENT":0,"BLOCK_DEF":45.652173913,"BLD_INHAB":4,"OBJECTID":2,"AO_225":0.2,"id":217,"preds_material":[[5,"1216744515_160184_9811_3-512.jpg"],[5,"1216744896_953475_10542_3-512.jpg"],[5,"1216744896_953475_10542_3-512.jpg"],[5,"1216744898_713469_10543_3-512.jpg"],[2,"1216744898_713469_10543_3-512.jpg"],[5,"1216744898_713469_10543_3-512.jpg"],[2,"1216744901_623441_10544_3-512.jpg"],[5,"1216744901_623441_10544_3-512.jpg"]],"material_ml":"painted","preds_construction":[[2,"1216744515_160184_9811_3-512.jpg"],[2,"1216744896_953475_10542_3-512.jpg"],[2,"1216744896_953475_10542_3-512.jpg"],[2,"1216744898_713469_10543_3-512.jpg"],[2,"1216744898_713469_10543_3-512.jpg"],[1,"1216744898_713469_10543_3-512.jpg"],[2,"1216744901_623441_10544_3-512.jpg"]],"construction_ml":"complete","preds_design":[[2,"1216744515_160184_9811_3-512.jpg"],[2,"1216744896_953475_10542_3-512.jpg"],[1,"1216744896_953475_10542_3-512.jpg"],[2,"1216744896_953475_10542_3-512.jpg"],[2,"1216744898_713469_10543_3-512.jpg"],[1,"1216744898_713469_10543_3-512.jpg"],[2,"1216744901_623441_10544_3-512.jpg"]],"design_ml":"designed","images":[]}
