{"MATERIAL":"corrugated metal","AVG_SLOPE":5.75741015962,"AVG_HEIGHT":6.88407475034,"TERAIN_SLP":13.5628409562,"AREA":76.4047927136,"VOLUME":526,"FLOORS":2,"INT_ZONE":"Borde Rural","FLOOD":2,"LANDSLIDE":"Amenaza Media","LEGAL_ID":"358","LEGAL_NAME":"EL PARAISO","LEGAL_AREA":26.04,"LEGAL_LOTS":2077,"LEGAL_POP":11215.8,"LEGAL_DENS":79.76190476,"LEGALIZING":null,"BLOCK_ID_":"002565008","BLOCK_POP":196,"BLOCK_BLD":51,"BLOCK_RISK":5.3271718,"BLOCK_EDU":0,"BLOCK_HLTH":12.281273,"BLOCK_TRAN":47.782475,"BLOCK_CULT":0,"BLOCK_PARK":18.900211,"BLOCK_SEC":100,"BLOCK_CENT":0,"BLOCK_DEF":45.0980392157,"BLD_INHAB":4,"OBJECTID":2,"AO_225":0.2,"id":222,"preds_material":[[5,"1216744561_060008_9914_1-512.jpg"],[5,"1216744561_060008_9914_3-512.jpg"],[5,"1216744561_060008_9914_3-512.jpg"],[5,"1216744561_640023_9915_1-512.jpg"],[5,"1216744561_640023_9915_3-512.jpg"],[5,"1216744561_640023_9915_3-512.jpg"],[5,"1216744562_190025_9916_1-512.jpg"],[5,"1216744562_190025_9916_3-512.jpg"],[5,"1216744562_190025_9916_3-512.jpg"],[5,"1216744562_845079_9917_3-512.jpg"],[5,"1216744562_845079_9917_3-512.jpg"],[1,"1216744562_845079_9917_3-512.jpg"],[5,"1216744563_694988_9918_3-512.jpg"],[1,"1216744563_694988_9918_3-512.jpg"]],"material_ml":"painted","preds_construction":[[2,"1216744561_060008_9914_1-512.jpg"],[2,"1216744561_060008_9914_3-512.jpg"],[2,"1216744561_060008_9914_3-512.jpg"],[2,"1216744561_640023_9915_1-512.jpg"],[2,"1216744561_640023_9915_3-512.jpg"],[2,"1216744561_640023_9915_3-512.jpg"],[2,"1216744562_190025_9916_1-512.jpg"],[2,"1216744562_190025_9916_3-512.jpg"],[2,"1216744562_190025_9916_3-512.jpg"],[1,"1216744562_190025_9916_3-512.jpg"],[2,"1216744562_845079_9917_3-512.jpg"],[2,"1216744562_845079_9917_3-512.jpg"],[2,"1216744563_694988_9918_3-512.jpg"]],"construction_ml":"complete","preds_design":[[2,"1216744561_060008_9914_1-512.jpg"],[2,"1216744561_060008_9914_3-512.jpg"],[2,"1216744561_060008_9914_3-512.jpg"],[1,"1216744561_060008_9914_3-512.jpg"],[2,"1216744561_640023_9915_1-512.jpg"],[2,"1216744561_640023_9915_3-512.jpg"],[1,"1216744561_640023_9915_3-512.jpg"],[2,"1216744561_640023_9915_3-512.jpg"],[2,"1216744562_190025_9916_1-512.jpg"],[2,"1216744562_190025_9916_3-512.jpg"],[2,"1216744562_190025_9916_3-512.jpg"],[1,"1216744562_190025_9916_3-512.jpg"],[2,"1216744562_845079_9917_3-512.jpg"],[2,"1216744562_845079_9917_3-512.jpg"],[1,"1216744562_845079_9917_3-512.jpg"],[2,"1216744563_694988_9918_3-512.jpg"],[1,"1216744563_694988_9918_3-512.jpg"]],"design_ml":"designed","images":[]}
