{"MATERIAL":"concrete","AVG_SLOPE":10.1144304539,"AVG_HEIGHT":5.34145378364,"TERAIN_SLP":22.0815777749,"AREA":67.4016810929,"VOLUME":360,"FLOORS":2,"INT_ZONE":null,"FLOOD":3,"LANDSLIDE":"Amenaza Media","LEGAL_ID":"358","LEGAL_NAME":"EL PARAISO","LEGAL_AREA":26.04,"LEGAL_LOTS":2077,"LEGAL_POP":11215.8,"LEGAL_DENS":79.76190476,"LEGALIZING":null,"BLOCK_ID_":"002565073","BLOCK_POP":130,"BLOCK_BLD":38,"BLOCK_RISK":3.7941351,"BLOCK_EDU":0.49189135,"BLOCK_HLTH":16.28826,"BLOCK_TRAN":60.17799,"BLOCK_CULT":0,"BLOCK_PARK":62.748135,"BLOCK_SEC":56.793983,"BLOCK_CENT":0,"BLOCK_DEF":39.4736842105,"BLD_INHAB":3,"OBJECTID":2,"AO_225":0.2,"id":2221,"images":[]}
