{"MATERIAL":"corrugated metal - new","AVG_SLOPE":7.92892435809,"AVG_HEIGHT":7.3962893714,"TERAIN_SLP":4.58955135767,"AREA":95.9905225871,"VOLUME":710,"FLOORS":2,"INT_ZONE":null,"FLOOD":1,"LANDSLIDE":"Amenaza Media","LEGAL_ID":"358","LEGAL_NAME":"EL PARAISO","LEGAL_AREA":26.04,"LEGAL_LOTS":2077,"LEGAL_POP":11215.8,"LEGAL_DENS":79.76190476,"LEGALIZING":null,"BLOCK_ID_":"002565075","BLOCK_POP":147,"BLOCK_BLD":43,"BLOCK_RISK":2.6527975,"BLOCK_EDU":0.54889584,"BLOCK_HLTH":18.007721,"BLOCK_TRAN":61.250553,"BLOCK_CULT":0,"BLOCK_PARK":63.316383,"BLOCK_SEC":100,"BLOCK_CENT":0,"BLOCK_DEF":25.5813953488,"BLD_INHAB":3,"OBJECTID":1,"AO_225":0.16,"id":2225,"preds_material":[[2,"1216740496_001582_286_3-512.jpg"],[5,"1216743797_703708_8397_1-512.jpg"]],"material_ml":"concrete","preds_construction":[[2,"1216740496_001582_286_3-512.jpg"]],"construction_ml":"complete","preds_design":[[2,"1216740496_001582_286_3-512.jpg"]],"design_ml":"designed","images":[]}
