{"MATERIAL":"corrugated metal","AVG_SLOPE":7.20384993494,"AVG_HEIGHT":6.05714599023,"TERAIN_SLP":1.68953631896,"AREA":230.603373322,"VOLUME":1397,"FLOORS":2,"INT_ZONE":null,"FLOOD":1,"LANDSLIDE":"Amenaza Media","LEGAL_ID":"358","LEGAL_NAME":"EL PARAISO","LEGAL_AREA":26.04,"LEGAL_LOTS":2077,"LEGAL_POP":11215.8,"LEGAL_DENS":79.76190476,"LEGALIZING":null,"BLOCK_ID_":"002565050","BLOCK_POP":53,"BLOCK_BLD":14,"BLOCK_RISK":3.3278797,"BLOCK_EDU":1.1139129,"BLOCK_HLTH":33.366993,"BLOCK_TRAN":50.464108,"BLOCK_CULT":0,"BLOCK_PARK":74.755394,"BLOCK_SEC":100,"BLOCK_CENT":0,"BLOCK_DEF":35.7142857143,"BLD_INHAB":4,"OBJECTID":1,"AO_225":0.16,"id":2231,"preds_material":[[5,"1216740498_761565_299_1-512.jpg"],[5,"1216740498_976581_300_1-512.jpg"],[5,"1216740499_191579_301_1-512.jpg"],[5,"1216740499_401546_302_1-512.jpg"],[5,"1216740499_601548_303_1-512.jpg"],[5,"1216740499_791558_304_1-512.jpg"],[5,"1216740499_981562_305_1-512.jpg"],[5,"1216740500_166580_306_1-512.jpg"],[5,"1216740500_341584_307_1-512.jpg"],[5,"1216740500_506602_308_1-512.jpg"],[5,"1216740500_671562_309_1-512.jpg"],[5,"1216740500_831570_310_1-512.jpg"],[5,"1216740500_986557_311_1-512.jpg"],[5,"1216740501_141547_312_1-512.jpg"],[5,"1216740501_296568_313_1-512.jpg"],[5,"1216740501_451612_314_1-512.jpg"],[5,"1216740501_606583_315_1-512.jpg"],[5,"1216740501_761596_316_1-512.jpg"],[5,"1216740501_916572_317_1-512.jpg"],[5,"1216740502_071545_318_1-512.jpg"],[5,"1216740502_226798_319_1-512.jpg"],[5,"1216740502_381538_320_1-512.jpg"],[5,"1216740502_536576_321_1-512.jpg"],[5,"1216740502_691566_322_1-512.jpg"],[5,"1216740502_851556_323_1-512.jpg"],[5,"1216740503_011681_324_1-512.jpg"],[1,"1216743786_648905_8376_3-512.jpg"],[5,"1216743787_053961_8377_3-512.jpg"],[5,"1216743787_508928_8378_3-512.jpg"],[5,"1216743788_163877_8379_3-512.jpg"],[1,"1216743788_163877_8379_3-512.jpg"],[5,"1216743788_163877_8379_3-512.jpg"],[5,"1216743788_823730_8380_3-512.jpg"],[5,"1216743788_823730_8380_3-512.jpg"],[5,"1216743789_368906_8381_3-512.jpg"],[5,"1216743789_368906_8381_3-512.jpg"],[5,"1216743789_838890_8382_3-512.jpg"],[2,"1216743789_838890_8382_3-512.jpg"],[1,"1216743789_838890_8382_3-512.jpg"],[5,"1216743790_268965_8383_3-512.jpg"],[5,"1216743790_673957_8384_3-512.jpg"],[1,"1216743790_673957_8384_3-512.jpg"],[5,"1216743791_103884_8385_3-512.jpg"],[1,"1216743791_103884_8385_3-512.jpg"],[1,"1216743791_568908_8386_3-512.jpg"],[5,"1216743791_568908_8386_3-512.jpg"],[1,"1216743792_083881_8387_3-512.jpg"],[1,"1216743792_623926_8388_3-512.jpg"],[1,"1216743793_138843_8389_3-512.jpg"],[1,"1216743793_683878_8390_3-512.jpg"],[1,"1216743794_313853_8391_3-512.jpg"],[1,"1216743795_518806_8393_3-512.jpg"],[5,"1216743795_518806_8393_3-512.jpg"],[5,"1216743796_128759_8394_3-512.jpg"],[5,"1216743796_668807_8395_1-512.jpg"],[5,"1216743796_668807_8395_3-512.jpg"],[2,"1216743796_668807_8395_3-512.jpg"],[5,"1216743797_213789_8396_3-512.jpg"],[2,"1216743797_213789_8396_3-512.jpg"],[5,"1216743797_703708_8397_3-512.jpg"],[2,"1216743797_703708_8397_3-512.jpg"],[5,"1216743798_153779_8398_3-512.jpg"],[5,"1216743798_583846_8399_3-512.jpg"],[2,"1216743798_583846_8399_3-512.jpg"],[5,"1216743798_583846_8399_3-512.jpg"],[1,"1216743798_583846_8399_3-512.jpg"],[5,"1216743798_984109_8400_3-512.jpg"],[2,"1216743798_984109_8400_3-512.jpg"],[2,"1216743799_393771_8401_3-512.jpg"],[5,"1216743799_393771_8401_3-512.jpg"],[2,"1216743799_393771_8401_3-512.jpg"],[5,"1216743799_393771_8401_3-512.jpg"],[1,"1216743799_393771_8401_3-512.jpg"],[2,"1216743799_828742_8402_3-512.jpg"],[5,"1216743799_828742_8402_3-512.jpg"],[2,"1216743799_828742_8402_3-512.jpg"],[1,"1216743799_828742_8402_3-512.jpg"],[1,"1216743800_263782_8403_3-512.jpg"],[2,"1216743800_263782_8403_3-512.jpg"],[5,"1216743800_263782_8403_3-512.jpg"],[5,"1216743800_263782_8403_3-512.jpg"],[5,"1216743800_753868_8404_3-512.jpg"],[1,"1216743800_753868_8404_3-512.jpg"],[2,"1216743800_753868_8404_3-512.jpg"],[1,"1216743800_753868_8404_3-512.jpg"],[5,"1216743800_753868_8404_3-512.jpg"],[5,"1216743801_193661_8405_3-512.jpg"],[1,"1216743801_193661_8405_3-512.jpg"],[5,"1216743801_628702_8406_3-512.jpg"],[1,"1216743801_628702_8406_3-512.jpg"],[1,"1216743802_043709_8407_3-512.jpg"],[2,"1216743802_043709_8407_3-512.jpg"],[2,"1216743802_493937_8408_3-512.jpg"],[2,"1216743802_938912_8409_3-512.jpg"]],"material_ml":"painted","preds_construction":[[2,"1216740498_761565_299_1-512.jpg"],[2,"1216740498_976581_300_1-512.jpg"],[2,"1216740499_191579_301_1-512.jpg"],[2,"1216740499_401546_302_1-512.jpg"],[2,"1216740499_601548_303_1-512.jpg"],[2,"1216740499_791558_304_1-512.jpg"],[2,"1216740499_981562_305_1-512.jpg"],[2,"1216740500_166580_306_1-512.jpg"],[2,"1216740500_341584_307_1-512.jpg"],[2,"1216740500_506602_308_1-512.jpg"],[2,"1216740500_671562_309_1-512.jpg"],[2,"1216740500_831570_310_1-512.jpg"],[2,"1216740500_986557_311_1-512.jpg"],[2,"1216740501_141547_312_1-512.jpg"],[2,"1216740501_296568_313_1-512.jpg"],[2,"1216740501_451612_314_1-512.jpg"],[2,"1216740501_606583_315_1-512.jpg"],[2,"1216740501_761596_316_1-512.jpg"],[2,"1216740501_916572_317_1-512.jpg"],[2,"1216740502_071545_318_1-512.jpg"],[2,"1216740502_226798_319_1-512.jpg"],[2,"1216740502_226798_319_1-512.jpg"],[2,"1216740502_381538_320_1-512.jpg"],[2,"1216740502_536576_321_1-512.jpg"],[2,"1216740502_691566_322_1-512.jpg"],[2,"1216740502_851556_323_1-512.jpg"],[2,"1216740503_011681_324_1-512.jpg"],[2,"1216743786_648905_8376_3-512.jpg"],[2,"1216743787_053961_8377_3-512.jpg"],[2,"1216743787_508928_8378_3-512.jpg"],[2,"1216743788_163877_8379_3-512.jpg"],[2,"1216743788_163877_8379_3-512.jpg"],[2,"1216743788_823730_8380_3-512.jpg"],[2,"1216743788_823730_8380_3-512.jpg"],[2,"1216743789_368906_8381_3-512.jpg"],[2,"1216743789_368906_8381_3-512.jpg"],[2,"1216743789_838890_8382_3-512.jpg"],[1,"1216743789_838890_8382_3-512.jpg"],[2,"1216743790_268965_8383_3-512.jpg"],[2,"1216743790_673957_8384_3-512.jpg"],[2,"1216743791_103884_8385_3-512.jpg"],[2,"1216743791_568908_8386_3-512.jpg"],[2,"1216743792_083881_8387_3-512.jpg"],[1,"1216743792_083881_8387_3-512.jpg"],[2,"1216743792_623926_8388_3-512.jpg"],[2,"1216743793_138843_8389_3-512.jpg"],[1,"1216743793_683878_8390_3-512.jpg"],[2,"1216743793_683878_8390_3-512.jpg"],[1,"1216743794_313853_8391_3-512.jpg"],[2,"1216743796_128759_8394_3-512.jpg"],[2,"1216743796_668807_8395_1-512.jpg"],[2,"1216743796_668807_8395_3-512.jpg"],[2,"1216743797_213789_8396_3-512.jpg"],[1,"1216743797_213789_8396_3-512.jpg"],[2,"1216743797_703708_8397_3-512.jpg"],[2,"1216743798_153779_8398_3-512.jpg"],[2,"1216743798_583846_8399_3-512.jpg"],[2,"1216743798_583846_8399_3-512.jpg"],[2,"1216743798_984109_8400_3-512.jpg"],[2,"1216743798_984109_8400_3-512.jpg"],[2,"1216743799_393771_8401_3-512.jpg"],[2,"1216743799_393771_8401_3-512.jpg"],[2,"1216743799_828742_8402_3-512.jpg"],[2,"1216743799_828742_8402_3-512.jpg"],[1,"1216743799_828742_8402_3-512.jpg"],[2,"1216743800_263782_8403_3-512.jpg"],[2,"1216743800_263782_8403_3-512.jpg"],[1,"1216743800_263782_8403_3-512.jpg"],[2,"1216743800_263782_8403_3-512.jpg"],[2,"1216743800_753868_8404_3-512.jpg"],[2,"1216743800_753868_8404_3-512.jpg"],[1,"1216743800_753868_8404_3-512.jpg"],[1,"1216743800_753868_8404_3-512.jpg"],[2,"1216743801_193661_8405_3-512.jpg"],[2,"1216743801_193661_8405_3-512.jpg"],[2,"1216743801_628702_8406_3-512.jpg"],[2,"1216743801_628702_8406_3-512.jpg"],[2,"1216743802_043709_8407_3-512.jpg"],[2,"1216743802_493937_8408_3-512.jpg"],[2,"1216743802_938912_8409_3-512.jpg"]],"construction_ml":"complete",