{"MATERIAL":"corrugated metal","AVG_SLOPE":7.30416688525,"AVG_HEIGHT":6.00329713158,"TERAIN_SLP":1.77698718087,"AREA":89.0559936391,"VOLUME":535,"FLOORS":2,"INT_ZONE":null,"FLOOD":1,"LANDSLIDE":"Amenaza Media","LEGAL_ID":"358","LEGAL_NAME":"EL PARAISO","LEGAL_AREA":26.04,"LEGAL_LOTS":2077,"LEGAL_POP":11215.8,"LEGAL_DENS":79.76190476,"LEGALIZING":null,"BLOCK_ID_":"002565050","BLOCK_POP":53,"BLOCK_BLD":14,"BLOCK_RISK":3.3278797,"BLOCK_EDU":1.1139129,"BLOCK_HLTH":33.366993,"BLOCK_TRAN":50.464108,"BLOCK_CULT":0,"BLOCK_PARK":74.755394,"BLOCK_SEC":100,"BLOCK_CENT":0,"BLOCK_DEF":35.7142857143,"BLD_INHAB":4,"OBJECTID":1,"AO_225":0.16,"id":2232,"preds_material":[[6,"1216740566_121167_490_1-512.jpg"],[1,"1216740568_966216_497_1-512.jpg"],[5,"1216743802_043709_8407_3-512.jpg"],[5,"1216743802_493937_8408_3-512.jpg"],[5,"1216743802_938912_8409_3-512.jpg"],[5,"1216743803_388803_8410_3-512.jpg"],[5,"1216743803_818926_8411_3-512.jpg"],[5,"1216743804_303902_8412_3-512.jpg"]],"material_ml":"painted","preds_construction":[[2,"1216743802_043709_8407_3-512.jpg"],[2,"1216743802_493937_8408_3-512.jpg"],[2,"1216743802_938912_8409_3-512.jpg"],[2,"1216743803_388803_8410_3-512.jpg"],[2,"1216743803_818926_8411_3-512.jpg"],[2,"1216743804_303902_8412_3-512.jpg"],[2,"1216743804_823868_8413_3-512.jpg"],[2,"1216743805_468771_8414_3-512.jpg"]],"construction_ml":"complete","preds_design":[[2,"1216740566_121167_490_1-512.jpg"],[2,"1216743802_043709_8407_3-512.jpg"],[2,"1216743802_493937_8408_3-512.jpg"],[2,"1216743802_938912_8409_3-512.jpg"],[2,"1216743803_388803_8410_3-512.jpg"],[2,"1216743803_818926_8411_3-512.jpg"],[2,"1216743804_303902_8412_3-512.jpg"],[2,"1216743804_823868_8413_3-512.jpg"],[2,"1216743805_468771_8414_3-512.jpg"]],"design_ml":"designed","images":[]}
