{"MATERIAL":"corrugated metal","AVG_SLOPE":4.26225964149,"AVG_HEIGHT":0.46381755251,"TERAIN_SLP":14.3571315517,"AREA":50.932468019,"VOLUME":24,"FLOORS":1,"INT_ZONE":null,"FLOOD":1,"LANDSLIDE":"Amenaza Media","LEGAL_ID":"358","LEGAL_NAME":"EL PARAISO","LEGAL_AREA":26.04,"LEGAL_LOTS":2077,"LEGAL_POP":11215.8,"LEGAL_DENS":79.76190476,"LEGALIZING":null,"BLOCK_ID_":"002565076","BLOCK_POP":190,"BLOCK_BLD":51,"BLOCK_RISK":4.6172566,"BLOCK_EDU":0.61687934,"BLOCK_HLTH":20.015526,"BLOCK_TRAN":70.551773,"BLOCK_CULT":0,"BLOCK_PARK":60.184933,"BLOCK_SEC":100,"BLOCK_CENT":0,"BLOCK_DEF":33.3333333333,"BLD_INHAB":4,"OBJECTID":1,"AO_225":0.16,"id":2233,"preds_material":[[1,"1216743798_583846_8399_1-512.jpg"],[1,"1216743798_984109_8400_1-512.jpg"],[1,"1216743799_393771_8401_1-512.jpg"],[1,"1216743799_828742_8402_1-512.jpg"],[1,"1216743800_263782_8403_1-512.jpg"],[1,"1216743800_753868_8404_1-512.jpg"],[1,"1216743801_193661_8405_1-512.jpg"],[1,"1216743801_628702_8406_1-512.jpg"],[1,"1216743802_043709_8407_1-512.jpg"],[1,"1216743802_493937_8408_1-512.jpg"],[5,"1216743802_493937_8408_1-512.jpg"]],"material_ml":"brick","preds_construction":[[2,"1216743798_583846_8399_1-512.jpg"],[2,"1216743798_984109_8400_1-512.jpg"],[2,"1216743799_393771_8401_1-512.jpg"],[2,"1216743799_828742_8402_1-512.jpg"],[2,"1216743800_263782_8403_1-512.jpg"],[2,"1216743800_753868_8404_1-512.jpg"],[2,"1216743801_193661_8405_1-512.jpg"],[2,"1216743801_628702_8406_1-512.jpg"],[2,"1216743802_043709_8407_1-512.jpg"],[2,"1216743802_493937_8408_1-512.jpg"]],"construction_ml":"complete","preds_design":[[2,"1216743798_583846_8399_1-512.jpg"],[2,"1216743798_984109_8400_1-512.jpg"],[2,"1216743799_393771_8401_1-512.jpg"],[2,"1216743799_828742_8402_1-512.jpg"],[2,"1216743800_263782_8403_1-512.jpg"],[2,"1216743800_753868_8404_1-512.jpg"],[2,"1216743801_193661_8405_1-512.jpg"],[2,"1216743801_628702_8406_1-512.jpg"],[2,"1216743802_043709_8407_1-512.jpg"],[2,"1216743802_493937_8408_1-512.jpg"]],"design_ml":"designed","images":[]}
