{"MATERIAL":"corrugated metal","AVG_SLOPE":5.15622004063,"AVG_HEIGHT":5.59856551358,"TERAIN_SLP":18.8597000927,"AREA":65.1497633224,"VOLUME":365,"FLOORS":2,"INT_ZONE":null,"FLOOD":1,"LANDSLIDE":"Amenaza Media","LEGAL_ID":"358","LEGAL_NAME":"EL PARAISO","LEGAL_AREA":26.04,"LEGAL_LOTS":2077,"LEGAL_POP":11215.8,"LEGAL_DENS":79.76190476,"LEGALIZING":null,"BLOCK_ID_":"002565076","BLOCK_POP":190,"BLOCK_BLD":51,"BLOCK_RISK":4.6172566,"BLOCK_EDU":0.61687934,"BLOCK_HLTH":20.015526,"BLOCK_TRAN":70.551773,"BLOCK_CULT":0,"BLOCK_PARK":60.184933,"BLOCK_SEC":100,"BLOCK_CENT":0,"BLOCK_DEF":33.3333333333,"BLD_INHAB":4,"OBJECTID":1,"AO_225":0.16,"id":2234,"preds_material":[[1,"1216740573_401126_513_1-512.jpg"]],"material_ml":"brick","preds_construction":[[2,"1216740573_401126_513_1-512.jpg"]],"construction_ml":"complete","preds_design":[[2,"1216740573_401126_513_1-512.jpg"]],"design_ml":"designed","images":[]}
