{"MATERIAL":"corrugated metal","AVG_SLOPE":7.94514855057,"AVG_HEIGHT":0.36662769389,"TERAIN_SLP":17.5025974576,"AREA":56.7834860203,"VOLUME":21,"FLOORS":1,"INT_ZONE":null,"FLOOD":1,"LANDSLIDE":"Amenaza Media","LEGAL_ID":"358","LEGAL_NAME":"EL PARAISO","LEGAL_AREA":26.04,"LEGAL_LOTS":2077,"LEGAL_POP":11215.8,"LEGAL_DENS":79.76190476,"LEGALIZING":null,"BLOCK_ID_":"002565073","BLOCK_POP":130,"BLOCK_BLD":38,"BLOCK_RISK":3.7941351,"BLOCK_EDU":0.49189135,"BLOCK_HLTH":16.28826,"BLOCK_TRAN":60.17799,"BLOCK_CULT":0,"BLOCK_PARK":62.748135,"BLOCK_SEC":56.793983,"BLOCK_CENT":0,"BLOCK_DEF":39.4736842105,"BLD_INHAB":3,"OBJECTID":2,"AO_225":0.2,"id":2237,"images":[]}
