{"MATERIAL":"corrugated metal/heavily patched","AVG_SLOPE":4.00454032021,"AVG_HEIGHT":8.23256564243,"TERAIN_SLP":5.11291555905,"AREA":59.6091762556,"VOLUME":491,"FLOORS":3,"INT_ZONE":null,"FLOOD":1,"LANDSLIDE":"Amenaza Media","LEGAL_ID":"358","LEGAL_NAME":"EL PARAISO","LEGAL_AREA":26.04,"LEGAL_LOTS":2077,"LEGAL_POP":11215.8,"LEGAL_DENS":79.76190476,"LEGALIZING":null,"BLOCK_ID_":"002565051","BLOCK_POP":95,"BLOCK_BLD":21,"BLOCK_RISK":3.4137738,"BLOCK_EDU":0.90259469,"BLOCK_HLTH":27.965561,"BLOCK_TRAN":50.021797,"BLOCK_CULT":0,"BLOCK_PARK":78.609688,"BLOCK_SEC":100,"BLOCK_CENT":0,"BLOCK_DEF":47.619047619,"BLD_INHAB":5,"OBJECTID":1,"AO_225":0.16,"id":2240,"preds_material":[[5,"1216740501_451612_314_3-512.jpg"],[5,"1216740501_606583_315_3-512.jpg"],[5,"1216740501_761596_316_3-512.jpg"],[5,"1216740501_916572_317_3-512.jpg"],[5,"1216740502_071545_318_3-512.jpg"],[5,"1216740502_226798_319_3-512.jpg"],[5,"1216740502_381538_320_3-512.jpg"],[5,"1216740502_536576_321_3-512.jpg"],[5,"1216740502_691566_322_3-512.jpg"],[5,"1216743787_053961_8377_1-512.jpg"],[5,"1216743787_508928_8378_1-512.jpg"],[5,"1216743788_163877_8379_1-512.jpg"],[5,"1216743788_163877_8379_1-512.jpg"],[5,"1216743788_823730_8380_1-512.jpg"],[5,"1216743788_823730_8380_1-512.jpg"],[5,"1216743789_368906_8381_1-512.jpg"],[5,"1216743789_368906_8381_1-512.jpg"],[5,"1216743789_838890_8382_1-512.jpg"],[5,"1216743789_838890_8382_1-512.jpg"],[5,"1216743790_268965_8383_1-512.jpg"],[5,"1216743790_268965_8383_1-512.jpg"]],"material_ml":"painted","preds_construction":[[2,"1216740501_451612_314_3-512.jpg"],[2,"1216740501_606583_315_3-512.jpg"],[2,"1216740501_761596_316_3-512.jpg"],[2,"1216740501_916572_317_3-512.jpg"],[2,"1216740502_071545_318_3-512.jpg"],[2,"1216740502_226798_319_3-512.jpg"],[2,"1216740502_381538_320_3-512.jpg"],[2,"1216740502_536576_321_3-512.jpg"],[2,"1216740502_691566_322_3-512.jpg"],[2,"1216743787_053961_8377_1-512.jpg"],[2,"1216743787_508928_8378_1-512.jpg"],[2,"1216743788_163877_8379_1-512.jpg"],[2,"1216743788_163877_8379_1-512.jpg"],[2,"1216743788_823730_8380_1-512.jpg"],[2,"1216743788_823730_8380_1-512.jpg"],[2,"1216743789_368906_8381_1-512.jpg"],[2,"1216743789_368906_8381_1-512.jpg"],[2,"1216743789_838890_8382_1-512.jpg"],[2,"1216743789_838890_8382_1-512.jpg"],[2,"1216743790_268965_8383_1-512.jpg"],[2,"1216743790_268965_8383_1-512.jpg"]],"construction_ml":"complete","preds_design":[[2,"1216740501_296568_313_3-512.jpg"],[2,"1216740501_451612_314_3-512.jpg"],[2,"1216740501_606583_315_3-512.jpg"],[2,"1216740501_761596_316_3-512.jpg"],[2,"1216740501_916572_317_3-512.jpg"],[2,"1216740502_071545_318_3-512.jpg"],[2,"1216740502_226798_319_3-512.jpg"],[2,"1216740502_381538_320_3-512.jpg"],[2,"1216740502_536576_321_3-512.jpg"],[2,"1216740502_691566_322_3-512.jpg"],[1,"1216743787_053961_8377_1-512.jpg"],[1,"1216743787_508928_8378_1-512.jpg"],[1,"1216743788_163877_8379_1-512.jpg"],[1,"1216743788_163877_8379_1-512.jpg"],[1,"1216743788_823730_8380_1-512.jpg"],[1,"1216743788_823730_8380_1-512.jpg"],[1,"1216743789_368906_8381_1-512.jpg"],[1,"1216743789_368906_8381_1-512.jpg"],[1,"1216743789_838890_8382_1-512.jpg"],[1,"1216743789_838890_8382_1-512.jpg"],[1,"1216743790_268965_8383_1-512.jpg"],[1,"1216743790_268965_8383_1-512.jpg"]],"design_ml":"undesigned","images":[]}
