{"MATERIAL":"corrugated metal/heavily patched","AVG_SLOPE":8.14976322335,"AVG_HEIGHT":6.62981558729,"TERAIN_SLP":5.86797479744,"AREA":68.7811932567,"VOLUME":456,"FLOORS":2,"INT_ZONE":null,"FLOOD":2,"LANDSLIDE":"Amenaza Media","LEGAL_ID":"358","LEGAL_NAME":"EL PARAISO","LEGAL_AREA":26.04,"LEGAL_LOTS":2077,"LEGAL_POP":11215.8,"LEGAL_DENS":79.76190476,"LEGALIZING":null,"BLOCK_ID_":"002565076","BLOCK_POP":190,"BLOCK_BLD":51,"BLOCK_RISK":4.6172566,"BLOCK_EDU":0.61687934,"BLOCK_HLTH":20.015526,"BLOCK_TRAN":70.551773,"BLOCK_CULT":0,"BLOCK_PARK":60.184933,"BLOCK_SEC":100,"BLOCK_CENT":0,"BLOCK_DEF":33.3333333333,"BLD_INHAB":4,"OBJECTID":1,"AO_225":0.16,"id":2271,"preds_material":[[5,"1216740493_681569_273_1-512.jpg"],[5,"1216740493_871566_274_1-512.jpg"],[5,"1216740494_056623_275_1-512.jpg"],[5,"1216740494_056623_275_1-512.jpg"],[5,"1216740494_056623_275_3-512.jpg"],[2,"1216740494_056623_275_3-512.jpg"],[5,"1216740494_236605_276_1-512.jpg"],[5,"1216740494_236605_276_3-512.jpg"],[2,"1216740494_236605_276_3-512.jpg"],[5,"1216740494_416592_277_1-512.jpg"],[5,"1216740494_416592_277_1-512.jpg"],[5,"1216740494_416592_277_3-512.jpg"],[2,"1216740494_416592_277_3-512.jpg"],[5,"1216740494_596618_278_1-512.jpg"],[5,"1216740494_596618_278_1-512.jpg"],[2,"1216740494_596618_278_3-512.jpg"],[5,"1216740494_596618_278_3-512.jpg"],[5,"1216740494_776624_279_1-512.jpg"],[5,"1216740494_776624_279_1-512.jpg"],[2,"1216740494_776624_279_3-512.jpg"]],"material_ml":"painted","preds_construction":[[2,"1216740493_491583_272_1-512.jpg"],[2,"1216740493_681569_273_1-512.jpg"],[2,"1216740493_871566_274_1-512.jpg"],[2,"1216740494_056623_275_1-512.jpg"],[2,"1216740494_056623_275_1-512.jpg"],[2,"1216740494_056623_275_3-512.jpg"],[2,"1216740494_056623_275_3-512.jpg"],[2,"1216740494_236605_276_1-512.jpg"],[2,"1216740494_236605_276_3-512.jpg"],[2,"1216740494_236605_276_3-512.jpg"],[2,"1216740494_416592_277_1-512.jpg"],[2,"1216740494_416592_277_3-512.jpg"],[2,"1216740494_416592_277_3-512.jpg"],[2,"1216740494_596618_278_1-512.jpg"],[2,"1216740494_596618_278_1-512.jpg"],[2,"1216740494_596618_278_3-512.jpg"],[2,"1216740494_596618_278_3-512.jpg"],[2,"1216740494_776624_279_1-512.jpg"],[2,"1216740494_776624_279_1-512.jpg"],[2,"1216740494_776624_279_3-512.jpg"]],"construction_ml":"complete","preds_design":[[2,"1216740493_491583_272_1-512.jpg"],[2,"1216740493_681569_273_1-512.jpg"],[2,"1216740493_871566_274_1-512.jpg"],[2,"1216740494_056623_275_1-512.jpg"],[2,"1216740494_056623_275_1-512.jpg"],[2,"1216740494_056623_275_3-512.jpg"],[2,"1216740494_056623_275_3-512.jpg"],[2,"1216740494_236605_276_1-512.jpg"],[2,"1216740494_236605_276_3-512.jpg"],[2,"1216740494_236605_276_3-512.jpg"],[2,"1216740494_416592_277_1-512.jpg"],[2,"1216740494_416592_277_3-512.jpg"],[2,"1216740494_416592_277_3-512.jpg"],[2,"1216740494_596618_278_1-512.jpg"],[2,"1216740494_596618_278_1-512.jpg"],[2,"1216740494_596618_278_3-512.jpg"],[2,"1216740494_596618_278_3-512.jpg"],[2,"1216740494_776624_279_1-512.jpg"],[2,"1216740494_776624_279_1-512.jpg"],[2,"1216740494_776624_279_3-512.jpg"]],"design_ml":"designed","images":[]}
