{"MATERIAL":"corrugated metal/heavily patched","AVG_SLOPE":5.02067175604,"AVG_HEIGHT":0.51217137313,"TERAIN_SLP":13.307112662,"AREA":60.6557741146,"VOLUME":31,"FLOORS":1,"INT_ZONE":null,"FLOOD":2,"LANDSLIDE":"Amenaza Media","LEGAL_ID":"358","LEGAL_NAME":"EL PARAISO","LEGAL_AREA":26.04,"LEGAL_LOTS":2077,"LEGAL_POP":11215.8,"LEGAL_DENS":79.76190476,"LEGALIZING":null,"BLOCK_ID_":"002565076","BLOCK_POP":190,"BLOCK_BLD":51,"BLOCK_RISK":4.6172566,"BLOCK_EDU":0.61687934,"BLOCK_HLTH":20.015526,"BLOCK_TRAN":70.551773,"BLOCK_CULT":0,"BLOCK_PARK":60.184933,"BLOCK_SEC":100,"BLOCK_CENT":0,"BLOCK_DEF":33.3333333333,"BLD_INHAB":4,"OBJECTID":1,"AO_225":0.16,"id":2288,"preds_material":[[5,"1216740677_150511_567_1-512.jpg"],[5,"1216740679_295558_573_1-512.jpg"]],"material_ml":"painted","preds_construction":[[2,"1216740677_150511_567_1-512.jpg"],[2,"1216740679_295558_573_1-512.jpg"]],"construction_ml":"complete","preds_design":[[1,"1216740677_150511_567_1-512.jpg"],[1,"1216740679_295558_573_1-512.jpg"]],"design_ml":"undesigned","images":[]}
