{"MATERIAL":"corrugated metal/heavily patched","AVG_SLOPE":6.84142362999,"AVG_HEIGHT":2.72338082202,"TERAIN_SLP":5.34337266073,"AREA":52.8840392082,"VOLUME":144,"FLOORS":1,"INT_ZONE":null,"FLOOD":1,"LANDSLIDE":"Amenaza Media","LEGAL_ID":"358","LEGAL_NAME":"EL PARAISO","LEGAL_AREA":26.04,"LEGAL_LOTS":2077,"LEGAL_POP":11215.8,"LEGAL_DENS":79.76190476,"LEGALIZING":null,"BLOCK_ID_":"002565076","BLOCK_POP":190,"BLOCK_BLD":51,"BLOCK_RISK":4.6172566,"BLOCK_EDU":0.61687934,"BLOCK_HLTH":20.015526,"BLOCK_TRAN":70.551773,"BLOCK_CULT":0,"BLOCK_PARK":60.184933,"BLOCK_SEC":100,"BLOCK_CENT":0,"BLOCK_DEF":33.3333333333,"BLD_INHAB":4,"OBJECTID":1,"AO_225":0.16,"id":2289,"preds_material":[[5,"1216740681_620514_579_1-512.jpg"],[5,"1216740682_005694_580_1-512.jpg"],[5,"1216740682_395553_581_1-512.jpg"],[5,"1216740682_795518_582_1-512.jpg"],[5,"1216740683_240536_583_1-512.jpg"],[5,"1216740683_675537_584_1-512.jpg"],[5,"1216740684_080504_585_1-512.jpg"]],"material_ml":"painted","preds_construction":[[2,"1216740681_620514_579_1-512.jpg"],[2,"1216740682_005694_580_1-512.jpg"],[2,"1216740682_395553_581_1-512.jpg"],[2,"1216740682_795518_582_1-512.jpg"],[2,"1216740683_240536_583_1-512.jpg"],[2,"1216740683_675537_584_1-512.jpg"],[2,"1216740684_080504_585_1-512.jpg"]],"construction_ml":"complete","preds_design":[[2,"1216740681_620514_579_1-512.jpg"],[2,"1216740682_005694_580_1-512.jpg"],[2,"1216740682_395553_581_1-512.jpg"],[2,"1216740682_795518_582_1-512.jpg"],[2,"1216740683_240536_583_1-512.jpg"],[2,"1216740683_675537_584_1-512.jpg"],[1,"1216740684_080504_585_1-512.jpg"],[2,"1216740684_080504_585_1-512.jpg"]],"design_ml":"designed","images":[]}
