{"MATERIAL":"corrugated metal/heavily patched","AVG_SLOPE":4.72989586092,"AVG_HEIGHT":3.35435646778,"TERAIN_SLP":3.16251397726,"AREA":70.5638840942,"VOLUME":237,"FLOORS":2,"INT_ZONE":"Borde Rural","FLOOD":1,"LANDSLIDE":"Amenaza Baja","LEGAL_ID":"358","LEGAL_NAME":"EL PARAISO","LEGAL_AREA":26.04,"LEGAL_LOTS":2077,"LEGAL_POP":11215.8,"LEGAL_DENS":79.76190476,"LEGALIZING":null,"BLOCK_ID_":"002565008","BLOCK_POP":196,"BLOCK_BLD":51,"BLOCK_RISK":5.3271718,"BLOCK_EDU":0,"BLOCK_HLTH":12.281273,"BLOCK_TRAN":47.782475,"BLOCK_CULT":0,"BLOCK_PARK":18.900211,"BLOCK_SEC":100,"BLOCK_CENT":0,"BLOCK_DEF":45.0980392157,"BLD_INHAB":4,"OBJECTID":2,"AO_225":0.2,"id":229,"preds_material":[[5,"1216744667_424785_10102_3-512.jpg"],[5,"1216744668_149656_10103_3-512.jpg"],[5,"1216744668_784605_10104_3-512.jpg"],[5,"1216744669_379629_10105_3-512.jpg"],[5,"1216744669_834466_10106_3-512.jpg"],[5,"1216744670_229673_10107_3-512.jpg"],[5,"1216744670_594498_10108_3-512.jpg"],[5,"1216744670_939605_10109_3-512.jpg"],[5,"1216744671_274536_10110_3-512.jpg"],[5,"1216744672_434529_10114_3-512.jpg"],[5,"1216744672_719643_10115_3-512.jpg"],[5,"1216745157_405672_10845_1-512.jpg"],[5,"1216745157_405672_10845_1-512.jpg"],[5,"1216745161_740597_10846_1-512.jpg"],[5,"1216745161_740597_10846_1-512.jpg"]],"material_ml":"painted","preds_construction":[[2,"1216744667_424785_10102_3-512.jpg"],[2,"1216744668_149656_10103_3-512.jpg"],[2,"1216744668_784605_10104_3-512.jpg"],[2,"1216744669_379629_10105_3-512.jpg"],[2,"1216744669_834466_10106_3-512.jpg"],[2,"1216744670_229673_10107_3-512.jpg"],[2,"1216744670_594498_10108_3-512.jpg"],[2,"1216744670_939605_10109_3-512.jpg"],[2,"1216744671_274536_10110_3-512.jpg"],[2,"1216744672_434529_10114_3-512.jpg"],[2,"1216744672_719643_10115_3-512.jpg"],[2,"1216745157_405672_10845_1-512.jpg"],[2,"1216745157_405672_10845_1-512.jpg"],[2,"1216745161_740597_10846_1-512.jpg"],[2,"1216745161_740597_10846_1-512.jpg"]],"construction_ml":"complete","preds_design":[[2,"1216744667_424785_10102_3-512.jpg"],[2,"1216744668_149656_10103_3-512.jpg"],[2,"1216744668_784605_10104_3-512.jpg"],[2,"1216744669_379629_10105_3-512.jpg"],[2,"1216744669_834466_10106_3-512.jpg"],[2,"1216744670_229673_10107_3-512.jpg"],[2,"1216744670_594498_10108_3-512.jpg"],[2,"1216744670_939605_10109_3-512.jpg"],[2,"1216744671_274536_10110_3-512.jpg"],[2,"1216744672_434529_10114_3-512.jpg"],[2,"1216744672_719643_10115_3-512.jpg"],[2,"1216745157_405672_10845_1-512.jpg"],[1,"1216745157_405672_10845_1-512.jpg"],[2,"1216745161_740597_10846_1-512.jpg"],[1,"1216745161_740597_10846_1-512.jpg"]],"design_ml":"designed","images":[]}
