{"MATERIAL":"corrugated metal/heavily patched","AVG_SLOPE":7.6786936247,"AVG_HEIGHT":4.0552401488,"TERAIN_SLP":5.80459042986,"AREA":63.8858543848,"VOLUME":259,"FLOORS":2,"INT_ZONE":"Borde Rural","FLOOD":3,"LANDSLIDE":"Amenaza Baja","LEGAL_ID":"358","LEGAL_NAME":"EL PARAISO","LEGAL_AREA":26.04,"LEGAL_LOTS":2077,"LEGAL_POP":11215.8,"LEGAL_DENS":79.76190476,"LEGALIZING":null,"BLOCK_ID_":"002565008","BLOCK_POP":196,"BLOCK_BLD":51,"BLOCK_RISK":5.3271718,"BLOCK_EDU":0,"BLOCK_HLTH":12.281273,"BLOCK_TRAN":47.782475,"BLOCK_CULT":0,"BLOCK_PARK":18.900211,"BLOCK_SEC":100,"BLOCK_CENT":0,"BLOCK_DEF":45.0980392157,"BLD_INHAB":4,"OBJECTID":2,"AO_225":0.2,"id":230,"preds_material":[[5,"1216744672_159515_10113_3-512.jpg"],[5,"1216745153_155660_10844_1-512.jpg"]],"material_ml":"painted","preds_construction":[[2,"1216745153_155660_10844_1-512.jpg"]],"construction_ml":"complete","preds_design":[[2,"1216745153_155660_10844_1-512.jpg"]],"design_ml":"designed","images":[]}
