{"MATERIAL":"corrugated metal","AVG_SLOPE":5.8268529787,"AVG_HEIGHT":7.96055829192,"TERAIN_SLP":1.80266743417,"AREA":70.0933977498,"VOLUME":558,"FLOORS":2,"INT_ZONE":null,"FLOOD":2,"LANDSLIDE":"Amenaza Media","LEGAL_ID":"358","LEGAL_NAME":"EL PARAISO","LEGAL_AREA":26.04,"LEGAL_LOTS":2077,"LEGAL_POP":11215.8,"LEGAL_DENS":79.76190476,"LEGALIZING":null,"BLOCK_ID_":"002565076","BLOCK_POP":190,"BLOCK_BLD":51,"BLOCK_RISK":4.6172566,"BLOCK_EDU":0.61687934,"BLOCK_HLTH":20.015526,"BLOCK_TRAN":70.551773,"BLOCK_CULT":0,"BLOCK_PARK":60.184933,"BLOCK_SEC":100,"BLOCK_CENT":0,"BLOCK_DEF":33.3333333333,"BLD_INHAB":4,"OBJECTID":1,"AO_225":0.16,"id":2300,"preds_material":[[5,"1216740482_441662_216_1-512.jpg"],[5,"1216740482_631672_217_1-512.jpg"],[5,"1216740482_631672_217_3-512.jpg"],[5,"1216740482_631672_217_3-512.jpg"],[6,"1216740482_631672_217_3-512.jpg"],[1,"1216740482_631672_217_3-512.jpg"],[1,"1216740482_631672_217_3-512.jpg"],[5,"1216740482_816724_218_1-512.jpg"],[1,"1216740482_816724_218_1-512.jpg"],[5,"1216740482_816724_218_3-512.jpg"],[1,"1216740482_816724_218_3-512.jpg"],[6,"1216740482_816724_218_3-512.jpg"],[5,"1216740483_001639_219_1-512.jpg"],[5,"1216740483_001639_219_1-512.jpg"],[5,"1216740483_001639_219_3-512.jpg"],[1,"1216740483_001639_219_3-512.jpg"],[5,"1216740483_196738_220_1-512.jpg"],[6,"1216740483_196738_220_1-512.jpg"],[5,"1216740483_196738_220_3-512.jpg"],[5,"1216740483_196738_220_3-512.jpg"],[2,"1216740483_196738_220_3-512.jpg"],[1,"1216740483_196738_220_3-512.jpg"],[5,"1216740483_386690_221_1-512.jpg"],[6,"1216740483_386690_221_1-512.jpg"],[5,"1216740483_386690_221_3-512.jpg"],[1,"1216740483_386690_221_3-512.jpg"],[5,"1216740483_386690_221_3-512.jpg"],[5,"1216740483_571633_222_1-512.jpg"],[2,"1216740483_571633_222_3-512.jpg"],[1,"1216740483_571633_222_3-512.jpg"],[5,"1216740483_761632_223_1-512.jpg"]],"material_ml":"painted","preds_construction":[[2,"1216740482_441662_216_1-512.jpg"],[2,"1216740482_631672_217_1-512.jpg"],[2,"1216740482_631672_217_3-512.jpg"],[2,"1216740482_631672_217_3-512.jpg"],[2,"1216740482_816724_218_1-512.jpg"],[2,"1216740482_816724_218_1-512.jpg"],[2,"1216740482_816724_218_3-512.jpg"],[2,"1216740483_001639_219_1-512.jpg"],[2,"1216740483_001639_219_1-512.jpg"],[2,"1216740483_001639_219_3-512.jpg"],[2,"1216740483_196738_220_1-512.jpg"],[2,"1216740483_196738_220_1-512.jpg"],[2,"1216740483_196738_220_3-512.jpg"],[2,"1216740483_196738_220_3-512.jpg"],[2,"1216740483_386690_221_1-512.jpg"],[2,"1216740483_386690_221_1-512.jpg"],[2,"1216740483_386690_221_3-512.jpg"],[2,"1216740483_386690_221_3-512.jpg"],[2,"1216740483_571633_222_1-512.jpg"],[2,"1216740483_571633_222_3-512.jpg"],[2,"1216740483_761632_223_1-512.jpg"]],"construction_ml":"complete","preds_design":[[2,"1216740482_441662_216_1-512.jpg"],[2,"1216740482_631672_217_1-512.jpg"],[1,"1216740482_631672_217_3-512.jpg"],[1,"1216740482_631672_217_3-512.jpg"],[2,"1216740482_631672_217_3-512.jpg"],[2,"1216740482_816724_218_1-512.jpg"],[1,"1216740482_816724_218_1-512.jpg"],[2,"1216740482_816724_218_3-512.jpg"],[1,"1216740482_816724_218_3-512.jpg"],[2,"1216740483_001639_219_1-512.jpg"],[2,"1216740483_001639_219_1-512.jpg"],[2,"1216740483_001639_219_3-512.jpg"],[1,"1216740483_001639_219_3-512.jpg"],[2,"1216740483_196738_220_1-512.jpg"],[2,"1216740483_196738_220_1-512.jpg"],[2,"1216740483_196738_220_3-512.jpg"],[1,"1216740483_196738_220_3-512.jpg"],[1,"1216740483_196738_220_3-512.jpg"],[2,"1216740483_386690_221_1-512.jpg"],[2,"1216740483_386690_221_1-512.jpg"],[1,"1216740483_386690_221_3-512.jpg"],[2,"1216740483_386690_221_3-512.jpg"],[1,"1216740483_386690_221_3-512.jpg"],[2,"1216740483_571633_222_1-512.jpg"],[1,"1216740483_571633_222_3-512.jpg"],[2,"1216740483_571633_222_3-512.jpg"],[2,"1216740483_761632_223_1-512.jpg"]],"design_ml":"designed","images":[]}
