{"MATERIAL":"corrugated metal - dark","AVG_SLOPE":7.45850572948,"AVG_HEIGHT":5.39039582709,"TERAIN_SLP":5.88273172471,"AREA":64.1930912926,"VOLUME":346,"FLOORS":2,"INT_ZONE":null,"FLOOD":1,"LANDSLIDE":"Amenaza Media","LEGAL_ID":"358","LEGAL_NAME":"EL PARAISO","LEGAL_AREA":26.04,"LEGAL_LOTS":2077,"LEGAL_POP":11215.8,"LEGAL_DENS":79.76190476,"LEGALIZING":null,"BLOCK_ID_":"002565075","BLOCK_POP":147,"BLOCK_BLD":43,"BLOCK_RISK":2.6527975,"BLOCK_EDU":0.54889584,"BLOCK_HLTH":18.007721,"BLOCK_TRAN":61.250553,"BLOCK_CULT":0,"BLOCK_PARK":63.316383,"BLOCK_SEC":100,"BLOCK_CENT":0,"BLOCK_DEF":25.5813953488,"BLD_INHAB":3,"OBJECTID":1,"AO_225":0.16,"id":2306,"preds_material":[[5,"1216740477_611663_194_3-512.jpg"],[5,"1216740477_881659_195_3-512.jpg"],[5,"1216740478_141649_196_3-512.jpg"]],"material_ml":"painted","images":[]}
