{"MATERIAL":"corrugated metal - dark","AVG_SLOPE":6.79221212901,"AVG_HEIGHT":2.79438536844,"TERAIN_SLP":4.31522528592,"AREA":54.1052845957,"VOLUME":151,"FLOORS":1,"INT_ZONE":null,"FLOOD":1,"LANDSLIDE":"Amenaza Media","LEGAL_ID":"358","LEGAL_NAME":"EL PARAISO","LEGAL_AREA":26.04,"LEGAL_LOTS":2077,"LEGAL_POP":11215.8,"LEGAL_DENS":79.76190476,"LEGALIZING":null,"BLOCK_ID_":"002565075","BLOCK_POP":147,"BLOCK_BLD":43,"BLOCK_RISK":2.6527975,"BLOCK_EDU":0.54889584,"BLOCK_HLTH":18.007721,"BLOCK_TRAN":61.250553,"BLOCK_CULT":0,"BLOCK_PARK":63.316383,"BLOCK_SEC":100,"BLOCK_CENT":0,"BLOCK_DEF":25.5813953488,"BLD_INHAB":3,"OBJECTID":1,"AO_225":0.16,"id":2307,"preds_material":[[1,"1216740460_716831_153_3-512.jpg"],[6,"1216740461_006969_154_3-512.jpg"],[1,"1216740461_006969_154_3-512.jpg"],[5,"1216740461_006969_154_3-512.jpg"],[5,"1216740461_281823_155_3-512.jpg"],[6,"1216740461_281823_155_3-512.jpg"],[1,"1216740461_281823_155_3-512.jpg"],[1,"1216740461_546837_156_3-512.jpg"],[1,"1216740461_811786_157_3-512.jpg"],[5,"1216740462_081813_158_3-512.jpg"],[5,"1216740462_081813_158_3-512.jpg"],[1,"1216740462_081813_158_3-512.jpg"],[5,"1216740462_361807_159_3-512.jpg"],[5,"1216740462_361807_159_3-512.jpg"],[5,"1216740462_651786_160_3-512.jpg"],[5,"1216740462_951807_161_3-512.jpg"],[1,"1216740463_266835_162_3-512.jpg"],[5,"1216740463_266835_162_3-512.jpg"],[6,"1216740463_266835_162_3-512.jpg"],[5,"1216745631_263083_11594_3-512.jpg"],[5,"1216745632_188268_11597_3-512.jpg"],[2,"1216745634_808152_11608_3-512.jpg"],[5,"1216745634_808152_11608_3-512.jpg"],[1,"1216745636_913003_11618_3-512.jpg"],[6,"1216745639_678178_11631_3-512.jpg"],[1,"1216745639_893113_11632_3-512.jpg"],[1,"1216745640_103105_11633_3-512.jpg"],[6,"1216745640_103105_11633_3-512.jpg"],[6,"1216745650_347966_11663_3-512.jpg"],[5,"1216745651_547841_11668_3-512.jpg"],[5,"1216745651_807904_11669_3-512.jpg"],[5,"1216745655_787755_11679_3-512.jpg"],[5,"1216745659_987727_11686_3-512.jpg"],[1,"1216745659_987727_11686_3-512.jpg"],[5,"1216745660_667747_11687_3-512.jpg"],[5,"1216745663_637600_11692_3-512.jpg"],[5,"1216745664_147815_11693_3-512.jpg"],[2,"1216745674_412355_11714_3-512.jpg"],[1,"1216745674_767460_11715_3-512.jpg"],[6,"1216745674_767460_11715_3-512.jpg"],[5,"1216745675_727426_11718_3-512.jpg"],[5,"1216745676_052335_11719_3-512.jpg"],[6,"1216745678_062283_11724_3-512.jpg"],[6,"1216745678_642303_11725_3-512.jpg"],[6,"1216745679_477328_11726_3-512.jpg"],[1,"1216745687_457197_11742_3-512.jpg"],[5,"1216745688_437215_11747_3-512.jpg"],[5,"1216745688_612138_11748_3-512.jpg"],[5,"1216745689_437293_11753_3-512.jpg"],[6,"1216745689_437293_11753_3-512.jpg"],[5,"1216745689_597160_11754_3-512.jpg"],[6,"1216745689_597160_11754_3-512.jpg"],[5,"1216745690_397189_11759_3-512.jpg"],[5,"1216745690_552093_11760_3-512.jpg"],[5,"1216745693_327233_11778_3-512.jpg"],[5,"1216745693_482086_11779_3-512.jpg"],[5,"1216745694_291995_11784_3-512.jpg"],[5,"1216745699_657033_11809_3-512.jpg"],[5,"1216745699_846895_11810_3-512.jpg"],[5,"1216745700_776958_11815_3-512.jpg"],[5,"1216745700_956991_11816_3-512.jpg"],[5,"1216745701_826897_11821_3-512.jpg"],[5,"1216745701_996869_11822_3-512.jpg"],[5,"1216745702_816924_11827_3-512.jpg"],[5,"1216745702_971829_11828_3-512.jpg"],[5,"1216745703_756980_11833_3-512.jpg"],[5,"1216745703_911757_11834_3-512.jpg"],[5,"1216745704_661800_11839_3-512.jpg"],[5,"1216745704_811878_11840_3-512.jpg"],[5,"1216745705_561843_11845_3-512.jpg"],[5,"1216745705_711807_11846_3-512.jpg"],[5,"1216745706_476788_11851_3-512.jpg"],[5,"1216745706_631741_11852_3-512.jpg"],[5,"1216745707_411782_11857_3-512.jpg"],[5,"1216745707_571787_11858_3-512.jpg"],[5,"1216745707_731805_11859_3-512.jpg"],[5,"1216745708_546821_11864_3-512.jpg"],[5,"1216745708_711809_11865_3-512.jpg"],[5,"1216745709_536845_11870_3-512.jpg"],[5,"1216745709_701863_11871_3-512.jpg"],[5,"1216745710_546733_11876_3-512.jpg"],[5,"1216745710_721685_11877_3-512.jpg"],[6,"1216745711_656828_11882_3-512.jpg"],[5,"1216745711_656828_11882_3-512.jpg"],[1,"1216745711_656828_11882_3-512.jpg"],[1,"1216745711_856812_11883_3-512.jpg"],[6,"1216745711_856812_11883_3-512.jpg"],[5,"1216745711_856812_11883_3-512.jpg"],[5,"1216745712_956748_11888_3-512.jpg"],[5,"1216745713_206817_11889_3-512.jpg"],[5,"1216745725_286480_11915_3-512.jpg"],[5,"1216745726_176682_11919_3-512.jpg"],[1,"1216745735_781272_11972_3-512.jpg"],[2,"1216745736_721237_11977_3-512.jpg"],[5,"1216745739_701249_11996_3-512.jpg"],[5,"1216745741_206243_12007_3-512.jpg"],[6,"1216745741_836210_12012_3-512.jpg"],[5,"1216745747_250926_12049_3-512.jpg"],[5,"1216746515_359525_14890_3-512.jpg"],[2,"1216746525_689066_14901_3-512.jpg"],[6,"1216746531_899008_14923_3-512.jpg"],[5,"1216746532_533986_14924_3-512.jpg"],[6,"1216746532_533986_14924_3-512.jpg"],[5,"1216746535_264045_14928_3-512.jpg"],[5,"1216746557_558767_14956_3-512.jpg"],[5,"1216746560_688741_14961_3-512.jpg"],[5,"1216746575_028165_14980_3-512.jpg"],[5,"1216746579_208051_14987_3-512.jpg"],[2,"1216746589_802937_15010_3-512.jpg"],[5,"1216746593_777972_15016_3-512.jpg"],[1,"1216746593_777972_15016_3-512.jpg"],[5,"1216746612_127823_15038_3-512.jpg"],[5,"1216746612_627575_15039_3-512.jpg"],[5,"1216746613_072659_15040_3-512.jpg"],[5,"1216746614_537512_15045_3-512.jpg"],[5,"1216746614_777403_15046_3-512.jpg"],[5,"1216746615_862742_15051_3-512.jpg"],[5,"1216746615_862742_15051_3-512.jpg"],[5,"1216746619_407269_15068_3-512.jpg"],[5,"1216746619_622365_15069_3-512.jpg"],[5,"1216746619_837367_15070_3-512.jpg"],[1,"1216746619_837367_15070_3-512.jpg"],[5,"1216746620_912283_15075_3-512.jpg"],[5,"1216746621_127191_15076_3-512.jpg"],[5,"1216746629_171983_15108_3-512.jpg"],[5,"1216746630_442093_15113_3-512.jpg"],[5,"1216746630_672033_15114_3-512.jpg"],[5,"1216746631_711923_15119_3-512.jpg"],[5,"1216746631_906862_15120_3-512.jpg"],[5,"1216746633_061867_15126_3-512.jpg"],[6,"1216746634_211987_15132_3-512.jpg"],[5,"1216746635_385012_15138_3-512.jpg"],[5,"1216746635_605043_15139_3-512.jpg"],[5,"1216746637_105032_15146_3-512.jpg"],[5,"1216746637_290003_15147_3-512.jpg"],[2,"1216746638_269927_15153_3-512.jpg"],[2,"1216746638_419923_15154_3-512.jpg"],[5,"1216746639_545152_15162_3-512.jpg"],[5,"1216746640_684990_15171_3-512.jpg"],[5,"1216746641_734999_15179_3-512.jpg"],[5,"1216746641_879912_15180_3-512.jpg"]],"material_ml":"painted","preds_construction":[[2,"1216740460_716831_153_3-512.jpg"],[2,"1216740461_006969_154_3-512.jpg"],[2,"1216740461_281823_155_3-512.jpg"],[1,"1216740461_281823_155_3-512.jpg"],[2,"1216740461_546837_156_3-512.jpg"],[2,"1216740461_811786_157_3-512.jpg"],[2,"1216740462_081813_158_3-512.jpg"],[2,"1216740462_081813_158_3-512.jpg"],[2,"1216740462_361807_159_3-512.jpg"],[2,"1216740462_361807_159_3-512.jpg"],[2,"1216740462_651786_160_3-512.jpg"],[2,"1216740462_951807_161_3-512.jpg"],[1,"1216740462_951807_161_3-512.jpg"],[2,"1216740463_266835_162_3-512.jpg"],[1,"1216740463_266835_162_3-512.jpg"]],"construction_ml":"complete","preds_design":[[2,"1216740460_716831_153_3-512.jpg"],[1,"1216740460_716831_153_3-512.jpg"],[1,"1216740461_006969_154_3-512.jpg"],[2,"1216740461_006969_154_3-512.jpg"],[1,"1216740461_281823_155_3-512.jpg"],[1,"1216740461_546837_156_3-512.jpg"],[1,"1216740461_811786_157_3-512.jpg"],[1,"1216740462_081813_158_3-512.jpg"],[1,"1216740462_081813_158_3-512.jpg"],[2,"1216740462_081813_158_3-512.jpg"],[1,"1216740462_361807_159_3-512.jpg"],[1,"1216740462_361807_159_3-512.jpg"],[1,"1216740462_651786_160_3-512.jpg"],[1,"1216740462_951807_161_3-512.jpg"],[1,"1216740463_266835_162_3-512.jpg"]],"design_ml":"undesigned","images":[]}
