{"MATERIAL":"corrugated metal - dark","AVG_SLOPE":9.91494289951,"AVG_HEIGHT":2.34118993262,"TERAIN_SLP":13.5218413149,"AREA":73.6199213334,"VOLUME":172,"FLOORS":1,"INT_ZONE":null,"FLOOD":1,"LANDSLIDE":"Amenaza Media","LEGAL_ID":"358","LEGAL_NAME":"EL PARAISO","LEGAL_AREA":26.04,"LEGAL_LOTS":2077,"LEGAL_POP":11215.8,"LEGAL_DENS":79.76190476,"LEGALIZING":null,"BLOCK_ID_":"002565073","BLOCK_POP":130,"BLOCK_BLD":38,"BLOCK_RISK":3.7941351,"BLOCK_EDU":0.49189135,"BLOCK_HLTH":16.28826,"BLOCK_TRAN":60.17799,"BLOCK_CULT":0,"BLOCK_PARK":62.748135,"BLOCK_SEC":56.793983,"BLOCK_CENT":0,"BLOCK_DEF":39.4736842105,"BLD_INHAB":3,"OBJECTID":1,"AO_225":0.16,"id":2309,"images":[]}
