{"MATERIAL":"corrugated metal/heavily patched","AVG_SLOPE":4.89962204578,"AVG_HEIGHT":4.47477573945,"TERAIN_SLP":4.30551242176,"AREA":42.192875813,"VOLUME":189,"FLOORS":2,"INT_ZONE":"Borde Rural","FLOOD":1,"LANDSLIDE":"Amenaza Baja","LEGAL_ID":"358","LEGAL_NAME":"EL PARAISO","LEGAL_AREA":26.04,"LEGAL_LOTS":2077,"LEGAL_POP":11215.8,"LEGAL_DENS":79.76190476,"LEGALIZING":null,"BLOCK_ID_":"002565008","BLOCK_POP":196,"BLOCK_BLD":51,"BLOCK_RISK":5.3271718,"BLOCK_EDU":0,"BLOCK_HLTH":12.281273,"BLOCK_TRAN":47.782475,"BLOCK_CULT":0,"BLOCK_PARK":18.900211,"BLOCK_SEC":100,"BLOCK_CENT":0,"BLOCK_DEF":45.0980392157,"BLD_INHAB":4,"OBJECTID":2,"AO_225":0.2,"id":231,"preds_material":[[5,"1216745034_311071_10569_1-512.jpg"],[5,"1216745035_756023_10570_1-512.jpg"],[5,"1216745036_650973_10571_1-512.jpg"],[1,"1216745037_972660_10573_1-512.jpg"],[6,"1216745037_972660_10573_1-512.jpg"],[5,"1216745039_317665_10576_1-512.jpg"],[5,"1216745039_712604_10577_1-512.jpg"],[5,"1216745040_087553_10578_1-512.jpg"],[6,"1216745041_747544_10583_1-512.jpg"],[1,"1216745041_747544_10583_1-512.jpg"],[2,"1216745041_747544_10583_1-512.jpg"],[5,"1216745055_307307_10614_1-512.jpg"],[5,"1216745055_307307_10614_1-512.jpg"],[5,"1216745055_587321_10615_1-512.jpg"],[5,"1216745061_912235_10637_1-512.jpg"],[5,"1216745062_177070_10638_1-512.jpg"],[5,"1216745143_075851_10842_1-512.jpg"],[5,"1216745148_380867_10843_1-512.jpg"],[5,"1216745148_380867_10843_1-512.jpg"],[5,"1216745153_155660_10844_1-512.jpg"]],"material_ml":"painted","preds_construction":[[2,"1216745035_756023_10570_1-512.jpg"],[2,"1216745036_650973_10571_1-512.jpg"],[2,"1216745037_972660_10573_1-512.jpg"],[2,"1216745039_712604_10577_1-512.jpg"],[2,"1216745040_087553_10578_1-512.jpg"],[2,"1216745041_422615_10582_1-512.jpg"],[2,"1216745041_747544_10583_1-512.jpg"],[2,"1216745052_062447_10604_1-512.jpg"],[2,"1216745055_307307_10614_1-512.jpg"],[2,"1216745055_587321_10615_1-512.jpg"],[2,"1216745062_177070_10638_1-512.jpg"],[2,"1216745063_587144_10644_1-512.jpg"],[2,"1216745143_075851_10842_1-512.jpg"],[2,"1216745148_380867_10843_1-512.jpg"],[2,"1216745148_380867_10843_1-512.jpg"],[2,"1216745153_155660_10844_1-512.jpg"]],"construction_ml":"complete","preds_design":[[2,"1216745035_756023_10570_1-512.jpg"],[2,"1216745036_650973_10571_1-512.jpg"],[1,"1216745037_972660_10573_1-512.jpg"],[2,"1216745037_972660_10573_1-512.jpg"],[2,"1216745039_712604_10577_1-512.jpg"],[2,"1216745040_087553_10578_1-512.jpg"],[2,"1216745041_422615_10582_1-512.jpg"],[2,"1216745041_747544_10583_1-512.jpg"],[2,"1216745051_607421_10603_1-512.jpg"],[2,"1216745052_062447_10604_1-512.jpg"],[1,"1216745052_062447_10604_1-512.jpg"],[2,"1216745055_587321_10615_1-512.jpg"],[1,"1216745055_587321_10615_1-512.jpg"],[2,"1216745060_597110_10632_1-512.jpg"],[2,"1216745062_177070_10638_1-512.jpg"],[2,"1216745063_587144_10644_1-512.jpg"],[2,"1216745143_075851_10842_1-512.jpg"],[2,"1216745148_380867_10843_1-512.jpg"],[1,"1216745148_380867_10843_1-512.jpg"],[1,"1216745153_155660_10844_1-512.jpg"]],"design_ml":"designed","images":[]}
