{"MATERIAL":"concrete","AVG_SLOPE":5.28470961621,"AVG_HEIGHT":6.21508626057,"TERAIN_SLP":1.48145338083,"AREA":70.2951790742,"VOLUME":437,"FLOORS":2,"INT_ZONE":null,"FLOOD":1,"LANDSLIDE":"Amenaza Media","LEGAL_ID":"358","LEGAL_NAME":"EL PARAISO","LEGAL_AREA":26.04,"LEGAL_LOTS":2077,"LEGAL_POP":11215.8,"LEGAL_DENS":79.76190476,"LEGALIZING":null,"BLOCK_ID_":"002565076","BLOCK_POP":190,"BLOCK_BLD":51,"BLOCK_RISK":4.6172566,"BLOCK_EDU":0.61687934,"BLOCK_HLTH":20.015526,"BLOCK_TRAN":70.551773,"BLOCK_CULT":0,"BLOCK_PARK":60.184933,"BLOCK_SEC":100,"BLOCK_CENT":0,"BLOCK_DEF":33.3333333333,"BLD_INHAB":4,"OBJECTID":1,"AO_225":0.16,"id":2313,"preds_material":[[1,"1216740464_376784_165_3-512.jpg"],[5,"1216740472_431732_180_1-512.jpg"],[5,"1216740472_871812_181_1-512.jpg"],[5,"1216740473_331680_182_1-512.jpg"],[5,"1216740473_786743_183_1-512.jpg"],[5,"1216740474_231752_184_1-512.jpg"],[5,"1216740474_671700_185_1-512.jpg"],[5,"1216740475_066807_186_1-512.jpg"],[5,"1216740475_451685_187_1-512.jpg"],[5,"1216740475_821681_188_1-512.jpg"],[5,"1216740476_161704_189_1-512.jpg"],[5,"1216740476_466702_190_1-512.jpg"],[5,"1216740476_761673_191_1-512.jpg"],[5,"1216740476_761673_191_1-512.jpg"],[5,"1216740477_061741_192_1-512.jpg"],[5,"1216740477_061741_192_1-512.jpg"],[5,"1216740477_336732_193_1-512.jpg"],[5,"1216740477_611663_194_1-512.jpg"],[1,"1216745758_699546_12089_3-512.jpg"],[1,"1216745758_844437_12090_3-512.jpg"],[1,"1216745758_984505_12091_3-512.jpg"],[1,"1216745759_119518_12092_3-512.jpg"],[1,"1216745759_254384_12093_3-512.jpg"],[1,"1216745759_384313_12094_3-512.jpg"],[5,"1216745759_384313_12094_3-512.jpg"]],"material_ml":"painted","preds_construction":[[2,"1216740472_431732_180_1-512.jpg"],[2,"1216740472_871812_181_1-512.jpg"],[2,"1216740473_331680_182_1-512.jpg"],[2,"1216740473_786743_183_1-512.jpg"],[2,"1216740474_231752_184_1-512.jpg"],[2,"1216740474_671700_185_1-512.jpg"],[2,"1216740475_066807_186_1-512.jpg"],[2,"1216740475_451685_187_1-512.jpg"],[2,"1216740475_821681_188_1-512.jpg"],[2,"1216740476_161704_189_1-512.jpg"],[2,"1216740476_466702_190_1-512.jpg"],[2,"1216740476_761673_191_1-512.jpg"],[2,"1216740476_761673_191_1-512.jpg"],[2,"1216740477_061741_192_1-512.jpg"],[2,"1216740477_061741_192_1-512.jpg"],[2,"1216740477_336732_193_1-512.jpg"],[2,"1216740477_611663_194_1-512.jpg"],[2,"1216745758_844437_12090_3-512.jpg"],[2,"1216745758_984505_12091_3-512.jpg"],[2,"1216746643_239895_15188_3-512.jpg"]],"construction_ml":"complete","preds_design":[[2,"1216740472_431732_180_1-512.jpg"],[2,"1216740472_871812_181_1-512.jpg"],[2,"1216740473_331680_182_1-512.jpg"],[2,"1216740473_786743_183_1-512.jpg"],[2,"1216740474_231752_184_1-512.jpg"],[2,"1216740474_671700_185_1-512.jpg"],[2,"1216740475_066807_186_1-512.jpg"],[2,"1216740475_451685_187_1-512.jpg"],[2,"1216740475_821681_188_1-512.jpg"],[2,"1216740476_161704_189_1-512.jpg"],[2,"1216740476_466702_190_1-512.jpg"],[2,"1216740476_761673_191_1-512.jpg"],[2,"1216740477_061741_192_1-512.jpg"],[2,"1216740477_061741_192_1-512.jpg"],[2,"1216740477_336732_193_1-512.jpg"],[2,"1216740477_611663_194_1-512.jpg"],[2,"1216745759_759450_12097_3-512.jpg"],[2,"1216745759_834373_12098_3-512.jpg"],[2,"1216745759_954425_12099_3-512.jpg"],[2,"1216745760_079505_12100_3-512.jpg"]],"design_ml":"designed","images":[]}
