{"MATERIAL":"corrugated metal/heavily patched","AVG_SLOPE":11.5405745636,"AVG_HEIGHT":3.37821028847,"TERAIN_SLP":14.4030377409,"AREA":32.6115548145,"VOLUME":110,"FLOORS":2,"INT_ZONE":null,"FLOOD":1,"LANDSLIDE":"Amenaza Media","LEGAL_ID":"358","LEGAL_NAME":"EL PARAISO","LEGAL_AREA":26.04,"LEGAL_LOTS":2077,"LEGAL_POP":11215.8,"LEGAL_DENS":79.76190476,"LEGALIZING":null,"BLOCK_ID_":"002565073","BLOCK_POP":130,"BLOCK_BLD":38,"BLOCK_RISK":3.7941351,"BLOCK_EDU":0.49189135,"BLOCK_HLTH":16.28826,"BLOCK_TRAN":60.17799,"BLOCK_CULT":0,"BLOCK_PARK":62.748135,"BLOCK_SEC":56.793983,"BLOCK_CENT":0,"BLOCK_DEF":39.4736842105,"BLD_INHAB":3,"OBJECTID":2,"AO_225":0.2,"id":2327,"preds_material":[[5,"1216740453_176951_118_3-512.jpg"],[1,"1216740453_176951_118_3-512.jpg"],[5,"1216740453_321875_119_3-512.jpg"],[1,"1216740453_321875_119_3-512.jpg"],[5,"1216740453_466881_120_3-512.jpg"],[5,"1216740453_611867_121_3-512.jpg"],[5,"1216740453_756869_122_3-512.jpg"],[5,"1216740453_901842_123_3-512.jpg"],[5,"1216740454_051994_124_3-512.jpg"]],"material_ml":"painted","preds_construction":[[2,"1216740453_321875_119_3-512.jpg"],[2,"1216740453_321875_119_3-512.jpg"],[2,"1216740453_466881_120_3-512.jpg"],[2,"1216740453_611867_121_3-512.jpg"],[2,"1216740453_756869_122_3-512.jpg"],[2,"1216740453_756869_122_3-512.jpg"],[2,"1216740454_051994_124_3-512.jpg"],[1,"1216740454_051994_124_3-512.jpg"],[2,"1216740454_051994_124_3-512.jpg"],[2,"1216740454_201831_125_3-512.jpg"]],"construction_ml":"complete","preds_design":[[2,"1216740453_032002_117_3-512.jpg"],[2,"1216740453_176951_118_3-512.jpg"],[2,"1216740453_321875_119_3-512.jpg"],[1,"1216740453_611867_121_3-512.jpg"],[2,"1216740453_901842_123_3-512.jpg"]],"design_ml":"designed","images":[]}
