{"MATERIAL":"corrugated metal","AVG_SLOPE":4.485088356,"AVG_HEIGHT":4.70200625329,"TERAIN_SLP":14.438101761,"AREA":65.7528073431,"VOLUME":309,"FLOORS":2,"INT_ZONE":"Borde Rural","FLOOD":1,"LANDSLIDE":"Amenaza Media","LEGAL_ID":"358","LEGAL_NAME":"EL PARAISO","LEGAL_AREA":26.04,"LEGAL_LOTS":2077,"LEGAL_POP":11215.8,"LEGAL_DENS":79.76190476,"LEGALIZING":null,"BLOCK_ID_":"002565027","BLOCK_POP":146,"BLOCK_BLD":38,"BLOCK_RISK":2.3715286,"BLOCK_EDU":1.0613019,"BLOCK_HLTH":31.602531,"BLOCK_TRAN":37.277332,"BLOCK_CULT":0,"BLOCK_PARK":47.038616,"BLOCK_SEC":100,"BLOCK_CENT":0,"BLOCK_DEF":47.3684210526,"BLD_INHAB":4,"OBJECTID":2,"AO_225":0.2,"id":2332,"preds_material":[[5,"1216743502_245250_7627_3-512.jpg"],[5,"1216743502_615266_7628_3-512.jpg"],[5,"1216743502_965287_7629_3-512.jpg"],[5,"1216743506_175251_7640_3-512.jpg"],[5,"1216743507_915188_7646_3-512.jpg"],[5,"1216743509_820112_7652_3-512.jpg"],[5,"1216743512_975183_7661_3-512.jpg"],[1,"1216743629_679893_7896_1-512.jpg"],[1,"1216743630_359956_7897_1-512.jpg"],[5,"1216743630_359956_7897_1-512.jpg"]],"material_ml":"painted","preds_construction":[[2,"1216743502_245250_7627_3-512.jpg"],[2,"1216743502_615266_7628_3-512.jpg"],[2,"1216743502_965287_7629_3-512.jpg"],[2,"1216743506_175251_7640_3-512.jpg"],[2,"1216743507_915188_7646_3-512.jpg"],[2,"1216743509_820112_7652_3-512.jpg"],[2,"1216743629_679893_7896_1-512.jpg"],[2,"1216743630_359956_7897_1-512.jpg"],[1,"1216743630_359956_7897_1-512.jpg"]],"construction_ml":"complete","preds_design":[[2,"1216743502_615266_7628_3-512.jpg"],[2,"1216743502_965287_7629_3-512.jpg"],[2,"1216743506_175251_7640_3-512.jpg"],[2,"1216743509_820112_7652_3-512.jpg"],[1,"1216743509_820112_7652_3-512.jpg"],[2,"1216743629_679893_7896_1-512.jpg"],[2,"1216743630_359956_7897_1-512.jpg"]],"design_ml":"designed","images":[]}
