{"MATERIAL":"corrugated metal","AVG_SLOPE":6.81262256414,"AVG_HEIGHT":0.4376736703,"TERAIN_SLP":17.5600810086,"AREA":53.5430441548,"VOLUME":23,"FLOORS":1,"INT_ZONE":null,"FLOOD":1,"LANDSLIDE":"Amenaza Media","LEGAL_ID":"358","LEGAL_NAME":"EL PARAISO","LEGAL_AREA":26.04,"LEGAL_LOTS":2077,"LEGAL_POP":11215.8,"LEGAL_DENS":79.76190476,"LEGALIZING":null,"BLOCK_ID_":"002565027","BLOCK_POP":146,"BLOCK_BLD":38,"BLOCK_RISK":2.3715286,"BLOCK_EDU":1.0613019,"BLOCK_HLTH":31.602531,"BLOCK_TRAN":37.277332,"BLOCK_CULT":0,"BLOCK_PARK":47.038616,"BLOCK_SEC":100,"BLOCK_CENT":0,"BLOCK_DEF":47.3684210526,"BLD_INHAB":4,"OBJECTID":2,"AO_225":0.2,"id":2333,"preds_material":[[1,"1216743636_695445_7903_1-512.jpg"]],"material_ml":"brick","images":[]}
