{"MATERIAL":"concrete","AVG_SLOPE":11.6902663739,"AVG_HEIGHT":4.21223233406,"TERAIN_SLP":15.9051294968,"AREA":58.3563288834,"VOLUME":246,"FLOORS":2,"INT_ZONE":"Borde Rural","FLOOD":3,"LANDSLIDE":"Amenaza Media","LEGAL_ID":"358","LEGAL_NAME":"EL PARAISO","LEGAL_AREA":26.04,"LEGAL_LOTS":2077,"LEGAL_POP":11215.8,"LEGAL_DENS":79.76190476,"LEGALIZING":null,"BLOCK_ID_":"002565007","BLOCK_POP":179,"BLOCK_BLD":46,"BLOCK_RISK":18.182732,"BLOCK_EDU":0,"BLOCK_HLTH":11.450012,"BLOCK_TRAN":51.88393,"BLOCK_CULT":0,"BLOCK_PARK":1.3759065,"BLOCK_SEC":55.302574,"BLOCK_CENT":0,"BLOCK_DEF":45.652173913,"BLD_INHAB":4,"OBJECTID":2,"AO_225":0.2,"id":234,"preds_material":[[5,"1216744670_939605_10109_3-512.jpg"],[6,"1216745143_075851_10842_3-512.jpg"],[5,"1216745143_075851_10842_3-512.jpg"],[5,"1216745148_380867_10843_3-512.jpg"],[6,"1216745148_380867_10843_3-512.jpg"],[5,"1216745148_380867_10843_3-512.jpg"]],"material_ml":"painted","preds_construction":[[2,"1216745143_075851_10842_3-512.jpg"],[2,"1216745148_380867_10843_3-512.jpg"],[2,"1216745148_380867_10843_3-512.jpg"]],"construction_ml":"complete","preds_design":[[2,"1216745148_380867_10843_3-512.jpg"]],"design_ml":"designed","images":[]}
