{"MATERIAL":"corrugated metal","AVG_SLOPE":6.94293505477,"AVG_HEIGHT":1.19842225924,"TERAIN_SLP":33.205181111,"AREA":26.3861255174,"VOLUME":32,"FLOORS":1,"INT_ZONE":null,"FLOOD":2,"LANDSLIDE":"Amenaza Media","LEGAL_ID":"358","LEGAL_NAME":"EL PARAISO","LEGAL_AREA":26.04,"LEGAL_LOTS":2077,"LEGAL_POP":11215.8,"LEGAL_DENS":79.76190476,"LEGALIZING":null,"BLOCK_ID_":"002565028","BLOCK_POP":101,"BLOCK_BLD":30,"BLOCK_RISK":4.2300892,"BLOCK_EDU":1.3512359,"BLOCK_HLTH":38.316826,"BLOCK_TRAN":45.751347,"BLOCK_CULT":0,"BLOCK_PARK":52.189842,"BLOCK_SEC":58.547501,"BLOCK_CENT":0,"BLOCK_DEF":36.6666666667,"BLD_INHAB":3,"OBJECTID":2,"AO_225":0.2,"id":2345,"images":[]}
