{"MATERIAL":"corrugated metal/heavily patched","AVG_SLOPE":6.3901807354,"AVG_HEIGHT":2.99626976047,"TERAIN_SLP":17.653220133,"AREA":57.8133155612,"VOLUME":173,"FLOORS":1,"INT_ZONE":null,"FLOOD":1,"LANDSLIDE":"Amenaza Media","LEGAL_ID":"358","LEGAL_NAME":"EL PARAISO","LEGAL_AREA":26.04,"LEGAL_LOTS":2077,"LEGAL_POP":11215.8,"LEGAL_DENS":79.76190476,"LEGALIZING":null,"BLOCK_ID_":"002565027","BLOCK_POP":146,"BLOCK_BLD":38,"BLOCK_RISK":2.3715286,"BLOCK_EDU":1.0613019,"BLOCK_HLTH":31.602531,"BLOCK_TRAN":37.277332,"BLOCK_CULT":0,"BLOCK_PARK":47.038616,"BLOCK_SEC":100,"BLOCK_CENT":0,"BLOCK_DEF":47.3684210526,"BLD_INHAB":4,"OBJECTID":2,"AO_225":0.2,"id":2349,"preds_material":[[5,"1216743638_289919_7905_1-512.jpg"],[5,"1216743638_914691_7906_1-512.jpg"],[1,"1216743639_549801_7907_1-512.jpg"],[5,"1216743639_549801_7907_1-512.jpg"],[1,"1216743639_549801_7907_1-512.jpg"],[5,"1216743640_184663_7908_1-512.jpg"],[5,"1216743640_764844_7909_1-512.jpg"],[5,"1216743641_339828_7910_1-512.jpg"]],"material_ml":"painted","preds_construction":[[2,"1216743638_289919_7905_1-512.jpg"],[1,"1216743638_289919_7905_1-512.jpg"],[2,"1216743638_914691_7906_1-512.jpg"],[1,"1216743638_914691_7906_1-512.jpg"],[2,"1216743639_549801_7907_1-512.jpg"],[1,"1216743639_549801_7907_1-512.jpg"],[2,"1216743639_549801_7907_1-512.jpg"],[2,"1216743640_184663_7908_1-512.jpg"],[1,"1216743640_184663_7908_1-512.jpg"],[2,"1216743640_184663_7908_1-512.jpg"],[2,"1216743640_764844_7909_1-512.jpg"],[1,"1216743640_764844_7909_1-512.jpg"],[2,"1216743641_339828_7910_1-512.jpg"]],"construction_ml":"complete","preds_design":[[1,"1216743638_289919_7905_1-512.jpg"],[1,"1216743638_914691_7906_1-512.jpg"],[2,"1216743639_549801_7907_1-512.jpg"],[1,"1216743639_549801_7907_1-512.jpg"],[1,"1216743640_184663_7908_1-512.jpg"],[1,"1216743640_764844_7909_1-512.jpg"],[1,"1216743641_339828_7910_1-512.jpg"]],"design_ml":"undesigned","images":[]}
