{"MATERIAL":"corrugated metal/heavily patched","AVG_SLOPE":4.35729085377,"AVG_HEIGHT":5.38743264847,"TERAIN_SLP":10.9590434534,"AREA":51.1479965028,"VOLUME":276,"FLOORS":2,"INT_ZONE":"Borde Rural","FLOOD":1,"LANDSLIDE":"Amenaza Media","LEGAL_ID":"358","LEGAL_NAME":"EL PARAISO","LEGAL_AREA":26.04,"LEGAL_LOTS":2077,"LEGAL_POP":11215.8,"LEGAL_DENS":79.76190476,"LEGALIZING":null,"BLOCK_ID_":"002565027","BLOCK_POP":146,"BLOCK_BLD":38,"BLOCK_RISK":2.3715286,"BLOCK_EDU":1.0613019,"BLOCK_HLTH":31.602531,"BLOCK_TRAN":37.277332,"BLOCK_CULT":0,"BLOCK_PARK":47.038616,"BLOCK_SEC":100,"BLOCK_CENT":0,"BLOCK_DEF":47.3684210526,"BLD_INHAB":4,"OBJECTID":2,"AO_225":0.2,"id":2351,"preds_material":[[6,"1216743497_770164_7617_3-512.jpg"],[2,"1216743497_770164_7617_3-512.jpg"],[5,"1216743497_770164_7617_3-512.jpg"],[2,"1216743498_080246_7618_3-512.jpg"],[5,"1216743498_080246_7618_3-512.jpg"],[6,"1216743498_080246_7618_3-512.jpg"],[2,"1216743498_430217_7619_3-512.jpg"],[6,"1216743498_430217_7619_3-512.jpg"],[5,"1216743498_430217_7619_3-512.jpg"],[2,"1216743498_805313_7620_3-512.jpg"],[5,"1216743498_805313_7620_3-512.jpg"],[6,"1216743498_805313_7620_3-512.jpg"],[5,"1216743499_245319_7621_3-512.jpg"],[2,"1216743499_245319_7621_3-512.jpg"],[5,"1216743499_850184_7622_3-512.jpg"],[2,"1216743499_850184_7622_3-512.jpg"],[5,"1216743503_290280_7630_3-512.jpg"],[5,"1216743503_600430_7631_3-512.jpg"],[5,"1216743503_905256_7632_3-512.jpg"],[5,"1216743504_195270_7633_3-512.jpg"],[5,"1216743504_475292_7634_3-512.jpg"],[5,"1216743504_755324_7635_3-512.jpg"],[5,"1216743505_025324_7636_3-512.jpg"],[5,"1216743505_300285_7637_3-512.jpg"],[5,"1216743505_580181_7638_3-512.jpg"],[5,"1216743505_865267_7639_3-512.jpg"],[5,"1216743506_175251_7640_3-512.jpg"],[5,"1216743506_455248_7641_3-512.jpg"],[5,"1216743506_720234_7642_3-512.jpg"],[5,"1216743507_010226_7643_3-512.jpg"],[5,"1216743507_295291_7644_3-512.jpg"],[5,"1216743507_615166_7645_3-512.jpg"],[5,"1216743507_915188_7646_3-512.jpg"],[5,"1216743508_225179_7647_3-512.jpg"],[5,"1216743508_555197_7648_3-512.jpg"],[5,"1216743508_860191_7649_3-512.jpg"],[5,"1216743509_175455_7650_3-512.jpg"],[5,"1216743509_500077_7651_3-512.jpg"],[5,"1216743509_820112_7652_3-512.jpg"],[5,"1216743510_150103_7653_3-512.jpg"],[5,"1216743510_475336_7654_3-512.jpg"],[5,"1216743510_825114_7655_3-512.jpg"],[5,"1216743511_205076_7656_3-512.jpg"],[5,"1216743511_584971_7657_3-512.jpg"],[5,"1216743511_940208_7658_3-512.jpg"],[1,"1216743631_194726_7898_1-512.jpg"],[1,"1216743631_935079_7899_1-512.jpg"],[1,"1216743632_659766_7900_1-512.jpg"],[2,"1216743632_659766_7900_1-512.jpg"],[5,"1216743632_659766_7900_1-512.jpg"],[5,"1216743632_659766_7900_1-512.jpg"],[1,"1216743633_550020_7901_1-512.jpg"],[1,"1216743634_480206_7902_1-512.jpg"]],"material_ml":"painted","preds_construction":[[2,"1216743497_465238_7616_3-512.jpg"],[2,"1216743497_770164_7617_3-512.jpg"],[2,"1216743498_080246_7618_3-512.jpg"],[2,"1216743498_430217_7619_3-512.jpg"],[2,"1216743498_805313_7620_3-512.jpg"],[2,"1216743499_245319_7621_3-512.jpg"],[2,"1216743499_850184_7622_3-512.jpg"],[2,"1216743503_290280_7630_3-512.jpg"],[2,"1216743503_600430_7631_3-512.jpg"],[2,"1216743503_905256_7632_3-512.jpg"],[2,"1216743504_195270_7633_3-512.jpg"],[2,"1216743504_475292_7634_3-512.jpg"],[2,"1216743504_755324_7635_3-512.jpg"],[2,"1216743505_025324_7636_3-512.jpg"],[2,"1216743505_300285_7637_3-512.jpg"],[2,"1216743505_580181_7638_3-512.jpg"],[2,"1216743505_865267_7639_3-512.jpg"],[2,"1216743506_175251_7640_3-512.jpg"],[2,"1216743506_455248_7641_3-512.jpg"],[2,"1216743506_720234_7642_3-512.jpg"],[2,"1216743507_010226_7643_3-512.jpg"],[2,"1216743507_295291_7644_3-512.jpg"],[2,"1216743507_615166_7645_3-512.jpg"],[2,"1216743508_225179_7647_3-512.jpg"],[2,"1216743508_555197_7648_3-512.jpg"],[2,"1216743508_860191_7649_3-512.jpg"],[2,"1216743509_175455_7650_3-512.jpg"],[2,"1216743509_500077_7651_3-512.jpg"],[2,"1216743510_150103_7653_3-512.jpg"],[2,"1216743510_475336_7654_3-512.jpg"],[2,"1216743510_825114_7655_3-512.jpg"],[2,"1216743511_205076_7656_3-512.jpg"],[2,"1216743511_584971_7657_3-512.jpg"],[2,"1216743511_940208_7658_3-512.jpg"],[2,"1216743631_194726_7898_1-512.jpg"],[2,"1216743631_935079_7899_1-512.jpg"],[2,"1216743632_659766_7900_1-512.jpg"],[2,"1216743632_659766_7900_1-512.jpg"],[2,"1216743632_659766_7900_1-512.jpg"],[2,"1216743633_550020_7901_1-512.jpg"],[2,"1216743633_550020_7901_1-512.jpg"],[2,"1216743634_480206_7902_1-512.jpg"]],"construction_ml":"complete","preds_design":[[2,"1216743497_465238_7616_3-512.jpg"],[2,"1216743497_770164_7617_3-512.jpg"],[2,"1216743498_080246_7618_3-512.jpg"],[2,"1216743498_430217_7619_3-512.jpg"],[2,"1216743498_805313_7620_3-512.jpg"],[2,"1216743499_245319_7621_3-512.jpg"],[2,"1216743499_850184_7622_3-512.jpg"],[2,"1216743503_290280_7630_3-512.jpg"],[2,"1216743503_600430_7631_3-512.jpg"],[2,"1216743503_905256_7632_3-512.jpg"],[2,"1216743504_195270_7633_3-512.jpg"],[2,"1216743504_475292_7634_3-512.jpg"],[2,"1216743504_755324_7635_3-512.jpg"],[2,"1216743505_025324_7636_3-512.jpg"],[2,"1216743505_300285_7637_3-512.jpg"],[2,"1216743505_580181_7638_3-512.jpg"],[2,"1216743505_865267_7639_3-512.jpg"],[2,"1216743506_175251_7640_3-512.jpg"],[2,"1216743506_455248_7641_3-512.jpg"],[2,"1216743506_720234_7642_3-512.jpg"],[2,"1216743507_010226_7643_3-512.jpg"],[2,"1216743507_295291_7644_3-512.jpg"],[2,"1216743507_615166_7645_3-512.jpg"],[2,"1216743507_915188_7646_3-512.jpg"],[2,"1216743508_225179_7647_3-512.jpg"],[2,"1216743508_555197_7648_3-512.jpg"],[2,"1216743508_860191_7649_3-512.jpg"],[2,"1216743509_175455_7650_3-512.jpg"],[2,"1216743509_500077_7651_3-512.jpg"],[2,"1216743510_150103_7653_3-512.jpg"],[2,"1216743510_475336_7654_3-512.jpg"],[2,"1216743510_825114_7655_3-512.jpg"],[2,"1216743511_205076_7656_3-512.jpg"],[1,"1216743511_205076_7656_3-512.jpg"],[1,"1216743511_584971_7657_3-512.jpg"],[2,"1216743511_584971_7657_3-512.jpg"],[1,"1216743511_940208_7658_3-512.jpg"],[1,"1216743512_279967_7659_3-512.jpg"],[1,"1216743512_595346_7660_3-512.jpg"],[1,"1216743512_975183_7661_3-512.jpg"],[2,"1216743631_194726_7898_1-512.jpg"],[2,"1216743631_935079_7899_1-512.jpg"],[2,"1216743632_659766_7900_1-512.jpg"],[2,"1216743632_659766_7900_1-512.jpg"],[1,"1216743632_659766_7900_1-512.jpg"],[2,"1216743633_550020_7901_1-512.jpg"],[1,"1216743633_550020_7901_1-512.jpg"],[2,"1216743634_480206_7902_1-512.jpg"]],"design_ml":"designed","images":[]}
