{"MATERIAL":"corrugated metal","AVG_SLOPE":6.48435295341,"AVG_HEIGHT":0.29439349623,"TERAIN_SLP":14.7170764507,"AREA":63.4948029324,"VOLUME":19,"FLOORS":1,"INT_ZONE":null,"FLOOD":1,"LANDSLIDE":"Amenaza Media","LEGAL_ID":"358","LEGAL_NAME":"EL PARAISO","LEGAL_AREA":26.04,"LEGAL_LOTS":2077,"LEGAL_POP":11215.8,"LEGAL_DENS":79.76190476,"LEGALIZING":null,"BLOCK_ID_":"002565027","BLOCK_POP":146,"BLOCK_BLD":38,"BLOCK_RISK":2.3715286,"BLOCK_EDU":1.0613019,"BLOCK_HLTH":31.602531,"BLOCK_TRAN":37.277332,"BLOCK_CULT":0,"BLOCK_PARK":47.038616,"BLOCK_SEC":100,"BLOCK_CENT":0,"BLOCK_DEF":47.3684210526,"BLD_INHAB":4,"OBJECTID":2,"AO_225":0.2,"id":2356,"preds_material":[[5,"1216743644_279915_7916_1-512.jpg"],[2,"1216743644_279915_7916_1-512.jpg"],[5,"1216743644_644687_7917_1-512.jpg"],[2,"1216743644_644687_7917_1-512.jpg"],[6,"1216743644_644687_7917_1-512.jpg"],[2,"1216743645_014723_7918_1-512.jpg"],[5,"1216743645_014723_7918_1-512.jpg"],[6,"1216743645_014723_7918_1-512.jpg"],[5,"1216743645_424642_7919_1-512.jpg"],[2,"1216743645_424642_7919_1-512.jpg"],[5,"1216743645_829856_7920_1-512.jpg"],[2,"1216743645_829856_7920_1-512.jpg"]],"material_ml":"concrete","preds_construction":[[2,"1216743643_864896_7915_1-512.jpg"],[2,"1216743644_279915_7916_1-512.jpg"],[2,"1216743644_644687_7917_1-512.jpg"],[2,"1216743645_014723_7918_1-512.jpg"],[2,"1216743645_014723_7918_1-512.jpg"],[2,"1216743645_424642_7919_1-512.jpg"],[2,"1216743645_424642_7919_1-512.jpg"],[2,"1216743645_829856_7920_1-512.jpg"],[2,"1216743645_829856_7920_1-512.jpg"]],"construction_ml":"complete","preds_design":[[1,"1216743643_864896_7915_1-512.jpg"],[1,"1216743644_279915_7916_1-512.jpg"],[1,"1216743644_644687_7917_1-512.jpg"],[2,"1216743645_014723_7918_1-512.jpg"],[1,"1216743645_014723_7918_1-512.jpg"],[1,"1216743645_424642_7919_1-512.jpg"],[2,"1216743645_424642_7919_1-512.jpg"],[1,"1216743645_829856_7920_1-512.jpg"]],"design_ml":"undesigned","images":[]}
