{"MATERIAL":"corrugated metal","AVG_SLOPE":5.68142817239,"AVG_HEIGHT":6.2166701791,"TERAIN_SLP":17.251461447,"AREA":66.5494434757,"VOLUME":414,"FLOORS":2,"INT_ZONE":"Borde Rural","FLOOD":1,"LANDSLIDE":"Amenaza Media","LEGAL_ID":"358","LEGAL_NAME":"EL PARAISO","LEGAL_AREA":26.04,"LEGAL_LOTS":2077,"LEGAL_POP":11215.8,"LEGAL_DENS":79.76190476,"LEGALIZING":null,"BLOCK_ID_":"002565027","BLOCK_POP":146,"BLOCK_BLD":38,"BLOCK_RISK":2.3715286,"BLOCK_EDU":1.0613019,"BLOCK_HLTH":31.602531,"BLOCK_TRAN":37.277332,"BLOCK_CULT":0,"BLOCK_PARK":47.038616,"BLOCK_SEC":100,"BLOCK_CENT":0,"BLOCK_DEF":47.3684210526,"BLD_INHAB":4,"OBJECTID":2,"AO_225":0.2,"id":2362,"preds_material":[[5,"1216743509_500077_7651_3-512.jpg"],[1,"1216743511_940208_7658_3-512.jpg"],[1,"1216743512_279967_7659_3-512.jpg"],[4,"1216743512_279967_7659_3-512.jpg"],[1,"1216743512_595346_7660_3-512.jpg"],[4,"1216743512_595346_7660_3-512.jpg"],[3,"1216743512_595346_7660_3-512.jpg"]],"material_ml":"brick","images":[]}
