{"MATERIAL":"other","AVG_SLOPE":13.0309655234,"AVG_HEIGHT":10.8571620202,"TERAIN_SLP":9.10534254569,"AREA":37.53203656,"VOLUME":407,"FLOORS":3,"INT_ZONE":null,"FLOOD":1,"LANDSLIDE":"Amenaza Media","LEGAL_ID":"358","LEGAL_NAME":"EL PARAISO","LEGAL_AREA":26.04,"LEGAL_LOTS":2077,"LEGAL_POP":11215.8,"LEGAL_DENS":79.76190476,"LEGALIZING":null,"BLOCK_ID_":"002565027","BLOCK_POP":146,"BLOCK_BLD":38,"BLOCK_RISK":2.3715286,"BLOCK_EDU":1.0613019,"BLOCK_HLTH":31.602531,"BLOCK_TRAN":37.277332,"BLOCK_CULT":0,"BLOCK_PARK":47.038616,"BLOCK_SEC":100,"BLOCK_CENT":0,"BLOCK_DEF":47.3684210526,"BLD_INHAB":4,"OBJECTID":1,"AO_225":0.16,"id":2380,"images":[]}
