{"MATERIAL":"corrugated metal - painted","AVG_SLOPE":5.97370404771,"AVG_HEIGHT":8.51964368032,"TERAIN_SLP":1.87316697467,"AREA":71.4108641132,"VOLUME":608,"FLOORS":3,"INT_ZONE":"Borde Rural","FLOOD":1,"LANDSLIDE":"Amenaza Baja","LEGAL_ID":"358","LEGAL_NAME":"EL PARAISO","LEGAL_AREA":26.04,"LEGAL_LOTS":2077,"LEGAL_POP":11215.8,"LEGAL_DENS":79.76190476,"LEGALIZING":null,"BLOCK_ID_":"002565022","BLOCK_POP":175,"BLOCK_BLD":45,"BLOCK_RISK":2.6169446,"BLOCK_EDU":0.50544518,"BLOCK_HLTH":16.574329,"BLOCK_TRAN":87.964363,"BLOCK_CULT":0,"BLOCK_PARK":21.189735,"BLOCK_SEC":46.024174,"BLOCK_CENT":0,"BLOCK_DEF":37.7777777778,"BLD_INHAB":4,"OBJECTID":2,"AO_225":0.2,"id":2391,"preds_material":[[6,"1216741501_226074_2695_3-512.jpg"],[5,"1216741501_531095_2696_1-512.jpg"],[5,"1216741501_531095_2696_1-512.jpg"],[6,"1216741501_531095_2696_3-512.jpg"],[5,"1216741501_531095_2696_3-512.jpg"],[1,"1216741501_531095_2696_3-512.jpg"],[5,"1216741501_841102_2697_1-512.jpg"],[5,"1216741501_841102_2697_3-512.jpg"],[6,"1216741501_841102_2697_3-512.jpg"],[1,"1216741501_841102_2697_3-512.jpg"],[5,"1216741502_171090_2698_1-512.jpg"],[5,"1216741502_171090_2698_3-512.jpg"],[6,"1216741502_171090_2698_3-512.jpg"],[1,"1216741502_171090_2698_3-512.jpg"],[5,"1216741502_516064_2699_1-512.jpg"],[5,"1216741502_516064_2699_3-512.jpg"],[1,"1216741502_516064_2699_3-512.jpg"],[6,"1216741502_516064_2699_3-512.jpg"],[5,"1216741502_896046_2700_1-512.jpg"],[5,"1216741502_896046_2700_3-512.jpg"],[1,"1216741502_896046_2700_3-512.jpg"],[6,"1216741502_896046_2700_3-512.jpg"],[5,"1216741503_371081_2701_1-512.jpg"],[5,"1216741503_371081_2701_3-512.jpg"],[6,"1216741503_371081_2701_3-512.jpg"],[5,"1216741504_246042_2702_3-512.jpg"],[5,"1216745387_326190_11520_3-512.jpg"],[5,"1216745387_611170_11521_3-512.jpg"],[1,"1216745387_611170_11521_3-512.jpg"],[5,"1216745387_856225_11522_3-512.jpg"],[5,"1216745388_111293_11523_3-512.jpg"],[5,"1216745388_376251_11524_3-512.jpg"],[1,"1216745388_376251_11524_3-512.jpg"],[3,"1216745390_176232_11530_3-512.jpg"]],"material_ml":"painted","preds_construction":[[2,"1216741501_226074_2695_3-512.jpg"],[2,"1216741501_531095_2696_1-512.jpg"],[2,"1216741501_531095_2696_1-512.jpg"],[2,"1216741501_531095_2696_3-512.jpg"],[2,"1216741501_531095_2696_3-512.jpg"],[2,"1216741501_841102_2697_1-512.jpg"],[2,"1216741501_841102_2697_3-512.jpg"],[2,"1216741501_841102_2697_3-512.jpg"],[2,"1216741502_171090_2698_1-512.jpg"],[2,"1216741502_171090_2698_3-512.jpg"],[2,"1216741502_171090_2698_3-512.jpg"],[2,"1216741502_516064_2699_1-512.jpg"],[2,"1216741502_516064_2699_3-512.jpg"],[2,"1216741502_516064_2699_3-512.jpg"],[2,"1216741502_896046_2700_1-512.jpg"],[2,"1216741502_896046_2700_3-512.jpg"],[2,"1216741502_896046_2700_3-512.jpg"],[2,"1216741503_371081_2701_1-512.jpg"],[2,"1216741503_371081_2701_3-512.jpg"],[2,"1216741503_371081_2701_3-512.jpg"],[2,"1216741504_246042_2702_3-512.jpg"],[2,"1216745387_326190_11520_3-512.jpg"],[2,"1216745387_611170_11521_3-512.jpg"],[2,"1216745387_856225_11522_3-512.jpg"],[2,"1216745388_111293_11523_3-512.jpg"]],"construction_ml":"complete","preds_design":[[2,"1216741501_226074_2695_3-512.jpg"],[2,"1216741501_531095_2696_1-512.jpg"],[2,"1216741501_531095_2696_1-512.jpg"],[2,"1216741501_531095_2696_3-512.jpg"],[2,"1216741501_531095_2696_3-512.jpg"],[2,"1216741501_841102_2697_1-512.jpg"],[2,"1216741501_841102_2697_3-512.jpg"],[2,"1216741501_841102_2697_3-512.jpg"],[2,"1216741502_171090_2698_1-512.jpg"],[2,"1216741502_171090_2698_3-512.jpg"],[2,"1216741502_171090_2698_3-512.jpg"],[2,"1216741502_516064_2699_1-512.jpg"],[2,"1216741502_516064_2699_3-512.jpg"],[2,"1216741502_516064_2699_3-512.jpg"],[2,"1216741502_896046_2700_1-512.jpg"],[2,"1216741502_896046_2700_3-512.jpg"],[2,"1216741502_896046_2700_3-512.jpg"],[2,"1216741502_896046_2700_3-512.jpg"],[2,"1216741503_371081_2701_1-512.jpg"],[2,"1216741503_371081_2701_3-512.jpg"],[2,"1216741503_371081_2701_3-512.jpg"],[2,"1216741504_246042_2702_3-512.jpg"],[2,"1216745387_326190_11520_3-512.jpg"],[2,"1216745387_611170_11521_3-512.jpg"],[2,"1216745387_856225_11522_3-512.jpg"],[2,"1216745388_111293_11523_3-512.jpg"],[2,"1216745388_376251_11524_3-512.jpg"],[1,"1216745388_641134_11525_3-512.jpg"],[2,"1216745389_486139_11528_3-512.jpg"],[1,"1216745390_176232_11530_3-512.jpg"]],"design_ml":"designed","images":[]}
