{"MATERIAL":"corrugated metal/heavily patched","AVG_SLOPE":9.76448234522,"AVG_HEIGHT":6.02267231824,"TERAIN_SLP":1.43516731146,"AREA":66.5094208578,"VOLUME":401,"FLOORS":2,"INT_ZONE":"Borde Rural","FLOOD":1,"LANDSLIDE":"Amenaza Baja","LEGAL_ID":"358","LEGAL_NAME":"EL PARAISO","LEGAL_AREA":26.04,"LEGAL_LOTS":2077,"LEGAL_POP":11215.8,"LEGAL_DENS":79.76190476,"LEGALIZING":null,"BLOCK_ID_":"002565021","BLOCK_POP":201,"BLOCK_BLD":50,"BLOCK_RISK":12.856069,"BLOCK_EDU":0.45438612,"BLOCK_HLTH":15.035325,"BLOCK_TRAN":90.579323,"BLOCK_CULT":0,"BLOCK_PARK":19.830591,"BLOCK_SEC":100,"BLOCK_CENT":0,"BLOCK_DEF":36,"BLD_INHAB":4,"OBJECTID":2,"AO_225":0.2,"id":2397,"preds_material":[[5,"1216742219_162177_4442_3-512.jpg"],[5,"1216742219_432119_4443_3-512.jpg"],[5,"1216742219_696966_4444_3-512.jpg"],[5,"1216742219_982077_4445_3-512.jpg"],[5,"1216742220_242177_4446_3-512.jpg"],[5,"1216742220_497121_4447_3-512.jpg"],[5,"1216742220_732101_4448_3-512.jpg"]],"material_ml":"painted","preds_construction":[[2,"1216742219_162177_4442_3-512.jpg"],[2,"1216742219_432119_4443_3-512.jpg"],[2,"1216742219_696966_4444_3-512.jpg"],[2,"1216742219_982077_4445_3-512.jpg"],[2,"1216742220_242177_4446_3-512.jpg"],[2,"1216742220_497121_4447_3-512.jpg"],[2,"1216742220_732101_4448_3-512.jpg"]],"construction_ml":"complete","preds_design":[[2,"1216742219_162177_4442_3-512.jpg"],[2,"1216742219_432119_4443_3-512.jpg"],[2,"1216742219_696966_4444_3-512.jpg"],[2,"1216742219_982077_4445_3-512.jpg"],[2,"1216742220_242177_4446_3-512.jpg"],[2,"1216742220_497121_4447_3-512.jpg"]],"design_ml":"designed","images":[]}
