{"MATERIAL":"corrugated metal - painted","AVG_SLOPE":22.7110274258,"AVG_HEIGHT":5.71526733982,"TERAIN_SLP":6.30845360217,"AREA":145.300846611,"VOLUME":830,"FLOORS":2,"INT_ZONE":"Borde Rural","FLOOD":1,"LANDSLIDE":"Amenaza Media","LEGAL_ID":"311","LEGAL_NAME":"EL MIRADOR","LEGAL_AREA":11.06,"LEGAL_LOTS":989,"LEGAL_POP":5340.6,"LEGAL_DENS":89.42,"LEGALIZING":null,"BLOCK_ID_":"002570059","BLOCK_POP":65,"BLOCK_BLD":17,"BLOCK_RISK":13.093702,"BLOCK_EDU":0,"BLOCK_HLTH":12.174642,"BLOCK_TRAN":98.8395,"BLOCK_CULT":0,"BLOCK_PARK":4.5010147,"BLOCK_SEC":100,"BLOCK_CENT":0,"BLOCK_DEF":41.1764705882,"BLD_INHAB":4,"OBJECTID":1,"AO_225":0.16,"id":2402,"preds_material":[[5,"1216742870_813489_6220_3-512.jpg"],[5,"1216742871_368734_6221_3-512.jpg"],[5,"1216742871_863379_6222_3-512.jpg"],[1,"1216742871_863379_6222_3-512.jpg"],[5,"1216742872_308325_6223_3-512.jpg"],[1,"1216742872_308325_6223_3-512.jpg"]],"material_ml":"painted","preds_construction":[[2,"1216742870_813489_6220_3-512.jpg"],[2,"1216742871_368734_6221_3-512.jpg"],[2,"1216742871_863379_6222_3-512.jpg"],[2,"1216742872_308325_6223_3-512.jpg"]],"construction_ml":"complete","preds_design":[[2,"1216742870_813489_6220_3-512.jpg"],[2,"1216742871_368734_6221_3-512.jpg"],[2,"1216742871_863379_6222_3-512.jpg"],[2,"1216742872_308325_6223_3-512.jpg"]],"design_ml":"designed","images":[]}
