{"MATERIAL":"corrugated metal","AVG_SLOPE":12.1329474362,"AVG_HEIGHT":0.83045155047,"TERAIN_SLP":17.0257938702,"AREA":49.7389282471,"VOLUME":41,"FLOORS":1,"INT_ZONE":"Borde Rural","FLOOD":1,"LANDSLIDE":"Amenaza Media","LEGAL_ID":"311","LEGAL_NAME":"EL MIRADOR","LEGAL_AREA":11.06,"LEGAL_LOTS":989,"LEGAL_POP":5340.6,"LEGAL_DENS":89.42,"LEGALIZING":null,"BLOCK_ID_":"002570059","BLOCK_POP":65,"BLOCK_BLD":17,"BLOCK_RISK":13.093702,"BLOCK_EDU":0,"BLOCK_HLTH":12.174642,"BLOCK_TRAN":98.8395,"BLOCK_CULT":0,"BLOCK_PARK":4.5010147,"BLOCK_SEC":100,"BLOCK_CENT":0,"BLOCK_DEF":41.1764705882,"BLD_INHAB":4,"OBJECTID":1,"AO_225":0.16,"id":2406,"preds_material":[[5,"1216742873_633788_6227_3-512.jpg"],[5,"1216742873_883761_6228_3-512.jpg"],[1,"1216742873_883761_6228_3-512.jpg"],[5,"1216742874_133707_6229_3-512.jpg"],[5,"1216742874_133707_6229_3-512.jpg"],[5,"1216742874_323707_6230_3-512.jpg"],[5,"1216742874_323707_6230_3-512.jpg"],[5,"1216742874_513687_6231_3-512.jpg"],[5,"1216742874_513687_6231_3-512.jpg"],[5,"1216742874_703699_6232_3-512.jpg"],[5,"1216742875_098668_6234_3-512.jpg"]],"material_ml":"painted","preds_construction":[[2,"1216742873_633788_6227_3-512.jpg"],[2,"1216742873_883761_6228_3-512.jpg"],[2,"1216742874_133707_6229_3-512.jpg"],[2,"1216742874_133707_6229_3-512.jpg"],[2,"1216742874_323707_6230_3-512.jpg"],[2,"1216742874_323707_6230_3-512.jpg"],[2,"1216742874_513687_6231_3-512.jpg"],[2,"1216742874_513687_6231_3-512.jpg"],[2,"1216742874_703699_6232_3-512.jpg"],[2,"1216742874_703699_6232_3-512.jpg"],[2,"1216742875_098668_6234_3-512.jpg"]],"construction_ml":"complete","preds_design":[[2,"1216742873_633788_6227_3-512.jpg"],[2,"1216742873_883761_6228_3-512.jpg"],[2,"1216742874_133707_6229_3-512.jpg"],[2,"1216742874_133707_6229_3-512.jpg"],[2,"1216742874_323707_6230_3-512.jpg"],[2,"1216742874_323707_6230_3-512.jpg"],[2,"1216742874_513687_6231_3-512.jpg"],[2,"1216742874_513687_6231_3-512.jpg"],[2,"1216742874_703699_6232_3-512.jpg"],[1,"1216742874_703699_6232_3-512.jpg"],[2,"1216742874_703699_6232_3-512.jpg"],[2,"1216742874_898687_6233_3-512.jpg"],[1,"1216742874_898687_6233_3-512.jpg"],[2,"1216742875_098668_6234_3-512.jpg"],[1,"1216742875_098668_6234_3-512.jpg"]],"design_ml":"designed","images":[]}
