{"MATERIAL":"corrugated metal","AVG_SLOPE":14.2692248161,"AVG_HEIGHT":4.64891229673,"TERAIN_SLP":13.2711961047,"AREA":131.66521715,"VOLUME":612,"FLOORS":2,"INT_ZONE":"Borde Rural","FLOOD":1,"LANDSLIDE":"Amenaza Media","LEGAL_ID":"311","LEGAL_NAME":"EL MIRADOR","LEGAL_AREA":11.06,"LEGAL_LOTS":989,"LEGAL_POP":5340.6,"LEGAL_DENS":89.42,"LEGALIZING":null,"BLOCK_ID_":"002570059","BLOCK_POP":65,"BLOCK_BLD":17,"BLOCK_RISK":13.093702,"BLOCK_EDU":0,"BLOCK_HLTH":12.174642,"BLOCK_TRAN":98.8395,"BLOCK_CULT":0,"BLOCK_PARK":4.5010147,"BLOCK_SEC":100,"BLOCK_CENT":0,"BLOCK_DEF":41.1764705882,"BLD_INHAB":4,"OBJECTID":1,"AO_225":0.16,"id":2409,"preds_material":[[5,"1216742378_271299_4951_3-512.jpg"],[5,"1216742378_746299_4952_3-512.jpg"],[5,"1216742672_944759_5690_1-512.jpg"],[5,"1216742876_848668_6243_3-512.jpg"],[5,"1216742877_008678_6244_3-512.jpg"],[5,"1216742877_183697_6245_3-512.jpg"],[5,"1216742877_338735_6246_3-512.jpg"],[5,"1216742877_493803_6247_3-512.jpg"]],"material_ml":"painted","preds_construction":[[2,"1216742876_683636_6242_3-512.jpg"],[2,"1216742876_848668_6243_3-512.jpg"],[2,"1216742877_008678_6244_3-512.jpg"],[2,"1216742877_183697_6245_3-512.jpg"],[2,"1216742877_338735_6246_3-512.jpg"],[2,"1216742877_493803_6247_3-512.jpg"]],"construction_ml":"complete","preds_design":[[2,"1216742876_683636_6242_3-512.jpg"],[2,"1216742876_848668_6243_3-512.jpg"],[2,"1216742877_008678_6244_3-512.jpg"],[2,"1216742877_183697_6245_3-512.jpg"],[2,"1216742877_338735_6246_3-512.jpg"],[2,"1216742877_493803_6247_3-512.jpg"]],"design_ml":"designed","images":[]}
