{"MATERIAL":"concrete","AVG_SLOPE":8.26834624912,"AVG_HEIGHT":0.85916527248,"TERAIN_SLP":16.8091731455,"AREA":48.0063684092,"VOLUME":41,"FLOORS":1,"INT_ZONE":"Borde Rural","FLOOD":1,"LANDSLIDE":"Amenaza Media","LEGAL_ID":"311","LEGAL_NAME":"EL MIRADOR","LEGAL_AREA":11.06,"LEGAL_LOTS":989,"LEGAL_POP":5340.6,"LEGAL_DENS":89.42,"LEGALIZING":null,"BLOCK_ID_":"002570068","BLOCK_POP":88,"BLOCK_BLD":25,"BLOCK_RISK":4.2743444,"BLOCK_EDU":0,"BLOCK_HLTH":10.96818,"BLOCK_TRAN":99.915054,"BLOCK_CULT":0,"BLOCK_PARK":10.020773,"BLOCK_SEC":38.01339,"BLOCK_CENT":0,"BLOCK_DEF":32,"BLD_INHAB":4,"OBJECTID":1,"AO_225":0.16,"id":2437,"preds_material":[[6,"1216742599_235131_5578_1-512.jpg"],[6,"1216742599_480219_5579_1-512.jpg"],[6,"1216742599_770166_5580_1-512.jpg"],[6,"1216742600_060194_5581_1-512.jpg"]],"material_ml":"other/unclear","preds_construction":[[2,"1216742599_235131_5578_1-512.jpg"],[2,"1216742599_480219_5579_1-512.jpg"],[2,"1216742599_770166_5580_1-512.jpg"],[2,"1216742600_060194_5581_1-512.jpg"]],"construction_ml":"complete","preds_design":[[2,"1216742599_235131_5578_1-512.jpg"],[2,"1216742599_480219_5579_1-512.jpg"],[2,"1216742599_770166_5580_1-512.jpg"],[2,"1216742600_060194_5581_1-512.jpg"]],"design_ml":"designed","images":[]}
