{"MATERIAL":"corrugated metal/heavily patched","AVG_SLOPE":4.85228826335,"AVG_HEIGHT":0.13369179228,"TERAIN_SLP":10.5684914868,"AREA":59.916755577,"VOLUME":8,"FLOORS":1,"INT_ZONE":"Borde Rural","FLOOD":2,"LANDSLIDE":"Amenaza Media","LEGAL_ID":"311","LEGAL_NAME":"EL MIRADOR","LEGAL_AREA":11.06,"LEGAL_LOTS":989,"LEGAL_POP":5340.6,"LEGAL_DENS":89.42,"LEGALIZING":null,"BLOCK_ID_":"002570070","BLOCK_POP":187,"BLOCK_BLD":50,"BLOCK_RISK":2.7201579,"BLOCK_EDU":0.45731756,"BLOCK_HLTH":15.229165,"BLOCK_TRAN":99.482513,"BLOCK_CULT":0,"BLOCK_PARK":45.286587,"BLOCK_SEC":100,"BLOCK_CENT":0,"BLOCK_DEF":34,"BLD_INHAB":4,"OBJECTID":2,"AO_225":0.2,"id":2440,"preds_material":[[5,"1216743383_446010_7501_3-512.jpg"],[5,"1216743913_918306_8861_3-512.jpg"],[5,"1216743914_123330_8862_3-512.jpg"],[5,"1216743914_278298_8863_3-512.jpg"],[5,"1216743914_433404_8864_3-512.jpg"],[5,"1216743914_888327_8867_3-512.jpg"],[5,"1216743915_043471_8868_3-512.jpg"],[5,"1216743915_233304_8869_3-512.jpg"],[5,"1216743915_388354_8870_3-512.jpg"],[5,"1216743915_543303_8871_3-512.jpg"],[5,"1216743915_698392_8872_3-512.jpg"],[5,"1216743916_983289_8880_3-512.jpg"],[5,"1216743917_133318_8881_3-512.jpg"],[5,"1216743917_728310_8885_3-512.jpg"],[5,"1216743917_868167_8886_3-512.jpg"],[5,"1216743918_008186_8887_3-512.jpg"],[5,"1216743918_158347_8888_3-512.jpg"],[5,"1216743918_298340_8889_3-512.jpg"],[5,"1216743918_438351_8890_3-512.jpg"],[5,"1216743918_623355_8891_3-512.jpg"],[5,"1216743919_043450_8894_3-512.jpg"],[5,"1216743919_138312_8895_3-512.jpg"],[5,"1216743919_273284_8896_3-512.jpg"],[5,"1216743919_413301_8897_3-512.jpg"],[5,"1216743919_548258_8898_3-512.jpg"],[5,"1216743919_678336_8899_3-512.jpg"],[5,"1216743919_813300_8900_3-512.jpg"]],"material_ml":"painted","preds_construction":[[2,"1216743383_446010_7501_3-512.jpg"],[2,"1216743384_525981_7502_3-512.jpg"],[2,"1216743913_918306_8861_3-512.jpg"],[2,"1216743914_123330_8862_3-512.jpg"],[2,"1216743914_278298_8863_3-512.jpg"],[2,"1216743914_433404_8864_3-512.jpg"],[2,"1216743914_888327_8867_3-512.jpg"],[2,"1216743915_043471_8868_3-512.jpg"],[2,"1216743915_233304_8869_3-512.jpg"],[2,"1216743915_388354_8870_3-512.jpg"],[2,"1216743915_543303_8871_3-512.jpg"],[2,"1216743915_698392_8872_3-512.jpg"],[2,"1216743915_893298_8873_3-512.jpg"],[2,"1216743917_133318_8881_3-512.jpg"],[2,"1216743917_323316_8882_3-512.jpg"],[2,"1216743917_728310_8885_3-512.jpg"],[2,"1216743917_868167_8886_3-512.jpg"],[2,"1216743918_008186_8887_3-512.jpg"],[2,"1216743918_158347_8888_3-512.jpg"],[2,"1216743918_298340_8889_3-512.jpg"],[2,"1216743918_438351_8890_3-512.jpg"],[2,"1216743918_623355_8891_3-512.jpg"],[2,"1216743919_043450_8894_3-512.jpg"],[2,"1216743919_138312_8895_3-512.jpg"],[2,"1216743919_273284_8896_3-512.jpg"],[2,"1216743919_413301_8897_3-512.jpg"],[2,"1216743919_548258_8898_3-512.jpg"],[2,"1216743919_678336_8899_3-512.jpg"],[2,"1216743919_813300_8900_3-512.jpg"]],"construction_ml":"complete","preds_design":[[2,"1216743383_446010_7501_3-512.jpg"],[2,"1216743913_918306_8861_3-512.jpg"],[2,"1216743914_123330_8862_3-512.jpg"],[2,"1216743914_278298_8863_3-512.jpg"],[2,"1216743914_433404_8864_3-512.jpg"],[2,"1216743915_043471_8868_3-512.jpg"],[2,"1216743915_233304_8869_3-512.jpg"],[2,"1216743915_388354_8870_3-512.jpg"],[2,"1216743915_543303_8871_3-512.jpg"],[2,"1216743915_698392_8872_3-512.jpg"],[2,"1216743917_133318_8881_3-512.jpg"],[2,"1216743917_323316_8882_3-512.jpg"],[2,"1216743917_473322_8883_3-512.jpg"],[2,"1216743917_728310_8885_3-512.jpg"],[2,"1216743917_868167_8886_3-512.jpg"],[2,"1216743918_008186_8887_3-512.jpg"],[1,"1216743918_008186_8887_3-512.jpg"],[2,"1216743918_158347_8888_3-512.jpg"],[2,"1216743918_298340_8889_3-512.jpg"],[2,"1216743918_438351_8890_3-512.jpg"],[2,"1216743918_623355_8891_3-512.jpg"],[2,"1216743919_138312_8895_3-512.jpg"],[2,"1216743919_273284_8896_3-512.jpg"],[2,"1216743919_413301_8897_3-512.jpg"],[2,"1216743919_548258_8898_3-512.jpg"],[2,"1216743919_678336_8899_3-512.jpg"],[2,"1216743919_813300_8900_3-512.jpg"]],"design_ml":"designed","images":[]}
