{"MATERIAL":"corrugated metal","AVG_SLOPE":8.36246657701,"AVG_HEIGHT":4.89651486449,"TERAIN_SLP":4.89508807119,"AREA":73.1037734549,"VOLUME":358,"FLOORS":2,"INT_ZONE":"Borde Rural","FLOOD":2,"LANDSLIDE":"Amenaza Baja","LEGAL_ID":"358","LEGAL_NAME":"EL PARAISO","LEGAL_AREA":26.04,"LEGAL_LOTS":2077,"LEGAL_POP":11215.8,"LEGAL_DENS":79.76190476,"LEGALIZING":null,"BLOCK_ID_":"002565043","BLOCK_POP":132,"BLOCK_BLD":38,"BLOCK_RISK":2.4760151,"BLOCK_EDU":0.51662475,"BLOCK_HLTH":17.038372,"BLOCK_TRAN":96.981873,"BLOCK_CULT":0,"BLOCK_PARK":48.004738,"BLOCK_SEC":100,"BLOCK_CENT":0,"BLOCK_DEF":18.4210526316,"BLD_INHAB":3,"OBJECTID":2,"AO_225":0.2,"id":2446,"preds_material":[[5,"1216741539_790852_2818_3-512.jpg"],[5,"1216741540_031022_2819_3-512.jpg"],[5,"1216741540_031022_2819_3-512.jpg"],[5,"1216741540_255869_2820_3-512.jpg"],[5,"1216741540_255869_2820_3-512.jpg"],[5,"1216741540_470840_2821_1-512.jpg"],[5,"1216741540_470840_2821_3-512.jpg"],[5,"1216741540_675862_2822_1-512.jpg"],[5,"1216741540_675862_2822_3-512.jpg"],[5,"1216741540_675862_2822_3-512.jpg"],[5,"1216741540_870856_2823_1-512.jpg"],[5,"1216741540_870856_2823_3-512.jpg"],[5,"1216741541_065850_2824_1-512.jpg"],[5,"1216741541_065850_2824_3-512.jpg"],[5,"1216741541_255858_2825_1-512.jpg"],[5,"1216741541_255858_2825_3-512.jpg"],[5,"1216741541_435854_2826_1-512.jpg"],[5,"1216741541_435854_2826_3-512.jpg"],[5,"1216741541_610995_2827_1-512.jpg"],[5,"1216741541_610995_2827_3-512.jpg"],[5,"1216741541_780823_2828_1-512.jpg"],[5,"1216741541_780823_2828_3-512.jpg"],[5,"1216741541_945847_2829_1-512.jpg"],[5,"1216741541_945847_2829_1-512.jpg"],[5,"1216741541_945847_2829_3-512.jpg"],[5,"1216741541_945847_2829_3-512.jpg"],[5,"1216741542_110805_2830_1-512.jpg"],[5,"1216741542_110805_2830_1-512.jpg"],[5,"1216741542_110805_2830_3-512.jpg"],[5,"1216741542_110805_2830_3-512.jpg"],[5,"1216741542_110805_2830_3-512.jpg"],[5,"1216741542_265851_2831_1-512.jpg"],[5,"1216741542_265851_2831_1-512.jpg"],[2,"1216741542_265851_2831_1-512.jpg"],[5,"1216741542_265851_2831_3-512.jpg"],[5,"1216741542_265851_2831_3-512.jpg"],[5,"1216741542_265851_2831_3-512.jpg"],[5,"1216741542_420849_2832_1-512.jpg"],[5,"1216741542_420849_2832_1-512.jpg"],[5,"1216741542_420849_2832_3-512.jpg"],[5,"1216741542_420849_2832_3-512.jpg"],[5,"1216741542_420849_2832_3-512.jpg"],[2,"1216743933_588302_8948_3-512.jpg"],[2,"1216743933_853239_8949_3-512.jpg"],[2,"1216743934_108095_8950_3-512.jpg"],[2,"1216743934_373227_8951_3-512.jpg"],[2,"1216743934_608269_8952_3-512.jpg"],[2,"1216743934_833250_8953_3-512.jpg"],[2,"1216743935_053306_8954_3-512.jpg"],[2,"1216743935_228280_8955_3-512.jpg"],[2,"1216743935_448285_8956_3-512.jpg"],[2,"1216743935_678265_8957_3-512.jpg"],[2,"1216743935_888516_8958_3-512.jpg"],[2,"1216743936_078233_8959_3-512.jpg"],[2,"1216743936_288087_8960_3-512.jpg"],[2,"1216743936_453198_8961_3-512.jpg"],[5,"1216743936_663220_8962_3-512.jpg"],[2,"1216743936_663220_8962_3-512.jpg"],[5,"1216743936_663220_8962_3-512.jpg"],[5,"1216743936_868235_8963_3-512.jpg"],[5,"1216743937_068238_8964_3-512.jpg"],[5,"1216743937_268302_8965_3-512.jpg"],[5,"1216743937_518226_8966_3-512.jpg"],[5,"1216743937_723223_8967_3-512.jpg"],[5,"1216743938_273196_8970_3-512.jpg"],[5,"1216743938_493202_8971_3-512.jpg"],[5,"1216743938_723386_8972_3-512.jpg"],[5,"1216743938_958167_8973_3-512.jpg"],[1,"1216745419_681026_11567_3-512.jpg"],[1,"1216745420_666057_11568_3-512.jpg"],[1,"1216745421_530950_11569_3-512.jpg"],[1,"1216745422_345995_11570_3-512.jpg"]],"material_ml":"painted","preds_construction":[[2,"1216741539_530834_2817_3-512.jpg"],[2,"1216741539_790852_2818_3-512.jpg"],[2,"1216741540_031022_2819_3-512.jpg"],[2,"1216741540_255869_2820_3-512.jpg"],[2,"1216741540_470840_2821_1-512.jpg"],[2,"1216741540_470840_2821_3-512.jpg"],[2,"1216741540_675862_2822_1-512.jpg"],[2,"1216741540_675862_2822_3-512.jpg"],[2,"1216741540_870856_2823_1-512.jpg"],[2,"1216741540_870856_2823_3-512.jpg"],[2,"1216741541_065850_2824_1-512.jpg"],[2,"1216741541_065850_2824_3-512.jpg"],[2,"1216741541_255858_2825_1-512.jpg"],[2,"1216741541_255858_2825_3-512.jpg"],[2,"1216741541_435854_2826_1-512.jpg"],[2,"1216741541_435854_2826_3-512.jpg"],[2,"1216741541_610995_2827_1-512.jpg"],[2,"1216741541_610995_2827_3-512.jpg"],[2,"1216741541_780823_2828_1-512.jpg"],[2,"1216741541_780823_2828_3-512.jpg"],[2,"1216741541_945847_2829_1-512.jpg"],[2,"1216741541_945847_2829_1-512.jpg"],[2,"1216741541_945847_2829_3-512.jpg"],[2,"1216741541_945847_2829_3-512.jpg"],[2,"1216741542_110805_2830_1-512.jpg"],[2,"1216741542_110805_2830_1-512.jpg"],[2,"1216741542_110805_2830_3-512.jpg"],[2,"1216741542_110805_2830_3-512.jpg"],[2,"1216741542_265851_2831_1-512.jpg"],[2,"1216741542_265851_2831_1-512.jpg"],[2,"1216741542_265851_2831_3-512.jpg"],[2,"1216741542_265851_2831_3-512.jpg"],[2,"1216741542_420849_2832_1-512.jpg"],[2,"1216741542_420849_2832_1-512.jpg"],[2,"1216741542_420849_2832_3-512.jpg"],[2,"1216741542_420849_2832_3-512.jpg"],[2,"1216743934_108095_8950_3-512.jpg"],[2,"1216743934_373227_8951_3-512.jpg"],[2,"1216743934_373227_8951_3-512.jpg"],[2,"1216743934_608269_8952_3-512.jpg"],[2,"1216743934_833250_8953_3-512.jpg"],[2,"1216743935_053306_8954_3-512.jpg"],[2,"1216743935_228280_8955_3-512.jpg"],[2,"1216743935_448285_8956_3-512.jpg"],[2,"1216743935_678265_8957_3-512.jpg"],[2,"1216743935_888516_8958_3-512.jpg"],[2,"1216743936_078233_8959_3-512.jpg"],[2,"1216743936_288087_8960_3-512.jpg"],[2,"1216743936_453198_8961_3-512.jpg"],[2,"1216743936_663220_8962_3-512.jpg"],[2,"1216743936_663220_8962_3-512.jpg"],[2,"1216743936_868235_8963_3-512.jpg"],[2,"1216743937_068238_8964_3-512.jpg"],[2,"1216743937_268302_8965_3-512.jpg"],[2,"1216743937_518226_8966_3-512.jpg"],[2,"1216743937_723223_8967_3-512.jpg"],[2,"1216743938_273196_8970_3-512.jpg"],[2,"1216743938_493202_8971_3-512.jpg"],[2,"1216743938_723386_8972_3-512.jpg"],[2,"1216743938_958167_8973_3-512.jpg"],[2,"1216745420_666057_11568_3-512.jpg"],[2,"1216745420_666057_11568_3-512.jpg"],[2,"1216745421_530950_11569_3-512.jpg"],[2,"1216745422_345995_11570_3-512.jpg"]],"construction_ml":"complete",