{"MATERIAL":"corrugated metal","AVG_SLOPE":3.40892438914,"AVG_HEIGHT":4.30892373127,"TERAIN_SLP":11.8243381413,"AREA":61.6370694786,"VOLUME":266,"FLOORS":2,"INT_ZONE":"Borde Rural","FLOOD":2,"LANDSLIDE":"Amenaza Baja","LEGAL_ID":"358","LEGAL_NAME":"EL PARAISO","LEGAL_AREA":26.04,"LEGAL_LOTS":2077,"LEGAL_POP":11215.8,"LEGAL_DENS":79.76190476,"LEGALIZING":null,"BLOCK_ID_":"002565043","BLOCK_POP":132,"BLOCK_BLD":38,"BLOCK_RISK":2.4760151,"BLOCK_EDU":0.51662475,"BLOCK_HLTH":17.038372,"BLOCK_TRAN":96.981873,"BLOCK_CULT":0,"BLOCK_PARK":48.004738,"BLOCK_SEC":100,"BLOCK_CENT":0,"BLOCK_DEF":18.4210526316,"BLD_INHAB":3,"OBJECTID":2,"AO_225":0.2,"id":2447,"preds_material":[[5,"1216741538_960875_2815_3-512.jpg"],[5,"1216741539_250840_2816_3-512.jpg"],[5,"1216741539_530834_2817_3-512.jpg"],[5,"1216743929_493226_8939_3-512.jpg"],[5,"1216743930_067935_8940_3-512.jpg"],[5,"1216743930_772922_8941_3-512.jpg"],[1,"1216743930_772922_8941_3-512.jpg"],[5,"1216743931_418004_8942_3-512.jpg"],[5,"1216743931_868246_8943_3-512.jpg"],[5,"1216743932_307992_8944_3-512.jpg"],[5,"1216743933_018076_8946_3-512.jpg"]],"material_ml":"painted","preds_construction":[[2,"1216743929_493226_8939_3-512.jpg"],[2,"1216743930_067935_8940_3-512.jpg"],[2,"1216743930_772922_8941_3-512.jpg"],[2,"1216743931_418004_8942_3-512.jpg"],[1,"1216743931_418004_8942_3-512.jpg"],[2,"1216743931_868246_8943_3-512.jpg"],[1,"1216743931_868246_8943_3-512.jpg"],[2,"1216743932_307992_8944_3-512.jpg"],[1,"1216743932_307992_8944_3-512.jpg"],[2,"1216743932_688014_8945_3-512.jpg"],[1,"1216743932_688014_8945_3-512.jpg"]],"construction_ml":"complete","preds_design":[[2,"1216741539_530834_2817_3-512.jpg"],[1,"1216743929_493226_8939_3-512.jpg"],[1,"1216743930_067935_8940_3-512.jpg"],[1,"1216743930_772922_8941_3-512.jpg"],[1,"1216743931_418004_8942_3-512.jpg"],[1,"1216743931_868246_8943_3-512.jpg"],[2,"1216743932_688014_8945_3-512.jpg"]],"design_ml":"undesigned","images":[]}
