{"MATERIAL":"corrugated metal/heavily patched","AVG_SLOPE":4.66480058763,"AVG_HEIGHT":0.35259895376,"TERAIN_SLP":14.3869418932,"AREA":59.2899722727,"VOLUME":21,"FLOORS":1,"INT_ZONE":"Borde Rural","FLOOD":2,"LANDSLIDE":"Amenaza Media","LEGAL_ID":"311","LEGAL_NAME":"EL MIRADOR","LEGAL_AREA":11.06,"LEGAL_LOTS":989,"LEGAL_POP":5340.6,"LEGAL_DENS":89.42,"LEGALIZING":null,"BLOCK_ID_":"002570070","BLOCK_POP":187,"BLOCK_BLD":50,"BLOCK_RISK":2.7201579,"BLOCK_EDU":0.45731756,"BLOCK_HLTH":15.229165,"BLOCK_TRAN":99.482513,"BLOCK_CULT":0,"BLOCK_PARK":45.286587,"BLOCK_SEC":100,"BLOCK_CENT":0,"BLOCK_DEF":34,"BLD_INHAB":4,"OBJECTID":2,"AO_225":0.2,"id":2455,"preds_material":[[1,"1216743899_088624_8767_3-512.jpg"],[5,"1216743899_088624_8767_3-512.jpg"],[5,"1216743899_193423_8768_3-512.jpg"],[1,"1216743899_193423_8768_3-512.jpg"],[5,"1216743899_323430_8769_3-512.jpg"],[1,"1216743899_323430_8769_3-512.jpg"],[5,"1216743899_458404_8770_3-512.jpg"],[1,"1216743899_458404_8770_3-512.jpg"],[5,"1216743899_593284_8771_3-512.jpg"],[5,"1216743899_728300_8772_3-512.jpg"],[5,"1216743899_868390_8773_3-512.jpg"],[5,"1216743900_003339_8774_3-512.jpg"],[5,"1216743900_138345_8775_3-512.jpg"],[5,"1216743900_273406_8776_3-512.jpg"],[5,"1216743900_408327_8777_3-512.jpg"],[5,"1216743900_523381_8778_3-512.jpg"],[5,"1216743900_523381_8778_3-512.jpg"],[5,"1216743900_663445_8779_3-512.jpg"],[5,"1216743900_803406_8780_3-512.jpg"],[5,"1216743900_948390_8781_3-512.jpg"],[5,"1216743901_088395_8782_3-512.jpg"],[5,"1216743901_243417_8783_3-512.jpg"],[5,"1216743901_383405_8784_3-512.jpg"],[5,"1216743901_383405_8784_3-512.jpg"],[5,"1216743901_523278_8785_3-512.jpg"]],"material_ml":"painted","preds_construction":[[2,"1216743899_088624_8767_3-512.jpg"],[2,"1216743899_193423_8768_3-512.jpg"],[2,"1216743899_323430_8769_3-512.jpg"],[2,"1216743899_458404_8770_3-512.jpg"],[2,"1216743899_593284_8771_3-512.jpg"],[2,"1216743899_728300_8772_3-512.jpg"],[2,"1216743899_868390_8773_3-512.jpg"],[2,"1216743900_003339_8774_3-512.jpg"],[1,"1216743900_003339_8774_3-512.jpg"],[2,"1216743900_138345_8775_3-512.jpg"],[2,"1216743900_273406_8776_3-512.jpg"],[2,"1216743900_408327_8777_3-512.jpg"],[2,"1216743900_523381_8778_3-512.jpg"],[2,"1216743900_663445_8779_3-512.jpg"],[2,"1216743900_663445_8779_3-512.jpg"],[2,"1216743900_803406_8780_3-512.jpg"],[2,"1216743900_948390_8781_3-512.jpg"],[2,"1216743901_088395_8782_3-512.jpg"],[1,"1216743901_243417_8783_3-512.jpg"],[2,"1216743901_243417_8783_3-512.jpg"],[2,"1216743901_383405_8784_3-512.jpg"],[1,"1216743901_383405_8784_3-512.jpg"],[2,"1216743901_933351_8788_3-512.jpg"]],"construction_ml":"complete","preds_design":[[1,"1216743899_088624_8767_3-512.jpg"],[2,"1216743899_088624_8767_3-512.jpg"],[1,"1216743899_193423_8768_3-512.jpg"],[2,"1216743899_193423_8768_3-512.jpg"],[1,"1216743899_323430_8769_3-512.jpg"],[2,"1216743899_323430_8769_3-512.jpg"],[1,"1216743899_458404_8770_3-512.jpg"],[1,"1216743899_593284_8771_3-512.jpg"],[1,"1216743899_728300_8772_3-512.jpg"],[2,"1216743899_868390_8773_3-512.jpg"],[1,"1216743899_868390_8773_3-512.jpg"],[2,"1216743900_003339_8774_3-512.jpg"],[1,"1216743900_003339_8774_3-512.jpg"],[2,"1216743900_138345_8775_3-512.jpg"],[2,"1216743900_273406_8776_3-512.jpg"],[2,"1216743900_408327_8777_3-512.jpg"],[1,"1216743900_408327_8777_3-512.jpg"],[2,"1216743900_523381_8778_3-512.jpg"],[1,"1216743900_523381_8778_3-512.jpg"],[2,"1216743900_663445_8779_3-512.jpg"],[1,"1216743900_663445_8779_3-512.jpg"],[2,"1216743900_803406_8780_3-512.jpg"],[1,"1216743900_803406_8780_3-512.jpg"],[2,"1216743900_948390_8781_3-512.jpg"],[2,"1216743901_088395_8782_3-512.jpg"],[1,"1216743901_243417_8783_3-512.jpg"],[1,"1216743901_383405_8784_3-512.jpg"],[2,"1216743901_653372_8786_3-512.jpg"],[2,"1216743901_933351_8788_3-512.jpg"]],"design_ml":"designed","images":[]}
