{"MATERIAL":"corrugated metal/heavily patched","AVG_SLOPE":7.62362204986,"AVG_HEIGHT":0.66807230709,"TERAIN_SLP":9.07126911791,"AREA":53.461033275,"VOLUME":36,"FLOORS":1,"INT_ZONE":"Borde Rural","FLOOD":1,"LANDSLIDE":"Amenaza Baja","LEGAL_ID":"358","LEGAL_NAME":"EL PARAISO","LEGAL_AREA":26.04,"LEGAL_LOTS":2077,"LEGAL_POP":11215.8,"LEGAL_DENS":79.76190476,"LEGALIZING":null,"BLOCK_ID_":"002565006","BLOCK_POP":190,"BLOCK_BLD":48,"BLOCK_RISK":24.79384,"BLOCK_EDU":0,"BLOCK_HLTH":10.726727,"BLOCK_TRAN":56.566322,"BLOCK_CULT":0,"BLOCK_PARK":1.2882968,"BLOCK_SEC":100,"BLOCK_CENT":0,"BLOCK_DEF":31.25,"BLD_INHAB":4,"OBJECTID":2,"AO_225":0.2,"id":246,"preds_material":[[5,"1216744845_293697_10536_1-512.jpg"],[5,"1216744845_293697_10536_1-512.jpg"],[5,"1216744845_293697_10536_3-512.jpg"],[5,"1216744845_293697_10536_3-512.jpg"],[1,"1216744845_293697_10536_3-512.jpg"]],"material_ml":"painted","preds_construction":[[2,"1216744845_293697_10536_1-512.jpg"],[2,"1216744845_293697_10536_1-512.jpg"],[2,"1216744845_293697_10536_3-512.jpg"],[2,"1216744845_293697_10536_3-512.jpg"]],"construction_ml":"complete","preds_design":[[2,"1216744845_293697_10536_1-512.jpg"],[2,"1216744845_293697_10536_1-512.jpg"],[2,"1216744845_293697_10536_3-512.jpg"],[1,"1216744845_293697_10536_3-512.jpg"],[2,"1216744845_293697_10536_3-512.jpg"]],"design_ml":"designed","images":[]}
