{"MATERIAL":"corrugated metal/heavily patched","AVG_SLOPE":3.66919697738,"AVG_HEIGHT":0.52419483159,"TERAIN_SLP":17.6014881709,"AREA":60.9784538343,"VOLUME":32,"FLOORS":1,"INT_ZONE":"Borde Rural","FLOOD":1,"LANDSLIDE":"Amenaza Media","LEGAL_ID":"311","LEGAL_NAME":"EL MIRADOR","LEGAL_AREA":11.06,"LEGAL_LOTS":989,"LEGAL_POP":5340.6,"LEGAL_DENS":89.42,"LEGALIZING":null,"BLOCK_ID_":"002570070","BLOCK_POP":187,"BLOCK_BLD":50,"BLOCK_RISK":2.7201579,"BLOCK_EDU":0.45731756,"BLOCK_HLTH":15.229165,"BLOCK_TRAN":99.482513,"BLOCK_CULT":0,"BLOCK_PARK":45.286587,"BLOCK_SEC":100,"BLOCK_CENT":0,"BLOCK_DEF":34,"BLD_INHAB":4,"OBJECTID":2,"AO_225":0.2,"id":2463,"preds_material":[[5,"1216743895_788430_8744_3-512.jpg"],[5,"1216743895_948525_8745_3-512.jpg"],[5,"1216743896_103462_8746_3-512.jpg"],[5,"1216743896_233408_8747_3-512.jpg"],[5,"1216743896_383438_8748_3-512.jpg"],[5,"1216743896_533444_8749_3-512.jpg"],[5,"1216743896_713402_8750_3-512.jpg"],[5,"1216743896_858481_8751_3-512.jpg"],[5,"1216743896_988422_8752_3-512.jpg"],[5,"1216743897_128278_8753_3-512.jpg"],[5,"1216743897_283417_8754_3-512.jpg"],[5,"1216743897_418325_8755_3-512.jpg"]],"material_ml":"painted","preds_construction":[[2,"1216742180_292343_4276_3-512.jpg"],[2,"1216743895_788430_8744_3-512.jpg"],[2,"1216743895_948525_8745_3-512.jpg"],[2,"1216743896_103462_8746_3-512.jpg"],[2,"1216743896_233408_8747_3-512.jpg"],[2,"1216743896_383438_8748_3-512.jpg"],[2,"1216743896_533444_8749_3-512.jpg"],[2,"1216743896_713402_8750_3-512.jpg"],[2,"1216743896_858481_8751_3-512.jpg"],[2,"1216743896_988422_8752_3-512.jpg"],[2,"1216743897_128278_8753_3-512.jpg"],[2,"1216743897_283417_8754_3-512.jpg"],[2,"1216743897_418325_8755_3-512.jpg"]],"construction_ml":"complete","preds_design":[[2,"1216742180_292343_4276_3-512.jpg"],[2,"1216743895_578476_8743_3-512.jpg"],[2,"1216743895_788430_8744_3-512.jpg"],[2,"1216743895_948525_8745_3-512.jpg"],[1,"1216743895_948525_8745_3-512.jpg"],[2,"1216743896_103462_8746_3-512.jpg"],[2,"1216743896_233408_8747_3-512.jpg"],[1,"1216743896_233408_8747_3-512.jpg"],[2,"1216743896_383438_8748_3-512.jpg"],[1,"1216743896_383438_8748_3-512.jpg"],[1,"1216743896_533444_8749_3-512.jpg"],[2,"1216743896_533444_8749_3-512.jpg"],[1,"1216743896_713402_8750_3-512.jpg"],[2,"1216743896_713402_8750_3-512.jpg"],[1,"1216743896_858481_8751_3-512.jpg"],[2,"1216743896_858481_8751_3-512.jpg"],[1,"1216743896_988422_8752_3-512.jpg"],[1,"1216743897_128278_8753_3-512.jpg"],[1,"1216743897_283417_8754_3-512.jpg"],[1,"1216743897_418325_8755_3-512.jpg"]],"design_ml":"undesigned","images":[]}
