{"MATERIAL":"corrugated metal/heavily patched","AVG_SLOPE":9.90494191051,"AVG_HEIGHT":1.8619982871,"TERAIN_SLP":14.1828007325,"AREA":59.799638445,"VOLUME":111,"FLOORS":1,"INT_ZONE":"Borde Rural","FLOOD":1,"LANDSLIDE":"Amenaza Media","LEGAL_ID":"311","LEGAL_NAME":"EL MIRADOR","LEGAL_AREA":11.06,"LEGAL_LOTS":989,"LEGAL_POP":5340.6,"LEGAL_DENS":89.42,"LEGALIZING":null,"BLOCK_ID_":"002570070","BLOCK_POP":187,"BLOCK_BLD":50,"BLOCK_RISK":2.7201579,"BLOCK_EDU":0.45731756,"BLOCK_HLTH":15.229165,"BLOCK_TRAN":99.482513,"BLOCK_CULT":0,"BLOCK_PARK":45.286587,"BLOCK_SEC":100,"BLOCK_CENT":0,"BLOCK_DEF":34,"BLD_INHAB":4,"OBJECTID":2,"AO_225":0.2,"id":2469,"preds_material":[[5,"1216743856_048731_8568_3-512.jpg"],[5,"1216743857_108670_8574_3-512.jpg"],[5,"1216743857_253672_8575_3-512.jpg"],[5,"1216743857_438735_8576_3-512.jpg"],[5,"1216743861_413620_8595_3-512.jpg"]],"material_ml":"painted","images":[]}
