{"MATERIAL":"extreme haphazard","AVG_SLOPE":5.46438357326,"AVG_HEIGHT":1.95475067804,"TERAIN_SLP":15.0899069774,"AREA":33.0617966715,"VOLUME":65,"FLOORS":1,"INT_ZONE":"Borde Rural","FLOOD":2,"LANDSLIDE":"Amenaza Media","LEGAL_ID":"311","LEGAL_NAME":"EL MIRADOR","LEGAL_AREA":11.06,"LEGAL_LOTS":989,"LEGAL_POP":5340.6,"LEGAL_DENS":89.42,"LEGALIZING":null,"BLOCK_ID_":"002570070","BLOCK_POP":187,"BLOCK_BLD":50,"BLOCK_RISK":2.7201579,"BLOCK_EDU":0.45731756,"BLOCK_HLTH":15.229165,"BLOCK_TRAN":99.482513,"BLOCK_CULT":0,"BLOCK_PARK":45.286587,"BLOCK_SEC":100,"BLOCK_CENT":0,"BLOCK_DEF":34,"BLD_INHAB":4,"OBJECTID":2,"AO_225":0.2,"id":2471,"preds_material":[[5,"1216742175_782385_4273_3-512.jpg"],[5,"1216743891_578695_8726_3-512.jpg"],[5,"1216743891_888497_8727_3-512.jpg"]],"material_ml":"painted","preds_construction":[[1,"1216742175_782385_4273_3-512.jpg"],[2,"1216742175_782385_4273_3-512.jpg"],[2,"1216743891_308677_8725_3-512.jpg"],[2,"1216743891_578695_8726_3-512.jpg"]],"construction_ml":"complete","preds_design":[[2,"1216742175_782385_4273_3-512.jpg"],[1,"1216743891_038663_8724_3-512.jpg"],[1,"1216743891_308677_8725_3-512.jpg"],[1,"1216743891_578695_8726_3-512.jpg"]],"design_ml":"undesigned","images":[]}
