{"MATERIAL":"under construction","AVG_SLOPE":22.7166945231,"AVG_HEIGHT":5.12188150046,"TERAIN_SLP":4.06800758617,"AREA":70.6004739928,"VOLUME":362,"FLOORS":2,"INT_ZONE":"Borde Rural","FLOOD":2,"LANDSLIDE":"Amenaza Media","LEGAL_ID":"358","LEGAL_NAME":"EL PARAISO","LEGAL_AREA":26.04,"LEGAL_LOTS":2077,"LEGAL_POP":11215.8,"LEGAL_DENS":79.76190476,"LEGALIZING":null,"BLOCK_ID_":"002565043","BLOCK_POP":132,"BLOCK_BLD":38,"BLOCK_RISK":2.4760151,"BLOCK_EDU":0.51662475,"BLOCK_HLTH":17.038372,"BLOCK_TRAN":96.981873,"BLOCK_CULT":0,"BLOCK_PARK":48.004738,"BLOCK_SEC":100,"BLOCK_CENT":0,"BLOCK_DEF":18.4210526316,"BLD_INHAB":3,"OBJECTID":2,"AO_225":0.2,"id":2477,"preds_material":[[2,"1216741550_900752_2886_1-512.jpg"],[1,"1216741550_900752_2886_3-512.jpg"],[2,"1216741551_085808_2887_1-512.jpg"],[6,"1216741551_085808_2887_1-512.jpg"],[1,"1216741551_085808_2887_3-512.jpg"],[5,"1216741551_085808_2887_3-512.jpg"],[2,"1216741551_275783_2888_1-512.jpg"],[6,"1216741551_275783_2888_1-512.jpg"],[1,"1216741551_275783_2888_3-512.jpg"],[2,"1216741551_475799_2889_1-512.jpg"],[1,"1216741551_475799_2889_3-512.jpg"],[2,"1216741551_690754_2890_1-512.jpg"],[1,"1216741551_690754_2890_3-512.jpg"],[2,"1216741551_920732_2891_1-512.jpg"],[1,"1216741551_920732_2891_3-512.jpg"],[2,"1216741552_170727_2892_1-512.jpg"],[1,"1216741552_170727_2892_3-512.jpg"],[2,"1216741552_445798_2893_1-512.jpg"],[1,"1216741552_445798_2893_3-512.jpg"],[2,"1216741552_750762_2894_1-512.jpg"],[1,"1216741552_750762_2894_3-512.jpg"],[5,"1216741552_750762_2894_3-512.jpg"],[2,"1216741553_115791_2895_1-512.jpg"],[1,"1216741553_115791_2895_3-512.jpg"],[5,"1216741553_115791_2895_3-512.jpg"],[2,"1216741553_550739_2896_1-512.jpg"],[1,"1216741553_550739_2896_3-512.jpg"],[5,"1216741553_550739_2896_3-512.jpg"],[2,"1216741553_990728_2897_1-512.jpg"],[1,"1216741553_990728_2897_3-512.jpg"],[5,"1216741553_990728_2897_3-512.jpg"],[2,"1216741554_385753_2898_1-512.jpg"],[5,"1216741554_385753_2898_3-512.jpg"],[1,"1216741554_385753_2898_3-512.jpg"],[2,"1216741554_690725_2899_1-512.jpg"],[1,"1216741554_690725_2899_3-512.jpg"],[5,"1216743841_873627_8488_3-512.jpg"],[5,"1216743842_088535_8489_3-512.jpg"],[5,"1216743842_298546_8490_3-512.jpg"],[5,"1216743842_528719_8491_3-512.jpg"],[5,"1216743843_263700_8495_3-512.jpg"],[5,"1216743843_458691_8496_3-512.jpg"],[5,"1216743843_643765_8497_3-512.jpg"],[5,"1216743843_808691_8498_3-512.jpg"],[5,"1216743843_993824_8499_3-512.jpg"],[5,"1216743844_193677_8500_3-512.jpg"],[5,"1216743844_378731_8501_3-512.jpg"],[6,"1216743844_378731_8501_3-512.jpg"],[6,"1216743844_558742_8502_3-512.jpg"],[5,"1216743844_558742_8502_3-512.jpg"],[5,"1216743844_693672_8503_3-512.jpg"],[6,"1216743844_693672_8503_3-512.jpg"],[5,"1216743844_868723_8504_3-512.jpg"],[5,"1216743845_743733_8509_3-512.jpg"],[5,"1216743845_913892_8510_3-512.jpg"],[5,"1216743846_088717_8511_3-512.jpg"],[5,"1216743846_263645_8512_3-512.jpg"],[5,"1216743846_433630_8513_3-512.jpg"],[5,"1216743846_603684_8514_3-512.jpg"],[5,"1216743848_308617_8524_3-512.jpg"],[5,"1216743848_473635_8525_3-512.jpg"],[5,"1216743848_638646_8526_3-512.jpg"],[5,"1216743848_773715_8527_3-512.jpg"],[5,"1216743848_943849_8528_3-512.jpg"],[5,"1216743849_113832_8529_3-512.jpg"],[5,"1216743849_253654_8530_3-512.jpg"],[5,"1216743849_423782_8531_3-512.jpg"],[5,"1216743849_593759_8532_3-512.jpg"],[5,"1216743849_768737_8533_3-512.jpg"],[5,"1216743849_943771_8534_3-512.jpg"],[5,"1216743850_118777_8535_3-512.jpg"],[5,"1216743850_293692_8536_3-512.jpg"],[5,"1216743850_468654_8537_3-512.jpg"],[5,"1216743850_643707_8538_3-512.jpg"]],"material_ml":"painted","preds_construction":[[2,"1216741550_900752_2886_1-512.jpg"],[1,"1216741550_900752_2886_3-512.jpg"],[2,"1216741550_900752_2886_3-512.jpg"],[2,"1216741551_085808_2887_1-512.jpg"],[2,"1216741551_085808_2887_1-512.jpg"],[2,"1216741551_085808_2887_3-512.jpg"],[1,"1216741551_085808_2887_3-512.jpg"],[2,"1216741551_085808_2887_3-512.jpg"],[2,"1216741551_275783_2888_1-512.jpg"],[2,"1216741551_275783_2888_1-512.jpg"],[1,"1216741551_275783_2888_3-512.jpg"],[2,"1216741551_275783_2888_3-512.jpg"],[2,"1216741551_475799_2889_1-512.jpg"],[2,"1216741551_475799_2889_1-512.jpg"],[1,"1216741551_475799_2889_3-512.jpg"],[2,"1216741551_475799_2889_3-512.jpg"],[2,"1216741551_690754_2890_1-512.jpg"],[1,"1216741551_690754_2890_3-512.jpg"],[2,"1216741551_690754_2890_3-512.jpg"],[2,"1216741551_920732_2891_1-512.jpg"],[2,"1216741551_920732_2891_3-512.jpg"],[1,"1216741551_920732_2891_3-512.jpg"],[2,"1216741552_170727_2892_1-512.jpg"],[2,"1216741552_170727_2892_3-512.jpg"],[1,"1216741552_170727_2892_3-512.jpg"],[2,"1216741552_445798_2893_1-512.jpg"],[2,"1216741552_445798_2893_3-512.jpg"],[1,"1216741552_445798_2893_3-512.jpg"],[2,"1216741552_750762_2894_1-512.jpg"],[2,"1216741552_750762_2894_3-512.jpg"],[1,"1216741552_750762_2894_3-512.jpg"],[2,"1216741553_115791_2895_1-512.jpg"],[2,"1216741553_115791_2895_3-512.jpg"],[1,"1216741553_115791_2895_3-512.jpg"],[2,"1216741553_550739_2896_1-512.jpg"],[2,"1216741553_550739_2896_3-512.jpg"],[2,"1216741553_990728_2897_1-512.jpg"],[2,"1216741553_990728_2897_3-512.jpg"],[2,"1216741554_385753_2898_1-512.jpg"],[2,"1216741554_385753_2898_3-512.jpg"],[2,"1216741554_690725_2899_1-512.jpg"],[2,"1216741554_690725_2899_3-512.jpg"],[2,"1216741554_950720_2900_3-512.jpg"],[2,"1216741554_950720_2900_3-512.jpg"],[1,"1216741555_185759_2901_3-512.jpg"],[2,"1216743841_873627_8488_3-512.jpg"],[2,"1216743842_088535_8489_3-512.jpg"],[2,"1216743842_298546_8490_3-512.jpg"],[2,"1216743843_263700_8495_3-512.jpg"],[2,"1216743843_458691_8496_3-512.jpg"],[2,"1216743843_643765_8497_3-512.jpg"],[2,"1216743843_808691_8498_3-512.jpg"],[2,"1216743843_993824_8499_3-512.jpg"],[2,"1216743844_193677_8500_3-512.jpg"],[2,"1216743844_378731_8501_3-512.jpg"],[2,"1216743844_558742_8502_3-512.jpg"],[2,"1216743844_693672_8503_3-512.jpg"],[2,"1216743844_868723_8504_3-512.jpg"],[2,"1216743845_043816_8505_3-512.jpg"],[2,"1216743845_218731_8506_3-512.jpg"],[2,"1216743845_393770_8507_3-512.jpg"],[2,"1216743845_568719_8508_3-512.jpg"],[2,"1216743845_743733_8509_3-512.jpg"],[2,"1216743845_913892_8510_3-512.jpg"],[2,"1216743846_088717_8511_3-512.jpg"],[2,"1216743846_263645_8512_3-512.jpg"],[2,"1216743846_433630_8513_3-512.jpg"],[2,"1216743846_603684_8514_3-512.jpg"],[2,"1216743848_308617_8524_3-512.jpg"],[2,"1216743848_473635_8525_3-512.jpg"],[2,"1216743848_638646_8526_3-512.jpg"],[2,"1216743848_773715_8527_3-512.jpg"],[2,"1216743848_943849_8528_3-512.jpg"],[2,"1216743849_113832_8529_3-512.jpg"],[2,"1216743849_253654_8530_3-512.jpg"],[2,"1216743849_423782_8531_3-512.jpg"],[2,"1216743849_593759_8532_3-512.jpg"],[2,"1216743849_593759_8532_3-512.jpg"],[2,"1216743849_768737_8533_3-512.jpg"],[2,"1216743849_943771_8534_3-512.jpg"],[2,"1216743850_118777_8535_3-512.jpg"],[2,"1216743850_293692_8536_3-512.jpg"],[2,"1216743850_468654_8537_3-512.jpg"],[2,"1216743850_643707_8538_3-512.jpg"]],"construction_ml":"complete",