{"MATERIAL":"corrugated metal","AVG_SLOPE":4.3885775117,"AVG_HEIGHT":4.342331712,"TERAIN_SLP":16.3258793491,"AREA":75.2519157554,"VOLUME":327,"FLOORS":2,"INT_ZONE":"Borde Rural","FLOOD":2,"LANDSLIDE":"Amenaza Media","LEGAL_ID":"358","LEGAL_NAME":"EL PARAISO","LEGAL_AREA":26.04,"LEGAL_LOTS":2077,"LEGAL_POP":11215.8,"LEGAL_DENS":79.76190476,"LEGALIZING":null,"BLOCK_ID_":"002565043","BLOCK_POP":132,"BLOCK_BLD":38,"BLOCK_RISK":2.4760151,"BLOCK_EDU":0.51662475,"BLOCK_HLTH":17.038372,"BLOCK_TRAN":96.981873,"BLOCK_CULT":0,"BLOCK_PARK":48.004738,"BLOCK_SEC":100,"BLOCK_CENT":0,"BLOCK_DEF":18.4210526316,"BLD_INHAB":3,"OBJECTID":2,"AO_225":0.2,"id":2478,"preds_material":[[5,"1216743852_738664_8549_3-512.jpg"],[5,"1216743852_923711_8550_3-512.jpg"],[5,"1216743853_073657_8551_3-512.jpg"],[5,"1216743853_463638_8553_3-512.jpg"],[5,"1216743853_643658_8554_3-512.jpg"],[5,"1216743853_823720_8555_3-512.jpg"],[5,"1216743853_993710_8556_3-512.jpg"],[5,"1216743854_168809_8557_3-512.jpg"],[5,"1216743854_343649_8558_3-512.jpg"],[5,"1216743854_518705_8559_3-512.jpg"],[5,"1216743854_693660_8560_3-512.jpg"],[5,"1216743854_858648_8561_3-512.jpg"],[5,"1216743855_198706_8563_3-512.jpg"],[5,"1216743855_368758_8564_3-512.jpg"],[5,"1216743855_538729_8565_3-512.jpg"],[5,"1216743855_708722_8566_3-512.jpg"],[5,"1216743855_878737_8567_3-512.jpg"],[5,"1216743856_573741_8571_3-512.jpg"],[5,"1216743856_748686_8572_3-512.jpg"],[5,"1216743856_928755_8573_3-512.jpg"],[1,"1216743856_928755_8573_3-512.jpg"],[5,"1216743857_808787_8578_3-512.jpg"],[5,"1216743858_003791_8579_3-512.jpg"],[5,"1216743858_208754_8580_3-512.jpg"],[5,"1216743858_413597_8581_3-512.jpg"],[1,"1216743860_693612_8592_3-512.jpg"],[5,"1216743861_948739_8597_3-512.jpg"]],"material_ml":"painted","preds_construction":[[2,"1216743852_923711_8550_3-512.jpg"],[2,"1216743853_073657_8551_3-512.jpg"],[2,"1216743853_463638_8553_3-512.jpg"],[2,"1216743853_643658_8554_3-512.jpg"],[2,"1216743853_823720_8555_3-512.jpg"],[2,"1216743853_993710_8556_3-512.jpg"],[2,"1216743854_168809_8557_3-512.jpg"],[2,"1216743854_343649_8558_3-512.jpg"],[2,"1216743854_518705_8559_3-512.jpg"],[2,"1216743854_693660_8560_3-512.jpg"],[2,"1216743854_858648_8561_3-512.jpg"],[2,"1216743855_198706_8563_3-512.jpg"],[2,"1216743855_368758_8564_3-512.jpg"],[2,"1216743855_538729_8565_3-512.jpg"],[2,"1216743855_708722_8566_3-512.jpg"],[2,"1216743855_878737_8567_3-512.jpg"],[2,"1216743856_573741_8571_3-512.jpg"],[2,"1216743856_748686_8572_3-512.jpg"],[2,"1216743856_928755_8573_3-512.jpg"],[2,"1216743857_108670_8574_3-512.jpg"],[2,"1216743857_808787_8578_3-512.jpg"],[2,"1216743858_003791_8579_3-512.jpg"],[2,"1216743858_208754_8580_3-512.jpg"],[2,"1216743858_413597_8581_3-512.jpg"],[2,"1216743858_578631_8582_3-512.jpg"],[2,"1216743860_693612_8592_3-512.jpg"]],"construction_ml":"complete","preds_design":[[2,"1216743852_923711_8550_3-512.jpg"],[2,"1216743853_073657_8551_3-512.jpg"],[2,"1216743853_253728_8552_3-512.jpg"],[2,"1216743853_463638_8553_3-512.jpg"],[2,"1216743853_643658_8554_3-512.jpg"],[2,"1216743853_823720_8555_3-512.jpg"],[2,"1216743853_993710_8556_3-512.jpg"],[2,"1216743854_168809_8557_3-512.jpg"],[2,"1216743854_343649_8558_3-512.jpg"],[2,"1216743854_518705_8559_3-512.jpg"],[2,"1216743854_693660_8560_3-512.jpg"],[2,"1216743854_858648_8561_3-512.jpg"],[2,"1216743855_198706_8563_3-512.jpg"],[2,"1216743855_368758_8564_3-512.jpg"],[2,"1216743855_538729_8565_3-512.jpg"],[2,"1216743855_708722_8566_3-512.jpg"],[2,"1216743855_878737_8567_3-512.jpg"],[1,"1216743855_878737_8567_3-512.jpg"],[2,"1216743856_573741_8571_3-512.jpg"],[2,"1216743856_748686_8572_3-512.jpg"],[2,"1216743856_928755_8573_3-512.jpg"],[2,"1216743857_808787_8578_3-512.jpg"],[2,"1216743858_003791_8579_3-512.jpg"],[2,"1216743858_208754_8580_3-512.jpg"],[2,"1216743858_413597_8581_3-512.jpg"],[1,"1216743858_413597_8581_3-512.jpg"],[2,"1216743860_693612_8592_3-512.jpg"]],"design_ml":"designed","images":[]}
