{"MATERIAL":"corrugated metal/heavily patched","AVG_SLOPE":4.36329492459,"AVG_HEIGHT":0.76776467155,"TERAIN_SLP":15.7968748925,"AREA":55.9130837753,"VOLUME":43,"FLOORS":1,"INT_ZONE":"Borde Rural","FLOOD":3,"LANDSLIDE":"Amenaza Media","LEGAL_ID":"358","LEGAL_NAME":"EL PARAISO","LEGAL_AREA":26.04,"LEGAL_LOTS":2077,"LEGAL_POP":11215.8,"LEGAL_DENS":79.76190476,"LEGALIZING":null,"BLOCK_ID_":"002565043","BLOCK_POP":132,"BLOCK_BLD":38,"BLOCK_RISK":2.4760151,"BLOCK_EDU":0.51662475,"BLOCK_HLTH":17.038372,"BLOCK_TRAN":96.981873,"BLOCK_CULT":0,"BLOCK_PARK":48.004738,"BLOCK_SEC":100,"BLOCK_CENT":0,"BLOCK_DEF":18.4210526316,"BLD_INHAB":3,"OBJECTID":2,"AO_225":0.2,"id":2481,"preds_material":[[1,"1216741555_800737_2904_3-512.jpg"],[5,"1216743846_944130_8516_3-512.jpg"],[5,"1216743847_113618_8517_3-512.jpg"],[5,"1216743847_283655_8518_3-512.jpg"],[5,"1216743847_453681_8519_3-512.jpg"],[5,"1216743847_623693_8520_3-512.jpg"],[5,"1216743847_793688_8521_3-512.jpg"],[5,"1216743847_958688_8522_3-512.jpg"],[5,"1216743848_143660_8523_3-512.jpg"],[5,"1216743848_943849_8528_3-512.jpg"],[5,"1216743849_113832_8529_3-512.jpg"],[5,"1216743849_253654_8530_3-512.jpg"],[5,"1216743849_423782_8531_3-512.jpg"],[5,"1216743849_768737_8533_3-512.jpg"],[5,"1216743849_943771_8534_3-512.jpg"],[5,"1216743850_118777_8535_3-512.jpg"],[5,"1216743850_293692_8536_3-512.jpg"],[5,"1216743850_468654_8537_3-512.jpg"],[5,"1216743850_643707_8538_3-512.jpg"],[5,"1216743850_818709_8539_3-512.jpg"],[5,"1216743851_018818_8540_3-512.jpg"],[5,"1216743851_198888_8541_3-512.jpg"],[5,"1216743851_383907_8542_3-512.jpg"],[5,"1216743851_598651_8543_3-512.jpg"],[5,"1216743851_783743_8544_3-512.jpg"]],"material_ml":"painted","preds_construction":[[2,"1216741555_610732_2903_3-512.jpg"],[2,"1216741555_800737_2904_3-512.jpg"],[2,"1216743847_453681_8519_3-512.jpg"],[2,"1216743847_623693_8520_3-512.jpg"],[2,"1216743847_793688_8521_3-512.jpg"],[2,"1216743847_958688_8522_3-512.jpg"],[2,"1216743848_143660_8523_3-512.jpg"],[2,"1216743848_943849_8528_3-512.jpg"],[2,"1216743849_113832_8529_3-512.jpg"],[2,"1216743849_253654_8530_3-512.jpg"],[2,"1216743849_423782_8531_3-512.jpg"],[2,"1216743849_768737_8533_3-512.jpg"],[2,"1216743849_943771_8534_3-512.jpg"],[2,"1216743850_118777_8535_3-512.jpg"],[2,"1216743850_293692_8536_3-512.jpg"],[2,"1216743850_468654_8537_3-512.jpg"],[2,"1216743850_643707_8538_3-512.jpg"],[2,"1216743850_818709_8539_3-512.jpg"],[2,"1216743851_018818_8540_3-512.jpg"],[2,"1216743851_198888_8541_3-512.jpg"],[2,"1216743851_383907_8542_3-512.jpg"],[2,"1216743851_598651_8543_3-512.jpg"],[2,"1216743851_783743_8544_3-512.jpg"]],"construction_ml":"complete","preds_design":[[1,"1216741555_610732_2903_3-512.jpg"],[2,"1216743847_283655_8518_3-512.jpg"],[2,"1216743847_453681_8519_3-512.jpg"],[2,"1216743847_623693_8520_3-512.jpg"],[2,"1216743847_793688_8521_3-512.jpg"],[2,"1216743847_958688_8522_3-512.jpg"],[2,"1216743848_143660_8523_3-512.jpg"],[2,"1216743848_943849_8528_3-512.jpg"],[2,"1216743849_113832_8529_3-512.jpg"],[2,"1216743849_253654_8530_3-512.jpg"],[2,"1216743849_423782_8531_3-512.jpg"],[2,"1216743849_943771_8534_3-512.jpg"],[2,"1216743850_118777_8535_3-512.jpg"],[2,"1216743850_293692_8536_3-512.jpg"],[2,"1216743850_468654_8537_3-512.jpg"],[2,"1216743850_643707_8538_3-512.jpg"],[2,"1216743850_818709_8539_3-512.jpg"],[2,"1216743851_018818_8540_3-512.jpg"],[2,"1216743851_198888_8541_3-512.jpg"],[2,"1216743851_383907_8542_3-512.jpg"],[2,"1216743851_598651_8543_3-512.jpg"],[2,"1216743851_783743_8544_3-512.jpg"]],"design_ml":"designed","images":[]}
