{"MATERIAL":"corrugated metal","AVG_SLOPE":7.42736562143,"AVG_HEIGHT":5.96348817372,"TERAIN_SLP":4.95849958502,"AREA":57.4021393642,"VOLUME":342,"FLOORS":2,"INT_ZONE":"Borde Rural","FLOOD":1,"LANDSLIDE":"Amenaza Media","LEGAL_ID":"311","LEGAL_NAME":"EL MIRADOR","LEGAL_AREA":11.06,"LEGAL_LOTS":989,"LEGAL_POP":5340.6,"LEGAL_DENS":89.42,"LEGALIZING":null,"BLOCK_ID_":"002570070","BLOCK_POP":187,"BLOCK_BLD":50,"BLOCK_RISK":2.7201579,"BLOCK_EDU":0.45731756,"BLOCK_HLTH":15.229165,"BLOCK_TRAN":99.482513,"BLOCK_CULT":0,"BLOCK_PARK":45.286587,"BLOCK_SEC":100,"BLOCK_CENT":0,"BLOCK_DEF":34,"BLD_INHAB":4,"OBJECTID":2,"AO_225":0.2,"id":2483,"preds_material":[[5,"1216742173_222567_4271_3-512.jpg"],[5,"1216743888_018646_8708_3-512.jpg"],[5,"1216743888_198636_8709_3-512.jpg"],[5,"1216743888_373714_8710_3-512.jpg"],[5,"1216743888_533472_8711_3-512.jpg"],[5,"1216743888_703577_8712_3-512.jpg"],[5,"1216743888_868511_8713_3-512.jpg"],[5,"1216743888_868511_8713_3-512.jpg"],[5,"1216743889_033631_8714_3-512.jpg"],[1,"1216743889_033631_8714_3-512.jpg"],[5,"1216743889_203642_8715_3-512.jpg"],[1,"1216743889_203642_8715_3-512.jpg"],[5,"1216743889_378691_8716_3-512.jpg"],[5,"1216743889_563725_8717_3-512.jpg"],[5,"1216743889_733426_8718_3-512.jpg"],[5,"1216743889_958543_8719_3-512.jpg"]],"material_ml":"painted","preds_construction":[[1,"1216742173_222567_4271_3-512.jpg"],[2,"1216742173_222567_4271_3-512.jpg"],[2,"1216743887_828624_8707_3-512.jpg"],[2,"1216743888_018646_8708_3-512.jpg"],[2,"1216743888_198636_8709_3-512.jpg"],[2,"1216743888_373714_8710_3-512.jpg"],[2,"1216743888_533472_8711_3-512.jpg"],[2,"1216743888_703577_8712_3-512.jpg"],[2,"1216743888_868511_8713_3-512.jpg"],[2,"1216743889_033631_8714_3-512.jpg"],[1,"1216743889_033631_8714_3-512.jpg"],[2,"1216743889_203642_8715_3-512.jpg"],[2,"1216743889_378691_8716_3-512.jpg"],[2,"1216743889_563725_8717_3-512.jpg"],[2,"1216743889_733426_8718_3-512.jpg"],[2,"1216743889_958543_8719_3-512.jpg"]],"construction_ml":"complete","preds_design":[[2,"1216742173_222567_4271_3-512.jpg"],[2,"1216743887_828624_8707_3-512.jpg"],[2,"1216743888_018646_8708_3-512.jpg"],[2,"1216743888_198636_8709_3-512.jpg"],[2,"1216743888_373714_8710_3-512.jpg"],[2,"1216743888_533472_8711_3-512.jpg"],[2,"1216743888_703577_8712_3-512.jpg"],[2,"1216743888_868511_8713_3-512.jpg"],[2,"1216743889_033631_8714_3-512.jpg"],[1,"1216743889_033631_8714_3-512.jpg"],[2,"1216743889_203642_8715_3-512.jpg"],[2,"1216743889_203642_8715_3-512.jpg"],[1,"1216743889_203642_8715_3-512.jpg"],[2,"1216743889_378691_8716_3-512.jpg"],[2,"1216743889_563725_8717_3-512.jpg"],[2,"1216743889_733426_8718_3-512.jpg"],[2,"1216743889_958543_8719_3-512.jpg"]],"design_ml":"designed","images":[]}
