{"MATERIAL":"corrugated metal","AVG_SLOPE":4.88425977324,"AVG_HEIGHT":0.85719752371,"TERAIN_SLP":15.8131424263,"AREA":50.9778840924,"VOLUME":44,"FLOORS":1,"INT_ZONE":"Borde Rural","FLOOD":1,"LANDSLIDE":"Amenaza Media","LEGAL_ID":"311","LEGAL_NAME":"EL MIRADOR","LEGAL_AREA":11.06,"LEGAL_LOTS":989,"LEGAL_POP":5340.6,"LEGAL_DENS":89.42,"LEGALIZING":null,"BLOCK_ID_":"002570070","BLOCK_POP":187,"BLOCK_BLD":50,"BLOCK_RISK":2.7201579,"BLOCK_EDU":0.45731756,"BLOCK_HLTH":15.229165,"BLOCK_TRAN":99.482513,"BLOCK_CULT":0,"BLOCK_PARK":45.286587,"BLOCK_SEC":100,"BLOCK_CENT":0,"BLOCK_DEF":34,"BLD_INHAB":4,"OBJECTID":2,"AO_225":0.2,"id":2486,"preds_material":[[1,"1216743867_203583_8609_3-512.jpg"],[1,"1216743867_713707_8611_3-512.jpg"],[1,"1216743867_943729_8612_3-512.jpg"],[1,"1216743868_133568_8613_3-512.jpg"],[5,"1216743868_133568_8613_3-512.jpg"],[1,"1216743868_343661_8614_3-512.jpg"],[5,"1216743868_343661_8614_3-512.jpg"],[1,"1216743868_548507_8615_3-512.jpg"],[5,"1216743868_548507_8615_3-512.jpg"],[1,"1216743868_748525_8616_3-512.jpg"],[1,"1216743868_938579_8617_3-512.jpg"],[3,"1216743868_938579_8617_3-512.jpg"],[1,"1216743869_128533_8618_3-512.jpg"],[1,"1216743869_128533_8618_3-512.jpg"],[3,"1216743869_128533_8618_3-512.jpg"],[1,"1216743869_313532_8619_3-512.jpg"],[3,"1216743869_313532_8619_3-512.jpg"],[1,"1216743869_313532_8619_3-512.jpg"],[1,"1216743869_498541_8620_3-512.jpg"],[3,"1216743869_498541_8620_3-512.jpg"],[3,"1216743869_683532_8621_3-512.jpg"],[1,"1216743869_683532_8621_3-512.jpg"],[3,"1216743869_868555_8622_3-512.jpg"],[1,"1216743869_868555_8622_3-512.jpg"],[3,"1216743870_048630_8623_3-512.jpg"],[1,"1216743870_228595_8624_3-512.jpg"],[3,"1216743870_228595_8624_3-512.jpg"],[3,"1216743870_228595_8624_3-512.jpg"],[1,"1216743870_408583_8625_3-512.jpg"],[3,"1216743870_408583_8625_3-512.jpg"],[1,"1216743870_408583_8625_3-512.jpg"],[3,"1216743870_408583_8625_3-512.jpg"],[1,"1216743870_588490_8626_3-512.jpg"],[1,"1216743870_768487_8627_3-512.jpg"],[1,"1216743870_973634_8628_3-512.jpg"],[1,"1216743871_158636_8629_3-512.jpg"],[1,"1216743871_348703_8630_3-512.jpg"],[1,"1216743871_538656_8631_3-512.jpg"],[1,"1216743871_723700_8632_3-512.jpg"]],"material_ml":"brick","preds_construction":[[1,"1216743866_913496_8608_3-512.jpg"],[2,"1216743867_203583_8609_3-512.jpg"],[1,"1216743867_203583_8609_3-512.jpg"],[2,"1216743867_713707_8611_3-512.jpg"],[1,"1216743867_713707_8611_3-512.jpg"],[2,"1216743867_943729_8612_3-512.jpg"],[1,"1216743867_943729_8612_3-512.jpg"],[2,"1216743867_943729_8612_3-512.jpg"],[2,"1216743868_133568_8613_3-512.jpg"],[2,"1216743868_133568_8613_3-512.jpg"],[1,"1216743868_133568_8613_3-512.jpg"],[2,"1216743868_343661_8614_3-512.jpg"],[2,"1216743868_343661_8614_3-512.jpg"],[1,"1216743868_343661_8614_3-512.jpg"],[2,"1216743868_548507_8615_3-512.jpg"],[2,"1216743868_548507_8615_3-512.jpg"],[2,"1216743868_748525_8616_3-512.jpg"],[2,"1216743868_748525_8616_3-512.jpg"],[2,"1216743868_748525_8616_3-512.jpg"],[2,"1216743868_748525_8616_3-512.jpg"],[2,"1216743868_938579_8617_3-512.jpg"],[2,"1216743868_938579_8617_3-512.jpg"],[2,"1216743868_938579_8617_3-512.jpg"],[2,"1216743869_128533_8618_3-512.jpg"],[2,"1216743869_313532_8619_3-512.jpg"],[2,"1216743869_498541_8620_3-512.jpg"],[1,"1216743869_683532_8621_3-512.jpg"],[1,"1216743869_683532_8621_3-512.jpg"],[1,"1216743869_868555_8622_3-512.jpg"],[1,"1216743870_048630_8623_3-512.jpg"],[1,"1216743870_228595_8624_3-512.jpg"],[1,"1216743870_408583_8625_3-512.jpg"],[1,"1216743870_588490_8626_3-512.jpg"],[1,"1216743870_768487_8627_3-512.jpg"],[1,"1216743870_973634_8628_3-512.jpg"],[1,"1216743871_158636_8629_3-512.jpg"],[1,"1216743871_348703_8630_3-512.jpg"],[1,"1216743871_538656_8631_3-512.jpg"]],"construction_ml":"complete","preds_design":[[1,"1216743867_713707_8611_3-512.jpg"],[1,"1216743867_943729_8612_3-512.jpg"],[1,"1216743868_133568_8613_3-512.jpg"],[1,"1216743868_343661_8614_3-512.jpg"],[1,"1216743868_548507_8615_3-512.jpg"],[1,"1216743868_548507_8615_3-512.jpg"],[1,"1216743868_748525_8616_3-512.jpg"],[1,"1216743868_748525_8616_3-512.jpg"],[1,"1216743868_938579_8617_3-512.jpg"],[1,"1216743868_938579_8617_3-512.jpg"],[1,"1216743869_128533_8618_3-512.jpg"],[1,"1216743869_313532_8619_3-512.jpg"],[1,"1216743869_498541_8620_3-512.jpg"],[1,"1216743869_683532_8621_3-512.jpg"],[1,"1216743869_868555_8622_3-512.jpg"],[2,"1216743869_868555_8622_3-512.jpg"],[2,"1216743870_048630_8623_3-512.jpg"],[1,"1216743870_048630_8623_3-512.jpg"],[1,"1216743870_228595_8624_3-512.jpg"],[2,"1216743870_228595_8624_3-512.jpg"],[1,"1216743870_408583_8625_3-512.jpg"],[2,"1216743870_408583_8625_3-512.jpg"],[1,"1216743870_588490_8626_3-512.jpg"],[2,"1216743870_588490_8626_3-512.jpg"],[1,"1216743870_768487_8627_3-512.jpg"],[2,"1216743870_768487_8627_3-512.jpg"],[2,"1216743870_768487_8627_3-512.jpg"],[2,"1216743870_973634_8628_3-512.jpg"],[1,"1216743870_973634_8628_3-512.jpg"],[2,"1216743871_158636_8629_3-512.jpg"],[2,"1216743871_348703_8630_3-512.jpg"],[2,"1216743871_538656_8631_3-512.jpg"]],"design_ml":"undesigned","images":[]}
