{"MATERIAL":"corrugated metal - dark","AVG_SLOPE":4.66734604862,"AVG_HEIGHT":10.2934580767,"TERAIN_SLP":5.42415654023,"AREA":58.5661201072,"VOLUME":603,"FLOORS":3,"INT_ZONE":"Borde Rural","FLOOD":3,"LANDSLIDE":"Amenaza Media","LEGAL_ID":"311","LEGAL_NAME":"EL MIRADOR","LEGAL_AREA":11.06,"LEGAL_LOTS":989,"LEGAL_POP":5340.6,"LEGAL_DENS":89.42,"LEGALIZING":null,"BLOCK_ID_":"002570071","BLOCK_POP":54,"BLOCK_BLD":17,"BLOCK_RISK":2.759589,"BLOCK_EDU":0,"BLOCK_HLTH":11.874525,"BLOCK_TRAN":99.99971,"BLOCK_CULT":0,"BLOCK_PARK":67.955612,"BLOCK_SEC":41.267639,"BLOCK_CENT":0,"BLOCK_DEF":41.1764705882,"BLD_INHAB":3,"OBJECTID":2,"AO_225":0.2,"id":2497,"preds_material":[[5,"1216742153_357730_4245_1-512.jpg"],[5,"1216742410_726267_5049_1-512.jpg"],[5,"1216742411_411319_5050_1-512.jpg"],[5,"1216742411_996207_5051_1-512.jpg"]],"material_ml":"painted","preds_construction":[[2,"1216742153_357730_4245_1-512.jpg"],[2,"1216742410_726267_5049_1-512.jpg"],[2,"1216742411_411319_5050_1-512.jpg"]],"construction_ml":"complete","preds_design":[[2,"1216742153_357730_4245_1-512.jpg"],[1,"1216742410_726267_5049_1-512.jpg"],[1,"1216742411_411319_5050_1-512.jpg"],[1,"1216742411_996207_5051_1-512.jpg"]],"design_ml":"undesigned","images":[]}
