{"MATERIAL":"corrugated metal","AVG_SLOPE":5.37569914669,"AVG_HEIGHT":0.49796552345,"TERAIN_SLP":21.4862335182,"AREA":27.2286427256,"VOLUME":14,"FLOORS":1,"INT_ZONE":"Borde Rural","FLOOD":2,"LANDSLIDE":"Amenaza Media","LEGAL_ID":"311","LEGAL_NAME":"EL MIRADOR","LEGAL_AREA":11.06,"LEGAL_LOTS":989,"LEGAL_POP":5340.6,"LEGAL_DENS":89.42,"LEGALIZING":null,"BLOCK_ID_":"002570071","BLOCK_POP":54,"BLOCK_BLD":17,"BLOCK_RISK":2.759589,"BLOCK_EDU":0,"BLOCK_HLTH":11.874525,"BLOCK_TRAN":99.99971,"BLOCK_CULT":0,"BLOCK_PARK":67.955612,"BLOCK_SEC":41.267639,"BLOCK_CENT":0,"BLOCK_DEF":41.1764705882,"BLD_INHAB":3,"OBJECTID":2,"AO_225":0.2,"id":2501,"preds_material":[[5,"1216742173_222567_4271_1-512.jpg"],[5,"1216743876_673634_8659_3-512.jpg"],[5,"1216743876_878752_8660_3-512.jpg"],[5,"1216743878_263632_8667_3-512.jpg"],[6,"1216743878_263632_8667_3-512.jpg"],[5,"1216743879_388549_8673_3-512.jpg"],[5,"1216743887_183439_8704_1-512.jpg"],[1,"1216743887_183439_8704_1-512.jpg"],[5,"1216743887_408433_8705_1-512.jpg"],[5,"1216743887_623527_8706_1-512.jpg"],[5,"1216743887_828624_8707_1-512.jpg"],[5,"1216743888_018646_8708_1-512.jpg"],[5,"1216743888_198636_8709_1-512.jpg"],[5,"1216743888_373714_8710_1-512.jpg"]],"material_ml":"painted","preds_construction":[[2,"1216742173_222567_4271_1-512.jpg"],[2,"1216743887_183439_8704_1-512.jpg"],[2,"1216743887_408433_8705_1-512.jpg"],[2,"1216743887_623527_8706_1-512.jpg"],[2,"1216743887_828624_8707_1-512.jpg"],[2,"1216743888_018646_8708_1-512.jpg"],[2,"1216743888_198636_8709_1-512.jpg"],[2,"1216743888_373714_8710_1-512.jpg"],[2,"1216743888_533472_8711_1-512.jpg"]],"construction_ml":"complete","preds_design":[[2,"1216742173_222567_4271_1-512.jpg"],[2,"1216743887_183439_8704_1-512.jpg"],[2,"1216743887_408433_8705_1-512.jpg"],[2,"1216743887_623527_8706_1-512.jpg"],[2,"1216743887_828624_8707_1-512.jpg"],[2,"1216743888_018646_8708_1-512.jpg"],[2,"1216743888_198636_8709_1-512.jpg"],[2,"1216743888_373714_8710_1-512.jpg"],[2,"1216743888_533472_8711_1-512.jpg"]],"design_ml":"designed","images":[]}
