{"MATERIAL":"corrugated metal","AVG_SLOPE":5.2135243284,"AVG_HEIGHT":1.0580090374,"TERAIN_SLP":26.1085703686,"AREA":29.3031482327,"VOLUME":31,"FLOORS":1,"INT_ZONE":"Borde Rural","FLOOD":2,"LANDSLIDE":"Amenaza Media","LEGAL_ID":"311","LEGAL_NAME":"EL MIRADOR","LEGAL_AREA":11.06,"LEGAL_LOTS":989,"LEGAL_POP":5340.6,"LEGAL_DENS":89.42,"LEGALIZING":null,"BLOCK_ID_":"002570071","BLOCK_POP":54,"BLOCK_BLD":17,"BLOCK_RISK":2.759589,"BLOCK_EDU":0,"BLOCK_HLTH":11.874525,"BLOCK_TRAN":99.99971,"BLOCK_CULT":0,"BLOCK_PARK":67.955612,"BLOCK_SEC":41.267639,"BLOCK_CENT":0,"BLOCK_DEF":41.1764705882,"BLD_INHAB":3,"OBJECTID":2,"AO_225":0.2,"id":2503,"preds_material":[[5,"1216742171_167464_4269_1-512.jpg"],[5,"1216742172_042562_4270_1-512.jpg"],[5,"1216742172_042562_4270_1-512.jpg"],[6,"1216743878_068832_8666_3-512.jpg"],[5,"1216743878_068832_8666_3-512.jpg"],[5,"1216743879_203603_8672_3-512.jpg"],[1,"1216743885_748712_8699_1-512.jpg"],[1,"1216743886_088687_8700_1-512.jpg"],[1,"1216743886_403754_8701_1-512.jpg"],[1,"1216743886_683752_8702_1-512.jpg"],[5,"1216743886_683752_8702_1-512.jpg"],[5,"1216743886_898506_8703_1-512.jpg"],[1,"1216743886_898506_8703_1-512.jpg"]],"material_ml":"painted","preds_construction":[[2,"1216742171_167464_4269_1-512.jpg"],[2,"1216742172_042562_4270_1-512.jpg"],[2,"1216742172_042562_4270_1-512.jpg"],[2,"1216743876_878752_8660_3-512.jpg"],[2,"1216743885_748712_8699_1-512.jpg"],[2,"1216743886_088687_8700_1-512.jpg"],[2,"1216743886_403754_8701_1-512.jpg"],[2,"1216743886_683752_8702_1-512.jpg"],[2,"1216743886_898506_8703_1-512.jpg"]],"construction_ml":"complete","preds_design":[[2,"1216742171_167464_4269_1-512.jpg"],[2,"1216742172_042562_4270_1-512.jpg"],[2,"1216742172_042562_4270_1-512.jpg"],[2,"1216743885_748712_8699_1-512.jpg"],[2,"1216743886_088687_8700_1-512.jpg"],[2,"1216743886_403754_8701_1-512.jpg"],[2,"1216743886_683752_8702_1-512.jpg"],[2,"1216743886_898506_8703_1-512.jpg"]],"design_ml":"designed","images":[]}
