{"MATERIAL":"corrugated metal","AVG_SLOPE":7.25593311268,"AVG_HEIGHT":10.8349711893,"TERAIN_SLP":6.57738316618,"AREA":76.7665705582,"VOLUME":832,"FLOORS":3,"INT_ZONE":"Borde Rural","FLOOD":1,"LANDSLIDE":"Amenaza Media","LEGAL_ID":"311","LEGAL_NAME":"EL MIRADOR","LEGAL_AREA":11.06,"LEGAL_LOTS":989,"LEGAL_POP":5340.6,"LEGAL_DENS":89.42,"LEGALIZING":null,"BLOCK_ID_":"002570076","BLOCK_POP":44,"BLOCK_BLD":12,"BLOCK_RISK":10.403293,"BLOCK_EDU":0,"BLOCK_HLTH":11.097072,"BLOCK_TRAN":99.999336,"BLOCK_CULT":0,"BLOCK_PARK":70.159683,"BLOCK_SEC":100,"BLOCK_CENT":0,"BLOCK_DEF":33.3333333333,"BLD_INHAB":4,"OBJECTID":1,"AO_225":0.16,"id":2509,"preds_material":[[5,"1216742152_342474_4244_3-512.jpg"],[5,"1216742153_357730_4245_3-512.jpg"],[5,"1216742158_057600_4249_3-512.jpg"],[5,"1216742412_336122_5052_1-512.jpg"],[5,"1216742412_621163_5053_1-512.jpg"],[5,"1216742413_161186_5055_1-512.jpg"],[5,"1216742413_411187_5056_1-512.jpg"],[5,"1216742413_631214_5057_1-512.jpg"],[5,"1216742413_861196_5058_1-512.jpg"],[5,"1216742414_121139_5059_1-512.jpg"],[5,"1216742414_326151_5060_1-512.jpg"],[5,"1216742414_531184_5061_1-512.jpg"],[5,"1216742414_741140_5062_1-512.jpg"]],"material_ml":"painted","preds_construction":[[2,"1216742153_357730_4245_3-512.jpg"],[2,"1216742158_057600_4249_3-512.jpg"],[2,"1216742412_336122_5052_1-512.jpg"],[2,"1216742412_621163_5053_1-512.jpg"],[2,"1216742412_886109_5054_1-512.jpg"],[2,"1216742413_161186_5055_1-512.jpg"],[2,"1216742413_411187_5056_1-512.jpg"],[2,"1216742413_631214_5057_1-512.jpg"],[2,"1216742413_861196_5058_1-512.jpg"],[2,"1216742414_121139_5059_1-512.jpg"],[2,"1216742414_326151_5060_1-512.jpg"],[2,"1216742414_531184_5061_1-512.jpg"],[2,"1216742414_741140_5062_1-512.jpg"]],"construction_ml":"complete","preds_design":[[2,"1216742153_357730_4245_3-512.jpg"],[1,"1216742153_357730_4245_3-512.jpg"],[1,"1216742158_057600_4249_3-512.jpg"],[2,"1216742412_886109_5054_1-512.jpg"],[2,"1216742413_161186_5055_1-512.jpg"],[2,"1216742413_411187_5056_1-512.jpg"],[2,"1216742413_631214_5057_1-512.jpg"],[2,"1216742413_861196_5058_1-512.jpg"],[2,"1216742414_121139_5059_1-512.jpg"],[2,"1216742414_326151_5060_1-512.jpg"],[2,"1216742414_531184_5061_1-512.jpg"],[2,"1216742414_741140_5062_1-512.jpg"]],"design_ml":"designed","images":[]}
