{"MATERIAL":"corrugated metal","AVG_SLOPE":11.7727940988,"AVG_HEIGHT":11.6450705189,"TERAIN_SLP":3.23499103235,"AREA":73.2193841664,"VOLUME":853,"FLOORS":3,"INT_ZONE":"Borde Rural","FLOOD":1,"LANDSLIDE":"Amenaza Media","LEGAL_ID":"311","LEGAL_NAME":"EL MIRADOR","LEGAL_AREA":11.06,"LEGAL_LOTS":989,"LEGAL_POP":5340.6,"LEGAL_DENS":89.42,"LEGALIZING":null,"BLOCK_ID_":"002570079","BLOCK_POP":89,"BLOCK_BLD":20,"BLOCK_RISK":7.601059,"BLOCK_EDU":0,"BLOCK_HLTH":11.014891,"BLOCK_TRAN":99.89257,"BLOCK_CULT":0,"BLOCK_PARK":78.42543,"BLOCK_SEC":100,"BLOCK_CENT":0,"BLOCK_DEF":30,"BLD_INHAB":4,"OBJECTID":1,"AO_225":0.16,"id":2517,"preds_material":[[5,"1216741678_675118_3360_1-512.jpg"],[5,"1216741678_870082_3361_1-512.jpg"],[5,"1216741679_060170_3362_1-512.jpg"],[5,"1216741679_240083_3363_1-512.jpg"],[5,"1216741679_410114_3364_1-512.jpg"],[5,"1216741679_575082_3365_1-512.jpg"],[5,"1216741679_740108_3366_1-512.jpg"],[5,"1216741679_900106_3367_1-512.jpg"],[5,"1216741680_055125_3368_1-512.jpg"],[5,"1216741680_205085_3369_1-512.jpg"],[1,"1216741680_355087_3370_1-512.jpg"]],"material_ml":"painted","preds_construction":[[2,"1216741678_675118_3360_1-512.jpg"],[2,"1216741678_870082_3361_1-512.jpg"],[2,"1216741679_060170_3362_1-512.jpg"],[2,"1216741679_240083_3363_1-512.jpg"],[2,"1216741679_410114_3364_1-512.jpg"],[2,"1216741679_575082_3365_1-512.jpg"],[2,"1216741679_740108_3366_1-512.jpg"],[2,"1216741679_900106_3367_1-512.jpg"],[2,"1216741680_055125_3368_1-512.jpg"],[2,"1216741680_205085_3369_1-512.jpg"]],"construction_ml":"complete","preds_design":[[2,"1216741678_675118_3360_1-512.jpg"],[2,"1216741678_870082_3361_1-512.jpg"],[2,"1216741679_060170_3362_1-512.jpg"],[2,"1216741679_240083_3363_1-512.jpg"],[2,"1216741679_410114_3364_1-512.jpg"],[2,"1216741679_575082_3365_1-512.jpg"],[2,"1216741679_740108_3366_1-512.jpg"],[2,"1216741679_900106_3367_1-512.jpg"],[2,"1216741680_055125_3368_1-512.jpg"],[2,"1216741680_205085_3369_1-512.jpg"],[1,"1216741680_355087_3370_1-512.jpg"]],"design_ml":"designed","images":[]}
