{"MATERIAL":"corrugated metal - dark","AVG_SLOPE":6.13059034308,"AVG_HEIGHT":0.45056979439,"TERAIN_SLP":14.5772166718,"AREA":64.0642382796,"VOLUME":29,"FLOORS":1,"INT_ZONE":"Borde Rural","FLOOD":1,"LANDSLIDE":"Amenaza Media","LEGAL_ID":"311","LEGAL_NAME":"EL MIRADOR","LEGAL_AREA":11.06,"LEGAL_LOTS":989,"LEGAL_POP":5340.6,"LEGAL_DENS":89.42,"LEGALIZING":null,"BLOCK_ID_":"002570079","BLOCK_POP":89,"BLOCK_BLD":20,"BLOCK_RISK":7.601059,"BLOCK_EDU":0,"BLOCK_HLTH":11.014891,"BLOCK_TRAN":99.89257,"BLOCK_CULT":0,"BLOCK_PARK":78.42543,"BLOCK_SEC":100,"BLOCK_CENT":0,"BLOCK_DEF":30,"BLD_INHAB":4,"OBJECTID":1,"AO_225":0.16,"id":2520,"preds_material":[[6,"1216741681_505084_3378_1-512.jpg"],[6,"1216741681_645109_3379_1-512.jpg"],[5,"1216741726_594940_3552_1-512.jpg"],[5,"1216741726_794798_3553_1-512.jpg"],[5,"1216741727_204786_3555_1-512.jpg"],[5,"1216741727_414770_3556_1-512.jpg"],[5,"1216741727_634785_3557_1-512.jpg"],[5,"1216741727_859834_3558_1-512.jpg"]],"material_ml":"painted","preds_construction":[[2,"1216741681_505084_3378_1-512.jpg"],[2,"1216741726_594940_3552_1-512.jpg"],[2,"1216741726_794798_3553_1-512.jpg"],[2,"1216741726_999853_3554_1-512.jpg"],[2,"1216741727_204786_3555_1-512.jpg"],[2,"1216741727_414770_3556_1-512.jpg"],[2,"1216741727_634785_3557_1-512.jpg"],[2,"1216741727_859834_3558_1-512.jpg"]],"construction_ml":"complete","preds_design":[[2,"1216741681_505084_3378_1-512.jpg"],[1,"1216741726_594940_3552_1-512.jpg"],[1,"1216741726_794798_3553_1-512.jpg"],[1,"1216741726_999853_3554_1-512.jpg"],[1,"1216741727_204786_3555_1-512.jpg"],[1,"1216741727_414770_3556_1-512.jpg"],[1,"1216741727_634785_3557_1-512.jpg"],[2,"1216741727_859834_3558_1-512.jpg"]],"design_ml":"undesigned","images":[]}
