{"MATERIAL":"corrugated metal - dark","AVG_SLOPE":5.58694303404,"AVG_HEIGHT":0.82239067345,"TERAIN_SLP":13.6788476881,"AREA":47.709316188,"VOLUME":39,"FLOORS":1,"INT_ZONE":"Borde Rural","FLOOD":1,"LANDSLIDE":"Amenaza Media","LEGAL_ID":"311","LEGAL_NAME":"EL MIRADOR","LEGAL_AREA":11.06,"LEGAL_LOTS":989,"LEGAL_POP":5340.6,"LEGAL_DENS":89.42,"LEGALIZING":null,"BLOCK_ID_":"002570079","BLOCK_POP":89,"BLOCK_BLD":20,"BLOCK_RISK":7.601059,"BLOCK_EDU":0,"BLOCK_HLTH":11.014891,"BLOCK_TRAN":99.89257,"BLOCK_CULT":0,"BLOCK_PARK":78.42543,"BLOCK_SEC":100,"BLOCK_CENT":0,"BLOCK_DEF":30,"BLD_INHAB":4,"OBJECTID":1,"AO_225":0.16,"id":2523,"preds_material":[[3,"1216741683_535061_3393_1-512.jpg"],[3,"1216741683_670063_3394_1-512.jpg"],[3,"1216741683_805052_3395_1-512.jpg"],[3,"1216741683_940062_3396_1-512.jpg"],[3,"1216741684_075041_3397_1-512.jpg"],[3,"1216741684_210061_3398_1-512.jpg"],[3,"1216741684_345052_3399_1-512.jpg"],[3,"1216741684_485070_3400_1-512.jpg"],[3,"1216741684_625117_3401_1-512.jpg"],[3,"1216741684_765048_3402_1-512.jpg"]],"material_ml":"tin","preds_construction":[[2,"1216741683_535061_3393_1-512.jpg"],[2,"1216741683_670063_3394_1-512.jpg"],[2,"1216741683_805052_3395_1-512.jpg"],[2,"1216741683_940062_3396_1-512.jpg"],[1,"1216741683_940062_3396_1-512.jpg"],[2,"1216741684_075041_3397_1-512.jpg"],[1,"1216741684_075041_3397_1-512.jpg"],[2,"1216741684_210061_3398_1-512.jpg"],[1,"1216741684_210061_3398_1-512.jpg"],[2,"1216741684_345052_3399_1-512.jpg"],[1,"1216741684_345052_3399_1-512.jpg"],[2,"1216741684_485070_3400_1-512.jpg"],[2,"1216741684_625117_3401_1-512.jpg"]],"construction_ml":"complete","preds_design":[[1,"1216741683_535061_3393_1-512.jpg"],[1,"1216741683_670063_3394_1-512.jpg"],[1,"1216741683_805052_3395_1-512.jpg"],[1,"1216741683_940062_3396_1-512.jpg"],[1,"1216741684_075041_3397_1-512.jpg"],[1,"1216741684_210061_3398_1-512.jpg"],[1,"1216741684_345052_3399_1-512.jpg"],[1,"1216741684_485070_3400_1-512.jpg"],[1,"1216741684_625117_3401_1-512.jpg"],[1,"1216741684_765048_3402_1-512.jpg"]],"design_ml":"undesigned","images":[]}
