{"MATERIAL":"corrugated metal/heavily patched","AVG_SLOPE":9.0104676603,"AVG_HEIGHT":0.64900227023,"TERAIN_SLP":15.9870018813,"AREA":56.0798976737,"VOLUME":36,"FLOORS":1,"INT_ZONE":"Borde Rural","FLOOD":1,"LANDSLIDE":"Amenaza Media","LEGAL_ID":"311","LEGAL_NAME":"EL MIRADOR","LEGAL_AREA":11.06,"LEGAL_LOTS":989,"LEGAL_POP":5340.6,"LEGAL_DENS":89.42,"LEGALIZING":null,"BLOCK_ID_":"002570079","BLOCK_POP":89,"BLOCK_BLD":20,"BLOCK_RISK":7.601059,"BLOCK_EDU":0,"BLOCK_HLTH":11.014891,"BLOCK_TRAN":99.89257,"BLOCK_CULT":0,"BLOCK_PARK":78.42543,"BLOCK_SEC":100,"BLOCK_CENT":0,"BLOCK_DEF":30,"BLD_INHAB":4,"OBJECTID":1,"AO_225":0.16,"id":2524,"preds_material":[[1,"1216741684_075041_3397_1-512.jpg"],[1,"1216741684_210061_3398_1-512.jpg"],[1,"1216741684_345052_3399_1-512.jpg"],[1,"1216741684_485070_3400_1-512.jpg"],[1,"1216741684_625117_3401_1-512.jpg"],[1,"1216741684_765048_3402_1-512.jpg"],[1,"1216741684_905043_3403_1-512.jpg"],[3,"1216741684_905043_3403_1-512.jpg"],[1,"1216741684_905043_3403_1-512.jpg"],[1,"1216741685_045180_3404_1-512.jpg"],[3,"1216741685_045180_3404_1-512.jpg"],[1,"1216741685_185049_3405_1-512.jpg"],[1,"1216741685_325033_3406_1-512.jpg"]],"material_ml":"brick","preds_construction":[[2,"1216741684_075041_3397_1-512.jpg"],[2,"1216741684_210061_3398_1-512.jpg"],[2,"1216741684_345052_3399_1-512.jpg"],[2,"1216741684_485070_3400_1-512.jpg"],[2,"1216741684_625117_3401_1-512.jpg"],[2,"1216741684_765048_3402_1-512.jpg"],[2,"1216741684_765048_3402_1-512.jpg"],[2,"1216741684_905043_3403_1-512.jpg"],[2,"1216741684_905043_3403_1-512.jpg"],[2,"1216741684_905043_3403_1-512.jpg"],[2,"1216741685_045180_3404_1-512.jpg"],[2,"1216741685_045180_3404_1-512.jpg"],[2,"1216741685_185049_3405_1-512.jpg"],[2,"1216741685_325033_3406_1-512.jpg"]],"construction_ml":"complete","preds_design":[[2,"1216741684_075041_3397_1-512.jpg"],[2,"1216741684_210061_3398_1-512.jpg"],[2,"1216741684_345052_3399_1-512.jpg"],[2,"1216741684_485070_3400_1-512.jpg"],[2,"1216741684_625117_3401_1-512.jpg"],[2,"1216741684_765048_3402_1-512.jpg"],[2,"1216741684_905043_3403_1-512.jpg"],[1,"1216741684_905043_3403_1-512.jpg"],[1,"1216741684_905043_3403_1-512.jpg"],[2,"1216741685_045180_3404_1-512.jpg"],[1,"1216741685_045180_3404_1-512.jpg"],[2,"1216741685_185049_3405_1-512.jpg"],[2,"1216741685_325033_3406_1-512.jpg"]],"design_ml":"designed","images":[]}
