{"MATERIAL":"corrugated metal/heavily patched","AVG_SLOPE":10.4114461479,"AVG_HEIGHT":6.03644421008,"TERAIN_SLP":10.7283384798,"AREA":58.8076357762,"VOLUME":355,"FLOORS":2,"INT_ZONE":"Borde Rural","FLOOD":2,"LANDSLIDE":"Amenaza Media","LEGAL_ID":"311","LEGAL_NAME":"EL MIRADOR","LEGAL_AREA":11.06,"LEGAL_LOTS":989,"LEGAL_POP":5340.6,"LEGAL_DENS":89.42,"LEGALIZING":null,"BLOCK_ID_":"002570079","BLOCK_POP":89,"BLOCK_BLD":20,"BLOCK_RISK":7.601059,"BLOCK_EDU":0,"BLOCK_HLTH":11.014891,"BLOCK_TRAN":99.89257,"BLOCK_CULT":0,"BLOCK_PARK":78.42543,"BLOCK_SEC":100,"BLOCK_CENT":0,"BLOCK_DEF":30,"BLD_INHAB":4,"OBJECTID":2,"AO_225":0.2,"id":2525,"preds_material":[[1,"1216741686_675054_3415_1-512.jpg"],[1,"1216741686_835027_3416_1-512.jpg"],[1,"1216741687_000076_3417_1-512.jpg"],[1,"1216741687_170041_3418_1-512.jpg"],[1,"1216741687_170041_3418_1-512.jpg"],[1,"1216741687_345029_3419_1-512.jpg"],[1,"1216741687_345029_3419_1-512.jpg"],[1,"1216741687_530051_3420_1-512.jpg"],[1,"1216741687_530051_3420_1-512.jpg"],[5,"1216741687_530051_3420_1-512.jpg"],[1,"1216741687_720053_3421_1-512.jpg"],[1,"1216741687_720053_3421_1-512.jpg"],[1,"1216741687_920055_3422_1-512.jpg"]],"material_ml":"brick","preds_construction":[[2,"1216741686_675054_3415_1-512.jpg"],[1,"1216741686_675054_3415_1-512.jpg"],[1,"1216741686_835027_3416_1-512.jpg"],[2,"1216741686_835027_3416_1-512.jpg"],[2,"1216741687_000076_3417_1-512.jpg"],[1,"1216741687_000076_3417_1-512.jpg"],[2,"1216741687_170041_3418_1-512.jpg"],[1,"1216741687_170041_3418_1-512.jpg"],[2,"1216741687_170041_3418_1-512.jpg"],[2,"1216741687_345029_3419_1-512.jpg"],[1,"1216741687_345029_3419_1-512.jpg"],[2,"1216741687_345029_3419_1-512.jpg"],[2,"1216741687_530051_3420_1-512.jpg"],[2,"1216741687_530051_3420_1-512.jpg"],[1,"1216741687_530051_3420_1-512.jpg"],[2,"1216741687_530051_3420_1-512.jpg"],[2,"1216741687_720053_3421_1-512.jpg"],[2,"1216741687_720053_3421_1-512.jpg"],[1,"1216741687_720053_3421_1-512.jpg"],[2,"1216741687_920055_3422_1-512.jpg"]],"construction_ml":"complete","preds_design":[[2,"1216741686_675054_3415_1-512.jpg"],[2,"1216741686_835027_3416_1-512.jpg"],[2,"1216741687_000076_3417_1-512.jpg"],[2,"1216741687_170041_3418_1-512.jpg"],[2,"1216741687_170041_3418_1-512.jpg"],[2,"1216741687_345029_3419_1-512.jpg"],[2,"1216741687_345029_3419_1-512.jpg"],[2,"1216741687_530051_3420_1-512.jpg"],[2,"1216741687_530051_3420_1-512.jpg"],[2,"1216741687_530051_3420_1-512.jpg"],[2,"1216741687_720053_3421_1-512.jpg"],[2,"1216741687_720053_3421_1-512.jpg"],[2,"1216741687_920055_3422_1-512.jpg"]],"design_ml":"designed","images":[]}
