{"MATERIAL":"under construction","AVG_SLOPE":5.79928829981,"AVG_HEIGHT":5.39484675279,"TERAIN_SLP":8.36468722455,"AREA":72.2170537199,"VOLUME":390,"FLOORS":2,"INT_ZONE":"Borde Rural","FLOOD":1,"LANDSLIDE":"Amenaza Media","LEGAL_ID":"311","LEGAL_NAME":"EL MIRADOR","LEGAL_AREA":11.06,"LEGAL_LOTS":989,"LEGAL_POP":5340.6,"LEGAL_DENS":89.42,"LEGALIZING":null,"BLOCK_ID_":"002570079","BLOCK_POP":89,"BLOCK_BLD":20,"BLOCK_RISK":7.601059,"BLOCK_EDU":0,"BLOCK_HLTH":11.014891,"BLOCK_TRAN":99.89257,"BLOCK_CULT":0,"BLOCK_PARK":78.42543,"BLOCK_SEC":100,"BLOCK_CENT":0,"BLOCK_DEF":30,"BLD_INHAB":4,"OBJECTID":1,"AO_225":0.16,"id":2528,"preds_material":[[1,"1216741685_045180_3404_1-512.jpg"],[1,"1216741685_185049_3405_1-512.jpg"],[1,"1216741685_325033_3406_1-512.jpg"],[1,"1216741685_465043_3407_1-512.jpg"],[1,"1216741685_465043_3407_1-512.jpg"],[1,"1216741685_610043_3408_1-512.jpg"],[1,"1216741685_610043_3408_1-512.jpg"],[1,"1216741685_610043_3408_1-512.jpg"],[5,"1216741685_610043_3408_1-512.jpg"],[1,"1216741685_755058_3409_1-512.jpg"],[1,"1216741685_755058_3409_1-512.jpg"],[1,"1216741685_755058_3409_1-512.jpg"],[1,"1216741685_905038_3410_1-512.jpg"],[1,"1216741685_905038_3410_1-512.jpg"],[1,"1216741685_905038_3410_1-512.jpg"],[1,"1216741686_055064_3411_1-512.jpg"],[1,"1216741686_210050_3412_1-512.jpg"],[1,"1216741686_365057_3413_1-512.jpg"]],"material_ml":"brick","preds_construction":[[2,"1216741685_045180_3404_1-512.jpg"],[2,"1216741685_185049_3405_1-512.jpg"],[2,"1216741685_325033_3406_1-512.jpg"],[2,"1216741685_465043_3407_1-512.jpg"],[2,"1216741685_465043_3407_1-512.jpg"],[2,"1216741685_610043_3408_1-512.jpg"],[2,"1216741685_610043_3408_1-512.jpg"],[2,"1216741685_610043_3408_1-512.jpg"],[2,"1216741685_755058_3409_1-512.jpg"],[2,"1216741685_755058_3409_1-512.jpg"],[2,"1216741685_755058_3409_1-512.jpg"],[1,"1216741685_755058_3409_1-512.jpg"],[2,"1216741685_905038_3410_1-512.jpg"],[2,"1216741685_905038_3410_1-512.jpg"],[2,"1216741685_905038_3410_1-512.jpg"],[2,"1216741686_055064_3411_1-512.jpg"],[2,"1216741686_210050_3412_1-512.jpg"],[2,"1216741686_365057_3413_1-512.jpg"]],"construction_ml":"complete","preds_design":[[1,"1216741685_045180_3404_1-512.jpg"],[1,"1216741685_185049_3405_1-512.jpg"],[1,"1216741685_325033_3406_1-512.jpg"],[2,"1216741685_465043_3407_1-512.jpg"],[1,"1216741685_465043_3407_1-512.jpg"],[2,"1216741685_610043_3408_1-512.jpg"],[1,"1216741685_610043_3408_1-512.jpg"],[2,"1216741685_610043_3408_1-512.jpg"],[1,"1216741685_755058_3409_1-512.jpg"],[2,"1216741685_755058_3409_1-512.jpg"],[2,"1216741685_755058_3409_1-512.jpg"],[1,"1216741685_905038_3410_1-512.jpg"],[2,"1216741685_905038_3410_1-512.jpg"],[2,"1216741685_905038_3410_1-512.jpg"],[1,"1216741686_055064_3411_1-512.jpg"],[1,"1216741686_210050_3412_1-512.jpg"],[1,"1216741686_365057_3413_1-512.jpg"]],"design_ml":"undesigned","images":[]}
