{"MATERIAL":"corrugated metal","AVG_SLOPE":6.48954307356,"AVG_HEIGHT":7.70536261375,"TERAIN_SLP":12.5512972073,"AREA":65.1735613149,"VOLUME":502,"FLOORS":2,"INT_ZONE":"Borde Rural","FLOOD":1,"LANDSLIDE":"Amenaza Media","LEGAL_ID":"311","LEGAL_NAME":"EL MIRADOR","LEGAL_AREA":11.06,"LEGAL_LOTS":989,"LEGAL_POP":5340.6,"LEGAL_DENS":89.42,"LEGALIZING":null,"BLOCK_ID_":"002570079","BLOCK_POP":89,"BLOCK_BLD":20,"BLOCK_RISK":7.601059,"BLOCK_EDU":0,"BLOCK_HLTH":11.014891,"BLOCK_TRAN":99.89257,"BLOCK_CULT":0,"BLOCK_PARK":78.42543,"BLOCK_SEC":100,"BLOCK_CENT":0,"BLOCK_DEF":30,"BLD_INHAB":4,"OBJECTID":1,"AO_225":0.16,"id":2530,"preds_material":[[5,"1216741720_449916_3525_1-512.jpg"],[1,"1216741720_449916_3525_1-512.jpg"],[5,"1216741720_649883_3526_1-512.jpg"],[1,"1216741720_649883_3526_1-512.jpg"],[1,"1216741720_839874_3527_1-512.jpg"],[5,"1216741720_839874_3527_1-512.jpg"],[1,"1216741721_040014_3528_1-512.jpg"],[5,"1216741721_040014_3528_1-512.jpg"],[1,"1216741721_699905_3531_1-512.jpg"],[1,"1216741721_944792_3532_1-512.jpg"],[1,"1216741722_184789_3533_1-512.jpg"],[1,"1216741722_424796_3534_1-512.jpg"]],"material_ml":"brick","preds_construction":[[2,"1216741720_449916_3525_1-512.jpg"],[2,"1216741720_449916_3525_1-512.jpg"],[2,"1216741720_649883_3526_1-512.jpg"],[2,"1216741720_649883_3526_1-512.jpg"],[2,"1216741720_839874_3527_1-512.jpg"],[2,"1216741720_839874_3527_1-512.jpg"],[2,"1216741721_040014_3528_1-512.jpg"],[2,"1216741721_040014_3528_1-512.jpg"],[2,"1216741721_264817_3529_1-512.jpg"],[2,"1216741721_264817_3529_1-512.jpg"],[2,"1216741721_699905_3531_1-512.jpg"],[2,"1216741721_944792_3532_1-512.jpg"],[2,"1216741722_184789_3533_1-512.jpg"],[2,"1216741722_424796_3534_1-512.jpg"]],"construction_ml":"complete","preds_design":[[2,"1216741720_449916_3525_1-512.jpg"],[2,"1216741720_449916_3525_1-512.jpg"],[2,"1216741720_649883_3526_1-512.jpg"],[2,"1216741720_649883_3526_1-512.jpg"],[2,"1216741720_839874_3527_1-512.jpg"],[2,"1216741720_839874_3527_1-512.jpg"],[2,"1216741721_040014_3528_1-512.jpg"],[2,"1216741721_040014_3528_1-512.jpg"],[2,"1216741721_264817_3529_1-512.jpg"],[2,"1216741721_699905_3531_1-512.jpg"],[2,"1216741721_944792_3532_1-512.jpg"],[2,"1216741722_184789_3533_1-512.jpg"],[2,"1216741722_424796_3534_1-512.jpg"],[2,"1216741722_689872_3535_1-512.jpg"]],"design_ml":"designed","images":[]}
