{"MATERIAL":"corrugated metal","AVG_SLOPE":4.28939124308,"AVG_HEIGHT":6.91270831471,"TERAIN_SLP":13.891938715,"AREA":64.0619247634,"VOLUME":443,"FLOORS":2,"INT_ZONE":"Borde Rural","FLOOD":1,"LANDSLIDE":"Amenaza Media","LEGAL_ID":"311","LEGAL_NAME":"EL MIRADOR","LEGAL_AREA":11.06,"LEGAL_LOTS":989,"LEGAL_POP":5340.6,"LEGAL_DENS":89.42,"LEGALIZING":null,"BLOCK_ID_":"002570079","BLOCK_POP":89,"BLOCK_BLD":20,"BLOCK_RISK":7.601059,"BLOCK_EDU":0,"BLOCK_HLTH":11.014891,"BLOCK_TRAN":99.89257,"BLOCK_CULT":0,"BLOCK_PARK":78.42543,"BLOCK_SEC":100,"BLOCK_CENT":0,"BLOCK_DEF":30,"BLD_INHAB":4,"OBJECTID":2,"AO_225":0.2,"id":2533,"preds_material":[[2,"1216741715_614828_3498_1-512.jpg"],[2,"1216741715_824860_3499_1-512.jpg"],[2,"1216741716_030065_3500_1-512.jpg"],[1,"1216741716_030065_3500_1-512.jpg"],[1,"1216741716_230132_3501_1-512.jpg"],[1,"1216741716_424836_3502_1-512.jpg"],[1,"1216741716_614825_3503_1-512.jpg"],[2,"1216741716_614825_3503_1-512.jpg"],[2,"1216741716_804823_3504_1-512.jpg"],[2,"1216741716_994842_3505_1-512.jpg"],[2,"1216741717_180122_3506_1-512.jpg"],[1,"1216741717_359896_3507_1-512.jpg"],[1,"1216741717_540126_3508_1-512.jpg"],[1,"1216741717_714841_3509_1-512.jpg"],[1,"1216741717_884842_3510_1-512.jpg"],[1,"1216741718_054855_3511_1-512.jpg"]],"material_ml":"brick","preds_construction":[[2,"1216741715_614828_3498_1-512.jpg"],[2,"1216741715_824860_3499_1-512.jpg"],[2,"1216741716_030065_3500_1-512.jpg"],[2,"1216741716_230132_3501_1-512.jpg"],[2,"1216741716_424836_3502_1-512.jpg"],[2,"1216741716_614825_3503_1-512.jpg"],[2,"1216741716_614825_3503_1-512.jpg"],[2,"1216741716_804823_3504_1-512.jpg"],[2,"1216741716_994842_3505_1-512.jpg"],[2,"1216741717_180122_3506_1-512.jpg"],[2,"1216741717_359896_3507_1-512.jpg"],[2,"1216741717_540126_3508_1-512.jpg"],[2,"1216741717_714841_3509_1-512.jpg"],[2,"1216741717_884842_3510_1-512.jpg"],[2,"1216741718_054855_3511_1-512.jpg"],[2,"1216741718_224830_3512_1-512.jpg"]],"construction_ml":"complete","preds_design":[[1,"1216741715_614828_3498_1-512.jpg"],[1,"1216741715_824860_3499_1-512.jpg"],[2,"1216741716_030065_3500_1-512.jpg"],[2,"1216741716_230132_3501_1-512.jpg"],[2,"1216741716_424836_3502_1-512.jpg"],[2,"1216741716_614825_3503_1-512.jpg"],[1,"1216741716_614825_3503_1-512.jpg"],[1,"1216741716_804823_3504_1-512.jpg"],[1,"1216741716_994842_3505_1-512.jpg"],[1,"1216741717_180122_3506_1-512.jpg"],[2,"1216741717_359896_3507_1-512.jpg"],[2,"1216741717_540126_3508_1-512.jpg"],[2,"1216741717_714841_3509_1-512.jpg"],[2,"1216741717_884842_3510_1-512.jpg"],[2,"1216741718_054855_3511_1-512.jpg"],[2,"1216741718_224830_3512_1-512.jpg"]],"design_ml":"designed","images":[]}
