{"MATERIAL":"corrugated metal","AVG_SLOPE":6.46739412341,"AVG_HEIGHT":0.54693195657,"TERAIN_SLP":16.3673620286,"AREA":56.8108523028,"VOLUME":31,"FLOORS":1,"INT_ZONE":"Borde Rural","FLOOD":1,"LANDSLIDE":"Amenaza Media","LEGAL_ID":"311","LEGAL_NAME":"EL MIRADOR","LEGAL_AREA":11.06,"LEGAL_LOTS":989,"LEGAL_POP":5340.6,"LEGAL_DENS":89.42,"LEGALIZING":null,"BLOCK_ID_":"002570079","BLOCK_POP":89,"BLOCK_BLD":20,"BLOCK_RISK":7.601059,"BLOCK_EDU":0,"BLOCK_HLTH":11.014891,"BLOCK_TRAN":99.89257,"BLOCK_CULT":0,"BLOCK_PARK":78.42543,"BLOCK_SEC":100,"BLOCK_CENT":0,"BLOCK_DEF":30,"BLD_INHAB":4,"OBJECTID":2,"AO_225":0.2,"id":2536,"preds_material":[[5,"1216741713_999921_3491_1-512.jpg"],[5,"1216741714_254938_3492_1-512.jpg"],[5,"1216741714_499941_3493_1-512.jpg"],[2,"1216741714_734825_3494_1-512.jpg"],[2,"1216741714_964830_3495_1-512.jpg"],[2,"1216741715_189919_3496_1-512.jpg"],[2,"1216741715_404825_3497_1-512.jpg"],[5,"1216741715_824860_3499_1-512.jpg"],[5,"1216741716_030065_3500_1-512.jpg"],[2,"1216741716_230132_3501_1-512.jpg"],[2,"1216741716_424836_3502_1-512.jpg"]],"material_ml":"concrete","preds_construction":[[2,"1216741714_254938_3492_1-512.jpg"],[2,"1216741714_499941_3493_1-512.jpg"],[2,"1216741714_734825_3494_1-512.jpg"],[2,"1216741714_964830_3495_1-512.jpg"],[2,"1216741715_189919_3496_1-512.jpg"],[2,"1216741715_404825_3497_1-512.jpg"],[2,"1216741716_030065_3500_1-512.jpg"],[2,"1216741716_230132_3501_1-512.jpg"],[2,"1216741716_424836_3502_1-512.jpg"]],"construction_ml":"complete","preds_design":[[1,"1216741713_999921_3491_1-512.jpg"],[1,"1216741714_254938_3492_1-512.jpg"],[1,"1216741714_499941_3493_1-512.jpg"],[1,"1216741714_734825_3494_1-512.jpg"],[1,"1216741714_964830_3495_1-512.jpg"],[1,"1216741715_189919_3496_1-512.jpg"],[1,"1216741715_404825_3497_1-512.jpg"],[1,"1216741715_824860_3499_1-512.jpg"],[1,"1216741716_030065_3500_1-512.jpg"],[1,"1216741716_230132_3501_1-512.jpg"],[1,"1216741716_424836_3502_1-512.jpg"]],"design_ml":"undesigned","images":[]}
