{"MATERIAL":"corrugated metal - painted","AVG_SLOPE":18.3953691749,"AVG_HEIGHT":1.97258233019,"TERAIN_SLP":19.9359381771,"AREA":193.990556691,"VOLUME":383,"FLOORS":1,"INT_ZONE":null,"FLOOD":1,"LANDSLIDE":"Amenaza Baja","LEGAL_ID":"358","LEGAL_NAME":"EL PARAISO","LEGAL_AREA":26.04,"LEGAL_LOTS":2077,"LEGAL_POP":11215.8,"LEGAL_DENS":79.76190476,"LEGALIZING":null,"BLOCK_ID_":"002565082","BLOCK_POP":170,"BLOCK_BLD":50,"BLOCK_RISK":15.152835,"BLOCK_EDU":0,"BLOCK_HLTH":13.620973,"BLOCK_TRAN":97.737358,"BLOCK_CULT":0,"BLOCK_PARK":60.822239,"BLOCK_SEC":100,"BLOCK_CENT":0,"BLOCK_DEF":24,"BLD_INHAB":3,"OBJECTID":2,"AO_225":0.2,"id":2547,"preds_material":[[2,"1216741365_801824_2252_1-512.jpg"],[2,"1216741365_991819_2253_1-512.jpg"],[2,"1216741366_181822_2254_1-512.jpg"],[2,"1216741366_371806_2255_1-512.jpg"],[2,"1216741366_561799_2256_1-512.jpg"],[2,"1216741366_746775_2257_1-512.jpg"],[2,"1216741366_936769_2258_1-512.jpg"],[2,"1216741367_126752_2259_1-512.jpg"],[2,"1216741367_316738_2260_1-512.jpg"],[2,"1216741367_511818_2261_1-512.jpg"],[2,"1216741367_711791_2262_1-512.jpg"],[2,"1216741367_916737_2263_1-512.jpg"],[2,"1216741368_131871_2264_1-512.jpg"],[5,"1216741558_155750_2920_1-512.jpg"],[5,"1216741558_280793_2921_1-512.jpg"],[5,"1216741558_905744_2926_1-512.jpg"],[5,"1216743833_923699_8459_1-512.jpg"],[5,"1216743834_283734_8460_1-512.jpg"],[5,"1216743834_653705_8461_1-512.jpg"],[5,"1216743846_603684_8514_1-512.jpg"]],"material_ml":"concrete","preds_construction":[[2,"1216741365_801824_2252_1-512.jpg"],[2,"1216741365_991819_2253_1-512.jpg"],[2,"1216741366_181822_2254_1-512.jpg"],[2,"1216741366_371806_2255_1-512.jpg"],[2,"1216741366_561799_2256_1-512.jpg"],[2,"1216741366_746775_2257_1-512.jpg"],[2,"1216741366_936769_2258_1-512.jpg"],[2,"1216741367_126752_2259_1-512.jpg"],[2,"1216741367_316738_2260_1-512.jpg"],[2,"1216741367_511818_2261_1-512.jpg"],[2,"1216741367_711791_2262_1-512.jpg"],[2,"1216741367_916737_2263_1-512.jpg"],[2,"1216741368_131871_2264_1-512.jpg"],[2,"1216741558_155750_2920_1-512.jpg"],[2,"1216741558_280793_2921_1-512.jpg"],[2,"1216741558_905744_2926_1-512.jpg"]],"construction_ml":"complete","preds_design":[[2,"1216741365_801824_2252_1-512.jpg"],[2,"1216741365_991819_2253_1-512.jpg"],[2,"1216741366_181822_2254_1-512.jpg"],[2,"1216741366_371806_2255_1-512.jpg"],[2,"1216741366_561799_2256_1-512.jpg"],[2,"1216741366_746775_2257_1-512.jpg"],[2,"1216741366_936769_2258_1-512.jpg"],[2,"1216741367_126752_2259_1-512.jpg"],[2,"1216741367_316738_2260_1-512.jpg"],[2,"1216741367_511818_2261_1-512.jpg"],[2,"1216741367_711791_2262_1-512.jpg"],[2,"1216741367_916737_2263_1-512.jpg"],[2,"1216741368_131871_2264_1-512.jpg"],[2,"1216741558_155750_2920_1-512.jpg"],[2,"1216741558_280793_2921_1-512.jpg"],[2,"1216741558_905744_2926_1-512.jpg"]],"design_ml":"designed","images":["1216741558_155750_2920_1-512.jpg","1216741558_280793_2921_1-512.jpg","1216741558_905744_2926_1-512.jpg"]}
