{"MATERIAL":"corrugated metal","AVG_SLOPE":4.35222031222,"AVG_HEIGHT":9.50733462087,"TERAIN_SLP":1.02026269279,"AREA":56.8767174981,"VOLUME":541,"FLOORS":3,"INT_ZONE":"Borde Rural","FLOOD":1,"LANDSLIDE":"Amenaza Media","LEGAL_ID":"311","LEGAL_NAME":"EL MIRADOR","LEGAL_AREA":11.06,"LEGAL_LOTS":989,"LEGAL_POP":5340.6,"LEGAL_DENS":89.42,"LEGALIZING":null,"BLOCK_ID_":"002570078","BLOCK_POP":61,"BLOCK_BLD":14,"BLOCK_RISK":9.9878788,"BLOCK_EDU":0,"BLOCK_HLTH":14.060732,"BLOCK_TRAN":98.822723,"BLOCK_CULT":0,"BLOCK_PARK":52.656895,"BLOCK_SEC":100,"BLOCK_CENT":0,"BLOCK_DEF":35.7142857143,"BLD_INHAB":4,"OBJECTID":2,"AO_225":0.2,"id":2548,"preds_material":[[5,"1216741557_375735_2914_3-512.jpg"],[5,"1216741557_510710_2915_3-512.jpg"],[5,"1216741557_645749_2916_1-512.jpg"],[5,"1216741557_645749_2916_1-512.jpg"],[5,"1216741557_645749_2916_3-512.jpg"],[5,"1216741557_645749_2916_3-512.jpg"],[5,"1216741557_775737_2917_1-512.jpg"],[5,"1216741557_775737_2917_1-512.jpg"],[5,"1216741557_775737_2917_3-512.jpg"],[5,"1216741557_775737_2917_3-512.jpg"],[5,"1216741557_905856_2918_1-512.jpg"],[5,"1216741557_905856_2918_1-512.jpg"],[5,"1216741557_905856_2918_3-512.jpg"],[5,"1216741557_905856_2918_3-512.jpg"],[5,"1216741558_030893_2919_1-512.jpg"],[5,"1216741558_030893_2919_1-512.jpg"],[5,"1216741558_030893_2919_3-512.jpg"],[5,"1216741558_030893_2919_3-512.jpg"],[5,"1216741558_155750_2920_1-512.jpg"],[5,"1216741558_155750_2920_3-512.jpg"],[5,"1216741558_280793_2921_1-512.jpg"],[5,"1216741558_280793_2921_3-512.jpg"],[5,"1216743842_088535_8489_1-512.jpg"],[5,"1216743842_298546_8490_1-512.jpg"],[5,"1216743843_263700_8495_1-512.jpg"],[5,"1216743843_458691_8496_1-512.jpg"],[5,"1216743843_808691_8498_1-512.jpg"],[5,"1216743844_558742_8502_1-512.jpg"],[5,"1216743846_088717_8511_1-512.jpg"]],"material_ml":"painted","preds_construction":[[2,"1216741557_375735_2914_3-512.jpg"],[2,"1216741557_510710_2915_3-512.jpg"],[2,"1216741557_645749_2916_1-512.jpg"],[2,"1216741557_645749_2916_1-512.jpg"],[2,"1216741557_645749_2916_3-512.jpg"],[2,"1216741557_645749_2916_3-512.jpg"],[2,"1216741557_775737_2917_1-512.jpg"],[2,"1216741557_775737_2917_1-512.jpg"],[2,"1216741557_775737_2917_3-512.jpg"],[2,"1216741557_775737_2917_3-512.jpg"],[2,"1216741557_905856_2918_1-512.jpg"],[2,"1216741557_905856_2918_1-512.jpg"],[2,"1216741557_905856_2918_3-512.jpg"],[2,"1216741557_905856_2918_3-512.jpg"],[2,"1216741558_030893_2919_1-512.jpg"],[2,"1216741558_030893_2919_1-512.jpg"],[2,"1216741558_030893_2919_3-512.jpg"],[2,"1216741558_030893_2919_3-512.jpg"],[2,"1216741558_155750_2920_1-512.jpg"],[2,"1216741558_155750_2920_3-512.jpg"],[2,"1216741558_280793_2921_1-512.jpg"],[2,"1216741558_280793_2921_3-512.jpg"],[2,"1216743842_088535_8489_1-512.jpg"],[2,"1216743843_263700_8495_1-512.jpg"],[2,"1216743844_558742_8502_1-512.jpg"],[2,"1216743846_088717_8511_1-512.jpg"]],"construction_ml":"complete","preds_design":[[2,"1216741557_375735_2914_3-512.jpg"],[2,"1216741557_510710_2915_1-512.jpg"],[2,"1216741557_510710_2915_3-512.jpg"],[2,"1216741557_645749_2916_1-512.jpg"],[2,"1216741557_645749_2916_1-512.jpg"],[2,"1216741557_645749_2916_3-512.jpg"],[2,"1216741557_645749_2916_3-512.jpg"],[2,"1216741557_775737_2917_1-512.jpg"],[2,"1216741557_775737_2917_1-512.jpg"],[2,"1216741557_775737_2917_3-512.jpg"],[1,"1216741557_775737_2917_3-512.jpg"],[2,"1216741557_905856_2918_1-512.jpg"],[2,"1216741557_905856_2918_1-512.jpg"],[2,"1216741557_905856_2918_3-512.jpg"],[1,"1216741557_905856_2918_3-512.jpg"],[2,"1216741558_030893_2919_1-512.jpg"],[2,"1216741558_030893_2919_1-512.jpg"],[2,"1216741558_030893_2919_3-512.jpg"],[1,"1216741558_030893_2919_3-512.jpg"],[2,"1216741558_155750_2920_1-512.jpg"],[2,"1216741558_155750_2920_3-512.jpg"],[2,"1216741558_280793_2921_1-512.jpg"],[2,"1216741558_280793_2921_3-512.jpg"],[2,"1216743842_088535_8489_1-512.jpg"],[2,"1216743843_263700_8495_1-512.jpg"],[2,"1216743843_458691_8496_1-512.jpg"],[2,"1216743844_558742_8502_1-512.jpg"]],"design_ml":"designed","images":["1216741557_510710_2915_3-512.jpg","1216741557_645749_2916_3-512.jpg","1216741557_775737_2917_3-512.jpg"]}
