{"MATERIAL":"extreme haphazard","AVG_SLOPE":13.2756385882,"AVG_HEIGHT":5.64254959817,"TERAIN_SLP":11.9398586805,"AREA":68.0915408329,"VOLUME":384,"FLOORS":2,"INT_ZONE":"Borde Rural","FLOOD":1,"LANDSLIDE":"Amenaza Media","LEGAL_ID":"358","LEGAL_NAME":"EL PARAISO","LEGAL_AREA":26.04,"LEGAL_LOTS":2077,"LEGAL_POP":11215.8,"LEGAL_DENS":79.76190476,"LEGALIZING":null,"BLOCK_ID_":"002565006","BLOCK_POP":190,"BLOCK_BLD":48,"BLOCK_RISK":24.79384,"BLOCK_EDU":0,"BLOCK_HLTH":10.726727,"BLOCK_TRAN":56.566322,"BLOCK_CULT":0,"BLOCK_PARK":1.2882968,"BLOCK_SEC":100,"BLOCK_CENT":0,"BLOCK_DEF":31.25,"BLD_INHAB":4,"OBJECTID":2,"AO_225":0.2,"id":255,"preds_material":[[5,"1216744696_859977_10192_3-512.jpg"],[5,"1216744697_700035_10194_3-512.jpg"],[5,"1216744697_700035_10194_3-512.jpg"],[5,"1216744698_049554_10195_3-512.jpg"],[5,"1216744698_389691_10196_3-512.jpg"],[5,"1216744698_714845_10197_3-512.jpg"],[5,"1216744699_049716_10198_3-512.jpg"],[5,"1216744699_369763_10199_3-512.jpg"],[5,"1216744699_679769_10200_3-512.jpg"],[5,"1216744699_999401_10201_3-512.jpg"],[5,"1216744700_304534_10202_3-512.jpg"],[5,"1216744857_193605_10539_1-512.jpg"],[5,"1216744857_193605_10539_1-512.jpg"],[5,"1216744857_193605_10539_3-512.jpg"],[1,"1216744857_193605_10539_3-512.jpg"],[5,"1216744857_193605_10539_3-512.jpg"]],"material_ml":"painted","preds_construction":[[2,"1216744696_859977_10192_3-512.jpg"],[2,"1216744697_290014_10193_3-512.jpg"],[2,"1216744697_700035_10194_3-512.jpg"],[2,"1216744698_049554_10195_3-512.jpg"],[2,"1216744698_389691_10196_3-512.jpg"],[2,"1216744698_714845_10197_3-512.jpg"],[2,"1216744699_049716_10198_3-512.jpg"],[2,"1216744699_369763_10199_3-512.jpg"],[2,"1216744699_679769_10200_3-512.jpg"],[2,"1216744699_999401_10201_3-512.jpg"],[2,"1216744700_304534_10202_3-512.jpg"],[2,"1216744857_193605_10539_1-512.jpg"],[2,"1216744857_193605_10539_1-512.jpg"],[2,"1216744857_193605_10539_3-512.jpg"],[2,"1216744857_193605_10539_3-512.jpg"]],"construction_ml":"complete","preds_design":[[2,"1216744696_859977_10192_3-512.jpg"],[2,"1216744697_290014_10193_3-512.jpg"],[1,"1216744697_290014_10193_3-512.jpg"],[1,"1216744697_700035_10194_3-512.jpg"],[1,"1216744698_049554_10195_3-512.jpg"],[1,"1216744698_389691_10196_3-512.jpg"],[1,"1216744698_714845_10197_3-512.jpg"],[1,"1216744699_049716_10198_3-512.jpg"],[1,"1216744699_369763_10199_3-512.jpg"],[1,"1216744699_679769_10200_3-512.jpg"],[1,"1216744699_999401_10201_3-512.jpg"],[1,"1216744700_304534_10202_3-512.jpg"],[2,"1216744857_193605_10539_1-512.jpg"],[2,"1216744857_193605_10539_1-512.jpg"],[2,"1216744857_193605_10539_3-512.jpg"],[1,"1216744857_193605_10539_3-512.jpg"],[2,"1216744857_193605_10539_3-512.jpg"]],"design_ml":"undesigned","images":[]}
