{"MATERIAL":"corrugated metal","AVG_SLOPE":6.3576175349,"AVG_HEIGHT":8.14360808255,"TERAIN_SLP":3.81538505997,"AREA":70.168617077,"VOLUME":571,"FLOORS":3,"INT_ZONE":"Borde Rural","FLOOD":1,"LANDSLIDE":"Amenaza Media","LEGAL_ID":"311","LEGAL_NAME":"EL MIRADOR","LEGAL_AREA":11.06,"LEGAL_LOTS":989,"LEGAL_POP":5340.6,"LEGAL_DENS":89.42,"LEGALIZING":null,"BLOCK_ID_":"002570078","BLOCK_POP":61,"BLOCK_BLD":14,"BLOCK_RISK":9.9878788,"BLOCK_EDU":0,"BLOCK_HLTH":14.060732,"BLOCK_TRAN":98.822723,"BLOCK_CULT":0,"BLOCK_PARK":52.656895,"BLOCK_SEC":100,"BLOCK_CENT":0,"BLOCK_DEF":35.7142857143,"BLD_INHAB":4,"OBJECTID":2,"AO_225":0.2,"id":2557,"preds_material":[[5,"1216741714_734825_3494_3-512.jpg"],[5,"1216741714_734825_3494_3-512.jpg"],[5,"1216741714_964830_3495_3-512.jpg"],[5,"1216741714_964830_3495_3-512.jpg"],[5,"1216741715_189919_3496_3-512.jpg"],[5,"1216741715_189919_3496_3-512.jpg"],[5,"1216741715_404825_3497_3-512.jpg"],[5,"1216741715_404825_3497_3-512.jpg"],[5,"1216741715_614828_3498_3-512.jpg"],[5,"1216741715_614828_3498_3-512.jpg"],[5,"1216741715_824860_3499_3-512.jpg"],[5,"1216741716_030065_3500_3-512.jpg"],[5,"1216741716_230132_3501_3-512.jpg"],[5,"1216741716_424836_3502_3-512.jpg"],[5,"1216741716_614825_3503_3-512.jpg"],[5,"1216741716_804823_3504_3-512.jpg"],[5,"1216741716_994842_3505_3-512.jpg"],[5,"1216741717_180122_3506_3-512.jpg"]],"material_ml":"painted","preds_construction":[[2,"1216741714_734825_3494_3-512.jpg"],[2,"1216741714_964830_3495_3-512.jpg"],[2,"1216741714_964830_3495_3-512.jpg"],[2,"1216741715_189919_3496_3-512.jpg"],[2,"1216741715_189919_3496_3-512.jpg"],[2,"1216741715_404825_3497_3-512.jpg"],[2,"1216741715_404825_3497_3-512.jpg"],[2,"1216741715_614828_3498_3-512.jpg"],[2,"1216741715_614828_3498_3-512.jpg"],[2,"1216741715_824860_3499_3-512.jpg"],[2,"1216741716_030065_3500_3-512.jpg"],[2,"1216741716_230132_3501_3-512.jpg"],[2,"1216741716_424836_3502_3-512.jpg"],[2,"1216741716_614825_3503_3-512.jpg"],[2,"1216741716_804823_3504_3-512.jpg"],[2,"1216741716_994842_3505_3-512.jpg"],[2,"1216741717_180122_3506_3-512.jpg"]],"construction_ml":"complete","preds_design":[[2,"1216741714_734825_3494_3-512.jpg"],[2,"1216741714_964830_3495_3-512.jpg"],[2,"1216741714_964830_3495_3-512.jpg"],[2,"1216741715_189919_3496_3-512.jpg"],[2,"1216741715_189919_3496_3-512.jpg"],[2,"1216741715_404825_3497_3-512.jpg"],[2,"1216741715_404825_3497_3-512.jpg"],[2,"1216741715_614828_3498_3-512.jpg"],[2,"1216741715_614828_3498_3-512.jpg"],[2,"1216741715_824860_3499_3-512.jpg"],[2,"1216741716_030065_3500_3-512.jpg"],[2,"1216741716_230132_3501_3-512.jpg"],[2,"1216741716_424836_3502_3-512.jpg"],[2,"1216741716_614825_3503_3-512.jpg"],[2,"1216741716_804823_3504_3-512.jpg"],[2,"1216741716_994842_3505_3-512.jpg"],[2,"1216741717_180122_3506_3-512.jpg"],[2,"1216741717_884842_3510_3-512.jpg"]],"design_ml":"designed","images":[]}
