{"MATERIAL":"corrugated metal","AVG_SLOPE":4.15243727196,"AVG_HEIGHT":7.59045524699,"TERAIN_SLP":2.04457752201,"AREA":92.9140488327,"VOLUME":705,"FLOORS":2,"INT_ZONE":"Borde Rural","FLOOD":1,"LANDSLIDE":"Amenaza Media","LEGAL_ID":"311","LEGAL_NAME":"EL MIRADOR","LEGAL_AREA":11.06,"LEGAL_LOTS":989,"LEGAL_POP":5340.6,"LEGAL_DENS":89.42,"LEGALIZING":null,"BLOCK_ID_":"002570078","BLOCK_POP":61,"BLOCK_BLD":14,"BLOCK_RISK":9.9878788,"BLOCK_EDU":0,"BLOCK_HLTH":14.060732,"BLOCK_TRAN":98.822723,"BLOCK_CULT":0,"BLOCK_PARK":52.656895,"BLOCK_SEC":100,"BLOCK_CENT":0,"BLOCK_DEF":35.7142857143,"BLD_INHAB":4,"OBJECTID":2,"AO_225":0.2,"id":2558,"preds_material":[[5,"1216741559_510739_2931_1-512.jpg"],[5,"1216741559_510739_2931_1-512.jpg"],[5,"1216741559_510739_2931_3-512.jpg"],[5,"1216741559_630692_2932_1-512.jpg"],[5,"1216741559_630692_2932_1-512.jpg"],[5,"1216741559_630692_2932_3-512.jpg"],[5,"1216741559_630692_2932_3-512.jpg"],[5,"1216741559_750694_2933_1-512.jpg"],[5,"1216741559_750694_2933_3-512.jpg"],[5,"1216741559_870715_2934_1-512.jpg"],[2,"1216741559_870715_2934_1-512.jpg"],[5,"1216741559_870715_2934_3-512.jpg"],[5,"1216741559_990793_2935_1-512.jpg"],[2,"1216741559_990793_2935_1-512.jpg"],[5,"1216741559_990793_2935_3-512.jpg"],[5,"1216741560_110692_2936_1-512.jpg"],[2,"1216741560_110692_2936_1-512.jpg"],[5,"1216741560_110692_2936_3-512.jpg"],[2,"1216741560_230706_2937_1-512.jpg"],[5,"1216741560_230706_2937_1-512.jpg"],[5,"1216741560_230706_2937_3-512.jpg"],[2,"1216741560_350695_2938_1-512.jpg"],[5,"1216741560_350695_2938_1-512.jpg"],[5,"1216741560_350695_2938_3-512.jpg"],[5,"1216741560_470704_2939_3-512.jpg"],[5,"1216741560_590709_2940_3-512.jpg"],[5,"1216741560_710699_2941_3-512.jpg"],[5,"1216741560_830690_2942_3-512.jpg"],[5,"1216741711_369963_3484_3-512.jpg"],[5,"1216741711_984833_3485_3-512.jpg"],[5,"1216741712_419917_3486_1-512.jpg"],[5,"1216741712_419917_3486_3-512.jpg"],[5,"1216741712_790161_3487_1-512.jpg"],[5,"1216741712_790161_3487_3-512.jpg"],[5,"1216741713_129892_3488_1-512.jpg"],[5,"1216741713_129892_3488_3-512.jpg"],[5,"1216741713_444821_3489_1-512.jpg"],[5,"1216741713_444821_3489_1-512.jpg"],[5,"1216741713_444821_3489_3-512.jpg"],[5,"1216741713_734833_3490_1-512.jpg"],[5,"1216741713_734833_3490_1-512.jpg"],[5,"1216741713_734833_3490_3-512.jpg"],[5,"1216741713_999921_3491_3-512.jpg"],[5,"1216741714_254938_3492_3-512.jpg"],[5,"1216741714_499941_3493_3-512.jpg"],[5,"1216745441_035534_11578_3-512.jpg"]],"material_ml":"painted","preds_construction":[[1,"1216741559_510739_2931_1-512.jpg"],[2,"1216741559_510739_2931_1-512.jpg"],[2,"1216741559_510739_2931_3-512.jpg"],[1,"1216741559_630692_2932_1-512.jpg"],[2,"1216741559_630692_2932_1-512.jpg"],[2,"1216741559_630692_2932_3-512.jpg"],[2,"1216741559_630692_2932_3-512.jpg"],[1,"1216741559_750694_2933_1-512.jpg"],[2,"1216741559_750694_2933_3-512.jpg"],[1,"1216741559_870715_2934_1-512.jpg"],[2,"1216741559_870715_2934_1-512.jpg"],[2,"1216741559_870715_2934_3-512.jpg"],[1,"1216741559_990793_2935_1-512.jpg"],[2,"1216741559_990793_2935_1-512.jpg"],[2,"1216741559_990793_2935_3-512.jpg"],[1,"1216741560_110692_2936_1-512.jpg"],[2,"1216741560_110692_2936_1-512.jpg"],[2,"1216741560_110692_2936_3-512.jpg"],[1,"1216741560_230706_2937_1-512.jpg"],[2,"1216741560_230706_2937_1-512.jpg"],[2,"1216741560_230706_2937_3-512.jpg"],[2,"1216741560_350695_2938_1-512.jpg"],[1,"1216741560_350695_2938_1-512.jpg"],[2,"1216741560_350695_2938_3-512.jpg"],[2,"1216741560_470704_2939_3-512.jpg"],[2,"1216741560_590709_2940_3-512.jpg"],[2,"1216741560_710699_2941_3-512.jpg"],[2,"1216741560_830690_2942_3-512.jpg"],[2,"1216741560_950734_2943_3-512.jpg"],[2,"1216741711_369963_3484_3-512.jpg"],[2,"1216741711_984833_3485_3-512.jpg"],[2,"1216741712_419917_3486_1-512.jpg"],[2,"1216741712_419917_3486_3-512.jpg"],[2,"1216741712_790161_3487_1-512.jpg"],[2,"1216741712_790161_3487_3-512.jpg"],[2,"1216741713_129892_3488_1-512.jpg"],[2,"1216741713_129892_3488_3-512.jpg"],[2,"1216741713_444821_3489_1-512.jpg"],[2,"1216741713_444821_3489_1-512.jpg"],[2,"1216741713_444821_3489_3-512.jpg"],[2,"1216741713_734833_3490_1-512.jpg"],[2,"1216741713_734833_3490_1-512.jpg"],[2,"1216741713_734833_3490_3-512.jpg"],[2,"1216741713_999921_3491_3-512.jpg"],[2,"1216741714_254938_3492_3-512.jpg"],[2,"1216741714_499941_3493_3-512.jpg"],[2,"1216745441_035534_11578_3-512.jpg"]],"construction_ml":"complete","preds_design":[[2,"1216741559_510739_2931_1-512.jpg"],[2,"1216741559_510739_2931_1-512.jpg"],[2,"1216741559_510739_2931_3-512.jpg"],[2,"1216741559_630692_2932_1-512.jpg"],[2,"1216741559_630692_2932_1-512.jpg"],[2,"1216741559_630692_2932_3-512.jpg"],[2,"1216741559_750694_2933_1-512.jpg"],[1,"1216741559_750694_2933_1-512.jpg"],[2,"1216741559_750694_2933_3-512.jpg"],[2,"1216741559_870715_2934_1-512.jpg"],[1,"1216741559_870715_2934_1-512.jpg"],[2,"1216741559_870715_2934_3-512.jpg"],[2,"1216741559_990793_2935_1-512.jpg"],[1,"1216741559_990793_2935_1-512.jpg"],[2,"1216741559_990793_2935_3-512.jpg"],[2,"1216741560_110692_2936_1-512.jpg"],[1,"1216741560_110692_2936_1-512.jpg"],[2,"1216741560_110692_2936_3-512.jpg"],[1,"1216741560_230706_2937_1-512.jpg"],[2,"1216741560_230706_2937_1-512.jpg"],[2,"1216741560_230706_2937_3-512.jpg"],[1,"1216741560_350695_2938_1-512.jpg"],[2,"1216741560_350695_2938_1-512.jpg"],[2,"1216741560_350695_2938_3-512.jpg"],[2,"1216741560_470704_2939_3-512.jpg"],[2,"1216741560_590709_2940_3-512.jpg"],[2,"1216741560_710699_2941_3-512.jpg"],[2,"1216741560_830690_2942_3-512.jpg"],[2,"1216741711_369963_3484_3-512.jpg"],[2,"1216741711_984833_3485_3-512.jpg"],[2,"1216741712_419917_3486_1-512.jpg"],[2,"1216741712_419917_3486_3-512.jpg"],[2,"1216741712_790161_3487_1-512.jpg"],[2,"1216741712_790161_3487_3-512.jpg"],[2,"1216741713_129892_3488_1-512.jpg"],[1,"1216741713_129892_3488_1-512.jpg"],[2,"1216741713_129892_3488_3-512.jpg"],[2,"1216741713_444821_3489_1-512.jpg"],[1,"1216741713_444821_3489_1-512.jpg"],[2,"1216741713_444821_3489_3-512.jpg"],[2,"1216741713_734833_3490_1-512.jpg"],[1,"1216741713_734833_3490_1-512.jpg"],[2,"1216741713_734833_3490_3-512.jpg"],[2,"1216741713_999921_3491_3-512.jpg"],[2,"1216741714_254938_3492_3-512.jpg"],[2,"1216741714_499941_3493_3-512.jpg"],[2,"1216745441_035534_11578_3-512.jpg"]],"design_ml":"designed","images":["1216741559_750694_2933_3-512.jpg","1216741559_870715_2934_3-512.jpg","1216741560_590709_2940_3-512.jpg","1216741712_419917_3486_3-512.jpg","1216741713_129892_3488_3-512.jpg","1216741714_499941_3493_3-512.jpg"]}
