{"MATERIAL":"corrugated metal","AVG_SLOPE":5.91013396028,"AVG_HEIGHT":4.95897956653,"TERAIN_SLP":1.49693714307,"AREA":46.6577355746,"VOLUME":231,"FLOORS":2,"INT_ZONE":"Borde Rural","FLOOD":1,"LANDSLIDE":"Amenaza Media","LEGAL_ID":"311","LEGAL_NAME":"EL MIRADOR","LEGAL_AREA":11.06,"LEGAL_LOTS":989,"LEGAL_POP":5340.6,"LEGAL_DENS":89.42,"LEGALIZING":null,"BLOCK_ID_":"002570078","BLOCK_POP":61,"BLOCK_BLD":14,"BLOCK_RISK":9.9878788,"BLOCK_EDU":0,"BLOCK_HLTH":14.060732,"BLOCK_TRAN":98.822723,"BLOCK_CULT":0,"BLOCK_PARK":52.656895,"BLOCK_SEC":100,"BLOCK_CENT":0,"BLOCK_DEF":35.7142857143,"BLD_INHAB":4,"OBJECTID":2,"AO_225":0.2,"id":2559,"preds_material":[[5,"1216741558_905744_2926_3-512.jpg"],[5,"1216741559_030877_2927_1-512.jpg"],[5,"1216741559_030877_2927_1-512.jpg"],[5,"1216741559_030877_2927_3-512.jpg"],[5,"1216741559_030877_2927_3-512.jpg"],[5,"1216741559_030877_2927_3-512.jpg"],[5,"1216741559_150709_2928_1-512.jpg"],[5,"1216741559_150709_2928_1-512.jpg"],[5,"1216741559_150709_2928_3-512.jpg"],[5,"1216741559_150709_2928_3-512.jpg"],[5,"1216741559_150709_2928_3-512.jpg"],[5,"1216741559_270683_2929_1-512.jpg"],[5,"1216741559_270683_2929_1-512.jpg"],[5,"1216741559_270683_2929_3-512.jpg"],[5,"1216741559_270683_2929_3-512.jpg"],[5,"1216741559_390698_2930_1-512.jpg"],[5,"1216741559_390698_2930_1-512.jpg"],[5,"1216741559_390698_2930_3-512.jpg"],[5,"1216741559_390698_2930_3-512.jpg"],[5,"1216741559_510739_2931_3-512.jpg"],[5,"1216743842_528719_8491_1-512.jpg"],[5,"1216743844_693672_8503_1-512.jpg"]],"material_ml":"painted","preds_construction":[[2,"1216741558_905744_2926_3-512.jpg"],[2,"1216741559_030877_2927_1-512.jpg"],[1,"1216741559_030877_2927_1-512.jpg"],[2,"1216741559_030877_2927_3-512.jpg"],[2,"1216741559_030877_2927_3-512.jpg"],[2,"1216741559_030877_2927_3-512.jpg"],[1,"1216741559_150709_2928_1-512.jpg"],[2,"1216741559_150709_2928_1-512.jpg"],[2,"1216741559_150709_2928_3-512.jpg"],[2,"1216741559_150709_2928_3-512.jpg"],[2,"1216741559_150709_2928_3-512.jpg"],[1,"1216741559_270683_2929_1-512.jpg"],[2,"1216741559_270683_2929_1-512.jpg"],[2,"1216741559_270683_2929_3-512.jpg"],[2,"1216741559_270683_2929_3-512.jpg"],[1,"1216741559_390698_2930_1-512.jpg"],[2,"1216741559_390698_2930_1-512.jpg"],[2,"1216741559_390698_2930_3-512.jpg"],[2,"1216741559_390698_2930_3-512.jpg"],[2,"1216741559_510739_2931_3-512.jpg"]],"construction_ml":"complete","preds_design":[[2,"1216741558_905744_2926_3-512.jpg"],[2,"1216741559_030877_2927_1-512.jpg"],[2,"1216741559_030877_2927_1-512.jpg"],[2,"1216741559_030877_2927_3-512.jpg"],[1,"1216741559_030877_2927_3-512.jpg"],[2,"1216741559_030877_2927_3-512.jpg"],[2,"1216741559_150709_2928_1-512.jpg"],[2,"1216741559_150709_2928_1-512.jpg"],[2,"1216741559_150709_2928_3-512.jpg"],[2,"1216741559_150709_2928_3-512.jpg"],[1,"1216741559_150709_2928_3-512.jpg"],[2,"1216741559_270683_2929_1-512.jpg"],[2,"1216741559_270683_2929_1-512.jpg"],[2,"1216741559_270683_2929_3-512.jpg"],[2,"1216741559_270683_2929_3-512.jpg"],[2,"1216741559_390698_2930_1-512.jpg"],[2,"1216741559_390698_2930_1-512.jpg"],[2,"1216741559_390698_2930_3-512.jpg"],[2,"1216741559_390698_2930_3-512.jpg"],[2,"1216741559_510739_2931_3-512.jpg"]],"design_ml":"designed","images":["1216741559_030877_2927_3-512.jpg","1216741559_150709_2928_3-512.jpg","1216741559_270683_2929_3-512.jpg"]}
