{"MATERIAL":"corrugated metal/heavily patched","AVG_SLOPE":7.57770575071,"AVG_HEIGHT":1.33351448684,"TERAIN_SLP":19.8170435695,"AREA":51.0400785914,"VOLUME":68,"FLOORS":1,"INT_ZONE":"Borde Rural","FLOOD":1,"LANDSLIDE":"Amenaza Media","LEGAL_ID":"311","LEGAL_NAME":"EL MIRADOR","LEGAL_AREA":11.06,"LEGAL_LOTS":989,"LEGAL_POP":5340.6,"LEGAL_DENS":89.42,"LEGALIZING":null,"BLOCK_ID_":"002570078","BLOCK_POP":61,"BLOCK_BLD":14,"BLOCK_RISK":9.9878788,"BLOCK_EDU":0,"BLOCK_HLTH":14.060732,"BLOCK_TRAN":98.822723,"BLOCK_CULT":0,"BLOCK_PARK":52.656895,"BLOCK_SEC":100,"BLOCK_CENT":0,"BLOCK_DEF":35.7142857143,"BLD_INHAB":4,"OBJECTID":2,"AO_225":0.2,"id":2563,"preds_material":[[5,"1216741555_185759_2901_3-512.jpg"],[5,"1216741555_405751_2902_3-512.jpg"],[5,"1216743850_293692_8536_1-512.jpg"],[5,"1216743850_468654_8537_1-512.jpg"],[5,"1216743850_643707_8538_1-512.jpg"],[5,"1216743850_643707_8538_1-512.jpg"],[5,"1216743850_818709_8539_1-512.jpg"],[5,"1216743851_018818_8540_1-512.jpg"],[5,"1216743851_198888_8541_1-512.jpg"],[5,"1216743851_383907_8542_1-512.jpg"],[5,"1216743851_598651_8543_1-512.jpg"],[5,"1216743851_783743_8544_1-512.jpg"],[5,"1216743851_963745_8545_1-512.jpg"],[5,"1216743852_148648_8546_1-512.jpg"],[5,"1216743852_333574_8547_1-512.jpg"],[5,"1216743852_518561_8548_1-512.jpg"],[5,"1216743852_738664_8549_1-512.jpg"],[5,"1216743853_253728_8552_1-512.jpg"],[5,"1216743853_823720_8555_1-512.jpg"],[5,"1216743853_993710_8556_1-512.jpg"],[5,"1216743854_168809_8557_1-512.jpg"],[5,"1216743854_343649_8558_1-512.jpg"],[5,"1216743854_518705_8559_1-512.jpg"],[5,"1216743854_693660_8560_1-512.jpg"],[5,"1216743854_858648_8561_1-512.jpg"],[5,"1216743855_538729_8565_1-512.jpg"],[5,"1216743855_708722_8566_1-512.jpg"],[5,"1216743855_878737_8567_1-512.jpg"],[5,"1216743856_048731_8568_1-512.jpg"],[5,"1216743856_223781_8569_1-512.jpg"],[5,"1216743856_398635_8570_1-512.jpg"],[5,"1216743856_573741_8571_1-512.jpg"],[5,"1216743857_808787_8578_1-512.jpg"],[5,"1216743858_003791_8579_1-512.jpg"],[5,"1216743858_208754_8580_1-512.jpg"],[5,"1216743859_813637_8588_1-512.jpg"],[5,"1216743860_058619_8589_1-512.jpg"],[5,"1216743860_273447_8590_1-512.jpg"],[5,"1216743860_493325_8591_1-512.jpg"],[5,"1216743860_693612_8592_1-512.jpg"],[5,"1216743860_923598_8593_1-512.jpg"],[5,"1216743861_163598_8594_1-512.jpg"],[5,"1216743861_413620_8595_1-512.jpg"],[5,"1216743861_673636_8596_1-512.jpg"],[5,"1216743861_948739_8597_1-512.jpg"],[5,"1216743862_248715_8598_1-512.jpg"]],"material_ml":"painted","preds_construction":[[2,"1216741555_405751_2902_3-512.jpg"],[2,"1216743850_293692_8536_1-512.jpg"],[2,"1216743850_468654_8537_1-512.jpg"],[2,"1216743850_643707_8538_1-512.jpg"],[2,"1216743850_643707_8538_1-512.jpg"],[2,"1216743850_818709_8539_1-512.jpg"],[2,"1216743851_018818_8540_1-512.jpg"],[2,"1216743851_198888_8541_1-512.jpg"],[2,"1216743851_383907_8542_1-512.jpg"],[2,"1216743851_598651_8543_1-512.jpg"],[2,"1216743851_783743_8544_1-512.jpg"],[2,"1216743851_963745_8545_1-512.jpg"],[2,"1216743852_148648_8546_1-512.jpg"],[2,"1216743852_333574_8547_1-512.jpg"],[2,"1216743852_518561_8548_1-512.jpg"],[2,"1216743852_738664_8549_1-512.jpg"],[2,"1216743852_923711_8550_1-512.jpg"],[2,"1216743853_073657_8551_1-512.jpg"],[2,"1216743853_253728_8552_1-512.jpg"],[2,"1216743853_463638_8553_1-512.jpg"],[2,"1216743853_643658_8554_1-512.jpg"],[2,"1216743854_168809_8557_1-512.jpg"],[2,"1216743854_343649_8558_1-512.jpg"],[2,"1216743857_808787_8578_1-512.jpg"],[2,"1216743858_003791_8579_1-512.jpg"],[2,"1216743858_208754_8580_1-512.jpg"],[2,"1216743859_813637_8588_1-512.jpg"],[2,"1216743860_058619_8589_1-512.jpg"],[2,"1216743860_273447_8590_1-512.jpg"],[2,"1216743860_493325_8591_1-512.jpg"],[2,"1216743860_693612_8592_1-512.jpg"],[2,"1216743860_923598_8593_1-512.jpg"],[2,"1216743861_163598_8594_1-512.jpg"],[2,"1216743861_413620_8595_1-512.jpg"],[2,"1216743861_673636_8596_1-512.jpg"],[2,"1216743861_948739_8597_1-512.jpg"],[2,"1216743862_248715_8598_1-512.jpg"]],"construction_ml":"complete","preds_design":[[2,"1216741555_405751_2902_3-512.jpg"],[2,"1216743850_293692_8536_1-512.jpg"],[2,"1216743850_468654_8537_1-512.jpg"],[2,"1216743850_643707_8538_1-512.jpg"],[2,"1216743850_643707_8538_1-512.jpg"],[2,"1216743850_818709_8539_1-512.jpg"],[2,"1216743851_018818_8540_1-512.jpg"],[2,"1216743851_198888_8541_1-512.jpg"],[2,"1216743851_383907_8542_1-512.jpg"],[2,"1216743851_598651_8543_1-512.jpg"],[2,"1216743851_783743_8544_1-512.jpg"],[2,"1216743851_963745_8545_1-512.jpg"],[2,"1216743852_148648_8546_1-512.jpg"],[2,"1216743852_333574_8547_1-512.jpg"],[2,"1216743852_518561_8548_1-512.jpg"],[2,"1216743852_738664_8549_1-512.jpg"],[2,"1216743853_073657_8551_1-512.jpg"],[1,"1216743854_518705_8559_1-512.jpg"],[1,"1216743854_693660_8560_1-512.jpg"],[1,"1216743855_538729_8565_1-512.jpg"],[1,"1216743855_708722_8566_1-512.jpg"],[1,"1216743855_878737_8567_1-512.jpg"],[1,"1216743856_048731_8568_1-512.jpg"],[1,"1216743856_223781_8569_1-512.jpg"],[1,"1216743856_398635_8570_1-512.jpg"],[1,"1216743856_573741_8571_1-512.jpg"],[1,"1216743857_808787_8578_1-512.jpg"],[1,"1216743858_003791_8579_1-512.jpg"],[1,"1216743858_208754_8580_1-512.jpg"],[1,"1216743858_413597_8581_1-512.jpg"],[2,"1216743859_813637_8588_1-512.jpg"],[2,"1216743860_058619_8589_1-512.jpg"],[2,"1216743860_273447_8590_1-512.jpg"],[2,"1216743860_493325_8591_1-512.jpg"],[2,"1216743860_693612_8592_1-512.jpg"],[2,"1216743860_923598_8593_1-512.jpg"],[2,"1216743861_163598_8594_1-512.jpg"],[2,"1216743861_413620_8595_1-512.jpg"],[2,"1216743861_673636_8596_1-512.jpg"],[2,"1216743861_948739_8597_1-512.jpg"],[2,"1216743862_248715_8598_1-512.jpg"]],"design_ml":"designed","images":[]}
