{"MATERIAL":"corrugated metal/heavily patched","AVG_SLOPE":3.33213116797,"AVG_HEIGHT":5.70829016196,"TERAIN_SLP":13.4017138006,"AREA":42.1524636083,"VOLUME":241,"FLOORS":2,"INT_ZONE":null,"FLOOD":1,"LANDSLIDE":"Amenaza Baja","LEGAL_ID":"358","LEGAL_NAME":"EL PARAISO","LEGAL_AREA":26.04,"LEGAL_LOTS":2077,"LEGAL_POP":11215.8,"LEGAL_DENS":79.76190476,"LEGALIZING":null,"BLOCK_ID_":"002565082","BLOCK_POP":170,"BLOCK_BLD":50,"BLOCK_RISK":15.152835,"BLOCK_EDU":0,"BLOCK_HLTH":13.620973,"BLOCK_TRAN":97.737358,"BLOCK_CULT":0,"BLOCK_PARK":60.822239,"BLOCK_SEC":100,"BLOCK_CENT":0,"BLOCK_DEF":24,"BLD_INHAB":3,"OBJECTID":2,"AO_225":0.2,"id":2566,"preds_material":[[1,"1216741362_206792_2238_1-512.jpg"],[6,"1216741362_471829_2239_1-512.jpg"],[1,"1216741362_471829_2239_1-512.jpg"],[6,"1216741362_751801_2240_1-512.jpg"],[1,"1216741362_751801_2240_1-512.jpg"],[5,"1216741362_751801_2240_1-512.jpg"],[6,"1216741362_751801_2240_1-512.jpg"],[5,"1216741363_032004_2241_1-512.jpg"],[1,"1216741363_032004_2241_1-512.jpg"],[5,"1216741363_032004_2241_1-512.jpg"],[6,"1216741363_032004_2241_1-512.jpg"],[6,"1216741363_032004_2241_1-512.jpg"],[1,"1216741363_316767_2242_1-512.jpg"],[5,"1216741363_316767_2242_1-512.jpg"],[6,"1216741363_316767_2242_1-512.jpg"]],"material_ml":"other/unclear","preds_construction":[[2,"1216741362_206792_2238_1-512.jpg"],[2,"1216741362_471829_2239_1-512.jpg"],[2,"1216741362_471829_2239_1-512.jpg"],[2,"1216741362_751801_2240_1-512.jpg"],[2,"1216741362_751801_2240_1-512.jpg"],[2,"1216741363_032004_2241_1-512.jpg"],[1,"1216741363_032004_2241_1-512.jpg"],[2,"1216741363_032004_2241_1-512.jpg"],[2,"1216741363_316767_2242_1-512.jpg"]],"construction_ml":"complete","preds_design":[[2,"1216741362_206792_2238_1-512.jpg"],[2,"1216741362_471829_2239_1-512.jpg"],[2,"1216741362_471829_2239_1-512.jpg"],[2,"1216741362_751801_2240_1-512.jpg"],[2,"1216741362_751801_2240_1-512.jpg"],[2,"1216741362_751801_2240_1-512.jpg"],[2,"1216741363_032004_2241_1-512.jpg"],[2,"1216741363_032004_2241_1-512.jpg"],[2,"1216741363_032004_2241_1-512.jpg"],[2,"1216741363_316767_2242_1-512.jpg"]],"design_ml":"designed","images":[]}
