{"MATERIAL":"corrugated metal","AVG_SLOPE":5.8208153494,"AVG_HEIGHT":5.56678250858,"TERAIN_SLP":4.05891678802,"AREA":75.045563987,"VOLUME":418,"FLOORS":2,"INT_ZONE":null,"FLOOD":1,"LANDSLIDE":"Amenaza Baja","LEGAL_ID":"358","LEGAL_NAME":"EL PARAISO","LEGAL_AREA":26.04,"LEGAL_LOTS":2077,"LEGAL_POP":11215.8,"LEGAL_DENS":79.76190476,"LEGALIZING":null,"BLOCK_ID_":"002565044","BLOCK_POP":127,"BLOCK_BLD":32,"BLOCK_RISK":7.6921449,"BLOCK_EDU":0.58065569,"BLOCK_HLTH":18.95145,"BLOCK_TRAN":94.085655,"BLOCK_CULT":0,"BLOCK_PARK":50.758739,"BLOCK_SEC":100,"BLOCK_CENT":0,"BLOCK_DEF":34.375,"BLD_INHAB":4,"OBJECTID":2,"AO_225":0.2,"id":2573,"preds_material":[[2,"1216741375_221947_2280_1-512.jpg"],[2,"1216741375_501766_2281_1-512.jpg"],[2,"1216741375_761728_2282_1-512.jpg"],[2,"1216741375_996724_2283_1-512.jpg"],[5,"1216741375_996724_2283_3-512.jpg"],[2,"1216741376_221742_2284_1-512.jpg"],[5,"1216741376_221742_2284_3-512.jpg"],[2,"1216741376_451766_2285_1-512.jpg"],[5,"1216741376_451766_2285_3-512.jpg"],[2,"1216741376_676710_2286_1-512.jpg"],[5,"1216741376_676710_2286_3-512.jpg"],[2,"1216741376_896698_2287_1-512.jpg"],[5,"1216741376_896698_2287_3-512.jpg"],[2,"1216741377_116699_2288_1-512.jpg"],[5,"1216741377_116699_2288_3-512.jpg"],[2,"1216741377_331739_2289_1-512.jpg"],[5,"1216741377_331739_2289_3-512.jpg"],[2,"1216741377_546687_2290_1-512.jpg"],[5,"1216741377_546687_2290_3-512.jpg"],[1,"1216741377_546687_2290_3-512.jpg"],[2,"1216741377_756704_2291_1-512.jpg"],[1,"1216741377_756704_2291_3-512.jpg"],[5,"1216741377_756704_2291_3-512.jpg"],[2,"1216741377_966745_2292_1-512.jpg"],[1,"1216741377_966745_2292_3-512.jpg"],[5,"1216741377_966745_2292_3-512.jpg"],[2,"1216741378_181745_2293_1-512.jpg"],[5,"1216741378_181745_2293_1-512.jpg"],[1,"1216741378_181745_2293_3-512.jpg"],[2,"1216741378_396702_2294_1-512.jpg"],[1,"1216741378_396702_2294_3-512.jpg"],[1,"1216741378_396702_2294_3-512.jpg"],[2,"1216741378_616683_2295_1-512.jpg"],[1,"1216741378_616683_2295_3-512.jpg"],[5,"1216743834_963793_8462_3-512.jpg"],[6,"1216743834_963793_8462_3-512.jpg"],[6,"1216743835_273863_8463_3-512.jpg"],[5,"1216743835_273863_8463_3-512.jpg"],[5,"1216743835_593702_8464_3-512.jpg"],[5,"1216743835_593702_8464_3-512.jpg"],[6,"1216743835_593702_8464_3-512.jpg"],[5,"1216743835_888844_8465_3-512.jpg"],[5,"1216743835_888844_8465_3-512.jpg"],[1,"1216743835_888844_8465_3-512.jpg"],[5,"1216743836_143728_8466_3-512.jpg"],[5,"1216743836_143728_8466_3-512.jpg"],[5,"1216743836_423944_8467_3-512.jpg"],[5,"1216743836_668753_8468_3-512.jpg"],[5,"1216743836_933731_8469_3-512.jpg"]],"material_ml":"painted","preds_construction":[[2,"1216741375_221947_2280_1-512.jpg"],[2,"1216741375_501766_2281_1-512.jpg"],[2,"1216741375_761728_2282_1-512.jpg"],[2,"1216741375_996724_2283_1-512.jpg"],[2,"1216741375_996724_2283_3-512.jpg"],[2,"1216741376_221742_2284_1-512.jpg"],[2,"1216741376_221742_2284_3-512.jpg"],[2,"1216741376_451766_2285_1-512.jpg"],[2,"1216741376_451766_2285_3-512.jpg"],[2,"1216741376_676710_2286_1-512.jpg"],[2,"1216741376_676710_2286_3-512.jpg"],[2,"1216741376_896698_2287_1-512.jpg"],[2,"1216741376_896698_2287_3-512.jpg"],[2,"1216741377_116699_2288_1-512.jpg"],[2,"1216741377_116699_2288_3-512.jpg"],[2,"1216741377_331739_2289_1-512.jpg"],[2,"1216741377_331739_2289_3-512.jpg"],[2,"1216741377_546687_2290_1-512.jpg"],[2,"1216741377_546687_2290_3-512.jpg"],[2,"1216741377_546687_2290_3-512.jpg"],[1,"1216741377_546687_2290_3-512.jpg"],[2,"1216741377_756704_2291_1-512.jpg"],[2,"1216741377_756704_2291_3-512.jpg"],[2,"1216741377_756704_2291_3-512.jpg"],[2,"1216741377_966745_2292_1-512.jpg"],[2,"1216741377_966745_2292_3-512.jpg"],[2,"1216741377_966745_2292_3-512.jpg"],[2,"1216741378_181745_2293_1-512.jpg"],[2,"1216741378_181745_2293_1-512.jpg"],[2,"1216741378_181745_2293_1-512.jpg"],[2,"1216741378_181745_2293_3-512.jpg"],[2,"1216741378_396702_2294_1-512.jpg"],[2,"1216741378_396702_2294_3-512.jpg"],[2,"1216741378_396702_2294_3-512.jpg"],[1,"1216741378_396702_2294_3-512.jpg"],[2,"1216741378_616683_2295_1-512.jpg"],[2,"1216741378_616683_2295_3-512.jpg"],[2,"1216743834_963793_8462_3-512.jpg"],[2,"1216743835_273863_8463_3-512.jpg"],[1,"1216743835_273863_8463_3-512.jpg"],[2,"1216743835_593702_8464_3-512.jpg"],[2,"1216743835_593702_8464_3-512.jpg"],[1,"1216743835_593702_8464_3-512.jpg"],[2,"1216743835_888844_8465_3-512.jpg"],[2,"1216743835_888844_8465_3-512.jpg"],[2,"1216743836_143728_8466_3-512.jpg"],[2,"1216743836_143728_8466_3-512.jpg"],[2,"1216743836_423944_8467_3-512.jpg"],[2,"1216743836_668753_8468_3-512.jpg"]],"construction_ml":"complete","preds_design":[[2,"1216741375_221947_2280_1-512.jpg"],[2,"1216741375_501766_2281_1-512.jpg"],[2,"1216741375_761728_2282_1-512.jpg"],[2,"1216741375_996724_2283_1-512.jpg"],[2,"1216741375_996724_2283_3-512.jpg"],[2,"1216741376_221742_2284_1-512.jpg"],[2,"1216741376_221742_2284_3-512.jpg"],[2,"1216741376_451766_2285_1-512.jpg"],[2,"1216741376_451766_2285_3-512.jpg"],[2,"1216741376_676710_2286_1-512.jpg"],[2,"1216741376_676710_2286_3-512.jpg"],[2,"1216741376_896698_2287_1-512.jpg"],[2,"1216741376_896698_2287_3-512.jpg"],[2,"1216741377_116699_2288_1-512.jpg"],[2,"1216741377_116699_2288_3-512.jpg"],[2,"1216741377_331739_2289_1-512.jpg"],[2,"1216741377_331739_2289_3-512.jpg"],[2,"1216741377_546687_2290_1-512.jpg"],[2,"1216741377_546687_2290_3-512.jpg"],[2,"1216741377_546687_2290_3-512.jpg"],[2,"1216741377_756704_2291_1-512.jpg"],[2,"1216741377_756704_2291_3-512.jpg"],[2,"1216741377_756704_2291_3-512.jpg"],[2,"1216741377_966745_2292_1-512.jpg"],[2,"1216741377_966745_2292_3-512.jpg"],[2,"1216741377_966745_2292_3-512.jpg"],[2,"1216741378_181745_2293_1-512.jpg"],[1,"1216741378_181745_2293_1-512.jpg"],[2,"1216741378_181745_2293_3-512.jpg"],[2,"1216741378_396702_2294_1-512.jpg"],[2,"1216741378_396702_2294_3-512.jpg"],[2,"1216741378_396702_2294_3-512.jpg"],[2,"1216741378_616683_2295_1-512.jpg"],[2,"1216741378_616683_2295_3-512.jpg"],[2,"1216743834_963793_8462_3-512.jpg"],[2,"1216743835_273863_8463_3-512.jpg"],[2,"1216743835_593702_8464_3-512.jpg"],[2,"1216743835_593702_8464_3-512.jpg"],[2,"1216743835_888844_8465_3-512.jpg"],[2,"1216743835_888844_8465_3-512.jpg"],[2,"1216743836_143728_8466_3-512.jpg"],[2,"1216743836_143728_8466_3-512.jpg"],[2,"1216743836_423944_8467_3-512.jpg"],[2,"1216743836_668753_8468_3-512.jpg"]],"design_ml":"designed","images":[]}
