{"MATERIAL":"corrugated metal","AVG_SLOPE":10.4599858126,"AVG_HEIGHT":2.95804743979,"TERAIN_SLP":1.95331417546,"AREA":60.3004904753,"VOLUME":178,"FLOORS":1,"INT_ZONE":null,"FLOOD":1,"LANDSLIDE":"Amenaza Baja","LEGAL_ID":"358","LEGAL_NAME":"EL PARAISO","LEGAL_AREA":26.04,"LEGAL_LOTS":2077,"LEGAL_POP":11215.8,"LEGAL_DENS":79.76190476,"LEGALIZING":null,"BLOCK_ID_":"002565044","BLOCK_POP":127,"BLOCK_BLD":32,"BLOCK_RISK":7.6921449,"BLOCK_EDU":0.58065569,"BLOCK_HLTH":18.95145,"BLOCK_TRAN":94.085655,"BLOCK_CULT":0,"BLOCK_PARK":50.758739,"BLOCK_SEC":100,"BLOCK_CENT":0,"BLOCK_DEF":34.375,"BLD_INHAB":4,"OBJECTID":2,"AO_225":0.2,"id":2575,"preds_material":[[5,"1216741383_601671_2319_1-512.jpg"],[5,"1216741383_601671_2319_1-512.jpg"],[5,"1216741383_601671_2319_3-512.jpg"],[5,"1216741383_601671_2319_3-512.jpg"],[1,"1216741383_601671_2319_3-512.jpg"],[2,"1216741383_601671_2319_3-512.jpg"],[5,"1216741383_796662_2320_1-512.jpg"],[5,"1216741383_796662_2320_1-512.jpg"],[5,"1216741383_796662_2320_3-512.jpg"],[5,"1216741383_796662_2320_3-512.jpg"],[5,"1216741383_996644_2321_1-512.jpg"],[5,"1216741383_996644_2321_3-512.jpg"],[5,"1216741384_196677_2322_1-512.jpg"],[5,"1216741384_196677_2322_3-512.jpg"],[1,"1216741384_196677_2322_3-512.jpg"],[5,"1216741384_396638_2323_1-512.jpg"],[2,"1216741384_396638_2323_1-512.jpg"],[5,"1216741384_396638_2323_3-512.jpg"],[1,"1216741384_396638_2323_3-512.jpg"],[5,"1216741384_601671_2324_1-512.jpg"],[5,"1216741384_601671_2324_3-512.jpg"]],"material_ml":"painted","preds_construction":[[2,"1216741383_601671_2319_1-512.jpg"],[2,"1216741383_601671_2319_1-512.jpg"],[2,"1216741383_601671_2319_3-512.jpg"],[2,"1216741383_601671_2319_3-512.jpg"],[2,"1216741383_796662_2320_1-512.jpg"],[2,"1216741383_796662_2320_1-512.jpg"],[2,"1216741383_796662_2320_3-512.jpg"],[2,"1216741383_796662_2320_3-512.jpg"],[2,"1216741383_996644_2321_1-512.jpg"],[2,"1216741383_996644_2321_3-512.jpg"],[2,"1216741384_196677_2322_1-512.jpg"],[2,"1216741384_196677_2322_3-512.jpg"],[2,"1216741384_196677_2322_3-512.jpg"],[1,"1216741384_196677_2322_3-512.jpg"],[2,"1216741384_396638_2323_1-512.jpg"],[2,"1216741384_396638_2323_1-512.jpg"],[2,"1216741384_396638_2323_3-512.jpg"],[2,"1216741384_396638_2323_3-512.jpg"],[2,"1216741384_601671_2324_1-512.jpg"],[2,"1216741384_601671_2324_3-512.jpg"]],"construction_ml":"complete","preds_design":[[1,"1216741383_601671_2319_1-512.jpg"],[1,"1216741383_601671_2319_1-512.jpg"],[2,"1216741383_601671_2319_3-512.jpg"],[1,"1216741383_601671_2319_3-512.jpg"],[1,"1216741383_796662_2320_1-512.jpg"],[1,"1216741383_796662_2320_1-512.jpg"],[2,"1216741383_796662_2320_3-512.jpg"],[1,"1216741383_796662_2320_3-512.jpg"],[1,"1216741383_996644_2321_1-512.jpg"],[2,"1216741383_996644_2321_3-512.jpg"],[1,"1216741384_196677_2322_1-512.jpg"],[2,"1216741384_196677_2322_3-512.jpg"],[2,"1216741384_196677_2322_3-512.jpg"],[1,"1216741384_396638_2323_1-512.jpg"],[2,"1216741384_396638_2323_1-512.jpg"],[2,"1216741384_396638_2323_3-512.jpg"],[2,"1216741384_396638_2323_3-512.jpg"],[1,"1216741384_601671_2324_1-512.jpg"],[2,"1216741384_601671_2324_3-512.jpg"]],"design_ml":"undesigned","images":[]}
