{"MATERIAL":"corrugated metal/heavily patched","AVG_SLOPE":4.56531598121,"AVG_HEIGHT":5.26779981291,"TERAIN_SLP":3.38212542607,"AREA":22.8984410782,"VOLUME":121,"FLOORS":2,"INT_ZONE":null,"FLOOD":1,"LANDSLIDE":"Amenaza Baja","LEGAL_ID":"358","LEGAL_NAME":"EL PARAISO","LEGAL_AREA":26.04,"LEGAL_LOTS":2077,"LEGAL_POP":11215.8,"LEGAL_DENS":79.76190476,"LEGALIZING":null,"BLOCK_ID_":"002565044","BLOCK_POP":127,"BLOCK_BLD":32,"BLOCK_RISK":7.6921449,"BLOCK_EDU":0.58065569,"BLOCK_HLTH":18.95145,"BLOCK_TRAN":94.085655,"BLOCK_CULT":0,"BLOCK_PARK":50.758739,"BLOCK_SEC":100,"BLOCK_CENT":0,"BLOCK_DEF":34.375,"BLD_INHAB":4,"OBJECTID":2,"AO_225":0.2,"id":2581,"preds_material":[[5,"1216741379_051909_2297_1-512.jpg"],[5,"1216741379_266715_2298_1-512.jpg"],[5,"1216741379_486710_2299_1-512.jpg"],[5,"1216741379_486710_2299_1-512.jpg"],[1,"1216741379_486710_2299_3-512.jpg"],[2,"1216741379_486710_2299_3-512.jpg"],[5,"1216741379_711717_2300_1-512.jpg"],[5,"1216741379_711717_2300_1-512.jpg"],[1,"1216741379_711717_2300_3-512.jpg"],[1,"1216741379_711717_2300_3-512.jpg"],[2,"1216741379_711717_2300_3-512.jpg"]],"material_ml":"painted","preds_construction":[[2,"1216741379_051909_2297_1-512.jpg"],[2,"1216741379_266715_2298_1-512.jpg"],[2,"1216741379_486710_2299_1-512.jpg"],[2,"1216741379_486710_2299_1-512.jpg"],[2,"1216741379_486710_2299_3-512.jpg"],[2,"1216741379_711717_2300_1-512.jpg"],[2,"1216741379_711717_2300_1-512.jpg"],[2,"1216741379_711717_2300_3-512.jpg"],[2,"1216741379_711717_2300_3-512.jpg"]],"construction_ml":"complete","preds_design":[[2,"1216741379_051909_2297_1-512.jpg"],[2,"1216741379_266715_2298_1-512.jpg"],[2,"1216741379_486710_2299_1-512.jpg"],[1,"1216741379_486710_2299_1-512.jpg"],[2,"1216741379_486710_2299_3-512.jpg"],[2,"1216741379_711717_2300_1-512.jpg"],[1,"1216741379_711717_2300_1-512.jpg"],[2,"1216741379_711717_2300_1-512.jpg"],[2,"1216741379_711717_2300_3-512.jpg"],[1,"1216741379_711717_2300_3-512.jpg"]],"design_ml":"designed","images":[]}
