{"MATERIAL":"corrugated metal/heavily patched","AVG_SLOPE":5.86141072233,"AVG_HEIGHT":0.34721447827,"TERAIN_SLP":13.4207639194,"AREA":114.418165282,"VOLUME":40,"FLOORS":1,"INT_ZONE":"Borde Rural","FLOOD":1,"LANDSLIDE":"Amenaza Media","LEGAL_ID":"358","LEGAL_NAME":"EL PARAISO","LEGAL_AREA":26.04,"LEGAL_LOTS":2077,"LEGAL_POP":11215.8,"LEGAL_DENS":79.76190476,"LEGALIZING":null,"BLOCK_ID_":"002565006","BLOCK_POP":190,"BLOCK_BLD":48,"BLOCK_RISK":24.79384,"BLOCK_EDU":0,"BLOCK_HLTH":10.726727,"BLOCK_TRAN":56.566322,"BLOCK_CULT":0,"BLOCK_PARK":1.2882968,"BLOCK_SEC":100,"BLOCK_CENT":0,"BLOCK_DEF":31.25,"BLD_INHAB":4,"OBJECTID":2,"AO_225":0.2,"id":259,"preds_material":[[5,"1216744683_514940_10145_3-512.jpg"],[5,"1216744684_419734_10149_3-512.jpg"],[5,"1216744685_134555_10152_3-512.jpg"],[5,"1216744685_369587_10153_3-512.jpg"],[5,"1216744685_604458_10154_3-512.jpg"]],"material_ml":"painted","images":[]}
