{"MATERIAL":"corrugated metal/heavily patched","AVG_SLOPE":8.14544366375,"AVG_HEIGHT":7.76532838468,"TERAIN_SLP":1.49698243251,"AREA":71.8955145155,"VOLUME":558,"FLOORS":2,"INT_ZONE":null,"FLOOD":1,"LANDSLIDE":"Amenaza Baja","LEGAL_ID":"358","LEGAL_NAME":"EL PARAISO","LEGAL_AREA":26.04,"LEGAL_LOTS":2077,"LEGAL_POP":11215.8,"LEGAL_DENS":79.76190476,"LEGALIZING":null,"BLOCK_ID_":"002565045","BLOCK_POP":129,"BLOCK_BLD":30,"BLOCK_RISK":10.259947,"BLOCK_EDU":0.66276956,"BLOCK_HLTH":21.344957,"BLOCK_TRAN":92.372635,"BLOCK_CULT":0,"BLOCK_PARK":62.62812,"BLOCK_SEC":100,"BLOCK_CENT":0,"BLOCK_DEF":30,"BLD_INHAB":4,"OBJECTID":2,"AO_225":0.2,"id":2598,"preds_material":[[5,"1216741216_742599_1940_3-512.jpg"],[5,"1216741216_872614_1941_3-512.jpg"],[1,"1216741216_872614_1941_3-512.jpg"],[5,"1216741216_872614_1941_3-512.jpg"],[2,"1216741216_872614_1941_3-512.jpg"],[5,"1216741217_007699_1942_3-512.jpg"],[5,"1216741217_007699_1942_3-512.jpg"],[2,"1216741217_007699_1942_3-512.jpg"],[5,"1216741217_142644_1943_3-512.jpg"],[5,"1216741217_142644_1943_3-512.jpg"],[2,"1216741217_142644_1943_3-512.jpg"],[5,"1216741217_277525_1944_3-512.jpg"],[5,"1216741217_277525_1944_3-512.jpg"],[5,"1216741217_412665_1945_3-512.jpg"],[5,"1216741217_412665_1945_3-512.jpg"],[2,"1216741217_412665_1945_3-512.jpg"],[2,"1216741217_547510_1946_3-512.jpg"],[5,"1216741217_547510_1946_3-512.jpg"],[2,"1216741217_687637_1947_3-512.jpg"]],"material_ml":"painted","preds_construction":[[2,"1216741216_742599_1940_3-512.jpg"],[2,"1216741216_872614_1941_3-512.jpg"],[2,"1216741216_872614_1941_3-512.jpg"],[2,"1216741217_007699_1942_3-512.jpg"],[2,"1216741217_007699_1942_3-512.jpg"],[2,"1216741217_142644_1943_3-512.jpg"],[2,"1216741217_142644_1943_3-512.jpg"],[2,"1216741217_142644_1943_3-512.jpg"],[2,"1216741217_277525_1944_3-512.jpg"],[2,"1216741217_277525_1944_3-512.jpg"],[2,"1216741217_412665_1945_3-512.jpg"],[2,"1216741217_412665_1945_3-512.jpg"],[2,"1216741217_547510_1946_3-512.jpg"],[2,"1216741217_687637_1947_3-512.jpg"]],"construction_ml":"complete","preds_design":[[2,"1216741216_742599_1940_3-512.jpg"],[2,"1216741216_872614_1941_3-512.jpg"],[1,"1216741216_872614_1941_3-512.jpg"],[2,"1216741217_007699_1942_3-512.jpg"],[1,"1216741217_007699_1942_3-512.jpg"],[2,"1216741217_142644_1943_3-512.jpg"],[2,"1216741217_142644_1943_3-512.jpg"],[2,"1216741217_277525_1944_3-512.jpg"],[2,"1216741217_277525_1944_3-512.jpg"],[2,"1216741217_412665_1945_3-512.jpg"],[2,"1216741217_412665_1945_3-512.jpg"],[2,"1216741217_547510_1946_3-512.jpg"],[2,"1216741217_687637_1947_3-512.jpg"]],"design_ml":"designed","images":[]}
