{"MATERIAL":"corrugated metal/heavily patched","AVG_SLOPE":6.32885164182,"AVG_HEIGHT":7.13148161757,"TERAIN_SLP":2.92542956451,"AREA":63.4662014042,"VOLUME":453,"FLOORS":2,"INT_ZONE":null,"FLOOD":1,"LANDSLIDE":"Amenaza Media","LEGAL_ID":"358","LEGAL_NAME":"EL PARAISO","LEGAL_AREA":26.04,"LEGAL_LOTS":2077,"LEGAL_POP":11215.8,"LEGAL_DENS":79.76190476,"LEGALIZING":null,"BLOCK_ID_":"002565044","BLOCK_POP":127,"BLOCK_BLD":32,"BLOCK_RISK":7.6921449,"BLOCK_EDU":0.58065569,"BLOCK_HLTH":18.95145,"BLOCK_TRAN":94.085655,"BLOCK_CULT":0,"BLOCK_PARK":50.758739,"BLOCK_SEC":100,"BLOCK_CENT":0,"BLOCK_DEF":34.375,"BLD_INHAB":4,"OBJECTID":2,"AO_225":0.2,"id":2600,"preds_material":[[5,"1216741386_041872_2330_1-512.jpg"],[5,"1216741386_041872_2330_3-512.jpg"],[5,"1216741386_336658_2331_1-512.jpg"],[2,"1216741386_336658_2331_1-512.jpg"],[5,"1216741386_336658_2331_3-512.jpg"],[1,"1216741386_336658_2331_3-512.jpg"],[2,"1216741386_336658_2331_3-512.jpg"],[5,"1216741386_636647_2332_1-512.jpg"],[5,"1216741386_636647_2332_3-512.jpg"],[5,"1216741386_926686_2333_1-512.jpg"],[5,"1216741386_926686_2333_3-512.jpg"],[2,"1216741386_926686_2333_3-512.jpg"],[5,"1216741387_216641_2334_1-512.jpg"],[5,"1216741387_216641_2334_1-512.jpg"],[5,"1216741387_216641_2334_3-512.jpg"],[2,"1216741387_216641_2334_3-512.jpg"],[5,"1216741387_496670_2335_1-512.jpg"],[5,"1216741387_496670_2335_3-512.jpg"]],"material_ml":"painted","preds_construction":[[2,"1216741386_041872_2330_1-512.jpg"],[2,"1216741386_041872_2330_3-512.jpg"],[2,"1216741386_336658_2331_1-512.jpg"],[2,"1216741386_336658_2331_1-512.jpg"],[2,"1216741386_336658_2331_3-512.jpg"],[2,"1216741386_336658_2331_3-512.jpg"],[2,"1216741386_636647_2332_1-512.jpg"],[2,"1216741386_636647_2332_3-512.jpg"],[2,"1216741386_636647_2332_3-512.jpg"],[2,"1216741386_926686_2333_1-512.jpg"],[2,"1216741386_926686_2333_3-512.jpg"],[2,"1216741386_926686_2333_3-512.jpg"],[2,"1216741387_216641_2334_1-512.jpg"],[2,"1216741387_216641_2334_3-512.jpg"],[2,"1216741387_216641_2334_3-512.jpg"],[2,"1216741387_496670_2335_1-512.jpg"],[2,"1216741387_496670_2335_3-512.jpg"]],"construction_ml":"complete","preds_design":[[2,"1216741386_041872_2330_1-512.jpg"],[1,"1216741386_041872_2330_3-512.jpg"],[2,"1216741386_336658_2331_1-512.jpg"],[2,"1216741386_336658_2331_1-512.jpg"],[1,"1216741386_336658_2331_3-512.jpg"],[2,"1216741386_336658_2331_3-512.jpg"],[2,"1216741386_636647_2332_1-512.jpg"],[1,"1216741386_636647_2332_3-512.jpg"],[2,"1216741386_636647_2332_3-512.jpg"],[2,"1216741386_926686_2333_1-512.jpg"],[1,"1216741386_926686_2333_3-512.jpg"],[1,"1216741386_926686_2333_3-512.jpg"],[2,"1216741387_216641_2334_1-512.jpg"],[1,"1216741387_216641_2334_3-512.jpg"],[1,"1216741387_216641_2334_3-512.jpg"],[2,"1216741387_216641_2334_3-512.jpg"],[2,"1216741387_496670_2335_1-512.jpg"],[1,"1216741387_496670_2335_3-512.jpg"]],"design_ml":"designed","images":[]}
