{"MATERIAL":"corrugated metal - dark","AVG_SLOPE":3.67835786444,"AVG_HEIGHT":7.27428702579,"TERAIN_SLP":3.34727662987,"AREA":39.9210030936,"VOLUME":290,"FLOORS":2,"INT_ZONE":"Borde Rural","FLOOD":1,"LANDSLIDE":"Amenaza Baja","LEGAL_ID":"358","LEGAL_NAME":"EL PARAISO","LEGAL_AREA":26.04,"LEGAL_LOTS":2077,"LEGAL_POP":11215.8,"LEGAL_DENS":79.76190476,"LEGALIZING":null,"BLOCK_ID_":"002565044","BLOCK_POP":127,"BLOCK_BLD":32,"BLOCK_RISK":7.6921449,"BLOCK_EDU":0.58065569,"BLOCK_HLTH":18.95145,"BLOCK_TRAN":94.085655,"BLOCK_CULT":0,"BLOCK_PARK":50.758739,"BLOCK_SEC":100,"BLOCK_CENT":0,"BLOCK_DEF":34.375,"BLD_INHAB":4,"OBJECTID":2,"AO_225":0.2,"id":2603,"preds_material":[[1,"1216743940_828169_8980_3-512.jpg"],[1,"1216743941_138181_8981_3-512.jpg"],[1,"1216743941_478235_8982_3-512.jpg"],[1,"1216743941_873253_8983_3-512.jpg"],[1,"1216743942_368118_8984_3-512.jpg"],[1,"1216743942_368118_8984_3-512.jpg"],[1,"1216743943_053157_8985_3-512.jpg"],[1,"1216743944_318187_8986_3-512.jpg"],[5,"1216745419_681026_11567_1-512.jpg"]],"material_ml":"brick","preds_construction":[[2,"1216743940_828169_8980_3-512.jpg"],[1,"1216743940_828169_8980_3-512.jpg"],[1,"1216743941_138181_8981_3-512.jpg"],[1,"1216743941_478235_8982_3-512.jpg"],[1,"1216743941_873253_8983_3-512.jpg"],[1,"1216743942_368118_8984_3-512.jpg"],[2,"1216743942_368118_8984_3-512.jpg"],[2,"1216743943_053157_8985_3-512.jpg"],[2,"1216743944_318187_8986_3-512.jpg"],[2,"1216745419_681026_11567_1-512.jpg"]],"construction_ml":"incomplete","preds_design":[[2,"1216743940_828169_8980_3-512.jpg"],[1,"1216743940_828169_8980_3-512.jpg"],[1,"1216743941_138181_8981_3-512.jpg"],[1,"1216743941_478235_8982_3-512.jpg"],[1,"1216743941_873253_8983_3-512.jpg"],[1,"1216743942_368118_8984_3-512.jpg"],[2,"1216743942_368118_8984_3-512.jpg"],[2,"1216743943_053157_8985_3-512.jpg"],[1,"1216745419_681026_11567_1-512.jpg"]],"design_ml":"undesigned","images":[]}
