{"MATERIAL":"corrugated metal","AVG_SLOPE":4.60417153039,"AVG_HEIGHT":5.87052118076,"TERAIN_SLP":3.88454762905,"AREA":67.3538019533,"VOLUME":395,"FLOORS":2,"INT_ZONE":"Borde Rural","FLOOD":1,"LANDSLIDE":"Amenaza Baja","LEGAL_ID":"358","LEGAL_NAME":"EL PARAISO","LEGAL_AREA":26.04,"LEGAL_LOTS":2077,"LEGAL_POP":11215.8,"LEGAL_DENS":79.76190476,"LEGALIZING":null,"BLOCK_ID_":"002565045","BLOCK_POP":129,"BLOCK_BLD":30,"BLOCK_RISK":10.259947,"BLOCK_EDU":0.66276956,"BLOCK_HLTH":21.344957,"BLOCK_TRAN":92.372635,"BLOCK_CULT":0,"BLOCK_PARK":62.62812,"BLOCK_SEC":100,"BLOCK_CENT":0,"BLOCK_DEF":30,"BLD_INHAB":4,"OBJECTID":2,"AO_225":0.2,"id":2607,"preds_material":[[5,"1216743963_893077_9011_3-512.jpg"],[5,"1216743964_163064_9012_3-512.jpg"],[5,"1216743964_438037_9013_3-512.jpg"],[5,"1216743964_713068_9014_3-512.jpg"],[5,"1216743964_993088_9015_3-512.jpg"],[5,"1216743965_283055_9016_3-512.jpg"],[5,"1216743965_533001_9017_3-512.jpg"],[5,"1216743966_017956_9019_3-512.jpg"],[5,"1216743966_253061_9020_3-512.jpg"],[6,"1216743966_253061_9020_3-512.jpg"],[5,"1216743966_448028_9021_3-512.jpg"],[5,"1216743966_723058_9022_3-512.jpg"]],"material_ml":"painted","preds_construction":[[2,"1216741210_837587_1899_3-512.jpg"],[2,"1216743963_893077_9011_3-512.jpg"],[2,"1216743964_163064_9012_3-512.jpg"],[2,"1216743964_438037_9013_3-512.jpg"],[2,"1216743964_713068_9014_3-512.jpg"],[2,"1216743964_993088_9015_3-512.jpg"],[2,"1216743965_283055_9016_3-512.jpg"],[2,"1216743965_533001_9017_3-512.jpg"],[2,"1216743966_017956_9019_3-512.jpg"],[2,"1216743966_253061_9020_3-512.jpg"],[2,"1216743966_448028_9021_3-512.jpg"]],"construction_ml":"complete","preds_design":[[2,"1216741210_837587_1899_3-512.jpg"],[1,"1216743963_893077_9011_3-512.jpg"],[1,"1216743964_163064_9012_3-512.jpg"],[1,"1216743964_438037_9013_3-512.jpg"],[1,"1216743964_713068_9014_3-512.jpg"],[1,"1216743964_993088_9015_3-512.jpg"],[1,"1216743965_283055_9016_3-512.jpg"],[1,"1216743965_533001_9017_3-512.jpg"],[1,"1216743965_777931_9018_3-512.jpg"],[1,"1216743966_017956_9019_3-512.jpg"],[1,"1216743966_253061_9020_3-512.jpg"],[1,"1216743966_448028_9021_3-512.jpg"],[1,"1216743966_723058_9022_3-512.jpg"]],"design_ml":"undesigned","images":[]}
