{"MATERIAL":"concrete","AVG_SLOPE":7.31780484723,"AVG_HEIGHT":3.12151390931,"TERAIN_SLP":3.36606927101,"AREA":65.8496326811,"VOLUME":206,"FLOORS":2,"INT_ZONE":"Borde Rural","FLOOD":1,"LANDSLIDE":"Amenaza Baja","LEGAL_ID":"358","LEGAL_NAME":"EL PARAISO","LEGAL_AREA":26.04,"LEGAL_LOTS":2077,"LEGAL_POP":11215.8,"LEGAL_DENS":79.76190476,"LEGALIZING":null,"BLOCK_ID_":"002565044","BLOCK_POP":127,"BLOCK_BLD":32,"BLOCK_RISK":7.6921449,"BLOCK_EDU":0.58065569,"BLOCK_HLTH":18.95145,"BLOCK_TRAN":94.085655,"BLOCK_CULT":0,"BLOCK_PARK":50.758739,"BLOCK_SEC":100,"BLOCK_CENT":0,"BLOCK_DEF":34.375,"BLD_INHAB":4,"OBJECTID":2,"AO_225":0.2,"id":2609,"preds_material":[[5,"1216741390_821629_2348_1-512.jpg"],[5,"1216741390_821629_2348_3-512.jpg"],[5,"1216741390_821629_2348_3-512.jpg"],[5,"1216741391_111635_2349_1-512.jpg"],[5,"1216741391_111635_2349_1-512.jpg"],[5,"1216741391_111635_2349_3-512.jpg"],[5,"1216741391_111635_2349_3-512.jpg"],[5,"1216741391_396643_2350_1-512.jpg"],[5,"1216741391_396643_2350_3-512.jpg"],[5,"1216741391_696631_2351_1-512.jpg"],[5,"1216741391_696631_2351_3-512.jpg"],[5,"1216741392_026776_2352_1-512.jpg"],[5,"1216741392_026776_2352_3-512.jpg"],[5,"1216741392_386672_2353_1-512.jpg"],[5,"1216741392_386672_2353_3-512.jpg"],[5,"1216741392_776636_2354_1-512.jpg"],[5,"1216741392_776636_2354_3-512.jpg"],[5,"1216741393_261668_2355_1-512.jpg"],[5,"1216741393_261668_2355_3-512.jpg"],[5,"1216741393_886609_2356_1-512.jpg"],[5,"1216741393_886609_2356_3-512.jpg"],[5,"1216741394_871637_2357_1-512.jpg"],[5,"1216741394_871637_2357_3-512.jpg"],[5,"1216741396_291610_2358_1-512.jpg"],[5,"1216741396_291610_2358_3-512.jpg"],[5,"1216741396_771615_2359_1-512.jpg"],[5,"1216741396_771615_2359_3-512.jpg"],[1,"1216741397_151601_2360_1-512.jpg"],[1,"1216741397_151601_2360_1-512.jpg"],[5,"1216741397_466587_2361_1-512.jpg"],[1,"1216741397_466587_2361_1-512.jpg"],[1,"1216743951_678266_8988_3-512.jpg"],[1,"1216743952_658018_8989_3-512.jpg"],[1,"1216743953_418026_8990_3-512.jpg"],[1,"1216743954_168012_8991_3-512.jpg"],[1,"1216743954_842978_8992_3-512.jpg"],[1,"1216743955_492976_8993_3-512.jpg"],[1,"1216743956_062941_8994_3-512.jpg"],[1,"1216743956_062941_8994_3-512.jpg"],[1,"1216743956_602831_8995_3-512.jpg"],[1,"1216743956_602831_8995_3-512.jpg"],[1,"1216743957_142877_8996_3-512.jpg"],[1,"1216743957_687926_8997_3-512.jpg"],[1,"1216743958_387902_8998_3-512.jpg"]],"material_ml":"painted","preds_construction":[[2,"1216741390_821629_2348_1-512.jpg"],[2,"1216741390_821629_2348_3-512.jpg"],[2,"1216741390_821629_2348_3-512.jpg"],[2,"1216741391_111635_2349_1-512.jpg"],[2,"1216741391_111635_2349_1-512.jpg"],[1,"1216741391_111635_2349_1-512.jpg"],[2,"1216741391_111635_2349_3-512.jpg"],[2,"1216741391_111635_2349_3-512.jpg"],[2,"1216741391_396643_2350_1-512.jpg"],[2,"1216741391_396643_2350_3-512.jpg"],[2,"1216741391_696631_2351_1-512.jpg"],[2,"1216741391_696631_2351_3-512.jpg"],[2,"1216741392_026776_2352_1-512.jpg"],[2,"1216741392_026776_2352_3-512.jpg"],[2,"1216741392_386672_2353_1-512.jpg"],[2,"1216741392_386672_2353_3-512.jpg"],[2,"1216741392_776636_2354_1-512.jpg"],[2,"1216741392_776636_2354_3-512.jpg"],[2,"1216741393_261668_2355_1-512.jpg"],[2,"1216741393_261668_2355_3-512.jpg"],[2,"1216741393_886609_2356_1-512.jpg"],[2,"1216741393_886609_2356_3-512.jpg"],[2,"1216741394_871637_2357_1-512.jpg"],[2,"1216741394_871637_2357_3-512.jpg"],[2,"1216741396_291610_2358_1-512.jpg"],[2,"1216741396_291610_2358_3-512.jpg"],[2,"1216741396_771615_2359_1-512.jpg"],[2,"1216741396_771615_2359_3-512.jpg"],[2,"1216741397_151601_2360_1-512.jpg"],[2,"1216741397_151601_2360_1-512.jpg"],[2,"1216741397_466587_2361_1-512.jpg"],[1,"1216743951_678266_8988_3-512.jpg"],[1,"1216743952_658018_8989_3-512.jpg"],[1,"1216743953_418026_8990_3-512.jpg"],[1,"1216743954_168012_8991_3-512.jpg"],[1,"1216743954_842978_8992_3-512.jpg"],[1,"1216743955_492976_8993_3-512.jpg"],[1,"1216743956_062941_8994_3-512.jpg"],[1,"1216743956_602831_8995_3-512.jpg"],[1,"1216743957_142877_8996_3-512.jpg"],[1,"1216743957_687926_8997_3-512.jpg"]],"construction_ml":"complete","preds_design":[[2,"1216741390_821629_2348_1-512.jpg"],[2,"1216741390_821629_2348_1-512.jpg"],[2,"1216741390_821629_2348_3-512.jpg"],[2,"1216741390_821629_2348_3-512.jpg"],[2,"1216741391_111635_2349_1-512.jpg"],[2,"1216741391_111635_2349_1-512.jpg"],[2,"1216741391_111635_2349_3-512.jpg"],[2,"1216741391_111635_2349_3-512.jpg"],[2,"1216741391_396643_2350_1-512.jpg"],[2,"1216741391_396643_2350_3-512.jpg"],[2,"1216741391_396643_2350_3-512.jpg"],[2,"1216741391_696631_2351_1-512.jpg"],[2,"1216741391_696631_2351_3-512.jpg"],[2,"1216741391_696631_2351_3-512.jpg"],[2,"1216741392_026776_2352_1-512.jpg"],[2,"1216741392_026776_2352_3-512.jpg"],[2,"1216741392_026776_2352_3-512.jpg"],[2,"1216741392_386672_2353_1-512.jpg"],[2,"1216741392_386672_2353_3-512.jpg"],[2,"1216741392_386672_2353_3-512.jpg"],[2,"1216741392_776636_2354_1-512.jpg"],[2,"1216741392_776636_2354_3-512.jpg"],[2,"1216741393_261668_2355_1-512.jpg"],[2,"1216741393_261668_2355_3-512.jpg"],[2,"1216741393_886609_2356_1-512.jpg"],[2,"1216741393_886609_2356_3-512.jpg"],[2,"1216741394_871637_2357_1-512.jpg"],[2,"1216741394_871637_2357_3-512.jpg"],[2,"1216741396_291610_2358_1-512.jpg"],[2,"1216741396_291610_2358_3-512.jpg"],[2,"1216741396_771615_2359_1-512.jpg"],[2,"1216741396_771615_2359_3-512.jpg"],[2,"1216741397_151601_2360_1-512.jpg"],[2,"1216741397_466587_2361_1-512.jpg"],[1,"1216741397_466587_2361_1-512.jpg"],[1,"1216743951_678266_8988_3-512.jpg"],[1,"1216743952_658018_8989_3-512.jpg"],[1,"1216743953_418026_8990_3-512.jpg"],[1,"1216743954_168012_8991_3-512.jpg"],[1,"1216743954_842978_8992_3-512.jpg"],[1,"1216743955_492976_8993_3-512.jpg"],[1,"1216743956_062941_8994_3-512.jpg"],[1,"1216743956_602831_8995_3-512.jpg"],[1,"1216743957_142877_8996_3-512.jpg"],[1,"1216743957_687926_8997_3-512.jpg"]],"design_ml":"designed","images":[]}
