{"MATERIAL":"corrugated metal","AVG_SLOPE":3.70052524087,"AVG_HEIGHT":5.6104795175,"TERAIN_SLP":3.52555715507,"AREA":75.2930588954,"VOLUME":422,"FLOORS":2,"INT_ZONE":"Borde Rural","FLOOD":1,"LANDSLIDE":"Amenaza Baja","LEGAL_ID":"358","LEGAL_NAME":"EL PARAISO","LEGAL_AREA":26.04,"LEGAL_LOTS":2077,"LEGAL_POP":11215.8,"LEGAL_DENS":79.76190476,"LEGALIZING":null,"BLOCK_ID_":"002565045","BLOCK_POP":129,"BLOCK_BLD":30,"BLOCK_RISK":10.259947,"BLOCK_EDU":0.66276956,"BLOCK_HLTH":21.344957,"BLOCK_TRAN":92.372635,"BLOCK_CULT":0,"BLOCK_PARK":62.62812,"BLOCK_SEC":100,"BLOCK_CENT":0,"BLOCK_DEF":30,"BLD_INHAB":4,"OBJECTID":2,"AO_225":0.2,"id":2611,"preds_material":[[5,"1216741210_837587_1899_3-512.jpg"],[5,"1216741211_077555_1900_3-512.jpg"],[5,"1216741211_302866_1901_3-512.jpg"],[5,"1216741211_517528_1902_3-512.jpg"],[5,"1216741211_717634_1903_3-512.jpg"],[5,"1216741211_902647_1904_3-512.jpg"],[5,"1216741212_077531_1905_3-512.jpg"],[5,"1216741212_247628_1906_3-512.jpg"],[5,"1216741212_412610_1907_3-512.jpg"],[5,"1216741212_572655_1908_3-512.jpg"],[5,"1216741212_727583_1909_3-512.jpg"],[5,"1216741212_877621_1910_3-512.jpg"],[5,"1216741213_027803_1911_3-512.jpg"],[5,"1216741213_172605_1912_3-512.jpg"],[5,"1216741213_312630_1913_3-512.jpg"],[5,"1216741213_312630_1913_3-512.jpg"],[5,"1216741213_452648_1914_3-512.jpg"],[5,"1216741213_452648_1914_3-512.jpg"],[5,"1216741213_592873_1915_3-512.jpg"],[5,"1216741213_727530_1916_3-512.jpg"],[5,"1216741213_857601_1917_3-512.jpg"],[5,"1216743966_017956_9019_3-512.jpg"],[5,"1216743966_253061_9020_3-512.jpg"],[5,"1216743966_448028_9021_3-512.jpg"],[5,"1216743966_993085_9023_3-512.jpg"],[5,"1216743966_993085_9023_3-512.jpg"],[5,"1216743967_253058_9024_3-512.jpg"],[5,"1216743967_508014_9025_3-512.jpg"],[5,"1216743967_758049_9026_3-512.jpg"],[5,"1216743968_003202_9027_3-512.jpg"],[5,"1216743968_238019_9028_3-512.jpg"],[5,"1216743968_928025_9031_3-512.jpg"]],"material_ml":"painted","preds_construction":[[2,"1216741211_077555_1900_3-512.jpg"],[2,"1216741211_302866_1901_3-512.jpg"],[2,"1216741211_517528_1902_3-512.jpg"],[2,"1216741211_717634_1903_3-512.jpg"],[2,"1216741211_902647_1904_3-512.jpg"],[2,"1216741212_077531_1905_3-512.jpg"],[2,"1216741212_247628_1906_3-512.jpg"],[2,"1216741212_412610_1907_3-512.jpg"],[2,"1216741212_572655_1908_3-512.jpg"],[2,"1216741212_727583_1909_3-512.jpg"],[2,"1216741212_877621_1910_3-512.jpg"],[2,"1216741213_027803_1911_3-512.jpg"],[2,"1216741213_172605_1912_3-512.jpg"],[2,"1216741213_312630_1913_3-512.jpg"],[2,"1216741213_312630_1913_3-512.jpg"],[2,"1216741213_452648_1914_3-512.jpg"],[2,"1216741213_452648_1914_3-512.jpg"],[2,"1216741213_592873_1915_3-512.jpg"],[2,"1216741213_727530_1916_3-512.jpg"],[2,"1216741213_857601_1917_3-512.jpg"],[2,"1216743966_723058_9022_3-512.jpg"],[2,"1216743966_993085_9023_3-512.jpg"],[2,"1216743966_993085_9023_3-512.jpg"],[2,"1216743967_253058_9024_3-512.jpg"],[2,"1216743967_508014_9025_3-512.jpg"],[2,"1216743967_758049_9026_3-512.jpg"],[2,"1216743968_003202_9027_3-512.jpg"],[2,"1216743968_238019_9028_3-512.jpg"],[2,"1216743968_698061_9030_3-512.jpg"],[2,"1216743968_928025_9031_3-512.jpg"],[2,"1216743969_143053_9032_3-512.jpg"]],"construction_ml":"complete","preds_design":[[2,"1216741211_077555_1900_3-512.jpg"],[2,"1216741211_302866_1901_3-512.jpg"],[2,"1216741211_302866_1901_3-512.jpg"],[2,"1216741211_517528_1902_3-512.jpg"],[2,"1216741211_717634_1903_3-512.jpg"],[2,"1216741211_902647_1904_3-512.jpg"],[2,"1216741212_077531_1905_3-512.jpg"],[2,"1216741212_247628_1906_3-512.jpg"],[2,"1216741212_412610_1907_3-512.jpg"],[2,"1216741212_572655_1908_3-512.jpg"],[2,"1216741212_727583_1909_3-512.jpg"],[2,"1216741212_877621_1910_3-512.jpg"],[2,"1216741213_027803_1911_3-512.jpg"],[2,"1216741213_172605_1912_3-512.jpg"],[2,"1216741213_312630_1913_3-512.jpg"],[2,"1216741213_312630_1913_3-512.jpg"],[2,"1216741213_452648_1914_3-512.jpg"],[2,"1216741213_452648_1914_3-512.jpg"],[2,"1216741213_592873_1915_3-512.jpg"],[2,"1216741213_727530_1916_3-512.jpg"],[2,"1216741213_857601_1917_3-512.jpg"],[1,"1216743966_993085_9023_3-512.jpg"],[2,"1216743966_993085_9023_3-512.jpg"],[1,"1216743967_253058_9024_3-512.jpg"],[1,"1216743967_508014_9025_3-512.jpg"],[1,"1216743967_758049_9026_3-512.jpg"],[1,"1216743968_003202_9027_3-512.jpg"],[1,"1216743968_238019_9028_3-512.jpg"],[1,"1216743968_468008_9029_3-512.jpg"],[1,"1216743968_928025_9031_3-512.jpg"],[1,"1216743969_143053_9032_3-512.jpg"]],"design_ml":"designed","images":[]}
