{"MATERIAL":"corrugated metal","AVG_SLOPE":5.90713689404,"AVG_HEIGHT":2.73563337729,"TERAIN_SLP":3.54224146135,"AREA":57.1965712058,"VOLUME":156,"FLOORS":1,"INT_ZONE":null,"FLOOD":1,"LANDSLIDE":"Amenaza Media","LEGAL_ID":"358","LEGAL_NAME":"EL PARAISO","LEGAL_AREA":26.04,"LEGAL_LOTS":2077,"LEGAL_POP":11215.8,"LEGAL_DENS":79.76190476,"LEGALIZING":null,"BLOCK_ID_":"002565044","BLOCK_POP":127,"BLOCK_BLD":32,"BLOCK_RISK":7.6921449,"BLOCK_EDU":0.58065569,"BLOCK_HLTH":18.95145,"BLOCK_TRAN":94.085655,"BLOCK_CULT":0,"BLOCK_PARK":50.758739,"BLOCK_SEC":100,"BLOCK_CENT":0,"BLOCK_DEF":34.375,"BLD_INHAB":4,"OBJECTID":2,"AO_225":0.2,"id":2616,"preds_material":[[5,"1216741542_575852_2833_1-512.jpg"],[5,"1216741542_725846_2834_1-512.jpg"],[5,"1216741542_875846_2835_1-512.jpg"],[5,"1216741543_020974_2836_1-512.jpg"],[5,"1216741543_170822_2837_1-512.jpg"],[5,"1216741543_315848_2838_1-512.jpg"],[5,"1216743935_888516_8958_3-512.jpg"],[5,"1216745423_126037_11571_1-512.jpg"]],"material_ml":"painted","preds_construction":[[2,"1216741542_575852_2833_1-512.jpg"],[2,"1216741542_725846_2834_1-512.jpg"],[2,"1216741542_875846_2835_1-512.jpg"],[2,"1216741543_020974_2836_1-512.jpg"],[2,"1216741543_170822_2837_1-512.jpg"],[2,"1216741543_315848_2838_1-512.jpg"],[2,"1216745423_126037_11571_1-512.jpg"]],"construction_ml":"complete","preds_design":[[1,"1216741542_575852_2833_1-512.jpg"],[1,"1216741542_725846_2834_1-512.jpg"],[1,"1216741542_875846_2835_1-512.jpg"],[1,"1216741543_020974_2836_1-512.jpg"],[1,"1216741543_170822_2837_1-512.jpg"],[1,"1216741543_315848_2838_1-512.jpg"],[2,"1216745423_126037_11571_1-512.jpg"],[1,"1216745423_126037_11571_1-512.jpg"]],"design_ml":"undesigned","images":[]}
