{"MATERIAL":"concrete","AVG_SLOPE":9.17836629324,"AVG_HEIGHT":5.70736793639,"TERAIN_SLP":3.28372518529,"AREA":47.1235767136,"VOLUME":269,"FLOORS":2,"INT_ZONE":null,"FLOOD":1,"LANDSLIDE":"Amenaza Media","LEGAL_ID":"358","LEGAL_NAME":"EL PARAISO","LEGAL_AREA":26.04,"LEGAL_LOTS":2077,"LEGAL_POP":11215.8,"LEGAL_DENS":79.76190476,"LEGALIZING":null,"BLOCK_ID_":"002565044","BLOCK_POP":127,"BLOCK_BLD":32,"BLOCK_RISK":7.6921449,"BLOCK_EDU":0.58065569,"BLOCK_HLTH":18.95145,"BLOCK_TRAN":94.085655,"BLOCK_CULT":0,"BLOCK_PARK":50.758739,"BLOCK_SEC":100,"BLOCK_CENT":0,"BLOCK_DEF":34.375,"BLD_INHAB":4,"OBJECTID":2,"AO_225":0.2,"id":2618,"preds_material":[[5,"1216741387_496670_2335_1-512.jpg"],[2,"1216741387_496670_2335_3-512.jpg"],[5,"1216741387_766635_2336_1-512.jpg"],[5,"1216741387_766635_2336_1-512.jpg"],[2,"1216741387_766635_2336_3-512.jpg"],[5,"1216741387_766635_2336_3-512.jpg"],[5,"1216741388_026809_2337_1-512.jpg"],[5,"1216741388_026809_2337_1-512.jpg"],[2,"1216741388_026809_2337_3-512.jpg"],[5,"1216741388_026809_2337_3-512.jpg"],[5,"1216741388_281651_2338_1-512.jpg"],[2,"1216741388_281651_2338_3-512.jpg"],[5,"1216741388_281651_2338_3-512.jpg"],[5,"1216741388_531656_2339_1-512.jpg"],[2,"1216741388_531656_2339_3-512.jpg"],[5,"1216741388_531656_2339_3-512.jpg"],[5,"1216741388_776676_2340_1-512.jpg"],[5,"1216741388_776676_2340_1-512.jpg"],[2,"1216741388_776676_2340_3-512.jpg"],[5,"1216741388_776676_2340_3-512.jpg"],[5,"1216741389_016669_2341_1-512.jpg"],[2,"1216741389_016669_2341_3-512.jpg"],[5,"1216741389_256663_2342_1-512.jpg"]],"material_ml":"painted","preds_construction":[[2,"1216741387_496670_2335_1-512.jpg"],[2,"1216741387_496670_2335_3-512.jpg"],[2,"1216741387_766635_2336_1-512.jpg"],[2,"1216741387_766635_2336_1-512.jpg"],[2,"1216741387_766635_2336_3-512.jpg"],[2,"1216741387_766635_2336_3-512.jpg"],[2,"1216741388_026809_2337_1-512.jpg"],[2,"1216741388_026809_2337_1-512.jpg"],[2,"1216741388_026809_2337_3-512.jpg"],[2,"1216741388_026809_2337_3-512.jpg"],[2,"1216741388_281651_2338_1-512.jpg"],[2,"1216741388_281651_2338_3-512.jpg"],[2,"1216741388_281651_2338_3-512.jpg"],[2,"1216741388_531656_2339_1-512.jpg"],[2,"1216741388_531656_2339_3-512.jpg"],[2,"1216741388_531656_2339_3-512.jpg"],[2,"1216741388_531656_2339_3-512.jpg"],[2,"1216741388_776676_2340_1-512.jpg"],[2,"1216741388_776676_2340_1-512.jpg"],[2,"1216741388_776676_2340_3-512.jpg"],[2,"1216741388_776676_2340_3-512.jpg"],[2,"1216741389_016669_2341_1-512.jpg"],[2,"1216741389_016669_2341_3-512.jpg"],[2,"1216741389_256663_2342_1-512.jpg"]],"construction_ml":"complete","preds_design":[[2,"1216741387_496670_2335_1-512.jpg"],[1,"1216741387_496670_2335_3-512.jpg"],[2,"1216741387_496670_2335_3-512.jpg"],[2,"1216741387_766635_2336_1-512.jpg"],[2,"1216741387_766635_2336_1-512.jpg"],[1,"1216741387_766635_2336_3-512.jpg"],[1,"1216741387_766635_2336_3-512.jpg"],[2,"1216741388_026809_2337_1-512.jpg"],[2,"1216741388_026809_2337_1-512.jpg"],[1,"1216741388_026809_2337_3-512.jpg"],[1,"1216741388_026809_2337_3-512.jpg"],[2,"1216741388_281651_2338_1-512.jpg"],[1,"1216741388_281651_2338_3-512.jpg"],[1,"1216741388_281651_2338_3-512.jpg"],[2,"1216741388_531656_2339_1-512.jpg"],[1,"1216741388_531656_2339_3-512.jpg"],[2,"1216741388_531656_2339_3-512.jpg"],[2,"1216741388_776676_2340_1-512.jpg"],[2,"1216741388_776676_2340_1-512.jpg"],[1,"1216741388_776676_2340_3-512.jpg"],[2,"1216741388_776676_2340_3-512.jpg"],[2,"1216741389_016669_2341_1-512.jpg"],[1,"1216741389_016669_2341_3-512.jpg"],[2,"1216741389_256663_2342_1-512.jpg"]],"design_ml":"designed","images":[]}
