{"MATERIAL":"corrugated metal/heavily patched","AVG_SLOPE":12.5644071995,"AVG_HEIGHT":3.02407501965,"TERAIN_SLP":16.7079726132,"AREA":54.7783977951,"VOLUME":166,"FLOORS":2,"INT_ZONE":"Borde Rural","FLOOD":1,"LANDSLIDE":"Amenaza Media","LEGAL_ID":"358","LEGAL_NAME":"EL PARAISO","LEGAL_AREA":26.04,"LEGAL_LOTS":2077,"LEGAL_POP":11215.8,"LEGAL_DENS":79.76190476,"LEGALIZING":null,"BLOCK_ID_":"002565006","BLOCK_POP":190,"BLOCK_BLD":48,"BLOCK_RISK":24.79384,"BLOCK_EDU":0,"BLOCK_HLTH":10.726727,"BLOCK_TRAN":56.566322,"BLOCK_CULT":0,"BLOCK_PARK":1.2882968,"BLOCK_SEC":100,"BLOCK_CENT":0,"BLOCK_DEF":31.25,"BLD_INHAB":4,"OBJECTID":2,"AO_225":0.2,"id":262,"preds_material":[[5,"1216744692_979578_10181_3-512.jpg"],[5,"1216744693_329593_10182_3-512.jpg"],[5,"1216744693_659606_10183_3-512.jpg"],[5,"1216744693_984491_10184_3-512.jpg"],[5,"1216744694_304530_10185_3-512.jpg"],[5,"1216744694_654496_10186_3-512.jpg"],[5,"1216744694_954533_10187_3-512.jpg"],[5,"1216744695_274519_10188_3-512.jpg"],[5,"1216744695_644450_10189_3-512.jpg"],[1,"1216744695_644450_10189_3-512.jpg"],[5,"1216744696_034830_10190_3-512.jpg"],[5,"1216744696_034830_10190_3-512.jpg"],[5,"1216744696_454978_10191_3-512.jpg"],[5,"1216744862_173579_10540_1-512.jpg"],[5,"1216744869_123607_10541_1-512.jpg"]],"material_ml":"painted","preds_construction":[[2,"1216744693_329593_10182_3-512.jpg"],[2,"1216744693_659606_10183_3-512.jpg"],[2,"1216744693_984491_10184_3-512.jpg"],[2,"1216744694_304530_10185_3-512.jpg"],[2,"1216744694_654496_10186_3-512.jpg"],[2,"1216744694_954533_10187_3-512.jpg"],[2,"1216744695_274519_10188_3-512.jpg"],[2,"1216744695_644450_10189_3-512.jpg"],[2,"1216744696_034830_10190_3-512.jpg"],[2,"1216744696_034830_10190_3-512.jpg"],[2,"1216744696_454978_10191_3-512.jpg"],[2,"1216744862_173579_10540_1-512.jpg"],[2,"1216744869_123607_10541_1-512.jpg"]],"construction_ml":"complete","preds_design":[[1,"1216744693_329593_10182_3-512.jpg"],[1,"1216744693_659606_10183_3-512.jpg"],[1,"1216744694_654496_10186_3-512.jpg"],[1,"1216744694_954533_10187_3-512.jpg"],[1,"1216744695_274519_10188_3-512.jpg"],[2,"1216744695_274519_10188_3-512.jpg"],[1,"1216744695_644450_10189_3-512.jpg"],[2,"1216744695_644450_10189_3-512.jpg"],[2,"1216744696_034830_10190_3-512.jpg"],[1,"1216744696_034830_10190_3-512.jpg"],[1,"1216744696_034830_10190_3-512.jpg"],[2,"1216744696_454978_10191_3-512.jpg"],[2,"1216744862_173579_10540_1-512.jpg"],[2,"1216744869_123607_10541_1-512.jpg"]],"design_ml":"undesigned","images":[]}
