{"MATERIAL":"corrugated metal/heavily patched","AVG_SLOPE":9.64789406705,"AVG_HEIGHT":7.51504596418,"TERAIN_SLP":2.60616777092,"AREA":56.4324745348,"VOLUME":424,"FLOORS":2,"INT_ZONE":null,"FLOOD":1,"LANDSLIDE":"Amenaza Baja","LEGAL_ID":"358","LEGAL_NAME":"EL PARAISO","LEGAL_AREA":26.04,"LEGAL_LOTS":2077,"LEGAL_POP":11215.8,"LEGAL_DENS":79.76190476,"LEGALIZING":null,"BLOCK_ID_":"002565044","BLOCK_POP":127,"BLOCK_BLD":32,"BLOCK_RISK":7.6921449,"BLOCK_EDU":0.58065569,"BLOCK_HLTH":18.95145,"BLOCK_TRAN":94.085655,"BLOCK_CULT":0,"BLOCK_PARK":50.758739,"BLOCK_SEC":100,"BLOCK_CENT":0,"BLOCK_DEF":34.375,"BLD_INHAB":4,"OBJECTID":2,"AO_225":0.2,"id":2622,"preds_material":[[2,"1216741384_601671_2324_1-512.jpg"],[5,"1216741384_816672_2325_1-512.jpg"],[2,"1216741384_816672_2325_1-512.jpg"],[5,"1216741384_816672_2325_3-512.jpg"],[1,"1216741384_816672_2325_3-512.jpg"],[5,"1216741384_816672_2325_3-512.jpg"],[2,"1216741385_036884_2326_1-512.jpg"],[5,"1216741385_036884_2326_1-512.jpg"],[1,"1216741385_036884_2326_3-512.jpg"],[5,"1216741385_036884_2326_3-512.jpg"],[2,"1216741385_266676_2327_1-512.jpg"],[1,"1216741385_266676_2327_3-512.jpg"],[5,"1216741385_266676_2327_3-512.jpg"],[5,"1216741385_266676_2327_3-512.jpg"],[5,"1216741385_266676_2327_3-512.jpg"],[2,"1216741385_506641_2328_1-512.jpg"],[5,"1216741385_506641_2328_3-512.jpg"],[1,"1216741385_506641_2328_3-512.jpg"],[5,"1216741385_506641_2328_3-512.jpg"],[2,"1216741385_761724_2329_1-512.jpg"],[5,"1216741385_761724_2329_1-512.jpg"],[5,"1216741385_761724_2329_3-512.jpg"],[1,"1216741385_761724_2329_3-512.jpg"],[2,"1216741386_041872_2330_1-512.jpg"]],"material_ml":"painted","preds_construction":[[2,"1216741384_601671_2324_1-512.jpg"],[2,"1216741384_816672_2325_1-512.jpg"],[2,"1216741384_816672_2325_1-512.jpg"],[2,"1216741384_816672_2325_3-512.jpg"],[2,"1216741384_816672_2325_3-512.jpg"],[2,"1216741385_036884_2326_1-512.jpg"],[2,"1216741385_036884_2326_1-512.jpg"],[2,"1216741385_036884_2326_3-512.jpg"],[2,"1216741385_266676_2327_1-512.jpg"],[2,"1216741385_266676_2327_3-512.jpg"],[2,"1216741385_266676_2327_3-512.jpg"],[2,"1216741385_506641_2328_1-512.jpg"],[2,"1216741385_506641_2328_3-512.jpg"],[2,"1216741385_506641_2328_3-512.jpg"],[2,"1216741385_761724_2329_1-512.jpg"],[2,"1216741385_761724_2329_1-512.jpg"],[2,"1216741385_761724_2329_3-512.jpg"],[2,"1216741385_761724_2329_3-512.jpg"],[2,"1216741386_041872_2330_1-512.jpg"]],"construction_ml":"complete","preds_design":[[2,"1216741384_601671_2324_1-512.jpg"],[2,"1216741384_816672_2325_1-512.jpg"],[1,"1216741384_816672_2325_1-512.jpg"],[2,"1216741384_816672_2325_3-512.jpg"],[2,"1216741384_816672_2325_3-512.jpg"],[2,"1216741385_036884_2326_1-512.jpg"],[1,"1216741385_036884_2326_1-512.jpg"],[2,"1216741385_036884_2326_3-512.jpg"],[2,"1216741385_266676_2327_1-512.jpg"],[2,"1216741385_266676_2327_3-512.jpg"],[1,"1216741385_266676_2327_3-512.jpg"],[2,"1216741385_266676_2327_3-512.jpg"],[2,"1216741385_506641_2328_1-512.jpg"],[2,"1216741385_506641_2328_3-512.jpg"],[1,"1216741385_506641_2328_3-512.jpg"],[2,"1216741385_761724_2329_1-512.jpg"],[2,"1216741385_761724_2329_1-512.jpg"],[2,"1216741385_761724_2329_3-512.jpg"],[1,"1216741385_761724_2329_3-512.jpg"],[2,"1216741386_041872_2330_1-512.jpg"]],"design_ml":"designed","images":[]}
