{"MATERIAL":"corrugated metal","AVG_SLOPE":5.45446860685,"AVG_HEIGHT":4.81957960983,"TERAIN_SLP":4.95069599044,"AREA":58.0780250092,"VOLUME":280,"FLOORS":2,"INT_ZONE":"Borde Rural","FLOOD":1,"LANDSLIDE":"Amenaza Media","LEGAL_ID":"311","LEGAL_NAME":"EL MIRADOR","LEGAL_AREA":11.06,"LEGAL_LOTS":989,"LEGAL_POP":5340.6,"LEGAL_DENS":89.42,"LEGALIZING":null,"BLOCK_ID_":"002570077","BLOCK_POP":18,"BLOCK_BLD":6,"BLOCK_RISK":2.622926,"BLOCK_EDU":0,"BLOCK_HLTH":12.969524,"BLOCK_TRAN":99.375076,"BLOCK_CULT":0,"BLOCK_PARK":21.169771,"BLOCK_SEC":100,"BLOCK_CENT":0,"BLOCK_DEF":16.6666666667,"BLD_INHAB":3,"OBJECTID":2,"AO_225":0.2,"id":2625,"preds_material":[[5,"1216741719_050036_3517_3-512.jpg"],[5,"1216741719_214811_3518_3-512.jpg"],[5,"1216741719_214811_3518_3-512.jpg"],[1,"1216741719_214811_3518_3-512.jpg"],[5,"1216741719_379874_3519_3-512.jpg"],[1,"1216741719_379874_3519_3-512.jpg"],[5,"1216741719_549886_3520_3-512.jpg"],[1,"1216741719_549886_3520_3-512.jpg"],[5,"1216741719_549886_3520_3-512.jpg"],[5,"1216741719_724812_3521_3-512.jpg"],[1,"1216741719_724812_3521_3-512.jpg"],[5,"1216741719_724812_3521_3-512.jpg"],[5,"1216741719_899867_3522_3-512.jpg"],[5,"1216741719_899867_3522_3-512.jpg"],[1,"1216741719_899867_3522_3-512.jpg"],[5,"1216741720_074815_3523_3-512.jpg"],[5,"1216741720_074815_3523_3-512.jpg"]],"material_ml":"painted","preds_construction":[[2,"1216741719_050036_3517_3-512.jpg"],[2,"1216741719_214811_3518_3-512.jpg"],[2,"1216741719_379874_3519_3-512.jpg"],[2,"1216741719_549886_3520_3-512.jpg"],[2,"1216741719_549886_3520_3-512.jpg"],[2,"1216741719_724812_3521_3-512.jpg"],[2,"1216741719_724812_3521_3-512.jpg"],[2,"1216741719_899867_3522_3-512.jpg"],[2,"1216741719_899867_3522_3-512.jpg"],[2,"1216741720_074815_3523_3-512.jpg"],[2,"1216741720_074815_3523_3-512.jpg"]],"construction_ml":"complete","preds_design":[[2,"1216741718_884829_3516_3-512.jpg"],[2,"1216741719_050036_3517_3-512.jpg"],[2,"1216741719_214811_3518_3-512.jpg"],[2,"1216741719_379874_3519_3-512.jpg"],[2,"1216741719_549886_3520_3-512.jpg"],[1,"1216741719_549886_3520_3-512.jpg"],[2,"1216741719_724812_3521_3-512.jpg"],[1,"1216741719_724812_3521_3-512.jpg"],[2,"1216741719_899867_3522_3-512.jpg"],[1,"1216741719_899867_3522_3-512.jpg"],[2,"1216741720_074815_3523_3-512.jpg"],[1,"1216741720_074815_3523_3-512.jpg"]],"design_ml":"designed","images":[]}
