{"MATERIAL":"corrugated metal","AVG_SLOPE":6.69009302688,"AVG_HEIGHT":3.15153799218,"TERAIN_SLP":3.15134194574,"AREA":69.8995729088,"VOLUME":220,"FLOORS":2,"INT_ZONE":"Borde Rural","FLOOD":1,"LANDSLIDE":"Amenaza Media","LEGAL_ID":"311","LEGAL_NAME":"EL MIRADOR","LEGAL_AREA":11.06,"LEGAL_LOTS":989,"LEGAL_POP":5340.6,"LEGAL_DENS":89.42,"LEGALIZING":null,"BLOCK_ID_":"002570077","BLOCK_POP":18,"BLOCK_BLD":6,"BLOCK_RISK":2.622926,"BLOCK_EDU":0,"BLOCK_HLTH":12.969524,"BLOCK_TRAN":99.375076,"BLOCK_CULT":0,"BLOCK_PARK":21.169771,"BLOCK_SEC":100,"BLOCK_CENT":0,"BLOCK_DEF":16.6666666667,"BLD_INHAB":3,"OBJECTID":2,"AO_225":0.2,"id":2627,"preds_material":[[5,"1216741721_040014_3528_3-512.jpg"],[5,"1216741721_264817_3529_3-512.jpg"],[5,"1216741721_479878_3530_3-512.jpg"],[5,"1216741721_479878_3530_3-512.jpg"],[5,"1216741721_699905_3531_3-512.jpg"],[5,"1216741721_699905_3531_3-512.jpg"],[5,"1216741721_944792_3532_3-512.jpg"],[5,"1216741721_944792_3532_3-512.jpg"],[5,"1216741722_184789_3533_3-512.jpg"],[5,"1216741722_184789_3533_3-512.jpg"],[5,"1216741722_424796_3534_3-512.jpg"],[5,"1216741722_424796_3534_3-512.jpg"],[5,"1216741722_689872_3535_3-512.jpg"],[5,"1216741722_689872_3535_3-512.jpg"],[5,"1216741722_959877_3536_3-512.jpg"],[5,"1216741723_224983_3537_3-512.jpg"],[5,"1216741723_479854_3538_3-512.jpg"],[5,"1216741723_744772_3539_3-512.jpg"],[5,"1216741723_989937_3540_3-512.jpg"],[5,"1216741724_244933_3541_3-512.jpg"],[5,"1216741724_484802_3542_3-512.jpg"],[5,"1216741724_714845_3543_3-512.jpg"],[5,"1216743870_588490_8626_1-512.jpg"]],"material_ml":"painted","preds_construction":[[2,"1216741721_040014_3528_3-512.jpg"],[2,"1216741721_264817_3529_3-512.jpg"],[2,"1216741721_264817_3529_3-512.jpg"],[2,"1216741721_479878_3530_3-512.jpg"],[2,"1216741721_479878_3530_3-512.jpg"],[2,"1216741721_699905_3531_3-512.jpg"],[2,"1216741721_699905_3531_3-512.jpg"],[2,"1216741721_944792_3532_3-512.jpg"],[2,"1216741721_944792_3532_3-512.jpg"],[2,"1216741722_184789_3533_3-512.jpg"],[2,"1216741722_184789_3533_3-512.jpg"],[2,"1216741722_424796_3534_3-512.jpg"],[2,"1216741722_424796_3534_3-512.jpg"],[2,"1216741722_689872_3535_3-512.jpg"],[2,"1216741722_959877_3536_3-512.jpg"],[2,"1216741723_224983_3537_3-512.jpg"],[2,"1216741723_479854_3538_3-512.jpg"],[2,"1216741723_744772_3539_3-512.jpg"],[2,"1216741723_989937_3540_3-512.jpg"],[2,"1216741724_244933_3541_3-512.jpg"],[2,"1216741724_484802_3542_3-512.jpg"],[2,"1216741724_714845_3543_3-512.jpg"],[2,"1216741724_939866_3544_3-512.jpg"]],"construction_ml":"complete","preds_design":[[1,"1216741721_040014_3528_3-512.jpg"],[1,"1216741721_264817_3529_3-512.jpg"],[1,"1216741721_479878_3530_3-512.jpg"],[1,"1216741721_479878_3530_3-512.jpg"],[2,"1216741721_479878_3530_3-512.jpg"],[1,"1216741721_699905_3531_3-512.jpg"],[1,"1216741721_699905_3531_3-512.jpg"],[1,"1216741721_944792_3532_3-512.jpg"],[1,"1216741721_944792_3532_3-512.jpg"],[1,"1216741722_184789_3533_3-512.jpg"],[1,"1216741722_184789_3533_3-512.jpg"],[1,"1216741722_424796_3534_3-512.jpg"],[1,"1216741722_424796_3534_3-512.jpg"],[1,"1216741722_689872_3535_3-512.jpg"],[1,"1216741722_689872_3535_3-512.jpg"],[1,"1216741722_959877_3536_3-512.jpg"],[1,"1216741723_224983_3537_3-512.jpg"],[1,"1216741723_479854_3538_3-512.jpg"],[1,"1216741723_744772_3539_3-512.jpg"],[1,"1216741723_989937_3540_3-512.jpg"],[1,"1216741724_244933_3541_3-512.jpg"],[1,"1216741724_714845_3543_3-512.jpg"],[1,"1216741724_939866_3544_3-512.jpg"]],"design_ml":"undesigned","images":[]}
