{"MATERIAL":"corrugated metal/heavily patched","AVG_SLOPE":4.67674515877,"AVG_HEIGHT":0.80760251712,"TERAIN_SLP":22.0083865458,"AREA":65.8457258374,"VOLUME":53,"FLOORS":1,"INT_ZONE":"Borde Rural","FLOOD":1,"LANDSLIDE":"Amenaza Baja","LEGAL_ID":"358","LEGAL_NAME":"EL PARAISO","LEGAL_AREA":26.04,"LEGAL_LOTS":2077,"LEGAL_POP":11215.8,"LEGAL_DENS":79.76190476,"LEGALIZING":null,"BLOCK_ID_":"002565005","BLOCK_POP":176,"BLOCK_BLD":41,"BLOCK_RISK":33.237366,"BLOCK_EDU":0,"BLOCK_HLTH":10.076873,"BLOCK_TRAN":62.137344,"BLOCK_CULT":0,"BLOCK_PARK":0,"BLOCK_SEC":100,"BLOCK_CENT":0,"BLOCK_DEF":48.7804878049,"BLD_INHAB":4,"OBJECTID":2,"AO_225":0.2,"id":263,"preds_material":[[5,"1216744701_969515_10208_3-512.jpg"],[5,"1216744702_204626_10209_3-512.jpg"],[5,"1216744702_524624_10210_3-512.jpg"],[5,"1216744702_824401_10211_3-512.jpg"],[5,"1216744703_134626_10212_3-512.jpg"],[5,"1216744703_134626_10212_3-512.jpg"],[3,"1216744703_134626_10212_3-512.jpg"],[5,"1216744703_434387_10213_3-512.jpg"],[5,"1216744703_734393_10214_3-512.jpg"],[5,"1216744704_024550_10215_3-512.jpg"],[3,"1216744704_024550_10215_3-512.jpg"],[5,"1216744704_274440_10216_3-512.jpg"],[5,"1216744704_534470_10217_3-512.jpg"],[5,"1216744704_789443_10218_3-512.jpg"],[5,"1216744705_064504_10219_3-512.jpg"]],"material_ml":"painted","preds_construction":[[2,"1216744701_969515_10208_3-512.jpg"],[2,"1216744702_204626_10209_3-512.jpg"],[2,"1216744702_524624_10210_3-512.jpg"],[2,"1216744702_824401_10211_3-512.jpg"],[2,"1216744703_134626_10212_3-512.jpg"],[2,"1216744703_134626_10212_3-512.jpg"],[2,"1216744703_734393_10214_3-512.jpg"],[2,"1216744704_274440_10216_3-512.jpg"],[2,"1216744704_534470_10217_3-512.jpg"],[2,"1216744704_789443_10218_3-512.jpg"],[2,"1216744705_064504_10219_3-512.jpg"]],"construction_ml":"complete","preds_design":[[1,"1216744701_969515_10208_3-512.jpg"],[1,"1216744702_204626_10209_3-512.jpg"],[1,"1216744702_524624_10210_3-512.jpg"],[2,"1216744702_524624_10210_3-512.jpg"],[1,"1216744703_134626_10212_3-512.jpg"],[1,"1216744703_134626_10212_3-512.jpg"],[1,"1216744703_434387_10213_3-512.jpg"],[2,"1216744703_434387_10213_3-512.jpg"],[1,"1216744703_734393_10214_3-512.jpg"],[1,"1216744704_024550_10215_3-512.jpg"],[1,"1216744704_274440_10216_3-512.jpg"],[1,"1216744704_534470_10217_3-512.jpg"],[1,"1216744704_789443_10218_3-512.jpg"],[2,"1216744705_064504_10219_3-512.jpg"],[1,"1216744705_064504_10219_3-512.jpg"]],"design_ml":"undesigned","images":[]}
