{"MATERIAL":"corrugated metal","AVG_SLOPE":7.04121529751,"AVG_HEIGHT":6.51828461054,"TERAIN_SLP":10.3474621768,"AREA":68.8379329131,"VOLUME":449,"FLOORS":2,"INT_ZONE":"Borde Rural","FLOOD":1,"LANDSLIDE":"Amenaza Media","LEGAL_ID":"311","LEGAL_NAME":"EL MIRADOR","LEGAL_AREA":11.06,"LEGAL_LOTS":989,"LEGAL_POP":5340.6,"LEGAL_DENS":89.42,"LEGALIZING":null,"BLOCK_ID_":"002570079","BLOCK_POP":89,"BLOCK_BLD":20,"BLOCK_RISK":7.601059,"BLOCK_EDU":0,"BLOCK_HLTH":11.014891,"BLOCK_TRAN":99.89257,"BLOCK_CULT":0,"BLOCK_PARK":78.42543,"BLOCK_SEC":100,"BLOCK_CENT":0,"BLOCK_DEF":30,"BLD_INHAB":4,"OBJECTID":1,"AO_225":0.16,"id":2631,"preds_material":[[5,"1216741722_424796_3534_1-512.jpg"],[5,"1216741722_689872_3535_1-512.jpg"],[5,"1216741722_959877_3536_1-512.jpg"],[5,"1216741723_224983_3537_1-512.jpg"],[5,"1216741723_479854_3538_1-512.jpg"],[5,"1216741723_744772_3539_1-512.jpg"],[5,"1216741723_989937_3540_1-512.jpg"],[5,"1216741724_244933_3541_1-512.jpg"],[5,"1216741724_484802_3542_1-512.jpg"],[5,"1216741724_714845_3543_1-512.jpg"],[5,"1216741724_939866_3544_1-512.jpg"],[5,"1216741725_159846_3545_1-512.jpg"],[5,"1216741725_370128_3546_1-512.jpg"]],"material_ml":"painted","preds_construction":[[2,"1216741722_959877_3536_1-512.jpg"],[2,"1216741723_224983_3537_1-512.jpg"],[2,"1216741723_479854_3538_1-512.jpg"],[2,"1216741723_744772_3539_1-512.jpg"],[2,"1216741723_989937_3540_1-512.jpg"],[2,"1216741724_244933_3541_1-512.jpg"],[2,"1216741724_484802_3542_1-512.jpg"],[2,"1216741724_714845_3543_1-512.jpg"],[2,"1216741724_939866_3544_1-512.jpg"],[2,"1216741725_159846_3545_1-512.jpg"],[2,"1216741725_370128_3546_1-512.jpg"],[2,"1216741725_579834_3547_1-512.jpg"]],"construction_ml":"complete","preds_design":[[2,"1216741722_959877_3536_1-512.jpg"],[2,"1216741723_224983_3537_1-512.jpg"],[2,"1216741723_479854_3538_1-512.jpg"],[2,"1216741723_744772_3539_1-512.jpg"],[2,"1216741723_989937_3540_1-512.jpg"],[2,"1216741724_244933_3541_1-512.jpg"],[2,"1216741724_484802_3542_1-512.jpg"],[2,"1216741724_714845_3543_1-512.jpg"],[2,"1216741724_939866_3544_1-512.jpg"],[2,"1216741725_159846_3545_1-512.jpg"],[2,"1216741725_370128_3546_1-512.jpg"]],"design_ml":"designed","images":[]}
