{"MATERIAL":"corrugated metal","AVG_SLOPE":7.58965374414,"AVG_HEIGHT":1.40647761797,"TERAIN_SLP":29.1209342687,"AREA":63.5385183401,"VOLUME":89,"FLOORS":1,"INT_ZONE":"Borde Rural","FLOOD":1,"LANDSLIDE":"Amenaza Media","LEGAL_ID":"311","LEGAL_NAME":"EL MIRADOR","LEGAL_AREA":11.06,"LEGAL_LOTS":989,"LEGAL_POP":5340.6,"LEGAL_DENS":89.42,"LEGALIZING":null,"BLOCK_ID_":"002570075","BLOCK_POP":119,"BLOCK_BLD":34,"BLOCK_RISK":4.3605032,"BLOCK_EDU":0,"BLOCK_HLTH":9.8029184,"BLOCK_TRAN":99.986626,"BLOCK_CULT":0,"BLOCK_PARK":92.129585,"BLOCK_SEC":100,"BLOCK_CENT":0,"BLOCK_DEF":32.3529411765,"BLD_INHAB":4,"OBJECTID":1,"AO_225":0.16,"id":2633,"preds_material":[[5,"1216741992_353398_3740_3-512.jpg"],[5,"1216741992_608396_3741_3-512.jpg"],[5,"1216741992_868389_3742_3-512.jpg"],[5,"1216741993_133353_3743_3-512.jpg"],[5,"1216741993_413350_3744_3-512.jpg"],[5,"1216741993_413350_3744_3-512.jpg"],[5,"1216741993_708369_3745_3-512.jpg"],[5,"1216741993_708369_3745_3-512.jpg"],[5,"1216741994_028537_3746_3-512.jpg"],[5,"1216741994_028537_3746_3-512.jpg"],[5,"1216741994_378393_3747_3-512.jpg"],[5,"1216741994_378393_3747_3-512.jpg"]],"material_ml":"painted","preds_construction":[[2,"1216741992_108389_3739_3-512.jpg"],[2,"1216741992_353398_3740_3-512.jpg"],[2,"1216741992_608396_3741_3-512.jpg"],[2,"1216741992_868389_3742_3-512.jpg"],[2,"1216741993_133353_3743_3-512.jpg"],[2,"1216741993_133353_3743_3-512.jpg"],[2,"1216741993_413350_3744_3-512.jpg"],[2,"1216741993_413350_3744_3-512.jpg"],[1,"1216741993_413350_3744_3-512.jpg"],[2,"1216741993_708369_3745_3-512.jpg"],[2,"1216741993_708369_3745_3-512.jpg"],[2,"1216741994_028537_3746_3-512.jpg"],[2,"1216741994_028537_3746_3-512.jpg"],[2,"1216741994_378393_3747_3-512.jpg"],[2,"1216741994_378393_3747_3-512.jpg"]],"construction_ml":"complete","preds_design":[[2,"1216741992_608396_3741_3-512.jpg"],[2,"1216741992_868389_3742_3-512.jpg"],[2,"1216741993_133353_3743_3-512.jpg"],[2,"1216741993_413350_3744_3-512.jpg"],[2,"1216741993_413350_3744_3-512.jpg"],[2,"1216741993_708369_3745_3-512.jpg"],[2,"1216741993_708369_3745_3-512.jpg"],[2,"1216741994_028537_3746_3-512.jpg"],[2,"1216741994_028537_3746_3-512.jpg"],[2,"1216741994_378393_3747_3-512.jpg"],[2,"1216741994_378393_3747_3-512.jpg"]],"design_ml":"designed","images":[]}
