{"MATERIAL":"corrugated metal","AVG_SLOPE":7.62409909631,"AVG_HEIGHT":8.88415487411,"TERAIN_SLP":8.93805597073,"AREA":66.0738803529,"VOLUME":587,"FLOORS":3,"INT_ZONE":"Borde Rural","FLOOD":1,"LANDSLIDE":"Amenaza Media","LEGAL_ID":"311","LEGAL_NAME":"EL MIRADOR","LEGAL_AREA":11.06,"LEGAL_LOTS":989,"LEGAL_POP":5340.6,"LEGAL_DENS":89.42,"LEGALIZING":null,"BLOCK_ID_":"002570075","BLOCK_POP":119,"BLOCK_BLD":34,"BLOCK_RISK":4.3605032,"BLOCK_EDU":0,"BLOCK_HLTH":9.8029184,"BLOCK_TRAN":99.986626,"BLOCK_CULT":0,"BLOCK_PARK":92.129585,"BLOCK_SEC":100,"BLOCK_CENT":0,"BLOCK_DEF":32.3529411765,"BLD_INHAB":4,"OBJECTID":1,"AO_225":0.16,"id":2637,"preds_material":[[5,"1216741864_129078_3651_3-512.jpg"],[5,"1216741864_449083_3652_3-512.jpg"],[5,"1216741864_749072_3653_3-512.jpg"],[5,"1216741865_049260_3654_3-512.jpg"],[5,"1216741865_339101_3655_3-512.jpg"],[5,"1216741865_614022_3656_3-512.jpg"],[5,"1216741865_889069_3657_3-512.jpg"],[5,"1216741865_889069_3657_3-512.jpg"],[5,"1216741866_219076_3658_3-512.jpg"],[1,"1216741866_219076_3658_3-512.jpg"],[5,"1216741866_219076_3658_3-512.jpg"],[5,"1216741866_619077_3659_3-512.jpg"],[1,"1216741866_619077_3659_3-512.jpg"],[5,"1216741866_619077_3659_3-512.jpg"],[5,"1216741867_149076_3660_3-512.jpg"],[1,"1216741867_149076_3660_3-512.jpg"],[5,"1216741867_149076_3660_3-512.jpg"],[1,"1216741867_784006_3661_3-512.jpg"],[5,"1216741867_784006_3661_3-512.jpg"],[5,"1216741867_784006_3661_3-512.jpg"],[1,"1216741868_614038_3662_3-512.jpg"],[5,"1216741868_614038_3662_3-512.jpg"],[5,"1216741868_614038_3662_3-512.jpg"],[1,"1216741869_799054_3663_3-512.jpg"],[5,"1216741869_799054_3663_3-512.jpg"],[5,"1216741869_799054_3663_3-512.jpg"],[5,"1216741871_233997_3664_3-512.jpg"],[5,"1216742557_810841_5425_3-512.jpg"]],"material_ml":"painted","preds_construction":[[2,"1216741864_129078_3651_3-512.jpg"],[2,"1216741864_449083_3652_3-512.jpg"],[2,"1216741864_749072_3653_3-512.jpg"],[2,"1216741865_049260_3654_3-512.jpg"],[2,"1216741865_339101_3655_3-512.jpg"],[2,"1216741865_614022_3656_3-512.jpg"],[2,"1216741865_889069_3657_3-512.jpg"],[2,"1216741865_889069_3657_3-512.jpg"],[1,"1216741865_889069_3657_3-512.jpg"],[2,"1216741866_219076_3658_3-512.jpg"],[2,"1216741866_219076_3658_3-512.jpg"],[1,"1216741866_219076_3658_3-512.jpg"],[2,"1216741866_619077_3659_3-512.jpg"],[1,"1216741866_619077_3659_3-512.jpg"],[2,"1216741866_619077_3659_3-512.jpg"],[2,"1216741867_149076_3660_3-512.jpg"],[1,"1216741867_149076_3660_3-512.jpg"],[2,"1216741867_149076_3660_3-512.jpg"],[2,"1216741867_784006_3661_3-512.jpg"],[2,"1216741867_784006_3661_3-512.jpg"],[1,"1216741867_784006_3661_3-512.jpg"],[2,"1216741868_614038_3662_3-512.jpg"],[1,"1216741868_614038_3662_3-512.jpg"],[2,"1216741868_614038_3662_3-512.jpg"],[1,"1216741869_799054_3663_3-512.jpg"],[2,"1216741869_799054_3663_3-512.jpg"],[2,"1216741869_799054_3663_3-512.jpg"],[2,"1216741871_233997_3664_3-512.jpg"],[2,"1216742557_810841_5425_3-512.jpg"]],"construction_ml":"complete","preds_design":[[2,"1216741864_129078_3651_3-512.jpg"],[2,"1216741864_449083_3652_3-512.jpg"],[2,"1216741864_749072_3653_3-512.jpg"],[2,"1216741865_049260_3654_3-512.jpg"],[2,"1216741865_339101_3655_3-512.jpg"],[2,"1216741865_614022_3656_3-512.jpg"],[2,"1216741865_889069_3657_3-512.jpg"],[2,"1216741865_889069_3657_3-512.jpg"],[2,"1216741866_219076_3658_3-512.jpg"],[2,"1216741866_219076_3658_3-512.jpg"],[2,"1216741866_619077_3659_3-512.jpg"],[2,"1216741866_619077_3659_3-512.jpg"],[2,"1216741867_149076_3660_3-512.jpg"],[2,"1216741867_149076_3660_3-512.jpg"],[2,"1216741867_784006_3661_3-512.jpg"],[2,"1216741867_784006_3661_3-512.jpg"],[2,"1216741868_614038_3662_3-512.jpg"],[2,"1216741868_614038_3662_3-512.jpg"],[2,"1216741869_799054_3663_3-512.jpg"],[2,"1216741869_799054_3663_3-512.jpg"],[2,"1216741871_233997_3664_3-512.jpg"],[2,"1216741871_233997_3664_3-512.jpg"],[2,"1216742557_810841_5425_3-512.jpg"]],"design_ml":"designed","images":[]}
