{"MATERIAL":"corrugated metal","AVG_SLOPE":5.0676654286,"AVG_HEIGHT":5.7780207319,"TERAIN_SLP":22.4558507496,"AREA":58.1220552368,"VOLUME":336,"FLOORS":2,"INT_ZONE":"Borde Rural","FLOOD":1,"LANDSLIDE":"Amenaza Media","LEGAL_ID":"311","LEGAL_NAME":"EL MIRADOR","LEGAL_AREA":11.06,"LEGAL_LOTS":989,"LEGAL_POP":5340.6,"LEGAL_DENS":89.42,"LEGALIZING":null,"BLOCK_ID_":"002570080","BLOCK_POP":63,"BLOCK_BLD":14,"BLOCK_RISK":13.728167,"BLOCK_EDU":0,"BLOCK_HLTH":9.8377628,"BLOCK_TRAN":99.989258,"BLOCK_CULT":0,"BLOCK_PARK":92.167747,"BLOCK_SEC":100,"BLOCK_CENT":0,"BLOCK_DEF":35.7142857143,"BLD_INHAB":4,"OBJECTID":1,"AO_225":0.16,"id":2640,"preds_material":[[5,"1216741790_384407_3584_1-512.jpg"],[5,"1216742425_151094_5110_3-512.jpg"],[5,"1216742425_371194_5111_3-512.jpg"],[5,"1216742425_581135_5112_3-512.jpg"],[5,"1216742425_791101_5113_3-512.jpg"],[5,"1216742426_001194_5114_3-512.jpg"],[5,"1216742426_211111_5115_3-512.jpg"],[5,"1216742426_421091_5116_3-512.jpg"],[5,"1216742426_636103_5117_3-512.jpg"]],"material_ml":"painted","preds_construction":[[2,"1216742425_151094_5110_3-512.jpg"],[2,"1216742425_371194_5111_3-512.jpg"],[2,"1216742425_581135_5112_3-512.jpg"],[2,"1216742425_791101_5113_3-512.jpg"],[2,"1216742426_001194_5114_3-512.jpg"]],"construction_ml":"complete","preds_design":[[1,"1216742425_151094_5110_3-512.jpg"],[1,"1216742425_371194_5111_3-512.jpg"],[1,"1216742425_581135_5112_3-512.jpg"],[1,"1216742425_791101_5113_3-512.jpg"],[2,"1216742426_001194_5114_3-512.jpg"]],"design_ml":"undesigned","images":[]}
