{"MATERIAL":"corrugated metal","AVG_SLOPE":7.83040515479,"AVG_HEIGHT":5.86561549625,"TERAIN_SLP":17.378802232,"AREA":72.816196375,"VOLUME":427,"FLOORS":2,"INT_ZONE":"Borde Rural","FLOOD":1,"LANDSLIDE":"Amenaza Media","LEGAL_ID":"311","LEGAL_NAME":"EL MIRADOR","LEGAL_AREA":11.06,"LEGAL_LOTS":989,"LEGAL_POP":5340.6,"LEGAL_DENS":89.42,"LEGALIZING":null,"BLOCK_ID_":"002570080","BLOCK_POP":63,"BLOCK_BLD":14,"BLOCK_RISK":13.728167,"BLOCK_EDU":0,"BLOCK_HLTH":9.8377628,"BLOCK_TRAN":99.989258,"BLOCK_CULT":0,"BLOCK_PARK":92.167747,"BLOCK_SEC":100,"BLOCK_CENT":0,"BLOCK_DEF":35.7142857143,"BLD_INHAB":4,"OBJECTID":1,"AO_225":0.16,"id":2641,"preds_material":[[5,"1216741666_355132_3328_1-512.jpg"],[5,"1216741666_355132_3328_1-512.jpg"],[5,"1216741666_595120_3329_1-512.jpg"],[5,"1216741666_840177_3330_1-512.jpg"],[5,"1216741666_840177_3330_1-512.jpg"],[5,"1216741667_090166_3331_1-512.jpg"],[5,"1216741667_090166_3331_1-512.jpg"],[5,"1216741667_350171_3332_1-512.jpg"],[5,"1216741667_350171_3332_1-512.jpg"],[5,"1216741667_615141_3333_1-512.jpg"],[5,"1216741667_615141_3333_1-512.jpg"],[5,"1216741667_890167_3334_1-512.jpg"],[5,"1216741667_890167_3334_1-512.jpg"],[5,"1216741668_180173_3335_1-512.jpg"],[5,"1216741668_485145_3336_1-512.jpg"],[5,"1216741668_775108_3337_1-512.jpg"],[5,"1216741854_404109_3623_1-512.jpg"],[1,"1216742428_955925_5131_3-512.jpg"]],"material_ml":"painted","preds_construction":[[2,"1216741666_120187_3327_1-512.jpg"],[2,"1216741666_355132_3328_1-512.jpg"],[2,"1216741666_355132_3328_1-512.jpg"],[2,"1216741666_595120_3329_1-512.jpg"],[2,"1216741666_840177_3330_1-512.jpg"],[2,"1216741666_840177_3330_1-512.jpg"],[2,"1216741667_090166_3331_1-512.jpg"],[2,"1216741667_090166_3331_1-512.jpg"],[2,"1216741667_350171_3332_1-512.jpg"],[2,"1216741667_350171_3332_1-512.jpg"],[2,"1216741667_615141_3333_1-512.jpg"],[2,"1216741667_615141_3333_1-512.jpg"],[2,"1216741667_890167_3334_1-512.jpg"],[2,"1216741667_890167_3334_1-512.jpg"],[2,"1216741668_180173_3335_1-512.jpg"],[2,"1216741668_485145_3336_1-512.jpg"],[2,"1216741668_775108_3337_1-512.jpg"]],"construction_ml":"complete","preds_design":[[2,"1216741666_120187_3327_1-512.jpg"],[2,"1216741666_355132_3328_1-512.jpg"],[2,"1216741666_355132_3328_1-512.jpg"],[2,"1216741666_595120_3329_1-512.jpg"],[2,"1216741666_840177_3330_1-512.jpg"],[2,"1216741666_840177_3330_1-512.jpg"],[2,"1216741667_090166_3331_1-512.jpg"],[2,"1216741667_090166_3331_1-512.jpg"],[1,"1216741667_090166_3331_1-512.jpg"],[2,"1216741667_350171_3332_1-512.jpg"],[2,"1216741667_350171_3332_1-512.jpg"],[1,"1216741667_350171_3332_1-512.jpg"],[2,"1216741667_615141_3333_1-512.jpg"],[2,"1216741667_615141_3333_1-512.jpg"],[2,"1216741667_890167_3334_1-512.jpg"],[2,"1216741667_890167_3334_1-512.jpg"],[2,"1216741668_180173_3335_1-512.jpg"],[2,"1216741668_485145_3336_1-512.jpg"],[2,"1216741668_775108_3337_1-512.jpg"]],"design_ml":"designed","images":[]}
