{"MATERIAL":"corrugated metal","AVG_SLOPE":6.25828428514,"AVG_HEIGHT":5.69742617157,"TERAIN_SLP":15.9991970506,"AREA":71.852035879,"VOLUME":409,"FLOORS":2,"INT_ZONE":"Borde Rural","FLOOD":1,"LANDSLIDE":"Amenaza Media","LEGAL_ID":"311","LEGAL_NAME":"EL MIRADOR","LEGAL_AREA":11.06,"LEGAL_LOTS":989,"LEGAL_POP":5340.6,"LEGAL_DENS":89.42,"LEGALIZING":null,"BLOCK_ID_":"002570080","BLOCK_POP":63,"BLOCK_BLD":14,"BLOCK_RISK":13.728167,"BLOCK_EDU":0,"BLOCK_HLTH":9.8377628,"BLOCK_TRAN":99.989258,"BLOCK_CULT":0,"BLOCK_PARK":92.167747,"BLOCK_SEC":100,"BLOCK_CENT":0,"BLOCK_DEF":35.7142857143,"BLD_INHAB":4,"OBJECTID":1,"AO_225":0.16,"id":2642,"preds_material":[[5,"1216741663_930160_3317_1-512.jpg"],[5,"1216741664_170155_3318_1-512.jpg"],[5,"1216741664_170155_3318_1-512.jpg"],[5,"1216741664_400209_3319_1-512.jpg"],[5,"1216741664_400209_3319_1-512.jpg"],[5,"1216741664_620187_3320_1-512.jpg"],[5,"1216741664_620187_3320_1-512.jpg"],[5,"1216741664_830205_3321_1-512.jpg"],[5,"1216741664_830205_3321_1-512.jpg"],[5,"1216741665_035330_3322_1-512.jpg"],[5,"1216741665_035330_3322_1-512.jpg"],[5,"1216741665_245143_3323_1-512.jpg"],[5,"1216741665_460194_3324_1-512.jpg"],[5,"1216741853_589132_3620_1-512.jpg"]],"material_ml":"painted","preds_construction":[[2,"1216741663_930160_3317_1-512.jpg"],[2,"1216741664_170155_3318_1-512.jpg"],[2,"1216741664_170155_3318_1-512.jpg"],[2,"1216741664_400209_3319_1-512.jpg"],[2,"1216741664_400209_3319_1-512.jpg"],[2,"1216741664_620187_3320_1-512.jpg"],[2,"1216741664_620187_3320_1-512.jpg"],[2,"1216741664_830205_3321_1-512.jpg"],[2,"1216741664_830205_3321_1-512.jpg"],[2,"1216741665_035330_3322_1-512.jpg"],[2,"1216741665_035330_3322_1-512.jpg"],[2,"1216741665_245143_3323_1-512.jpg"],[2,"1216741665_460194_3324_1-512.jpg"]],"construction_ml":"complete","preds_design":[[2,"1216741663_930160_3317_1-512.jpg"],[2,"1216741664_170155_3318_1-512.jpg"],[2,"1216741664_170155_3318_1-512.jpg"],[2,"1216741664_400209_3319_1-512.jpg"],[2,"1216741664_400209_3319_1-512.jpg"],[2,"1216741664_620187_3320_1-512.jpg"],[2,"1216741664_620187_3320_1-512.jpg"],[2,"1216741664_830205_3321_1-512.jpg"],[2,"1216741664_830205_3321_1-512.jpg"],[2,"1216741665_035330_3322_1-512.jpg"],[2,"1216741665_035330_3322_1-512.jpg"],[2,"1216741665_245143_3323_1-512.jpg"],[2,"1216741665_460194_3324_1-512.jpg"]],"design_ml":"designed","images":[]}
