{"MATERIAL":"corrugated metal","AVG_SLOPE":3.79996922039,"AVG_HEIGHT":4.04858258195,"TERAIN_SLP":22.3040605871,"AREA":64.1229104523,"VOLUME":260,"FLOORS":2,"INT_ZONE":"Borde Rural","FLOOD":1,"LANDSLIDE":"Amenaza Media","LEGAL_ID":"311","LEGAL_NAME":"EL MIRADOR","LEGAL_AREA":11.06,"LEGAL_LOTS":989,"LEGAL_POP":5340.6,"LEGAL_DENS":89.42,"LEGALIZING":null,"BLOCK_ID_":"002570080","BLOCK_POP":63,"BLOCK_BLD":14,"BLOCK_RISK":13.728167,"BLOCK_EDU":0,"BLOCK_HLTH":9.8377628,"BLOCK_TRAN":99.989258,"BLOCK_CULT":0,"BLOCK_PARK":92.167747,"BLOCK_SEC":100,"BLOCK_CENT":0,"BLOCK_DEF":35.7142857143,"BLD_INHAB":4,"OBJECTID":1,"AO_225":0.16,"id":2643,"preds_material":[[5,"1216741662_735146_3312_1-512.jpg"],[5,"1216741857_599110_3634_1-512.jpg"],[5,"1216741857_949120_3635_1-512.jpg"],[5,"1216741858_344093_3636_1-512.jpg"],[5,"1216741858_744112_3637_1-512.jpg"],[5,"1216741859_149113_3638_1-512.jpg"],[5,"1216741859_574079_3639_1-512.jpg"],[5,"1216741859_574079_3639_1-512.jpg"],[5,"1216741859_999094_3640_1-512.jpg"],[5,"1216741859_999094_3640_1-512.jpg"],[5,"1216741860_404049_3641_1-512.jpg"],[5,"1216741860_404049_3641_1-512.jpg"],[5,"1216741860_829107_3642_1-512.jpg"],[5,"1216741861_234075_3643_1-512.jpg"]],"material_ml":"painted","preds_construction":[[2,"1216741857_599110_3634_1-512.jpg"],[2,"1216741857_949120_3635_1-512.jpg"],[2,"1216741858_344093_3636_1-512.jpg"],[2,"1216741858_744112_3637_1-512.jpg"],[2,"1216741859_149113_3638_1-512.jpg"],[2,"1216741859_574079_3639_1-512.jpg"],[2,"1216741859_574079_3639_1-512.jpg"],[2,"1216741859_999094_3640_1-512.jpg"],[2,"1216741859_999094_3640_1-512.jpg"],[2,"1216741860_404049_3641_1-512.jpg"],[2,"1216741860_404049_3641_1-512.jpg"],[2,"1216741860_829107_3642_1-512.jpg"],[2,"1216741861_234075_3643_1-512.jpg"]],"construction_ml":"complete","preds_design":[[2,"1216741857_599110_3634_1-512.jpg"],[2,"1216741857_949120_3635_1-512.jpg"],[2,"1216741858_344093_3636_1-512.jpg"],[2,"1216741858_744112_3637_1-512.jpg"],[2,"1216741859_149113_3638_1-512.jpg"],[2,"1216741859_574079_3639_1-512.jpg"],[2,"1216741859_999094_3640_1-512.jpg"],[2,"1216741859_999094_3640_1-512.jpg"],[2,"1216741859_999094_3640_1-512.jpg"],[2,"1216741860_404049_3641_1-512.jpg"],[2,"1216741860_404049_3641_1-512.jpg"],[2,"1216741860_404049_3641_1-512.jpg"],[2,"1216741860_829107_3642_1-512.jpg"]],"design_ml":"designed","images":[]}
