{"MATERIAL":"corrugated metal","AVG_SLOPE":5.4360204191,"AVG_HEIGHT":2.48553078418,"TERAIN_SLP":31.6782453265,"AREA":57.9609523155,"VOLUME":144,"FLOORS":1,"INT_ZONE":"Borde Rural","FLOOD":1,"LANDSLIDE":"Amenaza Media","LEGAL_ID":"311","LEGAL_NAME":"EL MIRADOR","LEGAL_AREA":11.06,"LEGAL_LOTS":989,"LEGAL_POP":5340.6,"LEGAL_DENS":89.42,"LEGALIZING":null,"BLOCK_ID_":"002570075","BLOCK_POP":119,"BLOCK_BLD":34,"BLOCK_RISK":4.3605032,"BLOCK_EDU":0,"BLOCK_HLTH":9.8029184,"BLOCK_TRAN":99.986626,"BLOCK_CULT":0,"BLOCK_PARK":92.129585,"BLOCK_SEC":100,"BLOCK_CENT":0,"BLOCK_DEF":32.3529411765,"BLD_INHAB":4,"OBJECTID":1,"AO_225":0.16,"id":2644,"preds_material":[[5,"1216741854_674121_3624_3-512.jpg"],[5,"1216741854_939138_3625_3-512.jpg"],[5,"1216741855_209143_3626_3-512.jpg"],[5,"1216741855_209143_3626_3-512.jpg"],[5,"1216741855_479127_3627_3-512.jpg"],[5,"1216741855_759122_3628_3-512.jpg"],[5,"1216741856_049311_3629_3-512.jpg"],[5,"1216741856_324122_3630_3-512.jpg"],[5,"1216741856_619218_3631_3-512.jpg"]],"material_ml":"painted","preds_construction":[[2,"1216741854_674121_3624_3-512.jpg"],[2,"1216741854_939138_3625_3-512.jpg"],[2,"1216741855_209143_3626_3-512.jpg"],[2,"1216741855_209143_3626_3-512.jpg"],[2,"1216741855_479127_3627_3-512.jpg"],[2,"1216741855_759122_3628_3-512.jpg"],[2,"1216741856_049311_3629_3-512.jpg"],[2,"1216741856_324122_3630_3-512.jpg"],[2,"1216741856_619218_3631_3-512.jpg"]],"construction_ml":"complete","preds_design":[[2,"1216741854_674121_3624_3-512.jpg"],[2,"1216741854_939138_3625_3-512.jpg"],[2,"1216741855_209143_3626_3-512.jpg"],[2,"1216741855_209143_3626_3-512.jpg"],[1,"1216741855_209143_3626_3-512.jpg"],[2,"1216741855_479127_3627_3-512.jpg"],[2,"1216741855_759122_3628_3-512.jpg"],[2,"1216741856_049311_3629_3-512.jpg"],[2,"1216741856_324122_3630_3-512.jpg"],[2,"1216741856_619218_3631_3-512.jpg"]],"design_ml":"designed","images":[]}
