{"MATERIAL":"corrugated metal","AVG_SLOPE":6.01845120542,"AVG_HEIGHT":1.12478200617,"TERAIN_SLP":24.6782589268,"AREA":59.0382362045,"VOLUME":66,"FLOORS":1,"INT_ZONE":"Borde Rural","FLOOD":1,"LANDSLIDE":"Amenaza Media","LEGAL_ID":"311","LEGAL_NAME":"EL MIRADOR","LEGAL_AREA":11.06,"LEGAL_LOTS":989,"LEGAL_POP":5340.6,"LEGAL_DENS":89.42,"LEGALIZING":null,"BLOCK_ID_":"002570075","BLOCK_POP":119,"BLOCK_BLD":34,"BLOCK_RISK":4.3605032,"BLOCK_EDU":0,"BLOCK_HLTH":9.8029184,"BLOCK_TRAN":99.986626,"BLOCK_CULT":0,"BLOCK_PARK":92.129585,"BLOCK_SEC":100,"BLOCK_CENT":0,"BLOCK_DEF":32.3529411765,"BLD_INHAB":4,"OBJECTID":1,"AO_225":0.16,"id":2646,"preds_material":[[1,"1216741989_613357_3729_3-512.jpg"],[2,"1216741989_863370_3730_3-512.jpg"],[1,"1216741989_863370_3730_3-512.jpg"],[2,"1216741990_113367_3731_3-512.jpg"],[2,"1216741990_373353_3732_3-512.jpg"],[5,"1216741990_643353_3733_3-512.jpg"],[5,"1216741990_913375_3734_3-512.jpg"],[6,"1216741990_913375_3734_3-512.jpg"],[1,"1216741990_913375_3734_3-512.jpg"],[2,"1216741991_163364_3735_3-512.jpg"],[5,"1216741991_163364_3735_3-512.jpg"],[1,"1216741991_163364_3735_3-512.jpg"],[5,"1216741991_398380_3736_3-512.jpg"]],"material_ml":"brick","preds_construction":[[2,"1216741989_358401_3728_3-512.jpg"],[2,"1216741989_863370_3730_3-512.jpg"],[2,"1216741990_113367_3731_3-512.jpg"],[2,"1216741990_373353_3732_3-512.jpg"],[1,"1216741990_373353_3732_3-512.jpg"],[2,"1216741990_643353_3733_3-512.jpg"],[2,"1216741990_643353_3733_3-512.jpg"],[2,"1216741990_913375_3734_3-512.jpg"],[2,"1216741990_913375_3734_3-512.jpg"],[2,"1216741991_163364_3735_3-512.jpg"],[2,"1216741991_163364_3735_3-512.jpg"],[2,"1216741991_398380_3736_3-512.jpg"]],"construction_ml":"complete","preds_design":[[1,"1216741989_358401_3728_3-512.jpg"],[2,"1216741989_358401_3728_3-512.jpg"],[2,"1216741989_613357_3729_3-512.jpg"],[2,"1216741989_863370_3730_3-512.jpg"],[2,"1216741990_113367_3731_3-512.jpg"],[2,"1216741990_373353_3732_3-512.jpg"],[1,"1216741990_373353_3732_3-512.jpg"],[1,"1216741990_643353_3733_3-512.jpg"],[2,"1216741990_643353_3733_3-512.jpg"],[2,"1216741990_913375_3734_3-512.jpg"],[1,"1216741990_913375_3734_3-512.jpg"],[2,"1216741990_913375_3734_3-512.jpg"],[2,"1216741991_163364_3735_3-512.jpg"],[1,"1216741991_163364_3735_3-512.jpg"],[2,"1216741991_398380_3736_3-512.jpg"]],"design_ml":"designed","images":[]}
