{"MATERIAL":"corrugated metal/heavily patched","AVG_SLOPE":9.24747546411,"AVG_HEIGHT":0.66480804578,"TERAIN_SLP":18.3344550398,"AREA":47.4473156645,"VOLUME":32,"FLOORS":1,"INT_ZONE":"Borde Rural","FLOOD":1,"LANDSLIDE":"Amenaza Media","LEGAL_ID":"311","LEGAL_NAME":"EL MIRADOR","LEGAL_AREA":11.06,"LEGAL_LOTS":989,"LEGAL_POP":5340.6,"LEGAL_DENS":89.42,"LEGALIZING":null,"BLOCK_ID_":"002570075","BLOCK_POP":119,"BLOCK_BLD":34,"BLOCK_RISK":4.3605032,"BLOCK_EDU":0,"BLOCK_HLTH":9.8029184,"BLOCK_TRAN":99.986626,"BLOCK_CULT":0,"BLOCK_PARK":92.129585,"BLOCK_SEC":100,"BLOCK_CENT":0,"BLOCK_DEF":32.3529411765,"BLD_INHAB":4,"OBJECTID":1,"AO_225":0.16,"id":2647,"preds_material":[[5,"1216741859_574079_3639_3-512.jpg"],[1,"1216741988_178428_3724_3-512.jpg"],[1,"1216741988_478419_3725_3-512.jpg"],[1,"1216741988_783378_3726_3-512.jpg"],[1,"1216741989_083355_3727_3-512.jpg"],[1,"1216741989_358401_3728_3-512.jpg"],[2,"1216741989_613357_3729_3-512.jpg"],[1,"1216741989_613357_3729_3-512.jpg"]],"material_ml":"brick","preds_construction":[[2,"1216741988_178428_3724_3-512.jpg"],[1,"1216741988_478419_3725_3-512.jpg"],[1,"1216741988_783378_3726_3-512.jpg"],[1,"1216741989_083355_3727_3-512.jpg"],[2,"1216741989_358401_3728_3-512.jpg"],[2,"1216741989_613357_3729_3-512.jpg"]],"construction_ml":"incomplete","preds_design":[[1,"1216741988_178428_3724_3-512.jpg"],[1,"1216741988_478419_3725_3-512.jpg"],[1,"1216741988_783378_3726_3-512.jpg"],[1,"1216741989_083355_3727_3-512.jpg"],[1,"1216741989_358401_3728_3-512.jpg"],[1,"1216741989_613357_3729_3-512.jpg"]],"design_ml":"undesigned","images":[]}
