{"MATERIAL":"corrugated metal/heavily patched","AVG_SLOPE":5.69523848948,"AVG_HEIGHT":0.22168638767,"TERAIN_SLP":10.4428393207,"AREA":41.6240833818,"VOLUME":9,"FLOORS":1,"INT_ZONE":"Borde Rural","FLOOD":1,"LANDSLIDE":"Amenaza Media","LEGAL_ID":"311","LEGAL_NAME":"EL MIRADOR","LEGAL_AREA":11.06,"LEGAL_LOTS":989,"LEGAL_POP":5340.6,"LEGAL_DENS":89.42,"LEGALIZING":null,"BLOCK_ID_":"002570075","BLOCK_POP":119,"BLOCK_BLD":34,"BLOCK_RISK":4.3605032,"BLOCK_EDU":0,"BLOCK_HLTH":9.8029184,"BLOCK_TRAN":99.986626,"BLOCK_CULT":0,"BLOCK_PARK":92.129585,"BLOCK_SEC":100,"BLOCK_CENT":0,"BLOCK_DEF":32.3529411765,"BLD_INHAB":4,"OBJECTID":1,"AO_225":0.16,"id":2649,"preds_material":[[1,"1216741862_039265_3645_3-512.jpg"],[5,"1216741862_419091_3646_3-512.jpg"],[1,"1216741862_419091_3646_3-512.jpg"],[1,"1216741862_789105_3647_3-512.jpg"],[5,"1216741862_789105_3647_3-512.jpg"],[1,"1216741863_144052_3648_3-512.jpg"],[1,"1216741863_484043_3649_3-512.jpg"],[1,"1216741863_814034_3650_3-512.jpg"],[1,"1216741864_749072_3653_3-512.jpg"],[1,"1216741865_049260_3654_3-512.jpg"],[1,"1216741865_339101_3655_3-512.jpg"],[1,"1216741865_614022_3656_3-512.jpg"]],"material_ml":"brick","preds_construction":[[2,"1216741862_039265_3645_3-512.jpg"],[2,"1216741862_039265_3645_3-512.jpg"],[2,"1216741862_039265_3645_3-512.jpg"],[2,"1216741862_419091_3646_3-512.jpg"],[2,"1216741862_419091_3646_3-512.jpg"],[1,"1216741862_419091_3646_3-512.jpg"],[1,"1216741862_789105_3647_3-512.jpg"],[2,"1216741862_789105_3647_3-512.jpg"],[1,"1216741863_144052_3648_3-512.jpg"],[2,"1216741863_144052_3648_3-512.jpg"],[2,"1216741864_749072_3653_3-512.jpg"],[1,"1216741864_749072_3653_3-512.jpg"],[1,"1216741865_049260_3654_3-512.jpg"],[2,"1216741865_049260_3654_3-512.jpg"],[2,"1216741865_339101_3655_3-512.jpg"]],"construction_ml":"complete","preds_design":[[1,"1216741861_644077_3644_3-512.jpg"],[2,"1216741862_039265_3645_3-512.jpg"],[1,"1216741862_419091_3646_3-512.jpg"],[2,"1216741862_419091_3646_3-512.jpg"],[2,"1216741862_419091_3646_3-512.jpg"],[1,"1216741862_419091_3646_3-512.jpg"],[1,"1216741862_789105_3647_3-512.jpg"],[2,"1216741862_789105_3647_3-512.jpg"],[1,"1216741862_789105_3647_3-512.jpg"],[1,"1216741863_144052_3648_3-512.jpg"],[1,"1216741863_144052_3648_3-512.jpg"],[2,"1216741863_144052_3648_3-512.jpg"],[1,"1216741863_484043_3649_3-512.jpg"],[1,"1216741863_814034_3650_3-512.jpg"],[2,"1216741864_449083_3652_3-512.jpg"],[2,"1216741864_749072_3653_3-512.jpg"],[1,"1216741864_749072_3653_3-512.jpg"],[2,"1216741865_049260_3654_3-512.jpg"],[1,"1216741865_049260_3654_3-512.jpg"],[2,"1216741865_339101_3655_3-512.jpg"],[1,"1216741865_339101_3655_3-512.jpg"],[1,"1216741865_614022_3656_3-512.jpg"]],"design_ml":"undesigned","images":[]}
