{"MATERIAL":"corrugated metal/heavily patched","AVG_SLOPE":6.56250951512,"AVG_HEIGHT":5.13133397888,"TERAIN_SLP":11.001707743,"AREA":69.021291446,"VOLUME":354,"FLOORS":2,"INT_ZONE":"Borde Rural","FLOOD":2,"LANDSLIDE":"Amenaza Baja","LEGAL_ID":"358","LEGAL_NAME":"EL PARAISO","LEGAL_AREA":26.04,"LEGAL_LOTS":2077,"LEGAL_POP":11215.8,"LEGAL_DENS":79.76190476,"LEGALIZING":null,"BLOCK_ID_":"002565005","BLOCK_POP":176,"BLOCK_BLD":41,"BLOCK_RISK":33.237366,"BLOCK_EDU":0,"BLOCK_HLTH":10.076873,"BLOCK_TRAN":62.137344,"BLOCK_CULT":0,"BLOCK_PARK":0,"BLOCK_SEC":100,"BLOCK_CENT":0,"BLOCK_DEF":48.7804878049,"BLD_INHAB":4,"OBJECTID":2,"AO_225":0.2,"id":265,"preds_material":[[5,"1216742252_141929_4597_3-512.jpg"],[5,"1216742252_317036_4598_3-512.jpg"],[5,"1216742252_461919_4599_3-512.jpg"],[5,"1216742252_636990_4600_3-512.jpg"],[5,"1216742252_786992_4601_3-512.jpg"],[5,"1216742252_962046_4602_3-512.jpg"],[5,"1216742253_111991_4603_3-512.jpg"],[5,"1216742253_281914_4604_3-512.jpg"],[5,"1216742253_431793_4605_3-512.jpg"],[5,"1216742253_611900_4606_3-512.jpg"],[5,"1216742253_766857_4607_3-512.jpg"],[5,"1216742253_967043_4608_3-512.jpg"],[5,"1216742254_676970_4612_3-512.jpg"],[5,"1216742254_836914_4613_3-512.jpg"],[5,"1216742255_022096_4614_3-512.jpg"],[2,"1216742255_022096_4614_3-512.jpg"],[5,"1216742255_182020_4615_3-512.jpg"],[5,"1216742255_366977_4616_3-512.jpg"],[5,"1216742255_531917_4617_3-512.jpg"],[5,"1216742255_721879_4618_3-512.jpg"],[5,"1216742255_891793_4619_3-512.jpg"],[5,"1216742256_076973_4620_3-512.jpg"],[6,"1216742256_076973_4620_3-512.jpg"],[5,"1216742256_246924_4621_3-512.jpg"],[6,"1216742256_246924_4621_3-512.jpg"],[5,"1216742256_436972_4622_3-512.jpg"],[6,"1216742256_436972_4622_3-512.jpg"],[5,"1216742256_611854_4623_3-512.jpg"],[6,"1216742256_611854_4623_3-512.jpg"],[5,"1216742256_801894_4624_3-512.jpg"],[6,"1216742256_801894_4624_3-512.jpg"],[5,"1216742256_981963_4625_3-512.jpg"],[6,"1216742256_981963_4625_3-512.jpg"],[1,"1216742256_981963_4625_3-512.jpg"],[5,"1216742257_141892_4626_3-512.jpg"],[6,"1216742257_141892_4626_3-512.jpg"],[1,"1216742257_141892_4626_3-512.jpg"],[6,"1216742257_321834_4627_3-512.jpg"],[5,"1216742257_321834_4627_3-512.jpg"],[1,"1216742257_321834_4627_3-512.jpg"],[5,"1216742257_496965_4628_3-512.jpg"],[6,"1216742257_496965_4628_3-512.jpg"],[5,"1216742257_682060_4629_3-512.jpg"],[6,"1216742257_682060_4629_3-512.jpg"],[5,"1216742257_861869_4630_3-512.jpg"],[6,"1216742257_861869_4630_3-512.jpg"],[5,"1216742258_041681_4631_3-512.jpg"],[6,"1216742258_041681_4631_3-512.jpg"],[5,"1216742258_227150_4632_3-512.jpg"],[6,"1216742258_227150_4632_3-512.jpg"],[5,"1216742258_427076_4633_3-512.jpg"],[6,"1216742258_427076_4633_3-512.jpg"],[5,"1216742258_637089_4634_3-512.jpg"],[5,"1216742258_637089_4634_3-512.jpg"],[5,"1216742258_842227_4635_3-512.jpg"],[5,"1216742259_062149_4636_3-512.jpg"],[5,"1216742259_301869_4637_3-512.jpg"],[5,"1216742259_531776_4638_3-512.jpg"],[5,"1216742259_771772_4639_3-512.jpg"],[5,"1216742260_021784_4640_3-512.jpg"],[5,"1216744462_500362_9773_3-512.jpg"],[5,"1216744707_324457_10227_3-512.jpg"],[5,"1216744707_614618_10228_3-512.jpg"],[5,"1216744707_899611_10229_3-512.jpg"],[5,"1216744708_169619_10230_3-512.jpg"],[5,"1216744708_889299_10233_3-512.jpg"],[5,"1216744709_134402_10234_3-512.jpg"],[5,"1216744709_369394_10235_3-512.jpg"],[5,"1216744709_599417_10236_3-512.jpg"],[5,"1216744709_829679_10237_3-512.jpg"],[5,"1216744710_069500_10238_3-512.jpg"],[5,"1216744710_304477_10239_3-512.jpg"],[5,"1216744710_529440_10240_3-512.jpg"],[5,"1216744710_759438_10241_3-512.jpg"],[5,"1216744710_759438_10241_3-512.jpg"],[5,"1216744710_994395_10242_3-512.jpg"],[5,"1216744710_994395_10242_3-512.jpg"],[5,"1216744711_239492_10243_3-512.jpg"],[5,"1216744711_489488_10244_3-512.jpg"],[5,"1216744711_764529_10245_3-512.jpg"],[5,"1216744712_064532_10246_3-512.jpg"],[5,"1216744712_064532_10246_3-512.jpg"],[5,"1216744712_394457_10247_3-512.jpg"],[5,"1216744712_394457_10247_3-512.jpg"],[5,"1216744712_774514_10248_3-512.jpg"],[5,"1216744713_254637_10249_3-512.jpg"],[5,"1216744713_849664_10250_3-512.jpg"],[5,"1216744714_429671_10251_3-512.jpg"],[5,"1216744714_944352_10252_3-512.jpg"],[2,"1216744714_944352_10252_3-512.jpg"],[5,"1216744714_944352_10252_3-512.jpg"],[5,"1216744715_469615_10253_3-512.jpg"],[2,"1216744715_469615_10253_3-512.jpg"],[5,"1216744715_469615_10253_3-512.jpg"],[2,"1216744716_199246_10254_3-512.jpg"],[1,"1216744716_199246_10254_3-512.jpg"],[5,"1216744716_199246_10254_3-512.jpg"],[5,"1216744716_199246_10254_3-512.jpg"],[2,"1216744716_859320_10255_3-512.jpg"],[2,"1216744717_499287_10256_3-512.jpg"],[2,"1216744718_049291_10257_3-512.jpg"],[5,"1216744718_049291_10257_3-512.jpg"],[2,"1216744718_569252_10258_3-512.jpg"],[5,"1216744718_569252_10258_3-512.jpg"],[2,"1216744719_049389_10259_3-512.jpg"]],"material_ml":"painted",