{"MATERIAL":"corrugated metal - dark","AVG_SLOPE":4.78668787498,"AVG_HEIGHT":4.15616750635,"TERAIN_SLP":17.8126857039,"AREA":70.2496364632,"VOLUME":292,"FLOORS":2,"INT_ZONE":"Borde Rural","FLOOD":1,"LANDSLIDE":"Amenaza Media","LEGAL_ID":"311","LEGAL_NAME":"EL MIRADOR","LEGAL_AREA":11.06,"LEGAL_LOTS":989,"LEGAL_POP":5340.6,"LEGAL_DENS":89.42,"LEGALIZING":null,"BLOCK_ID_":"002570075","BLOCK_POP":119,"BLOCK_BLD":34,"BLOCK_RISK":4.3605032,"BLOCK_EDU":0,"BLOCK_HLTH":9.8029184,"BLOCK_TRAN":99.986626,"BLOCK_CULT":0,"BLOCK_PARK":92.129585,"BLOCK_SEC":100,"BLOCK_CENT":0,"BLOCK_DEF":32.3529411765,"BLD_INHAB":4,"OBJECTID":1,"AO_225":0.16,"id":2653,"preds_material":[[5,"1216741800_804351_3589_3-512.jpg"],[6,"1216741800_804351_3589_3-512.jpg"],[1,"1216741800_804351_3589_3-512.jpg"],[1,"1216741801_524354_3590_3-512.jpg"],[5,"1216741801_524354_3590_3-512.jpg"],[5,"1216741802_039578_3591_3-512.jpg"],[6,"1216741802_609428_3592_3-512.jpg"],[5,"1216741802_609428_3592_3-512.jpg"],[1,"1216741803_419423_3593_3-512.jpg"],[1,"1216741804_204351_3594_3-512.jpg"],[5,"1216742136_042740_4203_3-512.jpg"],[5,"1216742136_332609_4204_3-512.jpg"],[5,"1216742136_622570_4205_3-512.jpg"],[5,"1216742136_912590_4206_3-512.jpg"],[5,"1216742137_222678_4207_3-512.jpg"],[5,"1216742137_527581_4208_3-512.jpg"],[5,"1216742137_837593_4209_3-512.jpg"],[5,"1216742137_837593_4209_3-512.jpg"],[5,"1216742138_157601_4210_3-512.jpg"],[5,"1216742138_482545_4211_3-512.jpg"],[5,"1216742138_482545_4211_3-512.jpg"],[5,"1216742138_792550_4212_3-512.jpg"],[5,"1216742138_792550_4212_3-512.jpg"],[5,"1216742139_122567_4213_3-512.jpg"],[5,"1216742139_432467_4214_3-512.jpg"],[5,"1216742139_747555_4215_3-512.jpg"],[5,"1216742140_072623_4216_3-512.jpg"],[5,"1216742140_392518_4217_3-512.jpg"],[5,"1216742140_722576_4218_3-512.jpg"],[5,"1216742141_717536_4221_3-512.jpg"],[5,"1216742142_047591_4222_3-512.jpg"],[5,"1216742142_367611_4223_3-512.jpg"],[5,"1216742142_697592_4224_3-512.jpg"],[5,"1216742143_012505_4225_3-512.jpg"],[5,"1216742143_337653_4226_3-512.jpg"],[5,"1216742143_627527_4227_3-512.jpg"],[1,"1216742143_627527_4227_3-512.jpg"],[5,"1216742143_947644_4228_3-512.jpg"],[5,"1216742144_277599_4229_3-512.jpg"],[5,"1216742144_607624_4230_3-512.jpg"],[5,"1216742144_607624_4230_3-512.jpg"],[1,"1216742144_607624_4230_3-512.jpg"],[5,"1216742144_917650_4231_3-512.jpg"],[1,"1216742144_917650_4231_3-512.jpg"],[5,"1216742145_242616_4232_3-512.jpg"],[1,"1216742145_242616_4232_3-512.jpg"],[5,"1216742145_572466_4233_3-512.jpg"],[1,"1216742145_572466_4233_3-512.jpg"],[5,"1216742145_572466_4233_3-512.jpg"],[5,"1216742145_942514_4234_3-512.jpg"],[5,"1216742146_307483_4235_3-512.jpg"],[5,"1216742146_732490_4236_3-512.jpg"],[5,"1216742147_132558_4237_3-512.jpg"],[5,"1216742147_132558_4237_3-512.jpg"],[1,"1216742147_132558_4237_3-512.jpg"],[5,"1216742147_517533_4238_3-512.jpg"],[5,"1216742147_517533_4238_3-512.jpg"],[1,"1216742147_517533_4238_3-512.jpg"],[5,"1216742148_007468_4239_3-512.jpg"],[5,"1216742148_577487_4240_3-512.jpg"],[5,"1216742149_287545_4241_3-512.jpg"],[5,"1216742149_287545_4241_3-512.jpg"],[3,"1216742152_342474_4244_3-512.jpg"],[5,"1216742413_161186_5055_3-512.jpg"],[5,"1216742413_411187_5056_3-512.jpg"],[5,"1216742413_631214_5057_3-512.jpg"],[5,"1216742413_861196_5058_3-512.jpg"],[5,"1216742414_121139_5059_3-512.jpg"],[5,"1216742414_326151_5060_3-512.jpg"],[5,"1216742414_531184_5061_3-512.jpg"],[5,"1216742414_741140_5062_3-512.jpg"],[5,"1216742414_946142_5063_3-512.jpg"],[5,"1216742415_151141_5064_3-512.jpg"],[5,"1216742415_361132_5065_3-512.jpg"],[5,"1216742415_576137_5066_3-512.jpg"],[5,"1216742415_791394_5067_3-512.jpg"],[5,"1216742416_226147_5069_3-512.jpg"],[5,"1216742416_451385_5070_3-512.jpg"],[5,"1216742416_731283_5071_3-512.jpg"],[5,"1216742416_731283_5071_3-512.jpg"]],"material_ml":"painted","preds_construction":[[2,"1216742136_042740_4203_3-512.jpg"],[1,"1216742136_332609_4204_3-512.jpg"],[2,"1216742136_332609_4204_3-512.jpg"],[2,"1216742136_622570_4205_3-512.jpg"],[1,"1216742136_622570_4205_3-512.jpg"],[2,"1216742136_912590_4206_3-512.jpg"],[1,"1216742136_912590_4206_3-512.jpg"],[2,"1216742137_222678_4207_3-512.jpg"],[1,"1216742137_222678_4207_3-512.jpg"],[1,"1216742137_527581_4208_3-512.jpg"],[2,"1216742137_527581_4208_3-512.jpg"],[2,"1216742137_837593_4209_3-512.jpg"],[1,"1216742137_837593_4209_3-512.jpg"],[1,"1216742137_837593_4209_3-512.jpg"],[1,"1216742138_157601_4210_3-512.jpg"],[1,"1216742138_482545_4211_3-512.jpg"],[1,"1216742138_792550_4212_3-512.jpg"],[1,"1216742139_122567_4213_3-512.jpg"],[1,"1216742139_432467_4214_3-512.jpg"],[1,"1216742139_432467_4214_3-512.jpg"],[1,"1216742139_747555_4215_3-512.jpg"],[2,"1216742139_747555_4215_3-512.jpg"],[1,"1216742140_072623_4216_3-512.jpg"],[2,"1216742140_072623_4216_3-512.jpg"],[1,"1216742140_392518_4217_3-512.jpg"],[2,"1216742140_392518_4217_3-512.jpg"],[2,"1216742140_722576_4218_3-512.jpg"],[1,"1216742140_722576_4218_3-512.jpg"],[2,"1216742141_042628_4219_3-512.jpg"],[1,"1216742141_377551_4220_3-512.jpg"],[1,"1216742141_717536_4221_3-512.jpg"],[1,"1216742142_047591_4222_3-512.jpg"],[1,"1216742142_367611_4223_3-512.jpg"],[1,"1216742143_012505_4225_3-512.jpg"],[2,"1216742143_012505_4225_3-512.jpg"],[1,"1216742143_337653_4226_3-512.jpg"],[2,"1216742143_337653_4226_3-512.jpg"],[1,"1216742143_627527_4227_3-512.jpg"],[2,"1216742143_947644_4228_3-512.jpg"],[2,"1216742144_277599_4229_3-512.jpg"],[1,"1216742144_607624_4230_3-512.jpg"],[2,"1216742144_607624_4230_3-512.jpg"],[1,"1216742144_917650_4231_3-512.jpg"],[1,"1216742145_242616_4232_3-512.jpg"],[1,"1216742145_572466_4233_3-512.jpg"],[1,"1216742145_572466_4233_3-512.jpg"],[1,"1216742145_942514_4234_3-512.jpg"],[1,"1216742146_307483_4235_3-512.jpg"],[1,"1216742146_732490_4236_3-512.jpg"],[2,"1216742147_132558_4237_3-512.jpg"],[1,"1216742147_132558_4237_3-512.jpg"],[2,"1216742147_517533_4238_3-512.jpg"],[1,"1216742147_517533_4238_3-512.jpg"],[2,"1216742148_007468_4239_3-512.jpg"],[2,"1216742148_577487_4240_3-512.jpg"],[2,"1216742149_287545_4241_3-512.jpg"],[2,"1216742152_342474_4244_3-512.jpg"],[1,"1216742152_342474_4244_3-512.jpg"],[2,"1216742412_886109_5054_3-512.jpg"],[2,"1216742413_161186_5055_3-512.jpg"],[2,"1216742413_411187_5056_3-512.jpg"],[2,"1216742413_631214_5057_3-512.jpg"],[2,"1216742413_861196_5058_3-512.jpg"],[2,"1216742414_121139_5059_3-512.jpg"],[2,"1216742414_326151_5060_3-512.jpg"],[2,"1216742414_531184_5061_3-512.jpg"],[2,"1216742414_741140_5062_3-512.jpg"],[2,"1216742414_946142_5063_3-512.jpg"],[2,"1216742415_151141_5064_3-512.jpg"],[2,"1216742415_361132_5065_3-512.jpg"],[2,"1216742415_576137_5066_3-512.jpg"],[2,"1216742415_791394_5067_3-512.jpg"],[2,"1216742416_226147_5069_3-512.jpg"],[2,"1216742416_451385_5070_3-512.jpg"],[2,"1216742416_731283_5071_3-512.jpg"]],"construction_ml":"complete",