{"MATERIAL":"concrete","AVG_SLOPE":4.58174365535,"AVG_HEIGHT":1.0186517934,"TERAIN_SLP":23.6461367187,"AREA":51.6136562886,"VOLUME":53,"FLOORS":1,"INT_ZONE":"Borde Rural","FLOOD":1,"LANDSLIDE":"Amenaza Media","LEGAL_ID":"311","LEGAL_NAME":"EL MIRADOR","LEGAL_AREA":11.06,"LEGAL_LOTS":989,"LEGAL_POP":5340.6,"LEGAL_DENS":89.42,"LEGALIZING":null,"BLOCK_ID_":"002570080","BLOCK_POP":63,"BLOCK_BLD":14,"BLOCK_RISK":13.728167,"BLOCK_EDU":0,"BLOCK_HLTH":9.8377628,"BLOCK_TRAN":99.989258,"BLOCK_CULT":0,"BLOCK_PARK":92.167747,"BLOCK_SEC":100,"BLOCK_CENT":0,"BLOCK_DEF":35.7142857143,"BLD_INHAB":4,"OBJECTID":1,"AO_225":0.16,"id":2658,"preds_material":[[5,"1216741662_520241_3311_1-512.jpg"],[5,"1216741855_209143_3626_1-512.jpg"],[5,"1216741855_479127_3627_1-512.jpg"],[5,"1216741855_479127_3627_1-512.jpg"],[5,"1216741855_759122_3628_1-512.jpg"],[5,"1216741856_049311_3629_1-512.jpg"],[5,"1216741856_324122_3630_1-512.jpg"],[1,"1216741856_324122_3630_1-512.jpg"],[5,"1216741856_619218_3631_1-512.jpg"],[1,"1216741856_619218_3631_1-512.jpg"],[1,"1216741856_939126_3632_1-512.jpg"],[5,"1216741856_939126_3632_1-512.jpg"],[1,"1216741857_269128_3633_1-512.jpg"],[5,"1216741857_269128_3633_1-512.jpg"],[1,"1216741857_599110_3634_1-512.jpg"],[5,"1216741857_599110_3634_1-512.jpg"],[1,"1216741857_949120_3635_1-512.jpg"],[1,"1216741858_344093_3636_1-512.jpg"],[1,"1216741858_744112_3637_1-512.jpg"]],"material_ml":"painted","preds_construction":[[1,"1216741855_759122_3628_1-512.jpg"],[2,"1216741856_049311_3629_1-512.jpg"],[1,"1216741856_049311_3629_1-512.jpg"],[2,"1216741856_324122_3630_1-512.jpg"],[1,"1216741856_324122_3630_1-512.jpg"],[2,"1216741856_619218_3631_1-512.jpg"],[2,"1216741856_939126_3632_1-512.jpg"],[2,"1216741857_269128_3633_1-512.jpg"],[2,"1216741857_599110_3634_1-512.jpg"],[2,"1216741857_949120_3635_1-512.jpg"],[2,"1216741858_344093_3636_1-512.jpg"],[2,"1216741858_344093_3636_1-512.jpg"],[2,"1216741858_744112_3637_1-512.jpg"],[2,"1216741859_149113_3638_1-512.jpg"]],"construction_ml":"complete","preds_design":[[1,"1216741855_479127_3627_1-512.jpg"],[2,"1216741855_759122_3628_1-512.jpg"],[1,"1216741856_049311_3629_1-512.jpg"],[2,"1216741856_049311_3629_1-512.jpg"],[2,"1216741856_324122_3630_1-512.jpg"],[2,"1216741856_619218_3631_1-512.jpg"],[2,"1216741856_939126_3632_1-512.jpg"],[2,"1216741857_269128_3633_1-512.jpg"],[2,"1216741857_599110_3634_1-512.jpg"],[2,"1216741857_949120_3635_1-512.jpg"],[2,"1216741858_344093_3636_1-512.jpg"],[1,"1216741858_744112_3637_1-512.jpg"],[2,"1216741859_149113_3638_1-512.jpg"]],"design_ml":"designed","images":[]}
