{"MATERIAL":"corrugated metal - painted","AVG_SLOPE":12.3134752081,"AVG_HEIGHT":3.80073119429,"TERAIN_SLP":20.484977165,"AREA":68.4225361973,"VOLUME":260,"FLOORS":2,"INT_ZONE":"Borde Rural","FLOOD":1,"LANDSLIDE":"Amenaza Media","LEGAL_ID":"311","LEGAL_NAME":"EL MIRADOR","LEGAL_AREA":11.06,"LEGAL_LOTS":989,"LEGAL_POP":5340.6,"LEGAL_DENS":89.42,"LEGALIZING":null,"BLOCK_ID_":"002570080","BLOCK_POP":63,"BLOCK_BLD":14,"BLOCK_RISK":13.728167,"BLOCK_EDU":0,"BLOCK_HLTH":9.8377628,"BLOCK_TRAN":99.989258,"BLOCK_CULT":0,"BLOCK_PARK":92.167747,"BLOCK_SEC":100,"BLOCK_CENT":0,"BLOCK_DEF":35.7142857143,"BLD_INHAB":4,"OBJECTID":1,"AO_225":0.16,"id":2661,"preds_material":[[5,"1216741668_180173_3335_1-512.jpg"],[5,"1216741668_485145_3336_1-512.jpg"],[5,"1216741668_775108_3337_1-512.jpg"],[5,"1216741669_085123_3338_1-512.jpg"],[5,"1216741669_405114_3339_1-512.jpg"],[5,"1216741669_780157_3340_1-512.jpg"],[5,"1216741670_195135_3341_1-512.jpg"],[5,"1216741670_735172_3342_1-512.jpg"],[5,"1216741671_420192_3343_1-512.jpg"],[5,"1216741672_220249_3344_1-512.jpg"],[5,"1216741673_255141_3345_1-512.jpg"],[5,"1216741673_890139_3346_1-512.jpg"],[5,"1216741674_390137_3347_1-512.jpg"],[5,"1216741806_419441_3597_1-512.jpg"],[6,"1216742426_211111_5115_3-512.jpg"],[6,"1216742426_421091_5116_3-512.jpg"],[1,"1216742426_636103_5117_3-512.jpg"],[1,"1216742426_856119_5118_3-512.jpg"],[1,"1216742427_026045_5119_3-512.jpg"],[1,"1216742427_196109_5120_3-512.jpg"],[1,"1216742427_361169_5121_3-512.jpg"],[1,"1216742429_086072_5132_3-512.jpg"]],"material_ml":"painted","preds_construction":[[2,"1216741668_180173_3335_1-512.jpg"],[2,"1216741668_485145_3336_1-512.jpg"],[2,"1216741668_775108_3337_1-512.jpg"],[2,"1216741669_085123_3338_1-512.jpg"],[2,"1216741669_405114_3339_1-512.jpg"],[2,"1216741669_780157_3340_1-512.jpg"],[2,"1216741670_195135_3341_1-512.jpg"],[2,"1216741670_735172_3342_1-512.jpg"],[2,"1216741671_420192_3343_1-512.jpg"],[2,"1216741672_220249_3344_1-512.jpg"],[2,"1216741673_255141_3345_1-512.jpg"],[2,"1216741673_890139_3346_1-512.jpg"],[2,"1216741674_390137_3347_1-512.jpg"],[2,"1216742425_791101_5113_3-512.jpg"],[2,"1216742426_001194_5114_3-512.jpg"],[2,"1216742426_211111_5115_3-512.jpg"],[2,"1216742426_421091_5116_3-512.jpg"],[2,"1216742426_636103_5117_3-512.jpg"],[2,"1216742426_856119_5118_3-512.jpg"],[2,"1216742427_026045_5119_3-512.jpg"],[2,"1216742427_196109_5120_3-512.jpg"],[2,"1216742427_361169_5121_3-512.jpg"],[2,"1216742429_086072_5132_3-512.jpg"]],"construction_ml":"complete","preds_design":[[2,"1216741668_180173_3335_1-512.jpg"],[2,"1216741668_485145_3336_1-512.jpg"],[2,"1216741668_775108_3337_1-512.jpg"],[2,"1216741669_085123_3338_1-512.jpg"],[2,"1216741669_405114_3339_1-512.jpg"],[2,"1216741669_780157_3340_1-512.jpg"],[2,"1216741670_195135_3341_1-512.jpg"],[2,"1216741670_735172_3342_1-512.jpg"],[2,"1216741671_420192_3343_1-512.jpg"],[2,"1216741672_220249_3344_1-512.jpg"],[2,"1216741673_255141_3345_1-512.jpg"],[2,"1216741673_890139_3346_1-512.jpg"],[2,"1216741674_390137_3347_1-512.jpg"],[2,"1216742426_001194_5114_3-512.jpg"],[2,"1216742426_211111_5115_3-512.jpg"],[2,"1216742426_421091_5116_3-512.jpg"],[2,"1216742426_636103_5117_3-512.jpg"],[2,"1216742426_856119_5118_3-512.jpg"],[2,"1216742427_026045_5119_3-512.jpg"],[2,"1216742427_196109_5120_3-512.jpg"],[2,"1216742427_361169_5121_3-512.jpg"],[2,"1216742429_086072_5132_3-512.jpg"],[2,"1216742429_251134_5133_3-512.jpg"]],"design_ml":"designed","images":[]}
