{"MATERIAL":"corrugated metal","AVG_SLOPE":5.72046511279,"AVG_HEIGHT":0.63205222543,"TERAIN_SLP":21.2554717347,"AREA":64.3779989266,"VOLUME":41,"FLOORS":1,"INT_ZONE":"Borde Rural","FLOOD":1,"LANDSLIDE":"Amenaza Media","LEGAL_ID":"311","LEGAL_NAME":"EL MIRADOR","LEGAL_AREA":11.06,"LEGAL_LOTS":989,"LEGAL_POP":5340.6,"LEGAL_DENS":89.42,"LEGALIZING":null,"BLOCK_ID_":"002570080","BLOCK_POP":63,"BLOCK_BLD":14,"BLOCK_RISK":13.728167,"BLOCK_EDU":0,"BLOCK_HLTH":9.8377628,"BLOCK_TRAN":99.989258,"BLOCK_CULT":0,"BLOCK_PARK":92.167747,"BLOCK_SEC":100,"BLOCK_CENT":0,"BLOCK_DEF":35.7142857143,"BLD_INHAB":4,"OBJECTID":1,"AO_225":0.16,"id":2664,"preds_material":[[5,"1216741659_575184_3298_1-512.jpg"],[5,"1216741659_815165_3299_1-512.jpg"],[2,"1216741659_815165_3299_1-512.jpg"],[5,"1216741660_040385_3300_1-512.jpg"],[2,"1216741660_040385_3300_1-512.jpg"],[5,"1216741660_285197_3301_1-512.jpg"],[2,"1216741660_285197_3301_1-512.jpg"],[2,"1216741660_525154_3302_1-512.jpg"],[5,"1216741660_525154_3302_1-512.jpg"],[2,"1216741660_760218_3303_1-512.jpg"],[5,"1216741660_760218_3303_1-512.jpg"],[2,"1216741660_985198_3304_1-512.jpg"],[5,"1216741660_985198_3304_1-512.jpg"],[2,"1216741661_225360_3305_1-512.jpg"],[2,"1216741661_445172_3306_1-512.jpg"],[2,"1216741661_670165_3307_1-512.jpg"],[2,"1216741661_890192_3308_1-512.jpg"],[2,"1216741662_100183_3309_1-512.jpg"],[2,"1216741662_310207_3310_1-512.jpg"]],"material_ml":"concrete","preds_construction":[[2,"1216741659_815165_3299_1-512.jpg"],[2,"1216741660_040385_3300_1-512.jpg"],[2,"1216741660_040385_3300_1-512.jpg"],[2,"1216741660_285197_3301_1-512.jpg"],[2,"1216741660_285197_3301_1-512.jpg"],[2,"1216741660_525154_3302_1-512.jpg"],[2,"1216741660_525154_3302_1-512.jpg"],[2,"1216741660_760218_3303_1-512.jpg"],[2,"1216741660_760218_3303_1-512.jpg"],[2,"1216741660_985198_3304_1-512.jpg"],[2,"1216741660_985198_3304_1-512.jpg"],[2,"1216741661_225360_3305_1-512.jpg"],[2,"1216741661_445172_3306_1-512.jpg"],[2,"1216741661_670165_3307_1-512.jpg"],[2,"1216741661_890192_3308_1-512.jpg"],[2,"1216741662_100183_3309_1-512.jpg"],[2,"1216741662_310207_3310_1-512.jpg"],[2,"1216741662_520241_3311_1-512.jpg"]],"construction_ml":"complete","preds_design":[[2,"1216741659_815165_3299_1-512.jpg"],[1,"1216741660_040385_3300_1-512.jpg"],[2,"1216741660_040385_3300_1-512.jpg"],[2,"1216741660_285197_3301_1-512.jpg"],[1,"1216741660_285197_3301_1-512.jpg"],[2,"1216741660_525154_3302_1-512.jpg"],[1,"1216741660_525154_3302_1-512.jpg"],[2,"1216741660_760218_3303_1-512.jpg"],[1,"1216741660_760218_3303_1-512.jpg"],[2,"1216741660_985198_3304_1-512.jpg"],[1,"1216741660_985198_3304_1-512.jpg"],[2,"1216741661_225360_3305_1-512.jpg"],[2,"1216741661_445172_3306_1-512.jpg"],[2,"1216741661_670165_3307_1-512.jpg"],[2,"1216741661_890192_3308_1-512.jpg"],[2,"1216741662_100183_3309_1-512.jpg"],[2,"1216741662_310207_3310_1-512.jpg"]],"design_ml":"designed","images":[]}
