{"MATERIAL":"corrugated metal - painted","AVG_SLOPE":6.7507222987,"AVG_HEIGHT":3.64090696939,"TERAIN_SLP":2.8501099101,"AREA":52.1884444127,"VOLUME":190,"FLOORS":2,"INT_ZONE":"Borde Rural","FLOOD":1,"LANDSLIDE":"Amenaza Media","LEGAL_ID":"311","LEGAL_NAME":"EL MIRADOR","LEGAL_AREA":11.06,"LEGAL_LOTS":989,"LEGAL_POP":5340.6,"LEGAL_DENS":89.42,"LEGALIZING":null,"BLOCK_ID_":"002570081","BLOCK_POP":113,"BLOCK_BLD":26,"BLOCK_RISK":7.424499,"BLOCK_EDU":0,"BLOCK_HLTH":0,"BLOCK_TRAN":99.369293,"BLOCK_CULT":0,"BLOCK_PARK":88.279282,"BLOCK_SEC":100,"BLOCK_CENT":0,"BLOCK_DEF":46.1538461538,"BLD_INHAB":4,"OBJECTID":1,"AO_225":0.16,"id":2676,"preds_material":[[1,"1216742552_980538_5421_1-512.jpg"],[1,"1216742553_445504_5422_1-512.jpg"],[1,"1216742554_320440_5423_1-512.jpg"]],"material_ml":"brick","preds_construction":[[2,"1216742553_445504_5422_1-512.jpg"],[2,"1216742554_320440_5423_1-512.jpg"]],"construction_ml":"complete","preds_design":[[2,"1216742553_445504_5422_1-512.jpg"],[2,"1216742554_320440_5423_1-512.jpg"]],"design_ml":"designed","images":[]}
