{"MATERIAL":"concrete","AVG_SLOPE":12.6347405686,"AVG_HEIGHT":5.51827682917,"TERAIN_SLP":12.6351235467,"AREA":56.7039786169,"VOLUME":313,"FLOORS":2,"INT_ZONE":"Borde Rural","FLOOD":1,"LANDSLIDE":"Amenaza Media","LEGAL_ID":"311","LEGAL_NAME":"EL MIRADOR","LEGAL_AREA":11.06,"LEGAL_LOTS":989,"LEGAL_POP":5340.6,"LEGAL_DENS":89.42,"LEGALIZING":null,"BLOCK_ID_":"002570075","BLOCK_POP":119,"BLOCK_BLD":34,"BLOCK_RISK":4.3605032,"BLOCK_EDU":0,"BLOCK_HLTH":9.8029184,"BLOCK_TRAN":99.986626,"BLOCK_CULT":0,"BLOCK_PARK":92.129585,"BLOCK_SEC":100,"BLOCK_CENT":0,"BLOCK_DEF":32.3529411765,"BLD_INHAB":4,"OBJECTID":1,"AO_225":0.16,"id":2680,"preds_material":[[1,"1216741947_058592_3696_3-512.jpg"],[5,"1216741948_678573_3697_3-512.jpg"],[5,"1216741956_668543_3698_3-512.jpg"],[5,"1216741977_888454_3699_3-512.jpg"],[5,"1216741981_303405_3702_3-512.jpg"],[5,"1216741982_068429_3704_3-512.jpg"],[5,"1216741982_068429_3704_3-512.jpg"],[5,"1216741982_448447_3705_3-512.jpg"],[5,"1216741982_753415_3706_3-512.jpg"],[5,"1216741983_058429_3707_3-512.jpg"],[5,"1216741983_388433_3708_3-512.jpg"],[5,"1216741983_728441_3709_3-512.jpg"],[1,"1216741983_728441_3709_3-512.jpg"],[5,"1216741984_058441_3710_3-512.jpg"],[2,"1216741984_058441_3710_3-512.jpg"],[1,"1216741984_058441_3710_3-512.jpg"],[5,"1216741984_398420_3711_3-512.jpg"],[5,"1216741984_748421_3712_3-512.jpg"],[5,"1216741985_058505_3713_3-512.jpg"],[5,"1216742567_005567_5452_3-512.jpg"]],"material_ml":"painted","preds_construction":[[2,"1216741947_058592_3696_3-512.jpg"],[2,"1216741948_678573_3697_3-512.jpg"],[2,"1216741956_668543_3698_3-512.jpg"],[2,"1216741977_888454_3699_3-512.jpg"],[2,"1216741981_303405_3702_3-512.jpg"],[2,"1216741981_683409_3703_3-512.jpg"],[2,"1216741982_068429_3704_3-512.jpg"],[2,"1216741982_448447_3705_3-512.jpg"],[2,"1216741982_753415_3706_3-512.jpg"],[2,"1216741983_058429_3707_3-512.jpg"],[2,"1216741983_388433_3708_3-512.jpg"],[2,"1216741983_728441_3709_3-512.jpg"],[2,"1216741983_728441_3709_3-512.jpg"],[2,"1216741984_058441_3710_3-512.jpg"],[2,"1216741984_058441_3710_3-512.jpg"],[2,"1216741984_398420_3711_3-512.jpg"],[2,"1216741984_398420_3711_3-512.jpg"],[2,"1216741984_748421_3712_3-512.jpg"],[2,"1216741985_058505_3713_3-512.jpg"],[2,"1216742567_255643_5453_3-512.jpg"],[2,"1216742567_480671_5454_3-512.jpg"]],"construction_ml":"complete","preds_design":[[2,"1216741977_888454_3699_3-512.jpg"],[2,"1216741981_303405_3702_3-512.jpg"],[2,"1216741981_683409_3703_3-512.jpg"],[2,"1216741982_068429_3704_3-512.jpg"],[2,"1216741982_068429_3704_3-512.jpg"],[2,"1216741982_448447_3705_3-512.jpg"],[2,"1216741982_753415_3706_3-512.jpg"],[2,"1216741983_058429_3707_3-512.jpg"],[2,"1216741983_388433_3708_3-512.jpg"],[2,"1216741983_728441_3709_3-512.jpg"],[2,"1216741983_728441_3709_3-512.jpg"],[2,"1216741984_058441_3710_3-512.jpg"],[2,"1216741984_058441_3710_3-512.jpg"],[2,"1216741984_398420_3711_3-512.jpg"],[2,"1216741984_398420_3711_3-512.jpg"],[2,"1216741984_748421_3712_3-512.jpg"],[2,"1216741985_058505_3713_3-512.jpg"],[2,"1216742567_255643_5453_3-512.jpg"],[2,"1216742567_480671_5454_3-512.jpg"]],"design_ml":"designed","images":[]}
