{"MATERIAL":"corrugated metal/heavily patched","AVG_SLOPE":4.42064079125,"AVG_HEIGHT":2.62640398467,"TERAIN_SLP":4.91554276148,"AREA":49.3690044296,"VOLUME":130,"FLOORS":1,"INT_ZONE":"Borde Rural","FLOOD":1,"LANDSLIDE":"Amenaza Media","LEGAL_ID":"311","LEGAL_NAME":"EL MIRADOR","LEGAL_AREA":11.06,"LEGAL_LOTS":989,"LEGAL_POP":5340.6,"LEGAL_DENS":89.42,"LEGALIZING":null,"BLOCK_ID_":"002570074","BLOCK_POP":149,"BLOCK_BLD":37,"BLOCK_RISK":13.943904,"BLOCK_EDU":0,"BLOCK_HLTH":9.1064539,"BLOCK_TRAN":99.067703,"BLOCK_CULT":0,"BLOCK_PARK":31.440727,"BLOCK_SEC":37.64856,"BLOCK_CENT":0,"BLOCK_DEF":43.2432432432,"BLD_INHAB":4,"OBJECTID":1,"AO_225":0.16,"id":2685,"preds_material":[[5,"1216741884_293927_3688_1-512.jpg"],[5,"1216741886_803933_3689_1-512.jpg"],[1,"1216742562_655384_5443_1-512.jpg"],[1,"1216742563_075500_5444_1-512.jpg"],[1,"1216742563_780550_5445_1-512.jpg"],[1,"1216742564_545465_5446_1-512.jpg"],[1,"1216742565_180440_5447_1-512.jpg"],[1,"1216742565_665439_5448_1-512.jpg"],[1,"1216742566_065230_5449_1-512.jpg"],[1,"1216742566_420223_5450_1-512.jpg"]],"material_ml":"brick","preds_construction":[[2,"1216741884_293927_3688_1-512.jpg"],[2,"1216741886_803933_3689_1-512.jpg"],[2,"1216742562_655384_5443_1-512.jpg"],[2,"1216742563_075500_5444_1-512.jpg"],[2,"1216742563_780550_5445_1-512.jpg"],[2,"1216742564_545465_5446_1-512.jpg"],[2,"1216742565_180440_5447_1-512.jpg"],[2,"1216742565_665439_5448_1-512.jpg"],[2,"1216742566_065230_5449_1-512.jpg"],[2,"1216742566_420223_5450_1-512.jpg"]],"construction_ml":"complete","preds_design":[[2,"1216741884_293927_3688_1-512.jpg"],[2,"1216741886_803933_3689_1-512.jpg"],[2,"1216742562_655384_5443_1-512.jpg"],[2,"1216742563_075500_5444_1-512.jpg"],[2,"1216742563_780550_5445_1-512.jpg"],[2,"1216742564_545465_5446_1-512.jpg"],[2,"1216742565_180440_5447_1-512.jpg"],[2,"1216742565_665439_5448_1-512.jpg"],[2,"1216742566_065230_5449_1-512.jpg"],[2,"1216742566_420223_5450_1-512.jpg"]],"design_ml":"designed","images":[]}
