{"MATERIAL":"under construction","AVG_SLOPE":10.4362899021,"AVG_HEIGHT":5.53450448376,"TERAIN_SLP":3.40854252165,"AREA":58.9831814921,"VOLUME":326,"FLOORS":2,"INT_ZONE":"Borde Rural","FLOOD":3,"LANDSLIDE":"Amenaza Media","LEGAL_ID":"311","LEGAL_NAME":"EL MIRADOR","LEGAL_AREA":11.06,"LEGAL_LOTS":989,"LEGAL_POP":5340.6,"LEGAL_DENS":89.42,"LEGALIZING":null,"BLOCK_ID_":"002570032","BLOCK_POP":60,"BLOCK_BLD":15,"BLOCK_RISK":6.7814999,"BLOCK_EDU":0,"BLOCK_HLTH":9.2153234,"BLOCK_TRAN":97.862679,"BLOCK_CULT":0,"BLOCK_PARK":0,"BLOCK_SEC":100,"BLOCK_CENT":0,"BLOCK_DEF":53.3333333333,"BLD_INHAB":4,"OBJECTID":1,"AO_225":0.16,"id":269,"preds_material":[[6,"1216742266_866866_4660_1-512.jpg"],[5,"1216742269_686926_4669_1-512.jpg"],[5,"1216744770_283978_10430_3-512.jpg"]],"material_ml":"painted","preds_design":[[1,"1216744771_978943_10433_3-512.jpg"],[1,"1216744772_588975_10434_3-512.jpg"],[1,"1216744773_184062_10435_3-512.jpg"]],"design_ml":"undesigned","images":[]}
