{"MATERIAL":"corrugated metal/heavily patched","AVG_SLOPE":6.97373794697,"AVG_HEIGHT":2.34326330279,"TERAIN_SLP":3.40880801396,"AREA":59.5871760056,"VOLUME":140,"FLOORS":1,"INT_ZONE":"Borde Rural","FLOOD":1,"LANDSLIDE":"Amenaza Media","LEGAL_ID":"311","LEGAL_NAME":"EL MIRADOR","LEGAL_AREA":11.06,"LEGAL_LOTS":989,"LEGAL_POP":5340.6,"LEGAL_DENS":89.42,"LEGALIZING":null,"BLOCK_ID_":"002570032","BLOCK_POP":60,"BLOCK_BLD":15,"BLOCK_RISK":6.7814999,"BLOCK_EDU":0,"BLOCK_HLTH":9.2153234,"BLOCK_TRAN":97.862679,"BLOCK_CULT":0,"BLOCK_PARK":0,"BLOCK_SEC":100,"BLOCK_CENT":0,"BLOCK_DEF":53.3333333333,"BLD_INHAB":4,"OBJECTID":1,"AO_225":0.16,"id":272,"preds_material":[[5,"1216742294_391840_4764_1-512.jpg"],[5,"1216742294_971835_4766_1-512.jpg"],[5,"1216742295_251755_4767_1-512.jpg"],[5,"1216742295_491709_4768_1-512.jpg"],[5,"1216742295_491709_4768_1-512.jpg"],[5,"1216742295_756823_4769_1-512.jpg"],[5,"1216742295_756823_4769_1-512.jpg"],[5,"1216742296_011749_4770_1-512.jpg"],[5,"1216742296_011749_4770_1-512.jpg"],[5,"1216742296_286790_4771_1-512.jpg"],[5,"1216742296_286790_4771_1-512.jpg"],[5,"1216742296_531762_4772_1-512.jpg"],[5,"1216742296_531762_4772_1-512.jpg"],[5,"1216742296_716787_4773_1-512.jpg"],[5,"1216742296_941901_4774_1-512.jpg"],[5,"1216742297_176753_4775_1-512.jpg"],[5,"1216742297_396933_4776_1-512.jpg"],[5,"1216742297_606880_4777_1-512.jpg"],[5,"1216742297_606880_4777_1-512.jpg"],[5,"1216742297_816856_4778_1-512.jpg"],[5,"1216744799_024147_10491_3-512.jpg"],[5,"1216744799_394153_10492_3-512.jpg"],[5,"1216744799_394153_10492_3-512.jpg"],[5,"1216744799_749135_10493_3-512.jpg"],[5,"1216744799_749135_10493_3-512.jpg"],[5,"1216744799_749135_10493_3-512.jpg"],[5,"1216744800_084132_10494_3-512.jpg"],[5,"1216744800_084132_10494_3-512.jpg"],[5,"1216744800_423920_10495_3-512.jpg"],[5,"1216744800_423920_10495_3-512.jpg"],[5,"1216744800_693929_10496_3-512.jpg"],[5,"1216744800_973925_10497_3-512.jpg"]],"material_ml":"painted","preds_construction":[[1,"1216742294_391840_4764_1-512.jpg"],[1,"1216742294_971835_4766_1-512.jpg"],[1,"1216742295_251755_4767_1-512.jpg"],[2,"1216742295_251755_4767_1-512.jpg"],[1,"1216742295_491709_4768_1-512.jpg"],[2,"1216742295_491709_4768_1-512.jpg"],[1,"1216742295_491709_4768_1-512.jpg"],[1,"1216742295_756823_4769_1-512.jpg"],[2,"1216742295_756823_4769_1-512.jpg"],[2,"1216742295_756823_4769_1-512.jpg"],[1,"1216742295_756823_4769_1-512.jpg"],[1,"1216742296_011749_4770_1-512.jpg"],[2,"1216742296_011749_4770_1-512.jpg"],[2,"1216742296_011749_4770_1-512.jpg"],[1,"1216742296_286790_4771_1-512.jpg"],[2,"1216742296_286790_4771_1-512.jpg"],[1,"1216742296_531762_4772_1-512.jpg"],[2,"1216742296_531762_4772_1-512.jpg"],[1,"1216742296_716787_4773_1-512.jpg"],[1,"1216742296_941901_4774_1-512.jpg"],[1,"1216742297_176753_4775_1-512.jpg"],[1,"1216742297_396933_4776_1-512.jpg"],[1,"1216742297_606880_4777_1-512.jpg"],[2,"1216742297_606880_4777_1-512.jpg"],[1,"1216742297_816856_4778_1-512.jpg"],[1,"1216744799_024147_10491_3-512.jpg"],[2,"1216744799_024147_10491_3-512.jpg"],[2,"1216744799_394153_10492_3-512.jpg"],[1,"1216744799_394153_10492_3-512.jpg"],[2,"1216744799_394153_10492_3-512.jpg"],[2,"1216744799_749135_10493_3-512.jpg"],[2,"1216744799_749135_10493_3-512.jpg"],[1,"1216744799_749135_10493_3-512.jpg"],[2,"1216744799_749135_10493_3-512.jpg"],[2,"1216744800_084132_10494_3-512.jpg"],[2,"1216744800_084132_10494_3-512.jpg"],[2,"1216744800_423920_10495_3-512.jpg"],[2,"1216744800_423920_10495_3-512.jpg"],[2,"1216744800_693929_10496_3-512.jpg"],[2,"1216744800_973925_10497_3-512.jpg"]],"construction_ml":"complete","preds_design":[[2,"1216742294_391840_4764_1-512.jpg"],[2,"1216742294_971835_4766_1-512.jpg"],[2,"1216742295_251755_4767_1-512.jpg"],[2,"1216742295_491709_4768_1-512.jpg"],[1,"1216742295_491709_4768_1-512.jpg"],[2,"1216742295_756823_4769_1-512.jpg"],[1,"1216742295_756823_4769_1-512.jpg"],[2,"1216742296_011749_4770_1-512.jpg"],[1,"1216742296_011749_4770_1-512.jpg"],[2,"1216742296_286790_4771_1-512.jpg"],[1,"1216742296_286790_4771_1-512.jpg"],[2,"1216742296_531762_4772_1-512.jpg"],[1,"1216742296_531762_4772_1-512.jpg"],[2,"1216742296_716787_4773_1-512.jpg"],[2,"1216742296_941901_4774_1-512.jpg"],[2,"1216742297_176753_4775_1-512.jpg"],[2,"1216742297_396933_4776_1-512.jpg"],[1,"1216742297_606880_4777_1-512.jpg"],[2,"1216742297_606880_4777_1-512.jpg"],[2,"1216742297_816856_4778_1-512.jpg"],[2,"1216744799_024147_10491_3-512.jpg"],[2,"1216744799_394153_10492_3-512.jpg"],[2,"1216744799_394153_10492_3-512.jpg"],[1,"1216744799_394153_10492_3-512.jpg"],[2,"1216744799_749135_10493_3-512.jpg"],[1,"1216744799_749135_10493_3-512.jpg"],[1,"1216744799_749135_10493_3-512.jpg"],[2,"1216744799_749135_10493_3-512.jpg"],[2,"1216744799_749135_10493_3-512.jpg"],[2,"1216744800_084132_10494_3-512.jpg"],[1,"1216744800_084132_10494_3-512.jpg"],[2,"1216744800_084132_10494_3-512.jpg"],[2,"1216744800_423920_10495_3-512.jpg"],[2,"1216744800_423920_10495_3-512.jpg"],[1,"1216744800_423920_10495_3-512.jpg"],[2,"1216744800_693929_10496_3-512.jpg"],[1,"1216744800_693929_10496_3-512.jpg"],[1,"1216744800_973925_10497_3-512.jpg"],[2,"1216744800_973925_10497_3-512.jpg"]],"design_ml":"designed","images":[]}
