{"MATERIAL":"corrugated metal/heavily patched","AVG_SLOPE":4.71433708589,"AVG_HEIGHT":2.60244232544,"TERAIN_SLP":5.23834573173,"AREA":39.3015433957,"VOLUME":102,"FLOORS":1,"INT_ZONE":"Borde Rural","FLOOD":1,"LANDSLIDE":"Amenaza Media","LEGAL_ID":"311","LEGAL_NAME":"EL MIRADOR","LEGAL_AREA":11.06,"LEGAL_LOTS":989,"LEGAL_POP":5340.6,"LEGAL_DENS":89.42,"LEGALIZING":null,"BLOCK_ID_":"002570032","BLOCK_POP":60,"BLOCK_BLD":15,"BLOCK_RISK":6.7814999,"BLOCK_EDU":0,"BLOCK_HLTH":9.2153234,"BLOCK_TRAN":97.862679,"BLOCK_CULT":0,"BLOCK_PARK":0,"BLOCK_SEC":100,"BLOCK_CENT":0,"BLOCK_DEF":53.3333333333,"BLD_INHAB":4,"OBJECTID":1,"AO_225":0.16,"id":274,"preds_material":[[5,"1216742316_826704_4862_1-512.jpg"],[5,"1216742317_016702_4863_1-512.jpg"],[1,"1216742317_916691_4868_1-512.jpg"],[1,"1216742318_116711_4869_1-512.jpg"],[1,"1216742318_116711_4869_1-512.jpg"],[5,"1216744776_239073_10442_3-512.jpg"],[5,"1216744776_579195_10443_3-512.jpg"],[5,"1216744776_894073_10444_3-512.jpg"],[5,"1216744777_204315_10445_3-512.jpg"],[5,"1216744777_529132_10446_3-512.jpg"],[5,"1216744777_894210_10447_3-512.jpg"],[5,"1216744778_229021_10448_3-512.jpg"],[5,"1216744778_554013_10449_3-512.jpg"],[5,"1216744778_894271_10450_3-512.jpg"],[5,"1216744779_269081_10451_3-512.jpg"],[5,"1216744779_269081_10451_3-512.jpg"],[5,"1216744779_623953_10452_3-512.jpg"],[5,"1216744779_988970_10453_3-512.jpg"],[5,"1216744780_374083_10454_3-512.jpg"],[5,"1216744780_774037_10455_3-512.jpg"],[1,"1216744780_774037_10455_3-512.jpg"],[5,"1216744781_149030_10456_3-512.jpg"],[1,"1216744781_149030_10456_3-512.jpg"],[5,"1216744781_579012_10457_3-512.jpg"]],"material_ml":"painted","preds_construction":[[2,"1216742316_476513_4860_1-512.jpg"],[2,"1216742316_631629_4861_1-512.jpg"],[2,"1216742316_826704_4862_1-512.jpg"],[2,"1216742317_016702_4863_1-512.jpg"],[2,"1216742317_176671_4864_1-512.jpg"],[2,"1216742317_361622_4865_1-512.jpg"],[2,"1216742317_551611_4866_1-512.jpg"],[2,"1216742318_506652_4871_1-512.jpg"],[2,"1216742318_771634_4872_1-512.jpg"],[1,"1216744775_469122_10440_3-512.jpg"],[2,"1216744776_239073_10442_3-512.jpg"],[1,"1216744776_239073_10442_3-512.jpg"],[2,"1216744776_579195_10443_3-512.jpg"],[1,"1216744776_579195_10443_3-512.jpg"],[2,"1216744776_894073_10444_3-512.jpg"],[1,"1216744776_894073_10444_3-512.jpg"],[2,"1216744777_204315_10445_3-512.jpg"],[2,"1216744777_204315_10445_3-512.jpg"],[2,"1216744777_529132_10446_3-512.jpg"],[2,"1216744777_529132_10446_3-512.jpg"],[2,"1216744777_894210_10447_3-512.jpg"],[2,"1216744778_229021_10448_3-512.jpg"],[2,"1216744778_554013_10449_3-512.jpg"],[2,"1216744778_894271_10450_3-512.jpg"],[2,"1216744779_269081_10451_3-512.jpg"],[2,"1216744779_269081_10451_3-512.jpg"],[2,"1216744779_623953_10452_3-512.jpg"],[2,"1216744779_988970_10453_3-512.jpg"],[2,"1216744780_374083_10454_3-512.jpg"],[2,"1216744780_774037_10455_3-512.jpg"],[1,"1216744780_774037_10455_3-512.jpg"],[2,"1216744781_149030_10456_3-512.jpg"],[2,"1216744781_579012_10457_3-512.jpg"],[1,"1216744781_579012_10457_3-512.jpg"],[2,"1216744782_119034_10458_3-512.jpg"],[2,"1216744782_119034_10458_3-512.jpg"],[2,"1216744782_119034_10458_3-512.jpg"],[2,"1216744782_993995_10459_3-512.jpg"],[2,"1216744782_993995_10459_3-512.jpg"],[2,"1216744782_993995_10459_3-512.jpg"]],"construction_ml":"complete","preds_design":[[1,"1216742316_476513_4860_1-512.jpg"],[1,"1216742316_631629_4861_1-512.jpg"],[1,"1216742316_826704_4862_1-512.jpg"],[1,"1216742317_016702_4863_1-512.jpg"],[1,"1216742317_176671_4864_1-512.jpg"],[1,"1216742317_361622_4865_1-512.jpg"],[1,"1216742317_551611_4866_1-512.jpg"],[1,"1216742317_716680_4867_1-512.jpg"],[1,"1216742317_916691_4868_1-512.jpg"],[1,"1216742318_116711_4869_1-512.jpg"],[1,"1216742318_321628_4870_1-512.jpg"],[1,"1216742318_506652_4871_1-512.jpg"],[1,"1216742318_771634_4872_1-512.jpg"],[1,"1216744775_469122_10440_3-512.jpg"],[1,"1216744775_874009_10441_3-512.jpg"],[1,"1216744776_239073_10442_3-512.jpg"],[1,"1216744776_579195_10443_3-512.jpg"],[1,"1216744776_894073_10444_3-512.jpg"],[1,"1216744777_204315_10445_3-512.jpg"],[1,"1216744777_529132_10446_3-512.jpg"],[2,"1216744777_529132_10446_3-512.jpg"],[1,"1216744777_894210_10447_3-512.jpg"],[2,"1216744777_894210_10447_3-512.jpg"],[1,"1216744778_229021_10448_3-512.jpg"],[1,"1216744778_554013_10449_3-512.jpg"],[2,"1216744778_554013_10449_3-512.jpg"],[1,"1216744778_894271_10450_3-512.jpg"],[1,"1216744779_269081_10451_3-512.jpg"],[1,"1216744779_269081_10451_3-512.jpg"],[1,"1216744779_623953_10452_3-512.jpg"],[1,"1216744779_988970_10453_3-512.jpg"],[2,"1216744779_988970_10453_3-512.jpg"],[1,"1216744780_374083_10454_3-512.jpg"],[1,"1216744780_774037_10455_3-512.jpg"],[1,"1216744780_774037_10455_3-512.jpg"],[1,"1216744781_149030_10456_3-512.jpg"],[1,"1216744781_149030_10456_3-512.jpg"],[1,"1216744781_579012_10457_3-512.jpg"],[1,"1216744781_579012_10457_3-512.jpg"],[1,"1216744782_119034_10458_3-512.jpg"],[1,"1216744782_119034_10458_3-512.jpg"],[1,"1216744782_993995_10459_3-512.jpg"],[1,"1216744782_993995_10459_3-512.jpg"],[1,"1216744783_878912_10460_3-512.jpg"]],"design_ml":"undesigned","images":[]}
