{"MATERIAL":"corrugated metal/heavily patched","AVG_SLOPE":6.96256221503,"AVG_HEIGHT":4.58981015082,"TERAIN_SLP":7.95296917354,"AREA":24.0815518332,"VOLUME":111,"FLOORS":2,"INT_ZONE":null,"FLOOD":1,"LANDSLIDE":"Amenaza Media","LEGAL_ID":"1480","LEGAL_NAME":"PUERTA DEL PARAISO","LEGAL_AREA":0,"LEGAL_LOTS":0,"LEGAL_POP":0,"LEGAL_DENS":0,"LEGALIZING":"No viable","BLOCK_ID_":"204107012","BLOCK_POP":4,"BLOCK_BLD":1,"BLOCK_RISK":7.112607,"BLOCK_EDU":0,"BLOCK_HLTH":0,"BLOCK_TRAN":99.607826,"BLOCK_CULT":0,"BLOCK_PARK":97.904274,"BLOCK_SEC":42.33535,"BLOCK_CENT":0,"BLOCK_DEF":100,"BLD_INHAB":4,"OBJECTID":1,"AO_225":0.16,"id":2746,"preds_material":[[5,"1216742533_755524_5328_1-512.jpg"],[5,"1216742533_985511_5329_1-512.jpg"],[5,"1216742534_220551_5330_1-512.jpg"],[5,"1216742534_220551_5330_1-512.jpg"],[5,"1216742534_465499_5331_1-512.jpg"],[5,"1216742534_720527_5332_1-512.jpg"]],"material_ml":"painted","preds_construction":[[2,"1216742533_755524_5328_1-512.jpg"],[2,"1216742533_985511_5329_1-512.jpg"],[2,"1216742534_220551_5330_1-512.jpg"],[2,"1216742534_220551_5330_1-512.jpg"],[2,"1216742534_465499_5331_1-512.jpg"],[2,"1216742534_720527_5332_1-512.jpg"]],"construction_ml":"complete","preds_design":[[2,"1216742533_755524_5328_1-512.jpg"],[2,"1216742533_985511_5329_1-512.jpg"],[2,"1216742534_220551_5330_1-512.jpg"],[2,"1216742534_220551_5330_1-512.jpg"],[2,"1216742534_465499_5331_1-512.jpg"],[2,"1216742534_720527_5332_1-512.jpg"]],"design_ml":"designed","images":[]}
