{"MATERIAL":"corrugated metal - new","AVG_SLOPE":10.5991828825,"AVG_HEIGHT":7.75609824602,"TERAIN_SLP":6.9902450599,"AREA":81.5727437711,"VOLUME":633,"FLOORS":2,"INT_ZONE":null,"FLOOD":1,"LANDSLIDE":"Amenaza Media","LEGAL_ID":"1480","LEGAL_NAME":"PUERTA DEL PARAISO","LEGAL_AREA":0,"LEGAL_LOTS":0,"LEGAL_POP":0,"LEGAL_DENS":0,"LEGALIZING":"No viable","BLOCK_ID_":"204107012","BLOCK_POP":4,"BLOCK_BLD":1,"BLOCK_RISK":7.112607,"BLOCK_EDU":0,"BLOCK_HLTH":0,"BLOCK_TRAN":99.607826,"BLOCK_CULT":0,"BLOCK_PARK":97.904274,"BLOCK_SEC":42.33535,"BLOCK_CENT":0,"BLOCK_DEF":100,"BLD_INHAB":4,"OBJECTID":1,"AO_225":0.16,"id":2749,"preds_material":[[2,"1216741623_535391_3208_1-512.jpg"],[2,"1216741623_820459_3209_1-512.jpg"],[2,"1216741624_115389_3210_1-512.jpg"],[5,"1216742529_105707_5308_1-512.jpg"],[5,"1216742529_390680_5309_1-512.jpg"],[5,"1216742529_665623_5310_1-512.jpg"],[5,"1216742529_930597_5311_1-512.jpg"],[5,"1216742530_140574_5312_1-512.jpg"],[5,"1216742530_390612_5313_1-512.jpg"],[5,"1216742530_635555_5314_1-512.jpg"],[5,"1216742530_875627_5315_1-512.jpg"],[5,"1216742530_875627_5315_1-512.jpg"],[5,"1216742531_110591_5316_1-512.jpg"],[5,"1216742531_110591_5316_1-512.jpg"],[5,"1216742531_335583_5317_1-512.jpg"],[5,"1216742531_335583_5317_1-512.jpg"],[5,"1216742531_525505_5318_1-512.jpg"],[5,"1216742531_525505_5318_1-512.jpg"],[5,"1216742531_760562_5319_1-512.jpg"],[5,"1216742531_760562_5319_1-512.jpg"],[5,"1216742531_990552_5320_1-512.jpg"],[5,"1216742531_990552_5320_1-512.jpg"],[5,"1216742531_990552_5320_1-512.jpg"],[5,"1216742532_210561_5321_1-512.jpg"],[5,"1216742532_210561_5321_1-512.jpg"],[5,"1216742532_420604_5322_1-512.jpg"],[5,"1216742532_420604_5322_1-512.jpg"],[5,"1216742532_630554_5323_1-512.jpg"],[5,"1216742532_630554_5323_1-512.jpg"],[5,"1216742532_845574_5324_1-512.jpg"],[5,"1216742532_845574_5324_1-512.jpg"],[5,"1216742533_065525_5325_1-512.jpg"],[5,"1216742533_065525_5325_1-512.jpg"],[5,"1216742533_290579_5326_1-512.jpg"],[5,"1216742533_525488_5327_1-512.jpg"]],"material_ml":"painted","preds_construction":[[2,"1216742529_390680_5309_1-512.jpg"],[2,"1216742529_665623_5310_1-512.jpg"],[2,"1216742529_930597_5311_1-512.jpg"],[2,"1216742530_140574_5312_1-512.jpg"],[2,"1216742530_390612_5313_1-512.jpg"],[2,"1216742530_635555_5314_1-512.jpg"],[2,"1216742530_875627_5315_1-512.jpg"],[2,"1216742530_875627_5315_1-512.jpg"],[2,"1216742531_110591_5316_1-512.jpg"],[2,"1216742531_110591_5316_1-512.jpg"],[2,"1216742531_335583_5317_1-512.jpg"],[2,"1216742531_335583_5317_1-512.jpg"],[2,"1216742531_525505_5318_1-512.jpg"],[2,"1216742531_525505_5318_1-512.jpg"],[2,"1216742531_760562_5319_1-512.jpg"],[2,"1216742531_760562_5319_1-512.jpg"],[2,"1216742531_990552_5320_1-512.jpg"],[2,"1216742531_990552_5320_1-512.jpg"],[2,"1216742532_210561_5321_1-512.jpg"],[2,"1216742532_210561_5321_1-512.jpg"],[2,"1216742532_420604_5322_1-512.jpg"],[2,"1216742532_420604_5322_1-512.jpg"],[2,"1216742532_630554_5323_1-512.jpg"],[2,"1216742532_630554_5323_1-512.jpg"],[2,"1216742532_845574_5324_1-512.jpg"],[2,"1216742532_845574_5324_1-512.jpg"],[2,"1216742533_065525_5325_1-512.jpg"],[2,"1216742533_065525_5325_1-512.jpg"],[2,"1216742533_290579_5326_1-512.jpg"],[2,"1216742533_525488_5327_1-512.jpg"]],"construction_ml":"complete","preds_design":[[2,"1216742529_105707_5308_1-512.jpg"],[2,"1216742529_390680_5309_1-512.jpg"],[2,"1216742529_665623_5310_1-512.jpg"],[2,"1216742529_930597_5311_1-512.jpg"],[2,"1216742530_140574_5312_1-512.jpg"],[2,"1216742530_390612_5313_1-512.jpg"],[2,"1216742530_635555_5314_1-512.jpg"],[2,"1216742530_875627_5315_1-512.jpg"],[2,"1216742530_875627_5315_1-512.jpg"],[2,"1216742531_110591_5316_1-512.jpg"],[2,"1216742531_110591_5316_1-512.jpg"],[2,"1216742531_335583_5317_1-512.jpg"],[2,"1216742531_335583_5317_1-512.jpg"],[2,"1216742531_525505_5318_1-512.jpg"],[2,"1216742531_525505_5318_1-512.jpg"],[2,"1216742531_760562_5319_1-512.jpg"],[2,"1216742531_760562_5319_1-512.jpg"],[2,"1216742531_990552_5320_1-512.jpg"],[2,"1216742531_990552_5320_1-512.jpg"],[2,"1216742531_990552_5320_1-512.jpg"],[2,"1216742532_210561_5321_1-512.jpg"],[2,"1216742532_210561_5321_1-512.jpg"],[2,"1216742532_420604_5322_1-512.jpg"],[2,"1216742532_420604_5322_1-512.jpg"],[2,"1216742532_630554_5323_1-512.jpg"],[2,"1216742532_630554_5323_1-512.jpg"],[2,"1216742532_845574_5324_1-512.jpg"],[2,"1216742532_845574_5324_1-512.jpg"],[2,"1216742533_065525_5325_1-512.jpg"],[2,"1216742533_065525_5325_1-512.jpg"],[2,"1216742533_290579_5326_1-512.jpg"],[2,"1216742533_525488_5327_1-512.jpg"]],"design_ml":"designed","images":[]}
