{"MATERIAL":"concrete","AVG_SLOPE":8.15520376711,"AVG_HEIGHT":5.01629339018,"TERAIN_SLP":17.8253216718,"AREA":41.3289897875,"VOLUME":207,"FLOORS":2,"INT_ZONE":null,"FLOOD":1,"LANDSLIDE":"Amenaza Media","LEGAL_ID":"1480","LEGAL_NAME":"PUERTA DEL PARAISO","LEGAL_AREA":0,"LEGAL_LOTS":0,"LEGAL_POP":0,"LEGAL_DENS":0,"LEGALIZING":"No viable","BLOCK_ID_":"204107012","BLOCK_POP":4,"BLOCK_BLD":1,"BLOCK_RISK":7.112607,"BLOCK_EDU":0,"BLOCK_HLTH":0,"BLOCK_TRAN":99.607826,"BLOCK_CULT":0,"BLOCK_PARK":97.904274,"BLOCK_SEC":42.33535,"BLOCK_CENT":0,"BLOCK_DEF":100,"BLD_INHAB":4,"OBJECTID":2,"AO_225":0.2,"id":2762,"preds_material":[[5,"1216745869_338956_12674_3-512.jpg"],[5,"1216745869_683808_12675_3-512.jpg"],[5,"1216746339_081550_14860_1-512.jpg"]],"material_ml":"painted","preds_construction":[[2,"1216745869_338956_12674_3-512.jpg"],[2,"1216745869_683808_12675_3-512.jpg"],[2,"1216746338_141529_14859_1-512.jpg"],[2,"1216746339_081550_14860_1-512.jpg"],[1,"1216746339_081550_14860_1-512.jpg"]],"construction_ml":"complete","preds_design":[[1,"1216745868_948937_12673_3-512.jpg"],[1,"1216745869_338956_12674_3-512.jpg"],[1,"1216745869_683808_12675_3-512.jpg"],[1,"1216745869_683808_12675_3-512.jpg"]],"design_ml":"undesigned","images":[]}
