{"MATERIAL":"corrugated metal","AVG_SLOPE":7.24067893905,"AVG_HEIGHT":8.42109418593,"TERAIN_SLP":9.19332051659,"AREA":67.4240086213,"VOLUME":568,"FLOORS":3,"INT_ZONE":null,"FLOOD":1,"LANDSLIDE":"Amenaza Media","LEGAL_ID":"1480","LEGAL_NAME":"PUERTA DEL PARAISO","LEGAL_AREA":0,"LEGAL_LOTS":0,"LEGAL_POP":0,"LEGAL_DENS":0,"LEGALIZING":"No viable","BLOCK_ID_":"204107012","BLOCK_POP":4,"BLOCK_BLD":1,"BLOCK_RISK":7.112607,"BLOCK_EDU":0,"BLOCK_HLTH":0,"BLOCK_TRAN":99.607826,"BLOCK_CULT":0,"BLOCK_PARK":97.904274,"BLOCK_SEC":42.33535,"BLOCK_CENT":0,"BLOCK_DEF":100,"BLD_INHAB":4,"OBJECTID":1,"AO_225":0.16,"id":2779,"preds_material":[[5,"1216742459_310813_5208_3-512.jpg"],[1,"1216742461_260843_5214_3-512.jpg"],[1,"1216742461_650813_5215_3-512.jpg"],[1,"1216742463_460758_5218_3-512.jpg"],[1,"1216742464_385605_5219_3-512.jpg"],[1,"1216742465_075701_5220_3-512.jpg"],[5,"1216742465_815715_5221_3-512.jpg"],[1,"1216742467_875773_5224_3-512.jpg"],[1,"1216742468_405590_5225_3-512.jpg"],[5,"1216742470_120579_5230_3-512.jpg"],[5,"1216742470_355594_5231_3-512.jpg"],[5,"1216742471_560648_5237_3-512.jpg"],[3,"1216742471_560648_5237_3-512.jpg"],[5,"1216742472_480618_5242_3-512.jpg"],[5,"1216742501_458233_5267_1-512.jpg"],[5,"1216746351_121470_14871_1-512.jpg"]],"material_ml":"painted","preds_construction":[[2,"1216742456_970821_5203_3-512.jpg"],[2,"1216742459_640859_5209_3-512.jpg"],[2,"1216742461_260843_5214_3-512.jpg"],[2,"1216742461_650813_5215_3-512.jpg"],[1,"1216742464_385605_5219_3-512.jpg"],[2,"1216742464_385605_5219_3-512.jpg"],[2,"1216742465_075701_5220_3-512.jpg"],[1,"1216742465_075701_5220_3-512.jpg"],[1,"1216742467_340609_5223_3-512.jpg"],[2,"1216742468_405590_5225_3-512.jpg"],[2,"1216742470_120579_5230_3-512.jpg"],[2,"1216742470_355594_5231_3-512.jpg"],[2,"1216742471_375666_5236_3-512.jpg"],[2,"1216742472_480618_5242_3-512.jpg"],[2,"1216742501_458233_5267_1-512.jpg"],[2,"1216746351_121470_14871_1-512.jpg"]],"construction_ml":"complete","preds_design":[[2,"1216742459_310813_5208_3-512.jpg"],[2,"1216742459_310813_5208_3-512.jpg"],[1,"1216742461_260843_5214_3-512.jpg"],[1,"1216742461_650813_5215_3-512.jpg"],[2,"1216742465_075701_5220_3-512.jpg"],[1,"1216742465_075701_5220_3-512.jpg"],[2,"1216742468_405590_5225_3-512.jpg"],[1,"1216742470_120579_5230_3-512.jpg"],[1,"1216742470_355594_5231_3-512.jpg"],[1,"1216742471_375666_5236_3-512.jpg"],[2,"1216742471_375666_5236_3-512.jpg"],[2,"1216742472_480618_5242_3-512.jpg"],[1,"1216742501_458233_5267_1-512.jpg"],[2,"1216746351_121470_14871_1-512.jpg"]],"design_ml":"undesigned","images":[]}
