{"MATERIAL":"corrugated metal/heavily patched","AVG_SLOPE":7.80986990571,"AVG_HEIGHT":2.62159350961,"TERAIN_SLP":4.06838952204,"AREA":155.637772063,"VOLUME":408,"FLOORS":1,"INT_ZONE":"Borde Rural","FLOOD":1,"LANDSLIDE":"Amenaza Media","LEGAL_ID":"311","LEGAL_NAME":"EL MIRADOR","LEGAL_AREA":11.06,"LEGAL_LOTS":989,"LEGAL_POP":5340.6,"LEGAL_DENS":89.42,"LEGALIZING":null,"BLOCK_ID_":"002570035","BLOCK_POP":39,"BLOCK_BLD":10,"BLOCK_RISK":27.581842,"BLOCK_EDU":0,"BLOCK_HLTH":9.7428646,"BLOCK_TRAN":94.606827,"BLOCK_CULT":0,"BLOCK_PARK":0,"BLOCK_SEC":100,"BLOCK_CENT":0,"BLOCK_DEF":0,"BLD_INHAB":4,"OBJECTID":2,"AO_225":0.2,"id":279,"preds_material":[[6,"1216742260_561864_4642_1-512.jpg"],[6,"1216742260_866939_4643_1-512.jpg"],[6,"1216742261_161883_4644_1-512.jpg"],[6,"1216742261_441866_4645_1-512.jpg"],[6,"1216742261_736936_4646_1-512.jpg"],[5,"1216742261_736936_4646_1-512.jpg"],[6,"1216742262_016991_4647_1-512.jpg"],[5,"1216742262_016991_4647_1-512.jpg"],[6,"1216742262_286928_4648_1-512.jpg"],[5,"1216742262_286928_4648_1-512.jpg"],[6,"1216742262_581863_4649_1-512.jpg"],[5,"1216742262_581863_4649_1-512.jpg"],[6,"1216742262_861843_4650_1-512.jpg"],[6,"1216742263_146919_4651_1-512.jpg"],[5,"1216742263_146919_4651_1-512.jpg"],[6,"1216742263_496983_4652_1-512.jpg"],[5,"1216742263_496983_4652_1-512.jpg"],[1,"1216742263_496983_4652_1-512.jpg"],[6,"1216742264_007135_4653_1-512.jpg"],[5,"1216742264_007135_4653_1-512.jpg"],[5,"1216742264_586912_4654_1-512.jpg"],[6,"1216742264_586912_4654_1-512.jpg"],[5,"1216742264_586912_4654_1-512.jpg"],[5,"1216742265_021962_4655_1-512.jpg"],[6,"1216742265_021962_4655_1-512.jpg"],[5,"1216742265_401953_4656_1-512.jpg"],[6,"1216742265_401953_4656_1-512.jpg"],[5,"1216742265_796926_4657_1-512.jpg"],[6,"1216742265_796926_4657_1-512.jpg"],[5,"1216742266_201978_4658_1-512.jpg"],[6,"1216742266_201978_4658_1-512.jpg"],[5,"1216742266_551878_4659_1-512.jpg"],[5,"1216742266_866866_4660_1-512.jpg"],[5,"1216742267_176876_4661_1-512.jpg"],[5,"1216742267_486929_4662_1-512.jpg"],[6,"1216742267_791920_4663_1-512.jpg"],[5,"1216742267_791920_4663_1-512.jpg"],[5,"1216744459_290532_9770_1-512.jpg"],[5,"1216744462_500362_9773_1-512.jpg"],[5,"1216744465_290531_9774_1-512.jpg"],[5,"1216744467_340356_9775_1-512.jpg"],[5,"1216744719_894333_10261_1-512.jpg"],[5,"1216744720_264343_10262_1-512.jpg"],[5,"1216744720_599303_10263_1-512.jpg"],[5,"1216744720_929389_10264_1-512.jpg"],[5,"1216744721_244473_10265_1-512.jpg"],[5,"1216744721_549465_10266_1-512.jpg"],[5,"1216744721_849219_10267_1-512.jpg"],[5,"1216744721_849219_10267_1-512.jpg"],[5,"1216744722_094324_10268_1-512.jpg"],[5,"1216744722_094324_10268_1-512.jpg"],[5,"1216744722_399470_10269_1-512.jpg"],[5,"1216744722_399470_10269_1-512.jpg"],[5,"1216744722_699406_10270_1-512.jpg"],[5,"1216744722_699406_10270_1-512.jpg"],[5,"1216744722_999337_10271_1-512.jpg"],[1,"1216744722_999337_10271_1-512.jpg"],[5,"1216744722_999337_10271_1-512.jpg"],[5,"1216744723_294334_10272_1-512.jpg"],[1,"1216744723_294334_10272_1-512.jpg"],[5,"1216744723_609349_10273_1-512.jpg"],[1,"1216744723_609349_10273_1-512.jpg"],[1,"1216744723_994294_10274_1-512.jpg"],[5,"1216744723_994294_10274_1-512.jpg"],[1,"1216744724_339231_10275_1-512.jpg"],[5,"1216744724_339231_10275_1-512.jpg"],[1,"1216744724_664083_10276_1-512.jpg"],[1,"1216744725_029181_10277_1-512.jpg"],[5,"1216744725_029181_10277_1-512.jpg"],[5,"1216744725_349199_10278_1-512.jpg"],[1,"1216744725_349199_10278_1-512.jpg"],[5,"1216744725_349199_10278_1-512.jpg"],[5,"1216744725_659214_10279_1-512.jpg"],[5,"1216744725_979192_10280_1-512.jpg"],[5,"1216744726_309324_10281_1-512.jpg"],[1,"1216744726_309324_10281_1-512.jpg"],[5,"1216744726_644096_10282_1-512.jpg"],[5,"1216744727_044185_10283_1-512.jpg"],[5,"1216744727_494300_10284_1-512.jpg"],[5,"1216744727_894327_10285_1-512.jpg"],[5,"1216744728_254381_10286_1-512.jpg"],[5,"1216744728_614385_10287_1-512.jpg"],[5,"1216744728_614385_10287_1-512.jpg"],[5,"1216744728_969289_10288_1-512.jpg"],[5,"1216744729_284267_10289_1-512.jpg"],[5,"1216744729_659364_10290_1-512.jpg"],[5,"1216744730_104397_10291_1-512.jpg"],[5,"1216744730_659412_10292_1-512.jpg"],[5,"1216744731_154275_10293_1-512.jpg"],[5,"1216744731_664296_10294_1-512.jpg"],[5,"1216744732_269345_10295_1-512.jpg"],[5,"1216744732_874247_10296_1-512.jpg"],[5,"1216744733_629236_10297_1-512.jpg"],[5,"1216744750_234052_10331_1-512.jpg"],[5,"1216744750_614111_10332_1-512.jpg"],[5,"1216744750_954139_10333_1-512.jpg"],[5,"1216744751_284014_10334_1-512.jpg"],[5,"1216744751_594010_10335_1-512.jpg"],[5,"1216744751_914028_10336_1-512.jpg"],[5,"1216744752_194099_10337_1-512.jpg"],[5,"1216744752_449114_10338_1-512.jpg"],[5,"1216744752_689145_10339_1-512.jpg"],[5,"1216744752_939131_10340_1-512.jpg"],[5,"1216744752_939131_10340_1-512.jpg"],[5,"1216744753_159060_10341_1-512.jpg"],[5,"1216744753_373986_10342_1-512.jpg"],[5,"1216744753_588997_10343_1-512.jpg"],[5,"1216744753_804000_10344_1-512.jpg"],[5,"1216744754_004014_10345_1-512.jpg"],[5,"1216744754_004014_10345_1-512.jpg"],[5,"1216744754_199029_10346_1-512.jpg"],[5,"1216744754_199029_10346_1-512.jpg"],[5,"1216744754_399012_10347_1-512.jpg"],[5,"1216744754_599030_10348_1-512.jpg"],[5,"1216744754_788996_10349_1-512.jpg"],[5,"1216744754_979024_10350_1-512.jpg"],[5,"1216744755_164057_10351_1-512.jpg"],[5,"1216744755_348906_10352_1-512.jpg"],[5,"1216744755_348906_10352_1-512.jpg"],[5,"1216744755_533946_10353_1-512.jpg"],[5,"1216744755_719183_10354_1-512.jpg"],[5,"1216744755_898962_10355_1-512.jpg"],[5,"1216744756_073981_10356_1-512.jpg"],[5,"1216744756_254043_10357_1-512.jpg"],[5,"1216744756_419049_10358_1-512.jpg"],[5,"1216744756_589059_10359_1-512.jpg"],[5,"1216744756_759071_10360_1-512.jpg"],[5,"1216744756_929121_10361_1-512.jpg"],[5,"1216744757_099076_10362_1-512.jpg"],[5,"1216744757_438970_10364_1-512.jpg"],[5,"1216744757_608907_10365_1-512.jpg"],[5,"1216744757_773948_10366_1-512.jpg"],[5,"1216744757_929084_10367_1-512.jpg"],[5,"1216744758_264044_10369_1-512.jpg"],[1,"1216744758_264044_10369_1-512.jpg"],[5,"1216744758_419061_10370_1-512.jpg"],[5,"1216744758_579064_10371_1-512.jpg"],[5,"1216744758_754144_10372_1-512.jpg"],[5,"1216744759_229220_10375_1-512.jpg"],[5,"1216744759_394099_10376_1-512.jpg"],[5,"1216744759_524102_10377_1-512.jpg"],[5,"1216744759_689266_10378_1-512.jpg"],[5,"1216744760_344176_10382_1-512.jpg"],[5,"1216744760_479049_10383_1-512.jpg"],[5,"1216744760_649179_10384_1-512.jpg"],[5,"1216744760_824041_10385_1-512.jpg"],[5,"1216744761_359021_10388_1-512.jpg"],[5,"1216744761_514086_10389_1-512.jpg"],[5,"1216744761_699075_10390_1-512.jpg"],[5,"1216744761_889146_10391_1-512.jpg"],[2,"1216744762_459225_10394_1-512.jpg"],[6,"1216744762_649229_10395_1-512.jpg"],[5,"1216744762_649229_10395_1-512.jpg"],[5,"1216744762_839267_10396_1-512.jpg"],[6,"1216744762_839267_10396_1-512.jpg"],[2,"1216744762_839267_10396_1-512.jpg"],[5,"1216744763_029281_10397_1-512.jpg"],[5,"1216744763_224339_10398_1-512.jpg"],[1,"1216744763_224339_10398_1-512.jpg"],[5,"1216744763_414273_10399_1-512.jpg"],[5,"1216744763_604419_10400_1-512.jpg"],[5,"1216744763_799277_10401_1-512.jpg"],[5,"1216744764_004265_10402_1-512.jpg"],[5,"1216744764_204288_10403_1-512.jpg"],[5,"1216744764_394297_10404_1-512.jpg"],[5,"1216744764_394297_10404_1-512.jpg"],[5,"1216744764_594302_10405_1-512.jpg"],[5,"1216744764_789285_10406_1-512.jpg"],[5,"1216744764_979237_10407_1-512.jpg"],[5,"1216744765_169274_10408_1-512.jpg"],[5,"1216744765_364151_10409_1-512.jpg"],[5,"1216744765_559048_10410_1-512.jpg"],[5,"1216744765_754058_10411_1-512.jpg"],[5,"1216744765_949033_10412_1-512.jpg"],[5,"1216744766_189009_10413_1-512.jpg"],[5,"1216744766_384016_10414_1-512.jpg"],[5,"1216744766_584046_10415_1-512.jpg"],[5,"1216744766_784023_10416_1-512.jpg"],[5,"1216744766_989056_10417_1-512.jpg"],[5,"1216744766_989056_10417_1-512.jpg"],[5,"1216744767_194012_10418_1-512.jpg"]],"material_ml":"painted",