{"MATERIAL":"corrugated metal","AVG_SLOPE":6.69648221439,"AVG_HEIGHT":6.24038699799,"TERAIN_SLP":30.427812062,"AREA":33.6694221607,"VOLUME":210,"FLOORS":2,"INT_ZONE":"Borde Rural","FLOOD":1,"LANDSLIDE":"Amenaza Alta","LEGAL_ID":"231","LEGAL_NAME":"BELLA FLOR","LEGAL_AREA":24.13,"LEGAL_LOTS":1732,"LEGAL_POP":9352.8,"LEGAL_DENS":71.77786987,"LEGALIZING":null,"BLOCK_ID_":"002580021","BLOCK_POP":50,"BLOCK_BLD":9,"BLOCK_RISK":2.2192566,"BLOCK_EDU":0,"BLOCK_HLTH":0,"BLOCK_TRAN":99.973473,"BLOCK_CULT":0,"BLOCK_PARK":99.756203,"BLOCK_SEC":100,"BLOCK_CENT":0,"BLOCK_DEF":66.6666666667,"BLD_INHAB":6,"OBJECTID":2,"AO_225":0.2,"id":2806,"preds_material":[[1,"1216746319_776778_14808_1-512.jpg"],[5,"1216746319_776778_14808_1-512.jpg"],[1,"1216746319_966858_14809_1-512.jpg"],[1,"1216746320_126696_14810_1-512.jpg"],[1,"1216746320_321810_14811_1-512.jpg"],[5,"1216746320_321810_14811_1-512.jpg"],[1,"1216746320_521812_14812_1-512.jpg"],[1,"1216746320_711622_14813_1-512.jpg"],[5,"1216746323_426671_14825_1-512.jpg"],[5,"1216746323_746822_14826_1-512.jpg"],[5,"1216746324_147011_14827_1-512.jpg"],[5,"1216746324_636930_14828_1-512.jpg"]],"material_ml":"brick","images":[]}
