{"MATERIAL":"corrugated metal","AVG_SLOPE":10.0827051216,"AVG_HEIGHT":5.84350042156,"TERAIN_SLP":35.0618387104,"AREA":56.9097680723,"VOLUME":333,"FLOORS":2,"INT_ZONE":null,"FLOOD":1,"LANDSLIDE":"Amenaza Media","LEGAL_ID":"231","LEGAL_NAME":"BELLA FLOR","LEGAL_AREA":24.13,"LEGAL_LOTS":1732,"LEGAL_POP":9352.8,"LEGAL_DENS":71.77786987,"LEGALIZING":null,"BLOCK_ID_":"002580020","BLOCK_POP":71,"BLOCK_BLD":25,"BLOCK_RISK":8.1447182,"BLOCK_EDU":75.047432,"BLOCK_HLTH":0,"BLOCK_TRAN":99.971878,"BLOCK_CULT":0,"BLOCK_PARK":99.950623,"BLOCK_SEC":100,"BLOCK_CENT":0,"BLOCK_DEF":36,"BLD_INHAB":3,"OBJECTID":2,"AO_225":0.2,"id":2809,"preds_material":[[5,"1216745883_068902_12708_3-512.jpg"],[5,"1216745883_068902_12708_3-512.jpg"],[5,"1216745883_408975_12709_3-512.jpg"],[5,"1216745883_763869_12710_3-512.jpg"],[5,"1216745884_123933_12711_3-512.jpg"],[5,"1216746319_966858_14809_1-512.jpg"],[5,"1216746320_126696_14810_1-512.jpg"]],"material_ml":"painted","images":[]}
