{"MATERIAL":"corrugated metal","AVG_SLOPE":3.41510017606,"AVG_HEIGHT":3.6537375871,"TERAIN_SLP":30.0479111671,"AREA":48.8379391723,"VOLUME":178,"FLOORS":2,"INT_ZONE":null,"FLOOD":1,"LANDSLIDE":"Amenaza Media","LEGAL_ID":"231","LEGAL_NAME":"BELLA FLOR","LEGAL_AREA":24.13,"LEGAL_LOTS":1732,"LEGAL_POP":9352.8,"LEGAL_DENS":71.77786987,"LEGALIZING":null,"BLOCK_ID_":"002580020","BLOCK_POP":71,"BLOCK_BLD":25,"BLOCK_RISK":8.1447182,"BLOCK_EDU":75.047432,"BLOCK_HLTH":0,"BLOCK_TRAN":99.971878,"BLOCK_CULT":0,"BLOCK_PARK":99.950623,"BLOCK_SEC":100,"BLOCK_CENT":0,"BLOCK_DEF":36,"BLD_INHAB":3,"OBJECTID":2,"AO_225":0.2,"id":2812,"preds_material":[[1,"1216745885_829002_12717_3-512.jpg"],[1,"1216745886_029017_12718_3-512.jpg"],[5,"1216745886_029017_12718_3-512.jpg"],[6,"1216745886_029017_12718_3-512.jpg"],[1,"1216745886_224060_12719_3-512.jpg"],[6,"1216745886_224060_12719_3-512.jpg"],[1,"1216745886_423785_12720_3-512.jpg"],[6,"1216745886_423785_12720_3-512.jpg"],[1,"1216745886_608829_12721_3-512.jpg"],[6,"1216745886_608829_12721_3-512.jpg"],[1,"1216745886_788830_12722_3-512.jpg"],[1,"1216745886_968869_12723_3-512.jpg"],[1,"1216745887_148806_12724_3-512.jpg"],[1,"1216745887_323851_12725_3-512.jpg"],[5,"1216746315_486725_14792_1-512.jpg"],[5,"1216746315_946721_14793_1-512.jpg"]],"material_ml":"brick","preds_construction":[[2,"1216745885_829002_12717_3-512.jpg"],[2,"1216745886_029017_12718_3-512.jpg"],[2,"1216745886_224060_12719_3-512.jpg"],[2,"1216745886_423785_12720_3-512.jpg"],[2,"1216745886_608829_12721_3-512.jpg"],[2,"1216745886_788830_12722_3-512.jpg"],[2,"1216745886_968869_12723_3-512.jpg"],[1,"1216745886_968869_12723_3-512.jpg"],[2,"1216745887_148806_12724_3-512.jpg"],[1,"1216745887_148806_12724_3-512.jpg"],[2,"1216745887_323851_12725_3-512.jpg"],[1,"1216745887_323851_12725_3-512.jpg"],[2,"1216746315_486725_14792_1-512.jpg"],[2,"1216746315_946721_14793_1-512.jpg"]],"construction_ml":"complete","preds_design":[[1,"1216745885_829002_12717_3-512.jpg"],[2,"1216745886_029017_12718_3-512.jpg"],[1,"1216745886_029017_12718_3-512.jpg"],[2,"1216745886_224060_12719_3-512.jpg"],[1,"1216745886_224060_12719_3-512.jpg"],[2,"1216745886_423785_12720_3-512.jpg"],[1,"1216745886_423785_12720_3-512.jpg"],[2,"1216745886_608829_12721_3-512.jpg"],[1,"1216745886_608829_12721_3-512.jpg"],[1,"1216745886_788830_12722_3-512.jpg"],[1,"1216745886_968869_12723_3-512.jpg"],[1,"1216745887_148806_12724_3-512.jpg"],[1,"1216745887_323851_12725_3-512.jpg"],[1,"1216746315_486725_14792_1-512.jpg"],[1,"1216746315_946721_14793_1-512.jpg"]],"design_ml":"undesigned","images":[]}
