{"MATERIAL":"corrugated metal","AVG_SLOPE":5.63161324015,"AVG_HEIGHT":1.17569523209,"TERAIN_SLP":28.3114157995,"AREA":40.6049199215,"VOLUME":48,"FLOORS":1,"INT_ZONE":null,"FLOOD":1,"LANDSLIDE":"Amenaza Media","LEGAL_ID":"231","LEGAL_NAME":"BELLA FLOR","LEGAL_AREA":24.13,"LEGAL_LOTS":1732,"LEGAL_POP":9352.8,"LEGAL_DENS":71.77786987,"LEGALIZING":null,"BLOCK_ID_":"002580020","BLOCK_POP":71,"BLOCK_BLD":25,"BLOCK_RISK":8.1447182,"BLOCK_EDU":75.047432,"BLOCK_HLTH":0,"BLOCK_TRAN":99.971878,"BLOCK_CULT":0,"BLOCK_PARK":99.950623,"BLOCK_SEC":100,"BLOCK_CENT":0,"BLOCK_DEF":36,"BLD_INHAB":3,"OBJECTID":2,"AO_225":0.2,"id":2813,"preds_material":[[1,"1216745887_508824_12726_3-512.jpg"],[1,"1216745887_628838_12727_3-512.jpg"],[1,"1216745887_798893_12728_3-512.jpg"],[1,"1216745887_988839_12729_3-512.jpg"],[1,"1216745888_108883_12730_3-512.jpg"],[1,"1216745888_273928_12731_3-512.jpg"],[5,"1216746314_161653_14790_1-512.jpg"]],"material_ml":"brick","preds_construction":[[2,"1216745887_508824_12726_3-512.jpg"],[1,"1216745887_508824_12726_3-512.jpg"],[2,"1216745887_628838_12727_3-512.jpg"],[1,"1216745887_628838_12727_3-512.jpg"],[2,"1216745887_798893_12728_3-512.jpg"],[1,"1216745887_798893_12728_3-512.jpg"],[1,"1216745887_988839_12729_3-512.jpg"],[2,"1216745887_988839_12729_3-512.jpg"],[1,"1216745888_108883_12730_3-512.jpg"],[2,"1216745888_108883_12730_3-512.jpg"],[2,"1216745888_273928_12731_3-512.jpg"],[1,"1216745888_273928_12731_3-512.jpg"],[2,"1216745888_453776_12732_3-512.jpg"],[2,"1216745888_568833_12733_3-512.jpg"],[2,"1216745888_683792_12734_3-512.jpg"],[2,"1216746314_821647_14791_1-512.jpg"]],"construction_ml":"complete","preds_design":[[1,"1216745887_508824_12726_3-512.jpg"],[1,"1216745887_628838_12727_3-512.jpg"],[1,"1216745887_798893_12728_3-512.jpg"],[1,"1216745887_988839_12729_3-512.jpg"],[1,"1216745888_108883_12730_3-512.jpg"],[1,"1216745888_273928_12731_3-512.jpg"],[1,"1216745888_453776_12732_3-512.jpg"],[1,"1216745888_568833_12733_3-512.jpg"],[1,"1216745888_683792_12734_3-512.jpg"],[1,"1216746314_821647_14791_1-512.jpg"]],"design_ml":"undesigned","images":[]}
