{"MATERIAL":"corrugated metal/heavily patched","AVG_SLOPE":10.0480000433,"AVG_HEIGHT":1.18945900791,"TERAIN_SLP":28.2799971375,"AREA":45.1239051559,"VOLUME":54,"FLOORS":1,"INT_ZONE":null,"FLOOD":1,"LANDSLIDE":"Amenaza Media","LEGAL_ID":"231","LEGAL_NAME":"BELLA FLOR","LEGAL_AREA":24.13,"LEGAL_LOTS":1732,"LEGAL_POP":9352.8,"LEGAL_DENS":71.77786987,"LEGALIZING":null,"BLOCK_ID_":"002580020","BLOCK_POP":71,"BLOCK_BLD":25,"BLOCK_RISK":8.1447182,"BLOCK_EDU":75.047432,"BLOCK_HLTH":0,"BLOCK_TRAN":99.971878,"BLOCK_CULT":0,"BLOCK_PARK":99.950623,"BLOCK_SEC":100,"BLOCK_CENT":0,"BLOCK_DEF":36,"BLD_INHAB":3,"OBJECTID":2,"AO_225":0.2,"id":2826,"preds_material":[[5,"1216746316_301665_14794_1-512.jpg"],[5,"1216746316_676699_14795_1-512.jpg"],[5,"1216746317_001764_14796_1-512.jpg"],[5,"1216746317_306708_14797_1-512.jpg"],[5,"1216746317_571639_14798_1-512.jpg"],[5,"1216746317_851622_14799_1-512.jpg"],[5,"1216746318_101689_14800_1-512.jpg"],[5,"1216746318_311659_14801_1-512.jpg"],[5,"1216746318_526680_14802_1-512.jpg"]],"material_ml":"painted","preds_construction":[[2,"1216746316_301665_14794_1-512.jpg"],[2,"1216746316_676699_14795_1-512.jpg"],[2,"1216746317_001764_14796_1-512.jpg"],[2,"1216746317_306708_14797_1-512.jpg"],[2,"1216746317_571639_14798_1-512.jpg"],[2,"1216746317_851622_14799_1-512.jpg"],[2,"1216746318_101689_14800_1-512.jpg"],[2,"1216746318_311659_14801_1-512.jpg"]],"construction_ml":"complete","preds_design":[[1,"1216746316_301665_14794_1-512.jpg"],[1,"1216746316_676699_14795_1-512.jpg"],[1,"1216746317_001764_14796_1-512.jpg"],[1,"1216746317_306708_14797_1-512.jpg"],[1,"1216746317_571639_14798_1-512.jpg"],[1,"1216746317_851622_14799_1-512.jpg"],[1,"1216746318_101689_14800_1-512.jpg"],[1,"1216746318_311659_14801_1-512.jpg"]],"design_ml":"undesigned","images":[]}
