{"MATERIAL":"corrugated metal/heavily patched","AVG_SLOPE":7.02038444158,"AVG_HEIGHT":0.98392354016,"TERAIN_SLP":25.411510212,"AREA":44.4426780011,"VOLUME":44,"FLOORS":1,"INT_ZONE":null,"FLOOD":1,"LANDSLIDE":"Amenaza Media","LEGAL_ID":"231","LEGAL_NAME":"BELLA FLOR","LEGAL_AREA":24.13,"LEGAL_LOTS":1732,"LEGAL_POP":9352.8,"LEGAL_DENS":71.77786987,"LEGALIZING":null,"BLOCK_ID_":"002580020","BLOCK_POP":71,"BLOCK_BLD":25,"BLOCK_RISK":8.1447182,"BLOCK_EDU":75.047432,"BLOCK_HLTH":0,"BLOCK_TRAN":99.971878,"BLOCK_CULT":0,"BLOCK_PARK":99.950623,"BLOCK_SEC":100,"BLOCK_CENT":0,"BLOCK_DEF":36,"BLD_INHAB":3,"OBJECTID":2,"AO_225":0.2,"id":2827,"preds_material":[[5,"1216745884_443808_12712_3-512.jpg"],[5,"1216745884_808838_12713_3-512.jpg"],[5,"1216745885_088937_12714_3-512.jpg"],[5,"1216745885_358948_12715_3-512.jpg"],[5,"1216745885_608895_12716_3-512.jpg"],[5,"1216745885_829002_12717_3-512.jpg"],[5,"1216745886_029017_12718_3-512.jpg"],[5,"1216745886_224060_12719_3-512.jpg"],[5,"1216745886_423785_12720_3-512.jpg"],[6,"1216746317_001764_14796_1-512.jpg"],[1,"1216746317_001764_14796_1-512.jpg"],[5,"1216746317_306708_14797_1-512.jpg"],[5,"1216746317_571639_14798_1-512.jpg"],[2,"1216746317_571639_14798_1-512.jpg"],[5,"1216746317_851622_14799_1-512.jpg"],[2,"1216746317_851622_14799_1-512.jpg"],[5,"1216746318_101689_14800_1-512.jpg"],[5,"1216746318_311659_14801_1-512.jpg"],[1,"1216746318_311659_14801_1-512.jpg"],[5,"1216746318_526680_14802_1-512.jpg"],[1,"1216746318_526680_14802_1-512.jpg"],[5,"1216746318_736681_14803_1-512.jpg"],[1,"1216746318_736681_14803_1-512.jpg"],[5,"1216746318_976762_14804_1-512.jpg"],[1,"1216746318_976762_14804_1-512.jpg"],[1,"1216746319_166725_14805_1-512.jpg"],[6,"1216746319_166725_14805_1-512.jpg"],[5,"1216746319_166725_14805_1-512.jpg"],[1,"1216746319_366697_14806_1-512.jpg"],[6,"1216746319_366697_14806_1-512.jpg"],[6,"1216746319_586705_14807_1-512.jpg"]],"material_ml":"painted","preds_construction":[[2,"1216745885_358948_12715_3-512.jpg"],[2,"1216745885_608895_12716_3-512.jpg"],[2,"1216745885_829002_12717_3-512.jpg"]],"construction_ml":"complete","preds_design":[[2,"1216745885_358948_12715_3-512.jpg"],[2,"1216745885_608895_12716_3-512.jpg"],[2,"1216745885_829002_12717_3-512.jpg"]],"design_ml":"designed","images":[]}
