{"MATERIAL":"corrugated metal/heavily patched","AVG_SLOPE":4.58425227389,"AVG_HEIGHT":5.19417042234,"TERAIN_SLP":2.37631310952,"AREA":69.2798078268,"VOLUME":360,"FLOORS":2,"INT_ZONE":"Borde Rural","FLOOD":1,"LANDSLIDE":"Amenaza Baja","LEGAL_ID":"358","LEGAL_NAME":"EL PARAISO","LEGAL_AREA":26.04,"LEGAL_LOTS":2077,"LEGAL_POP":11215.8,"LEGAL_DENS":79.76190476,"LEGALIZING":null,"BLOCK_ID_":"002565039","BLOCK_POP":119,"BLOCK_BLD":36,"BLOCK_RISK":2.6516395,"BLOCK_EDU":0.63562399,"BLOCK_HLTH":20.488567,"BLOCK_TRAN":87.837326,"BLOCK_CULT":0,"BLOCK_PARK":41.410095,"BLOCK_SEC":46.758774,"BLOCK_CENT":0,"BLOCK_DEF":22.2222222222,"BLD_INHAB":3,"OBJECTID":2,"AO_225":0.2,"id":2903,"preds_material":[[5,"1216741204_772685_1884_3-512.jpg"],[5,"1216741204_977694_1885_3-512.jpg"],[5,"1216741205_187867_1886_3-512.jpg"],[5,"1216741205_407614_1887_3-512.jpg"],[1,"1216741205_407614_1887_3-512.jpg"],[5,"1216741205_637603_1888_3-512.jpg"],[5,"1216741205_887614_1889_3-512.jpg"],[5,"1216741206_167838_1890_3-512.jpg"],[5,"1216741206_487631_1891_3-512.jpg"],[5,"1216741206_842670_1892_3-512.jpg"],[5,"1216741207_292661_1893_3-512.jpg"],[5,"1216741207_292661_1893_3-512.jpg"],[5,"1216741207_872853_1894_3-512.jpg"],[5,"1216741208_717595_1895_3-512.jpg"],[5,"1216741209_657946_1896_3-512.jpg"],[5,"1216741210_202623_1897_3-512.jpg"],[5,"1216741210_557628_1898_3-512.jpg"],[5,"1216741210_837587_1899_3-512.jpg"],[5,"1216743966_253061_9020_1-512.jpg"],[5,"1216743966_448028_9021_1-512.jpg"],[5,"1216743966_723058_9022_1-512.jpg"],[5,"1216743966_993085_9023_1-512.jpg"],[5,"1216743967_253058_9024_1-512.jpg"],[5,"1216743967_508014_9025_1-512.jpg"],[5,"1216743967_758049_9026_1-512.jpg"]],"material_ml":"painted","preds_construction":[[2,"1216741204_772685_1884_3-512.jpg"],[2,"1216741204_977694_1885_3-512.jpg"],[2,"1216741205_187867_1886_3-512.jpg"],[1,"1216741205_187867_1886_3-512.jpg"],[2,"1216741205_407614_1887_3-512.jpg"],[1,"1216741205_407614_1887_3-512.jpg"],[2,"1216741205_407614_1887_3-512.jpg"],[2,"1216741205_637603_1888_3-512.jpg"],[1,"1216741205_637603_1888_3-512.jpg"],[2,"1216741205_887614_1889_3-512.jpg"],[1,"1216741205_887614_1889_3-512.jpg"],[2,"1216741206_167838_1890_3-512.jpg"],[2,"1216741206_487631_1891_3-512.jpg"],[2,"1216741206_842670_1892_3-512.jpg"],[2,"1216741207_292661_1893_3-512.jpg"],[2,"1216741207_872853_1894_3-512.jpg"],[2,"1216741208_717595_1895_3-512.jpg"],[2,"1216741209_657946_1896_3-512.jpg"],[2,"1216741210_202623_1897_3-512.jpg"],[2,"1216741210_557628_1898_3-512.jpg"],[2,"1216741210_837587_1899_3-512.jpg"],[2,"1216741211_077555_1900_3-512.jpg"],[2,"1216741211_302866_1901_3-512.jpg"],[2,"1216743966_253061_9020_1-512.jpg"],[2,"1216743966_448028_9021_1-512.jpg"],[2,"1216743966_723058_9022_1-512.jpg"],[2,"1216743966_993085_9023_1-512.jpg"],[2,"1216743966_993085_9023_1-512.jpg"],[2,"1216743967_253058_9024_1-512.jpg"],[2,"1216743967_253058_9024_1-512.jpg"],[2,"1216743967_508014_9025_1-512.jpg"],[2,"1216743967_758049_9026_1-512.jpg"],[2,"1216743968_003202_9027_1-512.jpg"]],"construction_ml":"complete","preds_design":[[2,"1216741204_772685_1884_3-512.jpg"],[2,"1216741204_977694_1885_3-512.jpg"],[2,"1216741205_187867_1886_3-512.jpg"],[2,"1216741205_407614_1887_3-512.jpg"],[2,"1216741205_637603_1888_3-512.jpg"],[2,"1216741205_637603_1888_3-512.jpg"],[2,"1216741205_887614_1889_3-512.jpg"],[2,"1216741205_887614_1889_3-512.jpg"],[2,"1216741205_887614_1889_3-512.jpg"],[2,"1216741206_167838_1890_3-512.jpg"],[2,"1216741206_167838_1890_3-512.jpg"],[2,"1216741206_167838_1890_3-512.jpg"],[2,"1216741206_487631_1891_3-512.jpg"],[2,"1216741206_487631_1891_3-512.jpg"],[2,"1216741206_487631_1891_3-512.jpg"],[2,"1216741206_842670_1892_3-512.jpg"],[2,"1216741206_842670_1892_3-512.jpg"],[2,"1216741207_292661_1893_3-512.jpg"],[2,"1216741207_292661_1893_3-512.jpg"],[2,"1216741207_872853_1894_3-512.jpg"],[2,"1216741208_717595_1895_3-512.jpg"],[2,"1216741209_657946_1896_3-512.jpg"],[2,"1216741210_202623_1897_3-512.jpg"],[2,"1216741210_557628_1898_3-512.jpg"],[1,"1216741210_837587_1899_3-512.jpg"],[2,"1216741210_837587_1899_3-512.jpg"],[2,"1216741211_077555_1900_3-512.jpg"],[2,"1216743966_253061_9020_1-512.jpg"],[2,"1216743966_448028_9021_1-512.jpg"],[2,"1216743966_723058_9022_1-512.jpg"],[2,"1216743966_993085_9023_1-512.jpg"],[2,"1216743966_993085_9023_1-512.jpg"],[2,"1216743967_253058_9024_1-512.jpg"],[2,"1216743967_508014_9025_1-512.jpg"],[2,"1216743967_758049_9026_1-512.jpg"]],"design_ml":"designed","images":[]}
