{"MATERIAL":"corrugated metal/heavily patched","AVG_SLOPE":4.96205316204,"AVG_HEIGHT":2.73915836544,"TERAIN_SLP":2.34008155796,"AREA":60.2618294358,"VOLUME":165,"FLOORS":1,"INT_ZONE":"Borde Rural","FLOOD":1,"LANDSLIDE":"Amenaza Baja","LEGAL_ID":"358","LEGAL_NAME":"EL PARAISO","LEGAL_AREA":26.04,"LEGAL_LOTS":2077,"LEGAL_POP":11215.8,"LEGAL_DENS":79.76190476,"LEGALIZING":null,"BLOCK_ID_":"002565039","BLOCK_POP":119,"BLOCK_BLD":36,"BLOCK_RISK":2.6516395,"BLOCK_EDU":0.63562399,"BLOCK_HLTH":20.488567,"BLOCK_TRAN":87.837326,"BLOCK_CULT":0,"BLOCK_PARK":41.410095,"BLOCK_SEC":46.758774,"BLOCK_CENT":0,"BLOCK_DEF":22.2222222222,"BLD_INHAB":3,"OBJECTID":2,"AO_225":0.2,"id":2904,"preds_material":[[5,"1216743964_438037_9013_1-512.jpg"],[5,"1216743964_713068_9014_1-512.jpg"],[5,"1216743964_993088_9015_1-512.jpg"],[5,"1216743965_283055_9016_1-512.jpg"],[5,"1216743965_533001_9017_1-512.jpg"],[5,"1216743965_777931_9018_1-512.jpg"],[5,"1216743966_017956_9019_1-512.jpg"]],"material_ml":"painted","preds_construction":[[2,"1216743964_438037_9013_1-512.jpg"],[2,"1216743964_713068_9014_1-512.jpg"],[2,"1216743964_993088_9015_1-512.jpg"],[2,"1216743965_283055_9016_1-512.jpg"],[2,"1216743965_533001_9017_1-512.jpg"],[2,"1216743965_777931_9018_1-512.jpg"],[2,"1216743966_017956_9019_1-512.jpg"]],"construction_ml":"complete","preds_design":[[2,"1216741211_302866_1901_3-512.jpg"],[2,"1216743964_438037_9013_1-512.jpg"],[2,"1216743964_713068_9014_1-512.jpg"],[2,"1216743964_993088_9015_1-512.jpg"],[2,"1216743965_283055_9016_1-512.jpg"],[2,"1216743965_533001_9017_1-512.jpg"],[2,"1216743965_777931_9018_1-512.jpg"],[2,"1216743966_017956_9019_1-512.jpg"]],"design_ml":"designed","images":[]}
