{"MATERIAL":"concrete","AVG_SLOPE":9.55592702347,"AVG_HEIGHT":6.12238408471,"TERAIN_SLP":3.8165516501,"AREA":54.930476457,"VOLUME":336,"FLOORS":2,"INT_ZONE":"Borde Rural","FLOOD":1,"LANDSLIDE":"Amenaza Baja","LEGAL_ID":"358","LEGAL_NAME":"EL PARAISO","LEGAL_AREA":26.04,"LEGAL_LOTS":2077,"LEGAL_POP":11215.8,"LEGAL_DENS":79.76190476,"LEGALIZING":null,"BLOCK_ID_":"002565039","BLOCK_POP":119,"BLOCK_BLD":36,"BLOCK_RISK":2.6516395,"BLOCK_EDU":0.63562399,"BLOCK_HLTH":20.488567,"BLOCK_TRAN":87.837326,"BLOCK_CULT":0,"BLOCK_PARK":41.410095,"BLOCK_SEC":46.758774,"BLOCK_CENT":0,"BLOCK_DEF":22.2222222222,"BLD_INHAB":3,"OBJECTID":2,"AO_225":0.2,"id":2907,"preds_material":[[5,"1216743963_078036_9008_1-512.jpg"],[5,"1216743963_078036_9008_1-512.jpg"],[5,"1216743963_358161_9009_1-512.jpg"],[5,"1216743963_358161_9009_1-512.jpg"],[5,"1216743963_628138_9010_1-512.jpg"],[5,"1216743963_628138_9010_1-512.jpg"],[5,"1216743963_893077_9011_1-512.jpg"],[5,"1216743963_893077_9011_1-512.jpg"],[5,"1216743964_163064_9012_1-512.jpg"],[5,"1216743964_163064_9012_1-512.jpg"],[5,"1216743964_438037_9013_1-512.jpg"],[5,"1216743964_713068_9014_1-512.jpg"]],"material_ml":"painted","preds_construction":[[2,"1216743963_078036_9008_1-512.jpg"],[2,"1216743963_078036_9008_1-512.jpg"],[2,"1216743963_358161_9009_1-512.jpg"],[2,"1216743963_358161_9009_1-512.jpg"],[2,"1216743963_628138_9010_1-512.jpg"],[2,"1216743963_628138_9010_1-512.jpg"],[2,"1216743963_893077_9011_1-512.jpg"],[2,"1216743963_893077_9011_1-512.jpg"],[2,"1216743964_163064_9012_1-512.jpg"],[2,"1216743964_163064_9012_1-512.jpg"],[2,"1216743964_438037_9013_1-512.jpg"],[2,"1216743964_713068_9014_1-512.jpg"]],"construction_ml":"complete","preds_design":[[2,"1216743963_078036_9008_1-512.jpg"],[2,"1216743963_078036_9008_1-512.jpg"],[2,"1216743963_358161_9009_1-512.jpg"],[2,"1216743963_358161_9009_1-512.jpg"],[2,"1216743963_628138_9010_1-512.jpg"],[2,"1216743963_628138_9010_1-512.jpg"],[2,"1216743963_893077_9011_1-512.jpg"],[2,"1216743963_893077_9011_1-512.jpg"],[2,"1216743964_163064_9012_1-512.jpg"],[2,"1216743964_163064_9012_1-512.jpg"],[2,"1216743964_438037_9013_1-512.jpg"],[2,"1216743964_713068_9014_1-512.jpg"]],"design_ml":"designed","images":[]}
