{"MATERIAL":"corrugated metal","AVG_SLOPE":6.80886665381,"AVG_HEIGHT":5.41452515038,"TERAIN_SLP":4.50891398664,"AREA":62.0613325832,"VOLUME":336,"FLOORS":2,"INT_ZONE":"Borde Rural","FLOOD":1,"LANDSLIDE":"Amenaza Baja","LEGAL_ID":"358","LEGAL_NAME":"EL PARAISO","LEGAL_AREA":26.04,"LEGAL_LOTS":2077,"LEGAL_POP":11215.8,"LEGAL_DENS":79.76190476,"LEGALIZING":null,"BLOCK_ID_":"002565038","BLOCK_POP":158,"BLOCK_BLD":44,"BLOCK_RISK":5.638227,"BLOCK_EDU":0.73643571,"BLOCK_HLTH":23.340483,"BLOCK_TRAN":83.544456,"BLOCK_CULT":0,"BLOCK_PARK":44.635448,"BLOCK_SEC":49.876072,"BLOCK_CENT":0,"BLOCK_DEF":18.1818181818,"BLD_INHAB":4,"OBJECTID":2,"AO_225":0.2,"id":2910,"preds_material":[[5,"1216741013_013699_1320_1-512.jpg"],[5,"1216741013_263668_1321_1-512.jpg"],[5,"1216741013_488712_1322_1-512.jpg"],[5,"1216741013_693670_1323_1-512.jpg"],[5,"1216741013_893734_1324_1-512.jpg"],[5,"1216743971_803018_9046_1-512.jpg"],[5,"1216743971_978013_9047_1-512.jpg"],[5,"1216743972_232905_9048_1-512.jpg"],[5,"1216743972_503035_9049_1-512.jpg"],[5,"1216743972_778088_9050_1-512.jpg"]],"material_ml":"painted","preds_construction":[[2,"1216741013_013699_1320_1-512.jpg"],[2,"1216741013_263668_1321_1-512.jpg"],[2,"1216741013_488712_1322_1-512.jpg"],[2,"1216741013_693670_1323_1-512.jpg"],[2,"1216741013_893734_1324_1-512.jpg"],[2,"1216743971_803018_9046_1-512.jpg"],[2,"1216743971_978013_9047_1-512.jpg"],[2,"1216743972_232905_9048_1-512.jpg"],[2,"1216743972_503035_9049_1-512.jpg"],[2,"1216743972_778088_9050_1-512.jpg"]],"construction_ml":"complete","preds_design":[[1,"1216741013_013699_1320_1-512.jpg"],[1,"1216741013_263668_1321_1-512.jpg"],[1,"1216741013_488712_1322_1-512.jpg"],[1,"1216741013_693670_1323_1-512.jpg"],[1,"1216741013_893734_1324_1-512.jpg"],[2,"1216743971_803018_9046_1-512.jpg"],[2,"1216743971_978013_9047_1-512.jpg"],[2,"1216743972_232905_9048_1-512.jpg"],[2,"1216743972_503035_9049_1-512.jpg"],[2,"1216743972_778088_9050_1-512.jpg"]],"design_ml":"undesigned","images":[]}
