{"MATERIAL":"corrugated metal/heavily patched","AVG_SLOPE":4.29662672708,"AVG_HEIGHT":4.75571886687,"TERAIN_SLP":6.99961019099,"AREA":68.9220404195,"VOLUME":328,"FLOORS":2,"INT_ZONE":"Borde Rural","FLOOD":1,"LANDSLIDE":"Amenaza Baja","LEGAL_ID":"358","LEGAL_NAME":"EL PARAISO","LEGAL_AREA":26.04,"LEGAL_LOTS":2077,"LEGAL_POP":11215.8,"LEGAL_DENS":79.76190476,"LEGALIZING":null,"BLOCK_ID_":"002565039","BLOCK_POP":119,"BLOCK_BLD":36,"BLOCK_RISK":2.6516395,"BLOCK_EDU":0.63562399,"BLOCK_HLTH":20.488567,"BLOCK_TRAN":87.837326,"BLOCK_CULT":0,"BLOCK_PARK":41.410095,"BLOCK_SEC":46.758774,"BLOCK_CENT":0,"BLOCK_DEF":22.2222222222,"BLD_INHAB":3,"OBJECTID":2,"AO_225":0.2,"id":2913,"preds_material":[[5,"1216741201_777652_1866_3-512.jpg"],[5,"1216741201_922678_1867_3-512.jpg"],[5,"1216741202_067694_1868_3-512.jpg"],[5,"1216741202_067694_1868_3-512.jpg"],[5,"1216741202_217715_1869_3-512.jpg"],[5,"1216741202_217715_1869_3-512.jpg"],[5,"1216741202_372667_1870_3-512.jpg"],[5,"1216741202_372667_1870_3-512.jpg"],[5,"1216741202_527650_1871_3-512.jpg"],[5,"1216741202_527650_1871_3-512.jpg"],[5,"1216741202_682666_1872_3-512.jpg"],[5,"1216741202_837648_1873_3-512.jpg"]],"material_ml":"painted","preds_construction":[[2,"1216741201_777652_1866_3-512.jpg"],[2,"1216741201_922678_1867_3-512.jpg"],[2,"1216741202_067694_1868_3-512.jpg"],[2,"1216741202_067694_1868_3-512.jpg"],[2,"1216741202_217715_1869_3-512.jpg"],[2,"1216741202_217715_1869_3-512.jpg"],[2,"1216741202_372667_1870_3-512.jpg"],[2,"1216741202_372667_1870_3-512.jpg"],[2,"1216741202_527650_1871_3-512.jpg"],[2,"1216741202_527650_1871_3-512.jpg"],[2,"1216741202_682666_1872_3-512.jpg"],[2,"1216741202_837648_1873_3-512.jpg"]],"construction_ml":"complete","preds_design":[[2,"1216741201_777652_1866_3-512.jpg"],[2,"1216741201_922678_1867_3-512.jpg"],[2,"1216741202_067694_1868_3-512.jpg"],[1,"1216741202_067694_1868_3-512.jpg"],[2,"1216741202_217715_1869_3-512.jpg"],[2,"1216741202_217715_1869_3-512.jpg"],[2,"1216741202_372667_1870_3-512.jpg"],[2,"1216741202_372667_1870_3-512.jpg"],[2,"1216741202_527650_1871_3-512.jpg"],[2,"1216741202_527650_1871_3-512.jpg"],[2,"1216741202_682666_1872_3-512.jpg"],[2,"1216741202_837648_1873_3-512.jpg"]],"design_ml":"designed","images":[]}
