{"MATERIAL":"corrugated metal/heavily patched","AVG_SLOPE":9.07965397027,"AVG_HEIGHT":2.47051640592,"TERAIN_SLP":3.34532245719,"AREA":66.1902111097,"VOLUME":164,"FLOORS":1,"INT_ZONE":"Borde Rural","FLOOD":1,"LANDSLIDE":"Amenaza Baja","LEGAL_ID":"358","LEGAL_NAME":"EL PARAISO","LEGAL_AREA":26.04,"LEGAL_LOTS":2077,"LEGAL_POP":11215.8,"LEGAL_DENS":79.76190476,"LEGALIZING":null,"BLOCK_ID_":"002565038","BLOCK_POP":158,"BLOCK_BLD":44,"BLOCK_RISK":5.638227,"BLOCK_EDU":0.73643571,"BLOCK_HLTH":23.340483,"BLOCK_TRAN":83.544456,"BLOCK_CULT":0,"BLOCK_PARK":44.635448,"BLOCK_SEC":49.876072,"BLOCK_CENT":0,"BLOCK_DEF":18.1818181818,"BLD_INHAB":4,"OBJECTID":2,"AO_225":0.2,"id":2914,"preds_material":[[5,"1216741015_913638_1336_1-512.jpg"],[5,"1216741016_068656_1337_1-512.jpg"],[5,"1216741016_068656_1337_1-512.jpg"],[5,"1216741016_223909_1338_1-512.jpg"],[5,"1216741016_223909_1338_1-512.jpg"],[5,"1216741016_378677_1339_1-512.jpg"],[5,"1216741016_378677_1339_1-512.jpg"],[5,"1216741016_538674_1340_1-512.jpg"],[5,"1216741016_538674_1340_1-512.jpg"],[5,"1216741016_698676_1341_1-512.jpg"],[5,"1216741016_698676_1341_1-512.jpg"],[5,"1216741016_858677_1342_1-512.jpg"]],"material_ml":"painted","preds_construction":[[2,"1216741015_913638_1336_1-512.jpg"],[2,"1216741016_068656_1337_1-512.jpg"],[2,"1216741016_068656_1337_1-512.jpg"],[2,"1216741016_223909_1338_1-512.jpg"],[2,"1216741016_223909_1338_1-512.jpg"],[2,"1216741016_378677_1339_1-512.jpg"],[2,"1216741016_378677_1339_1-512.jpg"],[2,"1216741016_538674_1340_1-512.jpg"],[2,"1216741016_538674_1340_1-512.jpg"],[2,"1216741016_698676_1341_1-512.jpg"],[2,"1216741016_698676_1341_1-512.jpg"],[2,"1216741016_858677_1342_1-512.jpg"]],"construction_ml":"complete","preds_design":[[2,"1216741015_913638_1336_1-512.jpg"],[2,"1216741016_068656_1337_1-512.jpg"],[1,"1216741016_068656_1337_1-512.jpg"],[2,"1216741016_223909_1338_1-512.jpg"],[1,"1216741016_223909_1338_1-512.jpg"],[2,"1216741016_378677_1339_1-512.jpg"],[1,"1216741016_378677_1339_1-512.jpg"],[1,"1216741016_378677_1339_1-512.jpg"],[1,"1216741016_538674_1340_1-512.jpg"],[2,"1216741016_538674_1340_1-512.jpg"],[1,"1216741016_698676_1341_1-512.jpg"],[2,"1216741016_698676_1341_1-512.jpg"],[2,"1216741016_858677_1342_1-512.jpg"],[1,"1216741016_858677_1342_1-512.jpg"]],"design_ml":"undesigned","images":[]}
