{"MATERIAL":"corrugated metal/heavily patched","AVG_SLOPE":8.35643391012,"AVG_HEIGHT":8.94750955277,"TERAIN_SLP":6.69277083497,"AREA":68.8020793621,"VOLUME":616,"FLOORS":3,"INT_ZONE":"Borde Rural","FLOOD":1,"LANDSLIDE":"Amenaza Baja","LEGAL_ID":"358","LEGAL_NAME":"EL PARAISO","LEGAL_AREA":26.04,"LEGAL_LOTS":2077,"LEGAL_POP":11215.8,"LEGAL_DENS":79.76190476,"LEGALIZING":null,"BLOCK_ID_":"002565038","BLOCK_POP":158,"BLOCK_BLD":44,"BLOCK_RISK":5.638227,"BLOCK_EDU":0.73643571,"BLOCK_HLTH":23.340483,"BLOCK_TRAN":83.544456,"BLOCK_CULT":0,"BLOCK_PARK":44.635448,"BLOCK_SEC":49.876072,"BLOCK_CENT":0,"BLOCK_DEF":18.1818181818,"BLD_INHAB":4,"OBJECTID":2,"AO_225":0.2,"id":2915,"preds_material":[[5,"1216741203_162658_1875_1-512.jpg"],[5,"1216741203_327619_1876_1-512.jpg"],[5,"1216741203_492670_1877_1-512.jpg"],[5,"1216741203_662660_1878_1-512.jpg"],[5,"1216741203_837641_1879_1-512.jpg"],[5,"1216741204_012824_1880_1-512.jpg"],[5,"1216741204_192676_1881_1-512.jpg"],[5,"1216741204_377620_1882_1-512.jpg"],[5,"1216741204_572669_1883_1-512.jpg"],[5,"1216741204_772685_1884_1-512.jpg"],[5,"1216741204_977694_1885_1-512.jpg"],[5,"1216741204_977694_1885_1-512.jpg"],[5,"1216741205_187867_1886_1-512.jpg"],[5,"1216741205_407614_1887_1-512.jpg"],[5,"1216741205_637603_1888_1-512.jpg"],[5,"1216743968_003202_9027_1-512.jpg"],[5,"1216743968_238019_9028_1-512.jpg"],[5,"1216743968_468008_9029_1-512.jpg"],[5,"1216743968_698061_9030_1-512.jpg"],[5,"1216743969_353055_9033_1-512.jpg"]],"material_ml":"painted","preds_construction":[[2,"1216741203_162658_1875_1-512.jpg"],[1,"1216741203_162658_1875_1-512.jpg"],[2,"1216741203_327619_1876_1-512.jpg"],[2,"1216741203_492670_1877_1-512.jpg"],[2,"1216741203_662660_1878_1-512.jpg"],[2,"1216741203_837641_1879_1-512.jpg"],[2,"1216741204_012824_1880_1-512.jpg"],[2,"1216741204_192676_1881_1-512.jpg"],[2,"1216741204_377620_1882_1-512.jpg"],[2,"1216741204_572669_1883_1-512.jpg"],[2,"1216741204_772685_1884_1-512.jpg"],[2,"1216741204_977694_1885_1-512.jpg"],[2,"1216741205_187867_1886_1-512.jpg"]],"construction_ml":"complete","preds_design":[[2,"1216741203_162658_1875_1-512.jpg"],[2,"1216741203_327619_1876_1-512.jpg"],[2,"1216741203_492670_1877_1-512.jpg"],[2,"1216741203_662660_1878_1-512.jpg"],[2,"1216741203_837641_1879_1-512.jpg"],[2,"1216741204_012824_1880_1-512.jpg"],[2,"1216741204_192676_1881_1-512.jpg"],[2,"1216741204_377620_1882_1-512.jpg"],[2,"1216741204_572669_1883_1-512.jpg"],[2,"1216741204_772685_1884_1-512.jpg"],[2,"1216741204_977694_1885_1-512.jpg"],[1,"1216741205_187867_1886_1-512.jpg"],[2,"1216741205_187867_1886_1-512.jpg"],[1,"1216741205_407614_1887_1-512.jpg"],[1,"1216741205_637603_1888_1-512.jpg"]],"design_ml":"designed","images":[]}
