{"MATERIAL":"corrugated metal/heavily patched","AVG_SLOPE":9.02254011809,"AVG_HEIGHT":2.64962685429,"TERAIN_SLP":5.18507596653,"AREA":55.2563192764,"VOLUME":146,"FLOORS":1,"INT_ZONE":"Borde Rural","FLOOD":1,"LANDSLIDE":"Amenaza Baja","LEGAL_ID":"358","LEGAL_NAME":"EL PARAISO","LEGAL_AREA":26.04,"LEGAL_LOTS":2077,"LEGAL_POP":11215.8,"LEGAL_DENS":79.76190476,"LEGALIZING":null,"BLOCK_ID_":"002565038","BLOCK_POP":158,"BLOCK_BLD":44,"BLOCK_RISK":5.638227,"BLOCK_EDU":0.73643571,"BLOCK_HLTH":23.340483,"BLOCK_TRAN":83.544456,"BLOCK_CULT":0,"BLOCK_PARK":44.635448,"BLOCK_SEC":49.876072,"BLOCK_CENT":0,"BLOCK_DEF":18.1818181818,"BLD_INHAB":4,"OBJECTID":2,"AO_225":0.2,"id":2916,"preds_material":[[5,"1216741204_192676_1881_1-512.jpg"],[5,"1216741204_377620_1882_1-512.jpg"],[5,"1216741204_572669_1883_1-512.jpg"],[5,"1216741204_772685_1884_1-512.jpg"],[5,"1216741204_772685_1884_1-512.jpg"],[5,"1216741204_977694_1885_1-512.jpg"],[5,"1216741205_187867_1886_1-512.jpg"],[5,"1216741205_407614_1887_1-512.jpg"],[5,"1216741205_407614_1887_1-512.jpg"],[5,"1216741205_637603_1888_1-512.jpg"],[5,"1216741205_887614_1889_1-512.jpg"],[5,"1216741206_167838_1890_1-512.jpg"],[5,"1216741206_487631_1891_1-512.jpg"],[5,"1216741206_842670_1892_1-512.jpg"],[5,"1216741207_292661_1893_1-512.jpg"],[5,"1216741207_872853_1894_1-512.jpg"],[5,"1216741208_717595_1895_1-512.jpg"],[5,"1216741209_657946_1896_1-512.jpg"],[5,"1216741210_202623_1897_1-512.jpg"],[5,"1216741210_557628_1898_1-512.jpg"],[5,"1216741210_837587_1899_1-512.jpg"],[5,"1216741211_077555_1900_1-512.jpg"],[5,"1216743967_253058_9024_1-512.jpg"],[5,"1216743967_508014_9025_1-512.jpg"],[5,"1216743967_758049_9026_1-512.jpg"],[5,"1216743969_558021_9034_1-512.jpg"],[5,"1216743969_758053_9035_1-512.jpg"],[5,"1216743969_953049_9036_1-512.jpg"],[5,"1216743969_953049_9036_1-512.jpg"],[5,"1216743970_143107_9037_1-512.jpg"],[5,"1216743970_333036_9038_1-512.jpg"],[5,"1216743970_518014_9039_1-512.jpg"],[5,"1216743970_703028_9040_1-512.jpg"]],"material_ml":"painted","preds_construction":[[2,"1216741204_192676_1881_1-512.jpg"],[2,"1216741204_377620_1882_1-512.jpg"],[2,"1216741204_572669_1883_1-512.jpg"],[2,"1216741204_772685_1884_1-512.jpg"],[2,"1216741204_977694_1885_1-512.jpg"],[2,"1216741204_977694_1885_1-512.jpg"],[2,"1216741205_187867_1886_1-512.jpg"],[2,"1216741205_407614_1887_1-512.jpg"],[2,"1216741205_637603_1888_1-512.jpg"],[2,"1216741205_887614_1889_1-512.jpg"],[2,"1216741206_167838_1890_1-512.jpg"],[2,"1216741206_487631_1891_1-512.jpg"],[2,"1216741206_842670_1892_1-512.jpg"],[2,"1216741207_292661_1893_1-512.jpg"],[2,"1216741207_872853_1894_1-512.jpg"],[2,"1216741208_717595_1895_1-512.jpg"],[2,"1216741209_657946_1896_1-512.jpg"],[2,"1216741210_202623_1897_1-512.jpg"],[2,"1216741210_557628_1898_1-512.jpg"],[2,"1216743967_253058_9024_1-512.jpg"],[2,"1216743967_508014_9025_1-512.jpg"],[2,"1216743969_558021_9034_1-512.jpg"],[2,"1216743969_758053_9035_1-512.jpg"],[2,"1216743969_953049_9036_1-512.jpg"],[2,"1216743969_953049_9036_1-512.jpg"],[2,"1216743970_143107_9037_1-512.jpg"],[2,"1216743970_333036_9038_1-512.jpg"],[2,"1216743970_518014_9039_1-512.jpg"],[2,"1216743970_703028_9040_1-512.jpg"]],"construction_ml":"complete","preds_design":[[2,"1216741204_192676_1881_1-512.jpg"],[2,"1216741204_377620_1882_1-512.jpg"],[1,"1216741204_377620_1882_1-512.jpg"],[2,"1216741204_572669_1883_1-512.jpg"],[1,"1216741204_572669_1883_1-512.jpg"],[2,"1216741204_772685_1884_1-512.jpg"],[1,"1216741204_772685_1884_1-512.jpg"],[1,"1216741204_772685_1884_1-512.jpg"],[1,"1216741204_977694_1885_1-512.jpg"],[1,"1216741205_187867_1886_1-512.jpg"],[1,"1216741205_187867_1886_1-512.jpg"],[1,"1216741205_407614_1887_1-512.jpg"],[1,"1216741205_637603_1888_1-512.jpg"],[1,"1216741205_887614_1889_1-512.jpg"],[1,"1216741206_167838_1890_1-512.jpg"],[1,"1216741206_487631_1891_1-512.jpg"],[2,"1216741206_487631_1891_1-512.jpg"],[2,"1216741206_842670_1892_1-512.jpg"],[1,"1216741206_842670_1892_1-512.jpg"],[2,"1216741207_292661_1893_1-512.jpg"],[1,"1216741207_292661_1893_1-512.jpg"],[2,"1216741207_872853_1894_1-512.jpg"],[2,"1216741208_717595_1895_1-512.jpg"],[2,"1216741209_657946_1896_1-512.jpg"],[2,"1216741210_202623_1897_1-512.jpg"],[1,"1216741210_557628_1898_1-512.jpg"],[2,"1216741210_557628_1898_1-512.jpg"],[1,"1216741210_837587_1899_1-512.jpg"],[2,"1216741210_837587_1899_1-512.jpg"],[2,"1216741211_077555_1900_1-512.jpg"],[2,"1216743967_253058_9024_1-512.jpg"],[2,"1216743967_508014_9025_1-512.jpg"],[2,"1216743967_758049_9026_1-512.jpg"],[2,"1216743968_003202_9027_1-512.jpg"],[2,"1216743969_558021_9034_1-512.jpg"],[2,"1216743969_758053_9035_1-512.jpg"],[2,"1216743969_953049_9036_1-512.jpg"],[2,"1216743969_953049_9036_1-512.jpg"],[2,"1216743970_143107_9037_1-512.jpg"],[2,"1216743970_333036_9038_1-512.jpg"],[2,"1216743970_518014_9039_1-512.jpg"],[2,"1216743970_703028_9040_1-512.jpg"]],"design_ml":"designed","images":[]}
