{"MATERIAL":"corrugated metal - dark","AVG_SLOPE":6.54838480003,"AVG_HEIGHT":1.45160592659,"TERAIN_SLP":13.946063353,"AREA":66.0124391549,"VOLUME":96,"FLOORS":1,"INT_ZONE":"Borde Rural","FLOOD":1,"LANDSLIDE":"Amenaza Baja","LEGAL_ID":"358","LEGAL_NAME":"EL PARAISO","LEGAL_AREA":26.04,"LEGAL_LOTS":2077,"LEGAL_POP":11215.8,"LEGAL_DENS":79.76190476,"LEGALIZING":null,"BLOCK_ID_":"002565039","BLOCK_POP":119,"BLOCK_BLD":36,"BLOCK_RISK":2.6516395,"BLOCK_EDU":0.63562399,"BLOCK_HLTH":20.488567,"BLOCK_TRAN":87.837326,"BLOCK_CULT":0,"BLOCK_PARK":41.410095,"BLOCK_SEC":46.758774,"BLOCK_CENT":0,"BLOCK_DEF":22.2222222222,"BLD_INHAB":3,"OBJECTID":2,"AO_225":0.2,"id":2918,"preds_material":[[5,"1216741402_711572_2384_3-512.jpg"],[5,"1216741402_901574_2385_3-512.jpg"],[5,"1216741403_086582_2386_3-512.jpg"],[5,"1216741403_271606_2387_3-512.jpg"],[5,"1216741403_456585_2388_3-512.jpg"],[5,"1216741403_636602_2389_3-512.jpg"]],"material_ml":"painted","preds_construction":[[2,"1216741402_711572_2384_3-512.jpg"],[2,"1216741402_901574_2385_3-512.jpg"],[2,"1216741403_086582_2386_3-512.jpg"],[2,"1216741403_271606_2387_3-512.jpg"],[2,"1216741403_456585_2388_3-512.jpg"],[2,"1216741403_636602_2389_3-512.jpg"]],"construction_ml":"complete","preds_design":[[2,"1216741402_711572_2384_3-512.jpg"],[2,"1216741402_901574_2385_3-512.jpg"],[2,"1216741403_086582_2386_3-512.jpg"],[2,"1216741403_271606_2387_3-512.jpg"],[2,"1216741403_456585_2388_3-512.jpg"],[2,"1216741403_636602_2389_3-512.jpg"]],"design_ml":"designed","images":[]}
