{"MATERIAL":"corrugated metal","AVG_SLOPE":4.51962823621,"AVG_HEIGHT":0.24242159918,"TERAIN_SLP":12.4217699593,"AREA":63.7392105929,"VOLUME":15,"FLOORS":1,"INT_ZONE":"Borde Rural","FLOOD":1,"LANDSLIDE":"Amenaza Media","LEGAL_ID":"358","LEGAL_NAME":"EL PARAISO","LEGAL_AREA":26.04,"LEGAL_LOTS":2077,"LEGAL_POP":11215.8,"LEGAL_DENS":79.76190476,"LEGALIZING":null,"BLOCK_ID_":"002565037","BLOCK_POP":129,"BLOCK_BLD":33,"BLOCK_RISK":4.6575618,"BLOCK_EDU":0.88229668,"BLOCK_HLTH":27.09024,"BLOCK_TRAN":73.03878,"BLOCK_CULT":0,"BLOCK_PARK":48.343414,"BLOCK_SEC":54.028103,"BLOCK_CENT":0,"BLOCK_DEF":27.2727272727,"BLD_INHAB":4,"OBJECTID":1,"AO_225":0.16,"id":2922,"preds_material":[[5,"1216741018_068646_1349_3-512.jpg"],[5,"1216741018_263721_1350_3-512.jpg"],[5,"1216741018_463609_1351_3-512.jpg"],[5,"1216741018_658901_1352_3-512.jpg"],[5,"1216741018_858668_1353_3-512.jpg"],[5,"1216741019_783621_1357_3-512.jpg"],[5,"1216741020_043778_1358_3-512.jpg"],[5,"1216741020_298635_1359_3-512.jpg"],[5,"1216741020_543606_1360_3-512.jpg"]],"material_ml":"painted","preds_construction":[[2,"1216741018_068646_1349_3-512.jpg"],[2,"1216741018_263721_1350_3-512.jpg"],[2,"1216741018_658901_1352_3-512.jpg"],[2,"1216741019_783621_1357_3-512.jpg"],[2,"1216741019_783621_1357_3-512.jpg"],[2,"1216741020_043778_1358_3-512.jpg"],[2,"1216741020_298635_1359_3-512.jpg"],[2,"1216741020_543606_1360_3-512.jpg"],[2,"1216741020_543606_1360_3-512.jpg"]],"construction_ml":"complete","preds_design":[[1,"1216741018_068646_1349_3-512.jpg"],[1,"1216741018_263721_1350_3-512.jpg"],[1,"1216741018_463609_1351_3-512.jpg"],[1,"1216741018_658901_1352_3-512.jpg"],[1,"1216741018_858668_1353_3-512.jpg"],[1,"1216741019_068653_1354_3-512.jpg"],[1,"1216741019_783621_1357_3-512.jpg"],[1,"1216741020_043778_1358_3-512.jpg"],[1,"1216741020_298635_1359_3-512.jpg"],[2,"1216741020_543606_1360_3-512.jpg"],[1,"1216741020_543606_1360_3-512.jpg"]],"design_ml":"undesigned","images":[]}
