{"MATERIAL":"corrugated metal","AVG_SLOPE":9.86829484039,"AVG_HEIGHT":0.78335242522,"TERAIN_SLP":20.2006966888,"AREA":52.6994410429,"VOLUME":41,"FLOORS":1,"INT_ZONE":"Borde Rural","FLOOD":1,"LANDSLIDE":"Amenaza Media","LEGAL_ID":"358","LEGAL_NAME":"EL PARAISO","LEGAL_AREA":26.04,"LEGAL_LOTS":2077,"LEGAL_POP":11215.8,"LEGAL_DENS":79.76190476,"LEGALIZING":null,"BLOCK_ID_":"002565037","BLOCK_POP":129,"BLOCK_BLD":33,"BLOCK_RISK":4.6575618,"BLOCK_EDU":0.88229668,"BLOCK_HLTH":27.09024,"BLOCK_TRAN":73.03878,"BLOCK_CULT":0,"BLOCK_PARK":48.343414,"BLOCK_SEC":54.028103,"BLOCK_CENT":0,"BLOCK_DEF":27.2727272727,"BLD_INHAB":4,"OBJECTID":1,"AO_225":0.16,"id":2924,"preds_material":[[5,"1216741017_523626_1346_3-512.jpg"],[5,"1216741017_698666_1347_3-512.jpg"],[5,"1216741017_878649_1348_3-512.jpg"],[5,"1216741018_658901_1352_3-512.jpg"],[5,"1216741018_858668_1353_3-512.jpg"],[5,"1216741019_293607_1355_3-512.jpg"],[5,"1216741019_528725_1356_3-512.jpg"]],"material_ml":"painted","preds_construction":[[2,"1216741017_523626_1346_3-512.jpg"],[2,"1216741017_523626_1346_3-512.jpg"],[2,"1216741017_698666_1347_3-512.jpg"],[2,"1216741017_878649_1348_3-512.jpg"],[2,"1216741018_463609_1351_3-512.jpg"],[2,"1216741018_463609_1351_3-512.jpg"],[2,"1216741018_658901_1352_3-512.jpg"],[2,"1216741018_658901_1352_3-512.jpg"],[2,"1216741018_858668_1353_3-512.jpg"],[2,"1216741019_528725_1356_3-512.jpg"]],"construction_ml":"complete","preds_design":[[1,"1216741017_523626_1346_3-512.jpg"],[2,"1216741017_523626_1346_3-512.jpg"],[2,"1216741017_523626_1346_3-512.jpg"],[1,"1216741017_698666_1347_3-512.jpg"],[2,"1216741017_698666_1347_3-512.jpg"],[1,"1216741017_878649_1348_3-512.jpg"],[2,"1216741017_878649_1348_3-512.jpg"],[1,"1216741018_658901_1352_3-512.jpg"],[2,"1216741018_658901_1352_3-512.jpg"],[2,"1216741018_858668_1353_3-512.jpg"],[2,"1216741019_068653_1354_3-512.jpg"],[1,"1216741019_528725_1356_3-512.jpg"]],"design_ml":"designed","images":[]}
