{"MATERIAL":"corrugated metal","AVG_SLOPE":4.276073793,"AVG_HEIGHT":0.46528453721,"TERAIN_SLP":13.8559711451,"AREA":48.0816964672,"VOLUME":22,"FLOORS":1,"INT_ZONE":"Borde Rural","FLOOD":1,"LANDSLIDE":"Amenaza Baja","LEGAL_ID":"358","LEGAL_NAME":"EL PARAISO","LEGAL_AREA":26.04,"LEGAL_LOTS":2077,"LEGAL_POP":11215.8,"LEGAL_DENS":79.76190476,"LEGALIZING":null,"BLOCK_ID_":"002565038","BLOCK_POP":158,"BLOCK_BLD":44,"BLOCK_RISK":5.638227,"BLOCK_EDU":0.73643571,"BLOCK_HLTH":23.340483,"BLOCK_TRAN":83.544456,"BLOCK_CULT":0,"BLOCK_PARK":44.635448,"BLOCK_SEC":49.876072,"BLOCK_CENT":0,"BLOCK_DEF":18.1818181818,"BLD_INHAB":4,"OBJECTID":2,"AO_225":0.2,"id":2925,"preds_material":[[5,"1216741020_783716_1361_1-512.jpg"],[5,"1216741020_783716_1361_3-512.jpg"],[6,"1216741020_783716_1361_3-512.jpg"],[5,"1216741021_018816_1362_1-512.jpg"],[2,"1216741021_018816_1362_1-512.jpg"],[5,"1216741021_018816_1362_3-512.jpg"],[6,"1216741021_018816_1362_3-512.jpg"],[5,"1216741021_018816_1362_3-512.jpg"],[5,"1216741021_248666_1363_1-512.jpg"],[2,"1216741021_248666_1363_1-512.jpg"],[5,"1216741021_248666_1363_3-512.jpg"],[6,"1216741021_248666_1363_3-512.jpg"],[1,"1216741021_248666_1363_3-512.jpg"],[5,"1216741021_473700_1364_1-512.jpg"],[5,"1216741021_473700_1364_3-512.jpg"],[6,"1216741021_473700_1364_3-512.jpg"],[1,"1216741021_473700_1364_3-512.jpg"]],"material_ml":"painted","preds_construction":[[2,"1216741020_783716_1361_1-512.jpg"],[2,"1216741020_783716_1361_3-512.jpg"],[2,"1216741020_783716_1361_3-512.jpg"],[2,"1216741021_018816_1362_1-512.jpg"],[2,"1216741021_018816_1362_1-512.jpg"],[2,"1216741021_018816_1362_3-512.jpg"],[2,"1216741021_018816_1362_3-512.jpg"],[2,"1216741021_248666_1363_1-512.jpg"],[2,"1216741021_248666_1363_1-512.jpg"],[2,"1216741021_248666_1363_3-512.jpg"],[2,"1216741021_248666_1363_3-512.jpg"],[2,"1216741021_473700_1364_1-512.jpg"],[2,"1216741021_473700_1364_1-512.jpg"],[2,"1216741021_473700_1364_3-512.jpg"],[2,"1216741021_473700_1364_3-512.jpg"]],"construction_ml":"complete","preds_design":[[1,"1216741020_783716_1361_1-512.jpg"],[2,"1216741020_783716_1361_1-512.jpg"],[2,"1216741020_783716_1361_3-512.jpg"],[2,"1216741020_783716_1361_3-512.jpg"],[1,"1216741021_018816_1362_1-512.jpg"],[2,"1216741021_018816_1362_1-512.jpg"],[2,"1216741021_018816_1362_3-512.jpg"],[2,"1216741021_018816_1362_3-512.jpg"],[2,"1216741021_248666_1363_1-512.jpg"],[1,"1216741021_248666_1363_1-512.jpg"],[2,"1216741021_248666_1363_3-512.jpg"],[2,"1216741021_248666_1363_3-512.jpg"],[1,"1216741021_473700_1364_1-512.jpg"],[2,"1216741021_473700_1364_3-512.jpg"],[2,"1216741021_473700_1364_3-512.jpg"]],"design_ml":"designed","images":[]}
