{"MATERIAL":"corrugated metal","AVG_SLOPE":3.97529335834,"AVG_HEIGHT":4.78102710419,"TERAIN_SLP":2.06014435565,"AREA":17.2893695292,"VOLUME":83,"FLOORS":2,"INT_ZONE":"Borde Rural","FLOOD":1,"LANDSLIDE":"Amenaza Media","LEGAL_ID":"358","LEGAL_NAME":"EL PARAISO","LEGAL_AREA":26.04,"LEGAL_LOTS":2077,"LEGAL_POP":11215.8,"LEGAL_DENS":79.76190476,"LEGALIZING":null,"BLOCK_ID_":"002565037","BLOCK_POP":129,"BLOCK_BLD":33,"BLOCK_RISK":4.6575618,"BLOCK_EDU":0.88229668,"BLOCK_HLTH":27.09024,"BLOCK_TRAN":73.03878,"BLOCK_CULT":0,"BLOCK_PARK":48.343414,"BLOCK_SEC":54.028103,"BLOCK_CENT":0,"BLOCK_DEF":27.2727272727,"BLD_INHAB":4,"OBJECTID":1,"AO_225":0.16,"id":2926,"preds_material":[[1,"1216743730_009408_8243_3-512.jpg"],[5,"1216743980_717941_9093_1-512.jpg"]],"material_ml":"brick","preds_construction":[[2,"1216743730_009408_8243_3-512.jpg"],[1,"1216743730_009408_8243_3-512.jpg"]],"construction_ml":"incomplete","preds_design":[[2,"1216743730_009408_8243_3-512.jpg"]],"design_ml":"designed","images":[]}
