{"MATERIAL":"corrugated metal","AVG_SLOPE":3.87805935217,"AVG_HEIGHT":3.63293690534,"TERAIN_SLP":4.21287537646,"AREA":63.6619262011,"VOLUME":231,"FLOORS":2,"INT_ZONE":null,"FLOOD":1,"LANDSLIDE":"Amenaza Media","LEGAL_ID":"358","LEGAL_NAME":"EL PARAISO","LEGAL_AREA":26.04,"LEGAL_LOTS":2077,"LEGAL_POP":11215.8,"LEGAL_DENS":79.76190476,"LEGALIZING":null,"BLOCK_ID_":"002565050","BLOCK_POP":53,"BLOCK_BLD":14,"BLOCK_RISK":3.3278797,"BLOCK_EDU":1.1139129,"BLOCK_HLTH":33.366993,"BLOCK_TRAN":50.464108,"BLOCK_CULT":0,"BLOCK_PARK":74.755394,"BLOCK_SEC":100,"BLOCK_CENT":0,"BLOCK_DEF":35.7142857143,"BLD_INHAB":4,"OBJECTID":1,"AO_225":0.16,"id":2942,"preds_material":[[5,"1216740511_246540_366_1-512.jpg"],[5,"1216740511_481556_367_1-512.jpg"],[5,"1216740511_716541_368_1-512.jpg"],[5,"1216740511_956584_369_1-512.jpg"],[5,"1216740512_201493_370_1-512.jpg"],[5,"1216740512_471490_371_1-512.jpg"],[5,"1216740512_776520_372_1-512.jpg"],[5,"1216740513_141475_373_1-512.jpg"],[5,"1216740513_576550_374_1-512.jpg"],[5,"1216740514_036724_375_1-512.jpg"],[5,"1216740514_511508_376_1-512.jpg"],[5,"1216740515_126510_377_1-512.jpg"],[5,"1216740515_811488_378_1-512.jpg"],[5,"1216740516_526497_379_1-512.jpg"],[5,"1216740517_276563_380_1-512.jpg"],[5,"1216740517_921455_381_1-512.jpg"],[5,"1216740518_481472_382_1-512.jpg"],[5,"1216740519_016548_383_1-512.jpg"],[5,"1216740519_581443_384_1-512.jpg"],[5,"1216740520_191474_385_1-512.jpg"],[5,"1216740520_861444_386_1-512.jpg"],[5,"1216740521_731489_387_1-512.jpg"],[5,"1216740522_391466_388_1-512.jpg"],[5,"1216740523_081442_389_1-512.jpg"],[5,"1216740523_646480_390_1-512.jpg"],[5,"1216743773_609030_8345_3-512.jpg"],[5,"1216743773_984065_8346_3-512.jpg"],[1,"1216743773_984065_8346_3-512.jpg"],[1,"1216743774_393905_8347_3-512.jpg"],[5,"1216743774_393905_8347_3-512.jpg"],[5,"1216743774_823910_8348_3-512.jpg"],[1,"1216743774_823910_8348_3-512.jpg"],[5,"1216743775_244095_8349_3-512.jpg"],[1,"1216743775_244095_8349_3-512.jpg"],[5,"1216743775_624012_8350_3-512.jpg"],[2,"1216743775_624012_8350_3-512.jpg"],[5,"1216743775_624012_8350_3-512.jpg"],[5,"1216743776_004013_8351_3-512.jpg"],[5,"1216743776_004013_8351_3-512.jpg"],[2,"1216743776_004013_8351_3-512.jpg"],[6,"1216743776_004013_8351_3-512.jpg"],[5,"1216743776_364063_8352_3-512.jpg"],[3,"1216743776_364063_8352_3-512.jpg"],[5,"1216743776_364063_8352_3-512.jpg"],[2,"1216743776_364063_8352_3-512.jpg"],[5,"1216743776_834112_8353_3-512.jpg"],[5,"1216743776_834112_8353_3-512.jpg"],[6,"1216743776_834112_8353_3-512.jpg"],[2,"1216743776_834112_8353_3-512.jpg"],[3,"1216743776_834112_8353_3-512.jpg"],[5,"1216743777_274069_8354_3-512.jpg"],[5,"1216743777_274069_8354_3-512.jpg"],[5,"1216743777_694015_8355_3-512.jpg"],[5,"1216743777_694015_8355_3-512.jpg"],[5,"1216743777_694015_8355_3-512.jpg"],[5,"1216743778_089058_8356_3-512.jpg"],[5,"1216743778_469040_8357_3-512.jpg"],[3,"1216743778_469040_8357_3-512.jpg"]],"material_ml":"painted","preds_construction":[[2,"1216740511_246540_366_1-512.jpg"],[2,"1216740511_481556_367_1-512.jpg"],[2,"1216740511_716541_368_1-512.jpg"],[2,"1216740511_956584_369_1-512.jpg"],[2,"1216740512_201493_370_1-512.jpg"],[2,"1216740512_471490_371_1-512.jpg"],[2,"1216740512_776520_372_1-512.jpg"],[2,"1216740513_141475_373_1-512.jpg"],[2,"1216740513_576550_374_1-512.jpg"],[2,"1216740514_036724_375_1-512.jpg"],[2,"1216740514_511508_376_1-512.jpg"],[2,"1216740515_126510_377_1-512.jpg"],[2,"1216740515_811488_378_1-512.jpg"],[2,"1216740516_526497_379_1-512.jpg"],[2,"1216740517_276563_380_1-512.jpg"],[2,"1216740517_921455_381_1-512.jpg"],[2,"1216740518_481472_382_1-512.jpg"],[2,"1216740519_016548_383_1-512.jpg"],[2,"1216740519_581443_384_1-512.jpg"],[2,"1216740520_191474_385_1-512.jpg"],[2,"1216740520_861444_386_1-512.jpg"],[2,"1216740521_731489_387_1-512.jpg"],[2,"1216740522_391466_388_1-512.jpg"],[2,"1216740523_081442_389_1-512.jpg"],[2,"1216740523_646480_390_1-512.jpg"],[2,"1216743773_264006_8344_3-512.jpg"],[2,"1216743773_609030_8345_3-512.jpg"],[2,"1216743773_984065_8346_3-512.jpg"],[2,"1216743774_393905_8347_3-512.jpg"],[2,"1216743774_823910_8348_3-512.jpg"],[2,"1216743775_244095_8349_3-512.jpg"],[2,"1216743775_624012_8350_3-512.jpg"],[2,"1216743775_624012_8350_3-512.jpg"],[2,"1216743776_004013_8351_3-512.jpg"],[2,"1216743776_004013_8351_3-512.jpg"],[2,"1216743776_364063_8352_3-512.jpg"],[2,"1216743776_364063_8352_3-512.jpg"],[2,"1216743776_834112_8353_3-512.jpg"],[2,"1216743776_834112_8353_3-512.jpg"],[2,"1216743777_274069_8354_3-512.jpg"],[2,"1216743777_274069_8354_3-512.jpg"],[1,"1216743777_274069_8354_3-512.jpg"],[2,"1216743777_694015_8355_3-512.jpg"],[1,"1216743777_694015_8355_3-512.jpg"],[2,"1216743778_089058_8356_3-512.jpg"],[2,"1216743778_469040_8357_3-512.jpg"]],"construction_ml":"complete","preds_design":[[1,"1216740511_246540_366_1-512.jpg"],[1,"1216740511_481556_367_1-512.jpg"],[1,"1216740511_716541_368_1-512.jpg"],[1,"1216740511_956584_369_1-512.jpg"],[1,"1216740512_201493_370_1-512.jpg"],[1,"1216740512_471490_371_1-512.jpg"],[1,"1216740512_776520_372_1-512.jpg"],[1,"1216740513_141475_373_1-512.jpg"],[1,"1216740513_576550_374_1-512.jpg"],[1,"1216740514_036724_375_1-512.jpg"],[1,"1216740514_511508_376_1-512.jpg"],[1,"1216740515_126510_377_1-512.jpg"],[1,"1216740515_811488_378_1-512.jpg"],[1,"1216740516_526497_379_1-512.jpg"],[1,"1216740517_276563_380_1-512.jpg"],[1,"1216740517_921455_381_1-512.jpg"],[1,"1216740518_481472_382_1-512.jpg"],[1,"1216740519_016548_383_1-512.jpg"],[1,"1216740519_581443_384_1-512.jpg"],[1,"1216740520_191474_385_1-512.jpg"],[1,"1216740520_861444_386_1-512.jpg"],[1,"1216740521_731489_387_1-512.jpg"],[1,"1216740522_391466_388_1-512.jpg"],[1,"1216740523_081442_389_1-512.jpg"],[2,"1216743773_264006_8344_3-512.jpg"],[2,"1216743773_609030_8345_3-512.jpg"],[2,"1216743773_984065_8346_3-512.jpg"],[2,"1216743774_393905_8347_3-512.jpg"],[2,"1216743774_823910_8348_3-512.jpg"],[2,"1216743775_244095_8349_3-512.jpg"],[2,"1216743775_624012_8350_3-512.jpg"],[1,"1216743775_624012_8350_3-512.jpg"],[2,"1216743776_004013_8351_3-512.jpg"],[1,"1216743776_004013_8351_3-512.jpg"],[2,"1216743776_364063_8352_3-512.jpg"],[1,"1216743776_364063_8352_3-512.jpg"],[2,"1216743776_834112_8353_3-512.jpg"],[1,"1216743776_834112_8353_3-512.jpg"],[1,"1216743777_274069_8354_3-512.jpg"],[2,"1216743777_274069_8354_3-512.jpg"],[1,"1216743777_694015_8355_3-512.jpg"],[1,"1216743777_694015_8355_3-512.jpg"],[1,"1216743778_089058_8356_3-512.jpg"],[1,"1216743778_469040_8357_3-512.jpg"]],"design_ml":"undesigned","images":[]}
