{"MATERIAL":"concrete","AVG_SLOPE":10.8836713275,"AVG_HEIGHT":8.45160670519,"TERAIN_SLP":1.25538703607,"AREA":60.0887068563,"VOLUME":508,"FLOORS":3,"INT_ZONE":null,"FLOOD":1,"LANDSLIDE":"Amenaza Media","LEGAL_ID":"358","LEGAL_NAME":"EL PARAISO","LEGAL_AREA":26.04,"LEGAL_LOTS":2077,"LEGAL_POP":11215.8,"LEGAL_DENS":79.76190476,"LEGALIZING":null,"BLOCK_ID_":"002565050","BLOCK_POP":53,"BLOCK_BLD":14,"BLOCK_RISK":3.3278797,"BLOCK_EDU":1.1139129,"BLOCK_HLTH":33.366993,"BLOCK_TRAN":50.464108,"BLOCK_CULT":0,"BLOCK_PARK":74.755394,"BLOCK_SEC":100,"BLOCK_CENT":0,"BLOCK_DEF":35.7142857143,"BLD_INHAB":4,"OBJECTID":1,"AO_225":0.16,"id":2951,"preds_material":[[6,"1216740507_796554_351_1-512.jpg"],[6,"1216740507_996560_352_1-512.jpg"],[5,"1216740507_996560_352_1-512.jpg"],[6,"1216740508_191507_353_1-512.jpg"],[6,"1216740508_386581_354_1-512.jpg"],[1,"1216740508_386581_354_1-512.jpg"],[6,"1216740508_586544_355_1-512.jpg"],[1,"1216740508_586544_355_1-512.jpg"],[6,"1216740508_791524_356_1-512.jpg"],[6,"1216740509_006758_357_1-512.jpg"],[1,"1216740547_486357_440_1-512.jpg"],[1,"1216740547_691345_441_1-512.jpg"],[1,"1216740547_896273_442_1-512.jpg"],[5,"1216743781_083968_8363_3-512.jpg"],[3,"1216743781_083968_8363_3-512.jpg"],[5,"1216743781_664013_8364_3-512.jpg"],[3,"1216743781_664013_8364_3-512.jpg"]],"material_ml":"other/unclear","preds_construction":[[2,"1216740507_796554_351_1-512.jpg"],[2,"1216740507_996560_352_1-512.jpg"],[2,"1216740507_996560_352_1-512.jpg"],[2,"1216740508_191507_353_1-512.jpg"],[2,"1216740508_386581_354_1-512.jpg"],[2,"1216740508_386581_354_1-512.jpg"],[2,"1216740508_586544_355_1-512.jpg"],[2,"1216740508_586544_355_1-512.jpg"],[2,"1216740508_791524_356_1-512.jpg"],[2,"1216740509_006758_357_1-512.jpg"],[1,"1216743781_083968_8363_3-512.jpg"],[2,"1216743781_083968_8363_3-512.jpg"],[1,"1216743781_664013_8364_3-512.jpg"],[2,"1216743781_664013_8364_3-512.jpg"]],"construction_ml":"complete","preds_design":[[2,"1216740507_796554_351_1-512.jpg"],[2,"1216740507_996560_352_1-512.jpg"],[2,"1216740507_996560_352_1-512.jpg"],[2,"1216740508_191507_353_1-512.jpg"],[2,"1216740508_386581_354_1-512.jpg"],[1,"1216740508_386581_354_1-512.jpg"],[2,"1216740508_586544_355_1-512.jpg"],[1,"1216740508_586544_355_1-512.jpg"],[2,"1216740508_791524_356_1-512.jpg"],[2,"1216740509_006758_357_1-512.jpg"],[1,"1216740509_006758_357_1-512.jpg"],[1,"1216743781_083968_8363_3-512.jpg"],[1,"1216743781_664013_8364_3-512.jpg"]],"design_ml":"designed","images":[]}
