{"MATERIAL":"concrete","AVG_SLOPE":6.80148270398,"AVG_HEIGHT":8.22752065176,"TERAIN_SLP":6.01806479589,"AREA":63.4142118257,"VOLUME":522,"FLOORS":3,"INT_ZONE":null,"FLOOD":1,"LANDSLIDE":"Amenaza Media","LEGAL_ID":"358","LEGAL_NAME":"EL PARAISO","LEGAL_AREA":26.04,"LEGAL_LOTS":2077,"LEGAL_POP":11215.8,"LEGAL_DENS":79.76190476,"LEGALIZING":null,"BLOCK_ID_":"002565049","BLOCK_POP":128,"BLOCK_BLD":27,"BLOCK_RISK":11.157478,"BLOCK_EDU":1.4829018,"BLOCK_HLTH":41.907578,"BLOCK_TRAN":72.920631,"BLOCK_CULT":0,"BLOCK_PARK":72.819923,"BLOCK_SEC":100,"BLOCK_CENT":0,"BLOCK_DEF":40.7407407407,"BLD_INHAB":5,"OBJECTID":1,"AO_225":0.16,"id":2953,"preds_material":[[5,"1216740544_731328_428_3-512.jpg"],[5,"1216740545_006437_429_3-512.jpg"],[2,"1216740545_006437_429_3-512.jpg"],[2,"1216740545_266329_430_3-512.jpg"],[2,"1216740545_516305_431_3-512.jpg"],[5,"1216740545_516305_431_3-512.jpg"],[5,"1216740545_756281_432_3-512.jpg"],[5,"1216740545_756281_432_3-512.jpg"],[2,"1216740545_756281_432_3-512.jpg"],[5,"1216740545_991318_433_3-512.jpg"],[5,"1216740545_991318_433_3-512.jpg"],[2,"1216740545_991318_433_3-512.jpg"],[5,"1216740546_216413_434_3-512.jpg"],[5,"1216740546_216413_434_3-512.jpg"],[5,"1216740546_216413_434_3-512.jpg"],[2,"1216740546_216413_434_3-512.jpg"],[5,"1216740546_431311_435_3-512.jpg"],[5,"1216740546_431311_435_3-512.jpg"],[5,"1216740546_651331_436_3-512.jpg"],[5,"1216740546_861319_437_3-512.jpg"],[5,"1216740547_066283_438_3-512.jpg"],[5,"1216740547_276283_439_3-512.jpg"],[5,"1216743757_039143_8281_3-512.jpg"],[5,"1216743757_404137_8282_3-512.jpg"],[5,"1216743757_759287_8283_3-512.jpg"],[5,"1216743758_094061_8284_3-512.jpg"],[5,"1216743758_424055_8285_3-512.jpg"],[1,"1216743760_479120_8292_3-512.jpg"],[5,"1216743762_019279_8298_3-512.jpg"],[1,"1216743762_019279_8298_3-512.jpg"]],"material_ml":"painted","preds_construction":[[2,"1216740544_731328_428_3-512.jpg"],[2,"1216740545_006437_429_3-512.jpg"],[2,"1216740545_266329_430_3-512.jpg"],[2,"1216740545_516305_431_3-512.jpg"],[2,"1216740545_756281_432_3-512.jpg"],[2,"1216740545_756281_432_3-512.jpg"],[2,"1216740545_991318_433_3-512.jpg"],[2,"1216740545_991318_433_3-512.jpg"],[2,"1216740546_216413_434_3-512.jpg"],[2,"1216740546_431311_435_3-512.jpg"],[2,"1216740546_431311_435_3-512.jpg"],[2,"1216740546_431311_435_3-512.jpg"],[2,"1216740546_651331_436_3-512.jpg"],[2,"1216740546_861319_437_3-512.jpg"],[2,"1216740547_066283_438_3-512.jpg"],[2,"1216740547_276283_439_3-512.jpg"]],"construction_ml":"complete","preds_design":[[2,"1216740544_731328_428_3-512.jpg"],[2,"1216740545_006437_429_3-512.jpg"],[2,"1216740545_266329_430_3-512.jpg"],[2,"1216740545_516305_431_3-512.jpg"],[2,"1216740545_756281_432_3-512.jpg"],[1,"1216740545_756281_432_3-512.jpg"],[2,"1216740545_991318_433_3-512.jpg"],[1,"1216740545_991318_433_3-512.jpg"],[2,"1216740546_216413_434_3-512.jpg"],[1,"1216740546_216413_434_3-512.jpg"],[2,"1216740546_431311_435_3-512.jpg"],[1,"1216740546_431311_435_3-512.jpg"],[2,"1216740546_431311_435_3-512.jpg"],[2,"1216740546_651331_436_3-512.jpg"],[2,"1216740546_861319_437_3-512.jpg"],[2,"1216740547_066283_438_3-512.jpg"],[2,"1216740547_276283_439_3-512.jpg"]],"design_ml":"designed","images":[]}
