{"MATERIAL":"corrugated metal - dark","AVG_SLOPE":6.06986130603,"AVG_HEIGHT":8.31571419954,"TERAIN_SLP":1.05108967961,"AREA":59.8097334458,"VOLUME":497,"FLOORS":3,"INT_ZONE":null,"FLOOD":1,"LANDSLIDE":"Amenaza Media","LEGAL_ID":"358","LEGAL_NAME":"EL PARAISO","LEGAL_AREA":26.04,"LEGAL_LOTS":2077,"LEGAL_POP":11215.8,"LEGAL_DENS":79.76190476,"LEGALIZING":null,"BLOCK_ID_":"002565048","BLOCK_POP":93,"BLOCK_BLD":30,"BLOCK_RISK":12.699238,"BLOCK_EDU":1.1576099,"BLOCK_HLTH":34.435959,"BLOCK_TRAN":74.451927,"BLOCK_CULT":0,"BLOCK_PARK":67.066856,"BLOCK_SEC":100,"BLOCK_CENT":0,"BLOCK_DEF":26.6666666667,"BLD_INHAB":3,"OBJECTID":1,"AO_225":0.16,"id":2955,"preds_material":[[6,"1216740774_999889_821_1-512.jpg"],[6,"1216740775_154974_822_1-512.jpg"],[5,"1216740775_154974_822_1-512.jpg"],[6,"1216740775_154974_822_3-512.jpg"],[5,"1216740775_154974_822_3-512.jpg"],[6,"1216740775_314991_823_1-512.jpg"],[6,"1216740775_314991_823_3-512.jpg"],[6,"1216740775_479896_824_1-512.jpg"],[6,"1216740775_479896_824_3-512.jpg"],[5,"1216740775_479896_824_3-512.jpg"],[1,"1216740775_479896_824_3-512.jpg"],[6,"1216740775_644990_825_1-512.jpg"],[5,"1216740775_644990_825_1-512.jpg"],[6,"1216740775_644990_825_3-512.jpg"],[5,"1216740775_644990_825_3-512.jpg"],[1,"1216740775_644990_825_3-512.jpg"],[6,"1216740775_809891_826_1-512.jpg"],[6,"1216740775_809891_826_3-512.jpg"],[5,"1216740775_809891_826_3-512.jpg"],[6,"1216740775_979882_827_1-512.jpg"]],"material_ml":"other/unclear","preds_construction":[[2,"1216740774_999889_821_1-512.jpg"],[2,"1216740775_154974_822_1-512.jpg"],[2,"1216740775_154974_822_1-512.jpg"],[2,"1216740775_154974_822_3-512.jpg"],[2,"1216740775_154974_822_3-512.jpg"],[2,"1216740775_314991_823_1-512.jpg"],[2,"1216740775_314991_823_3-512.jpg"],[2,"1216740775_479896_824_1-512.jpg"],[2,"1216740775_479896_824_3-512.jpg"],[2,"1216740775_479896_824_3-512.jpg"],[2,"1216740775_644990_825_1-512.jpg"],[2,"1216740775_644990_825_1-512.jpg"],[2,"1216740775_644990_825_3-512.jpg"],[2,"1216740775_644990_825_3-512.jpg"],[1,"1216740775_644990_825_3-512.jpg"],[2,"1216740775_809891_826_1-512.jpg"],[2,"1216740775_809891_826_3-512.jpg"],[2,"1216740775_809891_826_3-512.jpg"],[1,"1216740775_809891_826_3-512.jpg"],[2,"1216740775_979882_827_1-512.jpg"]],"construction_ml":"complete","preds_design":[[2,"1216740774_999889_821_1-512.jpg"],[2,"1216740775_154974_822_1-512.jpg"],[2,"1216740775_154974_822_1-512.jpg"],[2,"1216740775_154974_822_3-512.jpg"],[1,"1216740775_154974_822_3-512.jpg"],[2,"1216740775_314991_823_1-512.jpg"],[2,"1216740775_314991_823_3-512.jpg"],[2,"1216740775_479896_824_1-512.jpg"],[2,"1216740775_479896_824_3-512.jpg"],[1,"1216740775_479896_824_3-512.jpg"],[2,"1216740775_644990_825_1-512.jpg"],[1,"1216740775_644990_825_1-512.jpg"],[2,"1216740775_644990_825_3-512.jpg"],[1,"1216740775_644990_825_3-512.jpg"],[2,"1216740775_809891_826_1-512.jpg"],[2,"1216740775_809891_826_3-512.jpg"],[1,"1216740775_809891_826_3-512.jpg"],[2,"1216740775_979882_827_1-512.jpg"]],"design_ml":"designed","images":[]}
