{"MATERIAL":"corrugated metal/heavily patched","AVG_SLOPE":5.42767063704,"AVG_HEIGHT":3.05917067646,"TERAIN_SLP":23.6064106128,"AREA":61.6838197096,"VOLUME":189,"FLOORS":2,"INT_ZONE":"Borde Rural","FLOOD":1,"LANDSLIDE":"Amenaza Media","LEGAL_ID":"358","LEGAL_NAME":"EL PARAISO","LEGAL_AREA":26.04,"LEGAL_LOTS":2077,"LEGAL_POP":11215.8,"LEGAL_DENS":79.76190476,"LEGALIZING":null,"BLOCK_ID_":"002565049","BLOCK_POP":128,"BLOCK_BLD":27,"BLOCK_RISK":11.157478,"BLOCK_EDU":1.4829018,"BLOCK_HLTH":41.907578,"BLOCK_TRAN":72.920631,"BLOCK_CULT":0,"BLOCK_PARK":72.819923,"BLOCK_SEC":100,"BLOCK_CENT":0,"BLOCK_DEF":40.7407407407,"BLD_INHAB":5,"OBJECTID":1,"AO_225":0.16,"id":2963,"preds_material":[[5,"1216743986_792944_9121_3-512.jpg"],[5,"1216743987_007897_9122_3-512.jpg"],[5,"1216743987_223150_9123_3-512.jpg"],[5,"1216743987_437908_9124_3-512.jpg"],[5,"1216743987_657899_9125_3-512.jpg"],[5,"1216743987_877950_9126_3-512.jpg"],[5,"1216743988_107907_9127_3-512.jpg"],[5,"1216743988_107907_9127_3-512.jpg"],[5,"1216743988_347893_9128_3-512.jpg"],[5,"1216743988_347893_9128_3-512.jpg"],[5,"1216743988_597900_9129_3-512.jpg"],[5,"1216743988_597900_9129_3-512.jpg"],[5,"1216743988_792881_9130_3-512.jpg"],[5,"1216743988_792881_9130_3-512.jpg"],[5,"1216743988_987886_9131_3-512.jpg"],[5,"1216743988_987886_9131_3-512.jpg"],[5,"1216743989_187890_9132_3-512.jpg"],[5,"1216743989_187890_9132_3-512.jpg"]],"material_ml":"painted","preds_construction":[[2,"1216743986_792944_9121_3-512.jpg"],[2,"1216743987_007897_9122_3-512.jpg"],[2,"1216743987_223150_9123_3-512.jpg"],[2,"1216743987_437908_9124_3-512.jpg"],[2,"1216743987_657899_9125_3-512.jpg"],[2,"1216743987_877950_9126_3-512.jpg"],[2,"1216743988_107907_9127_3-512.jpg"],[2,"1216743988_107907_9127_3-512.jpg"],[2,"1216743988_347893_9128_3-512.jpg"],[2,"1216743988_347893_9128_3-512.jpg"],[2,"1216743988_597900_9129_3-512.jpg"],[2,"1216743988_597900_9129_3-512.jpg"],[2,"1216743988_792881_9130_3-512.jpg"],[2,"1216743988_792881_9130_3-512.jpg"],[2,"1216743988_987886_9131_3-512.jpg"],[2,"1216743988_987886_9131_3-512.jpg"],[2,"1216743989_187890_9132_3-512.jpg"],[2,"1216743989_187890_9132_3-512.jpg"]],"construction_ml":"complete","preds_design":[[2,"1216743986_792944_9121_3-512.jpg"],[2,"1216743987_007897_9122_3-512.jpg"],[2,"1216743987_223150_9123_3-512.jpg"],[2,"1216743987_437908_9124_3-512.jpg"],[2,"1216743987_657899_9125_3-512.jpg"],[2,"1216743987_877950_9126_3-512.jpg"],[2,"1216743988_107907_9127_3-512.jpg"],[2,"1216743988_107907_9127_3-512.jpg"],[2,"1216743988_347893_9128_3-512.jpg"],[2,"1216743988_347893_9128_3-512.jpg"],[2,"1216743988_597900_9129_3-512.jpg"],[2,"1216743988_597900_9129_3-512.jpg"],[2,"1216743988_792881_9130_3-512.jpg"],[2,"1216743988_792881_9130_3-512.jpg"],[2,"1216743988_987886_9131_3-512.jpg"],[2,"1216743988_987886_9131_3-512.jpg"],[2,"1216743989_187890_9132_3-512.jpg"],[2,"1216743989_187890_9132_3-512.jpg"]],"design_ml":"designed","images":[]}
