{"MATERIAL":"corrugated metal","AVG_SLOPE":7.40741538703,"AVG_HEIGHT":0.16188679065,"TERAIN_SLP":12.7052097628,"AREA":51.3986277873,"VOLUME":8,"FLOORS":1,"INT_ZONE":null,"FLOOD":1,"LANDSLIDE":"Amenaza Media","LEGAL_ID":"358","LEGAL_NAME":"EL PARAISO","LEGAL_AREA":26.04,"LEGAL_LOTS":2077,"LEGAL_POP":11215.8,"LEGAL_DENS":79.76190476,"LEGALIZING":null,"BLOCK_ID_":"002565049","BLOCK_POP":128,"BLOCK_BLD":27,"BLOCK_RISK":11.157478,"BLOCK_EDU":1.4829018,"BLOCK_HLTH":41.907578,"BLOCK_TRAN":72.920631,"BLOCK_CULT":0,"BLOCK_PARK":72.819923,"BLOCK_SEC":100,"BLOCK_CENT":0,"BLOCK_DEF":40.7407407407,"BLD_INHAB":5,"OBJECTID":1,"AO_225":0.16,"id":2968,"preds_material":[[5,"1216740776_519950_830_3-512.jpg"],[5,"1216740776_709883_831_3-512.jpg"],[5,"1216740776_909876_832_3-512.jpg"],[5,"1216740777_114977_833_3-512.jpg"],[5,"1216740777_319902_834_3-512.jpg"],[5,"1216740777_529885_835_3-512.jpg"],[5,"1216740777_739887_836_3-512.jpg"],[5,"1216740777_959941_837_3-512.jpg"],[5,"1216740778_189909_838_3-512.jpg"]],"material_ml":"painted","preds_construction":[[2,"1216740776_519950_830_3-512.jpg"],[2,"1216740776_709883_831_3-512.jpg"],[2,"1216740776_909876_832_3-512.jpg"],[2,"1216740777_114977_833_3-512.jpg"],[2,"1216740777_319902_834_3-512.jpg"],[2,"1216740777_529885_835_3-512.jpg"],[2,"1216740777_739887_836_3-512.jpg"],[2,"1216740777_959941_837_3-512.jpg"],[2,"1216740778_189909_838_3-512.jpg"]],"construction_ml":"complete","preds_design":[[1,"1216740776_519950_830_3-512.jpg"],[1,"1216740776_709883_831_3-512.jpg"],[1,"1216740776_909876_832_3-512.jpg"],[1,"1216740777_114977_833_3-512.jpg"],[1,"1216740777_319902_834_3-512.jpg"],[1,"1216740777_529885_835_3-512.jpg"],[1,"1216740777_739887_836_3-512.jpg"],[1,"1216740777_959941_837_3-512.jpg"],[1,"1216740778_189909_838_3-512.jpg"]],"design_ml":"undesigned","images":[]}
