{"MATERIAL":"corrugated metal","AVG_SLOPE":5.94625978143,"AVG_HEIGHT":2.10661632279,"TERAIN_SLP":29.0599492582,"AREA":55.6469622059,"VOLUME":117,"FLOORS":1,"INT_ZONE":null,"FLOOD":1,"LANDSLIDE":"Amenaza Media","LEGAL_ID":"358","LEGAL_NAME":"EL PARAISO","LEGAL_AREA":26.04,"LEGAL_LOTS":2077,"LEGAL_POP":11215.8,"LEGAL_DENS":79.76190476,"LEGALIZING":null,"BLOCK_ID_":"002565049","BLOCK_POP":128,"BLOCK_BLD":27,"BLOCK_RISK":11.157478,"BLOCK_EDU":1.4829018,"BLOCK_HLTH":41.907578,"BLOCK_TRAN":72.920631,"BLOCK_CULT":0,"BLOCK_PARK":72.819923,"BLOCK_SEC":100,"BLOCK_CENT":0,"BLOCK_DEF":40.7407407407,"BLD_INHAB":5,"OBJECTID":1,"AO_225":0.16,"id":2971,"preds_material":[[6,"1216740770_659957_790_3-512.jpg"],[6,"1216740770_795005_791_3-512.jpg"],[6,"1216740770_929957_792_3-512.jpg"],[6,"1216740771_059959_793_3-512.jpg"],[6,"1216740771_189965_794_3-512.jpg"],[6,"1216740771_325003_795_3-512.jpg"],[6,"1216740771_459946_796_3-512.jpg"],[6,"1216740771_594995_797_3-512.jpg"],[1,"1216740771_725004_798_3-512.jpg"],[6,"1216740771_725004_798_3-512.jpg"]],"material_ml":"other/unclear","preds_construction":[[2,"1216740770_659957_790_3-512.jpg"],[1,"1216740770_659957_790_3-512.jpg"],[2,"1216740770_795005_791_3-512.jpg"],[2,"1216740770_929957_792_3-512.jpg"],[2,"1216740771_059959_793_3-512.jpg"],[2,"1216740771_189965_794_3-512.jpg"],[2,"1216740771_325003_795_3-512.jpg"],[2,"1216740771_459946_796_3-512.jpg"],[2,"1216740771_594995_797_3-512.jpg"],[2,"1216740771_725004_798_3-512.jpg"],[2,"1216740771_854997_799_3-512.jpg"]],"construction_ml":"complete","preds_design":[[2,"1216740770_519943_789_3-512.jpg"],[2,"1216740770_659957_790_3-512.jpg"],[2,"1216740770_795005_791_3-512.jpg"],[2,"1216740770_929957_792_3-512.jpg"],[2,"1216740771_059959_793_3-512.jpg"],[2,"1216740771_189965_794_3-512.jpg"],[2,"1216740771_325003_795_3-512.jpg"],[2,"1216740771_459946_796_3-512.jpg"],[2,"1216740771_594995_797_3-512.jpg"],[2,"1216740771_725004_798_3-512.jpg"]],"design_ml":"designed","images":[]}
