{"MATERIAL":"concrete","AVG_SLOPE":4.39467437803,"AVG_HEIGHT":4.04257732754,"TERAIN_SLP":21.8815132539,"AREA":68.5957763197,"VOLUME":277,"FLOORS":2,"INT_ZONE":null,"FLOOD":1,"LANDSLIDE":"Amenaza Media","LEGAL_ID":"358","LEGAL_NAME":"EL PARAISO","LEGAL_AREA":26.04,"LEGAL_LOTS":2077,"LEGAL_POP":11215.8,"LEGAL_DENS":79.76190476,"LEGALIZING":null,"BLOCK_ID_":"002565049","BLOCK_POP":128,"BLOCK_BLD":27,"BLOCK_RISK":11.157478,"BLOCK_EDU":1.4829018,"BLOCK_HLTH":41.907578,"BLOCK_TRAN":72.920631,"BLOCK_CULT":0,"BLOCK_PARK":72.819923,"BLOCK_SEC":100,"BLOCK_CENT":0,"BLOCK_DEF":40.7407407407,"BLD_INHAB":5,"OBJECTID":1,"AO_225":0.16,"id":2977,"preds_material":[[1,"1216740763_360032_770_3-512.jpg"],[5,"1216740763_925131_771_3-512.jpg"],[5,"1216740764_589989_772_3-512.jpg"],[5,"1216740765_355041_773_3-512.jpg"],[1,"1216740766_805025_774_3-512.jpg"],[5,"1216740766_805025_774_3-512.jpg"],[5,"1216740767_599982_775_3-512.jpg"],[1,"1216740767_599982_775_3-512.jpg"],[5,"1216740768_020191_776_3-512.jpg"],[5,"1216740768_329969_777_3-512.jpg"],[5,"1216740768_589984_778_3-512.jpg"],[5,"1216740768_829975_779_3-512.jpg"],[5,"1216740769_045171_780_3-512.jpg"],[5,"1216740769_240006_781_3-512.jpg"],[2,"1216740769_240006_781_3-512.jpg"],[5,"1216740769_425003_782_3-512.jpg"],[2,"1216740769_425003_782_3-512.jpg"],[5,"1216740769_599976_783_3-512.jpg"],[2,"1216740769_599976_783_3-512.jpg"],[2,"1216740769_764999_784_3-512.jpg"],[1,"1216740769_764999_784_3-512.jpg"],[5,"1216740769_764999_784_3-512.jpg"],[2,"1216740769_925004_785_3-512.jpg"],[2,"1216740770_079970_786_3-512.jpg"],[2,"1216740770_230022_787_3-512.jpg"],[5,"1216743810_518716_8423_3-512.jpg"]],"material_ml":"painted","preds_construction":[[2,"1216740763_925131_771_3-512.jpg"],[2,"1216740764_589989_772_3-512.jpg"],[2,"1216740765_355041_773_3-512.jpg"],[2,"1216740766_805025_774_3-512.jpg"],[2,"1216740767_599982_775_3-512.jpg"],[2,"1216740768_020191_776_3-512.jpg"],[2,"1216740768_329969_777_3-512.jpg"],[2,"1216740768_589984_778_3-512.jpg"],[2,"1216740768_829975_779_3-512.jpg"],[2,"1216740769_045171_780_3-512.jpg"],[2,"1216740769_240006_781_3-512.jpg"],[2,"1216740769_425003_782_3-512.jpg"],[2,"1216740769_599976_783_3-512.jpg"],[2,"1216740769_764999_784_3-512.jpg"],[2,"1216740769_925004_785_3-512.jpg"],[2,"1216740770_079970_786_3-512.jpg"],[2,"1216740770_230022_787_3-512.jpg"],[2,"1216743810_518716_8423_3-512.jpg"],[2,"1216743810_888736_8424_3-512.jpg"]],"construction_ml":"complete","preds_design":[[2,"1216740763_360032_770_3-512.jpg"],[2,"1216740763_925131_771_3-512.jpg"],[2,"1216740764_589989_772_3-512.jpg"],[2,"1216740765_355041_773_3-512.jpg"],[2,"1216740766_805025_774_3-512.jpg"],[2,"1216740767_599982_775_3-512.jpg"],[2,"1216740768_020191_776_3-512.jpg"],[2,"1216740768_329969_777_3-512.jpg"],[2,"1216740768_589984_778_3-512.jpg"],[2,"1216740768_829975_779_3-512.jpg"],[2,"1216740769_045171_780_3-512.jpg"],[2,"1216740769_240006_781_3-512.jpg"],[2,"1216740769_425003_782_3-512.jpg"],[2,"1216740769_599976_783_3-512.jpg"],[2,"1216740769_764999_784_3-512.jpg"],[2,"1216740769_925004_785_3-512.jpg"],[2,"1216740770_079970_786_3-512.jpg"],[2,"1216740770_230022_787_3-512.jpg"]],"design_ml":"designed","images":[]}
