{"MATERIAL":"corrugated metal","AVG_SLOPE":12.5733701993,"AVG_HEIGHT":8.20151940711,"TERAIN_SLP":6.56211462887,"AREA":83.7840806111,"VOLUME":687,"FLOORS":3,"INT_ZONE":"Borde Rural","FLOOD":1,"LANDSLIDE":"Amenaza Media","LEGAL_ID":"358","LEGAL_NAME":"EL PARAISO","LEGAL_AREA":26.04,"LEGAL_LOTS":2077,"LEGAL_POP":11215.8,"LEGAL_DENS":79.76190476,"LEGALIZING":null,"BLOCK_ID_":"002565048","BLOCK_POP":93,"BLOCK_BLD":30,"BLOCK_RISK":12.699238,"BLOCK_EDU":1.1576099,"BLOCK_HLTH":34.435959,"BLOCK_TRAN":74.451927,"BLOCK_CULT":0,"BLOCK_PARK":67.066856,"BLOCK_SEC":100,"BLOCK_CENT":0,"BLOCK_DEF":26.6666666667,"BLD_INHAB":3,"OBJECTID":1,"AO_225":0.16,"id":2981,"preds_material":[[5,"1216740778_439892_839_1-512.jpg"],[5,"1216740778_439892_839_3-512.jpg"],[5,"1216740778_439892_839_3-512.jpg"],[5,"1216740778_709874_840_1-512.jpg"],[5,"1216740778_709874_840_1-512.jpg"],[5,"1216740778_709874_840_3-512.jpg"],[5,"1216740778_709874_840_3-512.jpg"],[5,"1216740779_005123_841_1-512.jpg"],[5,"1216740779_005123_841_3-512.jpg"],[5,"1216740779_299867_842_1-512.jpg"],[5,"1216740779_299867_842_3-512.jpg"],[5,"1216740779_299867_842_3-512.jpg"],[5,"1216740779_619866_843_1-512.jpg"],[5,"1216740779_619866_843_3-512.jpg"],[5,"1216740779_619866_843_3-512.jpg"],[5,"1216740779_969877_844_1-512.jpg"],[5,"1216740779_969877_844_3-512.jpg"],[5,"1216740779_969877_844_3-512.jpg"],[5,"1216740780_384974_845_1-512.jpg"],[5,"1216740780_384974_845_3-512.jpg"],[5,"1216740780_384974_845_3-512.jpg"],[5,"1216740780_944963_846_1-512.jpg"],[5,"1216740780_944963_846_3-512.jpg"],[5,"1216740781_519862_847_1-512.jpg"],[5,"1216740781_519862_847_3-512.jpg"],[5,"1216740782_219913_848_1-512.jpg"],[5,"1216740782_219913_848_3-512.jpg"],[5,"1216740783_494942_849_1-512.jpg"],[5,"1216740783_494942_849_3-512.jpg"],[5,"1216740785_054924_850_1-512.jpg"],[5,"1216740785_054924_850_3-512.jpg"],[5,"1216740786_869812_851_1-512.jpg"],[5,"1216740794_744884_852_1-512.jpg"],[5,"1216740796_824879_853_1-512.jpg"],[5,"1216740803_504843_854_1-512.jpg"],[5,"1216740803_504843_854_3-512.jpg"],[5,"1216740804_924893_855_1-512.jpg"],[5,"1216740804_924893_855_3-512.jpg"],[5,"1216740805_839857_856_1-512.jpg"],[5,"1216740805_839857_856_3-512.jpg"],[5,"1216740806_454823_857_1-512.jpg"],[5,"1216740806_919726_858_1-512.jpg"],[5,"1216740807_319773_859_1-512.jpg"],[1,"1216740807_319773_859_3-512.jpg"],[5,"1216740807_774827_860_1-512.jpg"],[5,"1216740807_774827_860_1-512.jpg"],[1,"1216740807_774827_860_3-512.jpg"],[5,"1216740808_244837_861_1-512.jpg"],[6,"1216743745_299026_8270_3-512.jpg"],[6,"1216743745_984097_8271_3-512.jpg"],[6,"1216743747_068877_8272_3-512.jpg"],[5,"1216743983_137938_9105_3-512.jpg"],[5,"1216743983_407761_9106_3-512.jpg"],[5,"1216743983_663048_9107_3-512.jpg"],[5,"1216743983_917965_9108_3-512.jpg"],[5,"1216743984_197948_9109_3-512.jpg"],[5,"1216743984_197948_9109_3-512.jpg"],[5,"1216743984_442937_9110_3-512.jpg"],[5,"1216743984_442937_9110_3-512.jpg"],[5,"1216743984_672940_9111_3-512.jpg"],[5,"1216743984_672940_9111_3-512.jpg"],[5,"1216743984_933006_9112_3-512.jpg"],[5,"1216743984_933006_9112_3-512.jpg"],[5,"1216743985_127998_9113_3-512.jpg"],[5,"1216743985_332948_9114_3-512.jpg"],[5,"1216743985_537907_9115_3-512.jpg"],[5,"1216743985_742948_9116_3-512.jpg"],[5,"1216743985_952987_9117_3-512.jpg"],[5,"1216743986_162963_9118_3-512.jpg"]],"material_ml":"painted","preds_construction":[[2,"1216740778_439892_839_1-512.jpg"],[2,"1216740778_439892_839_3-512.jpg"],[2,"1216740778_439892_839_3-512.jpg"],[2,"1216740778_709874_840_1-512.jpg"],[2,"1216740778_709874_840_1-512.jpg"],[2,"1216740778_709874_840_3-512.jpg"],[2,"1216740778_709874_840_3-512.jpg"],[1,"1216740778_709874_840_3-512.jpg"],[2,"1216740779_005123_841_1-512.jpg"],[2,"1216740779_005123_841_3-512.jpg"],[2,"1216740779_005123_841_3-512.jpg"],[2,"1216740779_299867_842_1-512.jpg"],[2,"1216740779_299867_842_3-512.jpg"],[1,"1216740779_299867_842_3-512.jpg"],[2,"1216740779_299867_842_3-512.jpg"],[2,"1216740779_619866_843_1-512.jpg"],[2,"1216740779_619866_843_3-512.jpg"],[1,"1216740779_619866_843_3-512.jpg"],[2,"1216740779_619866_843_3-512.jpg"],[2,"1216740779_969877_844_1-512.jpg"],[2,"1216740779_969877_844_3-512.jpg"],[1,"1216740779_969877_844_3-512.jpg"],[2,"1216740780_384974_845_1-512.jpg"],[2,"1216740780_384974_845_3-512.jpg"],[1,"1216740780_384974_845_3-512.jpg"],[2,"1216740780_944963_846_1-512.jpg"],[2,"1216740780_944963_846_3-512.jpg"],[2,"1216740781_519862_847_1-512.jpg"],[2,"1216740781_519862_847_3-512.jpg"],[2,"1216740782_219913_848_1-512.jpg"],[2,"1216740782_219913_848_3-512.jpg"],[2,"1216740783_494942_849_1-512.jpg"],[2,"1216740783_494942_849_3-512.jpg"],[2,"1216740785_054924_850_1-512.jpg"],[2,"1216740785_054924_850_3-512.jpg"],[2,"1216740786_869812_851_1-512.jpg"],[2,"1216740794_744884_852_1-512.jpg"],[2,"1216740796_824879_853_1-512.jpg"],[2,"1216740803_504843_854_1-512.jpg"],[2,"1216740803_504843_854_3-512.jpg"],[2,"1216740804_924893_855_1-512.jpg"],[2,"1216740804_924893_855_3-512.jpg"],[2,"1216740805_839857_856_1-512.jpg"],[2,"1216740805_839857_856_3-512.jpg"],[2,"1216740806_454823_857_1-512.jpg"],[2,"1216740806_919726_858_1-512.jpg"],[2,"1216740807_319773_859_1-512.jpg"],[2,"1216740807_319773_859_1-512.jpg"],[2,"1216740807_774827_860_1-512.jpg"],[2,"1216740807_774827_860_1-512.jpg"],[2,"1216740808_244837_861_1-512.jpg"],[2,"1216743745_299026_8270_3-512.jpg"],[2,"1216743745_984097_8271_3-512.jpg"],[2,"1216743747_068877_8272_3-512.jpg"],[2,"1216743982_887874_9104_3-512.jpg"],[2,"1216743983_137938_9105_3-512.jpg"],[2,"1216743983_407761_9106_3-512.jpg"],[2,"1216743983_663048_9107_3-512.jpg"],[2,"1216743983_917965_9108_3-512.jpg"],[2,"1216743984_197948_9109_3-512.jpg"],[2,"1216743984_197948_9109_3-512.jpg"],[2,"1216743984_442937_9110_3-512.jpg"],[2,"1216743984_442937_9110_3-512.jpg"],[2,"1216743984_672940_9111_3-512.jpg"],[2,"1216743984_672940_9111_3-512.jpg"],[2,"1216743984_933006_9112_3-512.jpg"],[2,"1216743985_127998_9113_3-512.jpg"],[2,"1216743985_332948_9114_3-512.jpg"],[2,"1216743985_537907_9115_3-512.jpg"],[2,"1216743985_742948_9116_3-512.jpg"],[2,"1216743985_952987_9117_3-512.jpg"],[2,"1216743986_162963_9118_3-512.jpg"]],"construction_ml":"complete",