{"MATERIAL":"corrugated metal","AVG_SLOPE":6.48137249195,"AVG_HEIGHT":2.46533268637,"TERAIN_SLP":4.64557982429,"AREA":59.2054243913,"VOLUME":146,"FLOORS":1,"INT_ZONE":null,"FLOOD":1,"LANDSLIDE":"Amenaza Media","LEGAL_ID":"358","LEGAL_NAME":"EL PARAISO","LEGAL_AREA":26.04,"LEGAL_LOTS":2077,"LEGAL_POP":11215.8,"LEGAL_DENS":79.76190476,"LEGALIZING":null,"BLOCK_ID_":"002565048","BLOCK_POP":93,"BLOCK_BLD":30,"BLOCK_RISK":12.699238,"BLOCK_EDU":1.1576099,"BLOCK_HLTH":34.435959,"BLOCK_TRAN":74.451927,"BLOCK_CULT":0,"BLOCK_PARK":67.066856,"BLOCK_SEC":100,"BLOCK_CENT":0,"BLOCK_DEF":26.6666666667,"BLD_INHAB":3,"OBJECTID":1,"AO_225":0.16,"id":2983,"preds_material":[[5,"1216740777_114977_833_1-512.jpg"],[5,"1216740777_319902_834_1-512.jpg"],[5,"1216740777_529885_835_1-512.jpg"],[5,"1216740777_739887_836_1-512.jpg"],[5,"1216740777_739887_836_1-512.jpg"],[5,"1216740777_959941_837_1-512.jpg"],[5,"1216740777_959941_837_1-512.jpg"],[5,"1216740778_189909_838_1-512.jpg"],[5,"1216740778_189909_838_1-512.jpg"],[5,"1216740778_439892_839_1-512.jpg"]],"material_ml":"painted","preds_construction":[[2,"1216740777_114977_833_1-512.jpg"],[2,"1216740777_319902_834_1-512.jpg"],[2,"1216740777_529885_835_1-512.jpg"],[2,"1216740777_739887_836_1-512.jpg"],[2,"1216740777_739887_836_1-512.jpg"],[2,"1216740777_959941_837_1-512.jpg"],[2,"1216740777_959941_837_1-512.jpg"],[2,"1216740778_189909_838_1-512.jpg"],[2,"1216740778_189909_838_1-512.jpg"],[2,"1216740778_439892_839_1-512.jpg"]],"construction_ml":"complete","preds_design":[[1,"1216740777_114977_833_1-512.jpg"],[1,"1216740777_319902_834_1-512.jpg"],[1,"1216740777_529885_835_1-512.jpg"],[1,"1216740777_739887_836_1-512.jpg"],[2,"1216740777_739887_836_1-512.jpg"],[1,"1216740777_959941_837_1-512.jpg"],[2,"1216740777_959941_837_1-512.jpg"],[2,"1216740778_189909_838_1-512.jpg"],[1,"1216740778_189909_838_1-512.jpg"],[1,"1216740778_439892_839_1-512.jpg"]],"design_ml":"undesigned","images":[]}
