{"MATERIAL":"corrugated metal","AVG_SLOPE":5.32026196578,"AVG_HEIGHT":8.50039738901,"TERAIN_SLP":8.28846605795,"AREA":74.9961228037,"VOLUME":637,"FLOORS":3,"INT_ZONE":"Borde Rural","FLOOD":1,"LANDSLIDE":"Amenaza Media","LEGAL_ID":"358","LEGAL_NAME":"EL PARAISO","LEGAL_AREA":26.04,"LEGAL_LOTS":2077,"LEGAL_POP":11215.8,"LEGAL_DENS":79.76190476,"LEGALIZING":null,"BLOCK_ID_":"002565047","BLOCK_POP":107,"BLOCK_BLD":35,"BLOCK_RISK":3.3746243,"BLOCK_EDU":0.9327547,"BLOCK_HLTH":28.760546,"BLOCK_TRAN":83.603775,"BLOCK_CULT":0,"BLOCK_PARK":61.971481,"BLOCK_SEC":100,"BLOCK_CENT":0,"BLOCK_DEF":22.8571428571,"BLD_INHAB":3,"OBJECTID":2,"AO_225":0.2,"id":2987,"preds_material":[[5,"1216741007_623750_1310_3-512.jpg"],[5,"1216741007_993729_1311_3-512.jpg"],[5,"1216741008_413735_1312_3-512.jpg"],[5,"1216741008_928697_1313_3-512.jpg"],[5,"1216741009_533685_1314_3-512.jpg"],[5,"1216741010_828690_1315_3-512.jpg"],[5,"1216741011_673683_1316_3-512.jpg"],[5,"1216741012_113652_1317_3-512.jpg"],[5,"1216741012_453739_1318_3-512.jpg"],[5,"1216741012_748908_1319_3-512.jpg"],[5,"1216741013_013699_1320_3-512.jpg"],[5,"1216741013_263668_1321_3-512.jpg"],[5,"1216743973_543018_9053_3-512.jpg"],[5,"1216743973_778144_9054_3-512.jpg"],[5,"1216743974_003101_9055_3-512.jpg"],[5,"1216743974_223021_9056_3-512.jpg"],[5,"1216743974_393003_9057_3-512.jpg"],[5,"1216743974_563021_9058_3-512.jpg"],[5,"1216743974_733025_9059_3-512.jpg"],[5,"1216743974_903012_9060_3-512.jpg"],[5,"1216743975_068005_9061_3-512.jpg"],[5,"1216743975_238018_9062_3-512.jpg"],[5,"1216743975_403046_9063_3-512.jpg"],[5,"1216743975_568056_9064_3-512.jpg"],[5,"1216743975_733013_9065_3-512.jpg"],[5,"1216743975_902999_9066_3-512.jpg"],[5,"1216743976_073079_9067_3-512.jpg"],[5,"1216743976_243053_9068_3-512.jpg"],[5,"1216743976_413008_9069_3-512.jpg"],[5,"1216743976_583081_9070_3-512.jpg"]],"material_ml":"painted","preds_construction":[[2,"1216741007_623750_1310_3-512.jpg"],[2,"1216741007_993729_1311_3-512.jpg"],[2,"1216741008_413735_1312_3-512.jpg"],[2,"1216741008_928697_1313_3-512.jpg"],[2,"1216741009_533685_1314_3-512.jpg"],[2,"1216741010_828690_1315_3-512.jpg"],[2,"1216741011_673683_1316_3-512.jpg"],[2,"1216741012_113652_1317_3-512.jpg"],[2,"1216741012_453739_1318_3-512.jpg"],[2,"1216741012_748908_1319_3-512.jpg"],[2,"1216741013_013699_1320_3-512.jpg"],[2,"1216741013_263668_1321_3-512.jpg"],[2,"1216741013_488712_1322_3-512.jpg"],[2,"1216743974_003101_9055_3-512.jpg"],[2,"1216743974_223021_9056_3-512.jpg"],[2,"1216743974_393003_9057_3-512.jpg"],[2,"1216743974_563021_9058_3-512.jpg"],[2,"1216743974_733025_9059_3-512.jpg"],[2,"1216743974_903012_9060_3-512.jpg"],[2,"1216743975_068005_9061_3-512.jpg"],[2,"1216743975_238018_9062_3-512.jpg"],[2,"1216743975_403046_9063_3-512.jpg"],[2,"1216743975_568056_9064_3-512.jpg"],[2,"1216743975_733013_9065_3-512.jpg"],[2,"1216743975_902999_9066_3-512.jpg"],[2,"1216743976_073079_9067_3-512.jpg"],[2,"1216743976_243053_9068_3-512.jpg"],[2,"1216743976_413008_9069_3-512.jpg"],[2,"1216743976_583081_9070_3-512.jpg"]],"construction_ml":"complete","preds_design":[[2,"1216741007_623750_1310_3-512.jpg"],[2,"1216741007_993729_1311_3-512.jpg"],[2,"1216741008_413735_1312_3-512.jpg"],[2,"1216741008_928697_1313_3-512.jpg"],[2,"1216741009_533685_1314_3-512.jpg"],[2,"1216741010_828690_1315_3-512.jpg"],[2,"1216741011_673683_1316_3-512.jpg"],[2,"1216741012_113652_1317_3-512.jpg"],[2,"1216741012_453739_1318_3-512.jpg"],[2,"1216741012_748908_1319_3-512.jpg"],[2,"1216743974_003101_9055_3-512.jpg"],[2,"1216743974_223021_9056_3-512.jpg"],[2,"1216743974_393003_9057_3-512.jpg"],[2,"1216743974_563021_9058_3-512.jpg"],[2,"1216743974_733025_9059_3-512.jpg"],[2,"1216743974_903012_9060_3-512.jpg"],[2,"1216743975_068005_9061_3-512.jpg"],[2,"1216743975_238018_9062_3-512.jpg"],[2,"1216743975_403046_9063_3-512.jpg"],[2,"1216743975_568056_9064_3-512.jpg"],[2,"1216743975_733013_9065_3-512.jpg"],[2,"1216743975_902999_9066_3-512.jpg"],[2,"1216743976_073079_9067_3-512.jpg"],[2,"1216743976_243053_9068_3-512.jpg"],[2,"1216743976_413008_9069_3-512.jpg"],[2,"1216743976_583081_9070_3-512.jpg"]],"design_ml":"designed","images":[]}
