{"MATERIAL":"corrugated metal","AVG_SLOPE":11.8094050623,"AVG_HEIGHT":2.40754336735,"TERAIN_SLP":1.4180038721,"AREA":28.7969331197,"VOLUME":69,"FLOORS":1,"INT_ZONE":null,"FLOOD":1,"LANDSLIDE":"Amenaza Media","LEGAL_ID":"358","LEGAL_NAME":"EL PARAISO","LEGAL_AREA":26.04,"LEGAL_LOTS":2077,"LEGAL_POP":11215.8,"LEGAL_DENS":79.76190476,"LEGALIZING":null,"BLOCK_ID_":"002565048","BLOCK_POP":93,"BLOCK_BLD":30,"BLOCK_RISK":12.699238,"BLOCK_EDU":1.1576099,"BLOCK_HLTH":34.435959,"BLOCK_TRAN":74.451927,"BLOCK_CULT":0,"BLOCK_PARK":67.066856,"BLOCK_SEC":100,"BLOCK_CENT":0,"BLOCK_DEF":26.6666666667,"BLD_INHAB":3,"OBJECTID":1,"AO_225":0.16,"id":2992,"preds_material":[[5,"1216740775_809891_826_1-512.jpg"],[5,"1216740775_979882_827_1-512.jpg"],[5,"1216740776_154986_828_1-512.jpg"],[6,"1216740776_154986_828_1-512.jpg"],[5,"1216740776_334972_829_1-512.jpg"],[5,"1216740776_519950_830_1-512.jpg"],[5,"1216740776_519950_830_1-512.jpg"],[5,"1216740776_709883_831_1-512.jpg"],[5,"1216740776_709883_831_1-512.jpg"],[5,"1216740776_909876_832_1-512.jpg"],[5,"1216740776_909876_832_1-512.jpg"],[5,"1216740777_114977_833_1-512.jpg"],[5,"1216740777_319902_834_1-512.jpg"]],"material_ml":"painted","preds_construction":[[2,"1216740775_809891_826_1-512.jpg"],[2,"1216740775_979882_827_1-512.jpg"],[2,"1216740776_154986_828_1-512.jpg"],[2,"1216740776_154986_828_1-512.jpg"],[2,"1216740776_334972_829_1-512.jpg"],[2,"1216740776_519950_830_1-512.jpg"],[2,"1216740776_709883_831_1-512.jpg"],[2,"1216740776_709883_831_1-512.jpg"],[2,"1216740776_909876_832_1-512.jpg"],[2,"1216740776_909876_832_1-512.jpg"],[2,"1216740777_114977_833_1-512.jpg"],[2,"1216740777_319902_834_1-512.jpg"]],"construction_ml":"complete","preds_design":[[1,"1216740775_809891_826_1-512.jpg"],[1,"1216740775_979882_827_1-512.jpg"],[1,"1216740776_154986_828_1-512.jpg"],[2,"1216740776_154986_828_1-512.jpg"],[1,"1216740776_334972_829_1-512.jpg"],[1,"1216740776_519950_830_1-512.jpg"],[1,"1216740776_519950_830_1-512.jpg"],[1,"1216740776_709883_831_1-512.jpg"],[1,"1216740776_709883_831_1-512.jpg"],[1,"1216740776_909876_832_1-512.jpg"],[1,"1216740776_909876_832_1-512.jpg"],[1,"1216740777_114977_833_1-512.jpg"],[1,"1216740777_319902_834_1-512.jpg"]],"design_ml":"undesigned","images":[]}
