{"MATERIAL":"corrugated metal","AVG_SLOPE":4.08046645023,"AVG_HEIGHT":6.15583901929,"TERAIN_SLP":7.83070894524,"AREA":65.6187781126,"VOLUME":404,"FLOORS":2,"INT_ZONE":null,"FLOOD":1,"LANDSLIDE":"Amenaza Media","LEGAL_ID":"358","LEGAL_NAME":"EL PARAISO","LEGAL_AREA":26.04,"LEGAL_LOTS":2077,"LEGAL_POP":11215.8,"LEGAL_DENS":79.76190476,"LEGALIZING":null,"BLOCK_ID_":"002565048","BLOCK_POP":93,"BLOCK_BLD":30,"BLOCK_RISK":12.699238,"BLOCK_EDU":1.1576099,"BLOCK_HLTH":34.435959,"BLOCK_TRAN":74.451927,"BLOCK_CULT":0,"BLOCK_PARK":67.066856,"BLOCK_SEC":100,"BLOCK_CENT":0,"BLOCK_DEF":26.6666666667,"BLD_INHAB":3,"OBJECTID":1,"AO_225":0.16,"id":2998,"preds_material":[[1,"1216740770_929957_792_1-512.jpg"],[1,"1216740771_059959_793_1-512.jpg"],[5,"1216740771_059959_793_1-512.jpg"],[1,"1216740771_189965_794_1-512.jpg"],[1,"1216740771_325003_795_1-512.jpg"],[5,"1216740771_325003_795_1-512.jpg"],[5,"1216740771_459946_796_1-512.jpg"],[1,"1216740771_459946_796_1-512.jpg"],[5,"1216740771_594995_797_1-512.jpg"],[1,"1216740771_594995_797_1-512.jpg"],[1,"1216740771_725004_798_1-512.jpg"]],"material_ml":"brick","preds_construction":[[2,"1216740770_929957_792_1-512.jpg"],[2,"1216740771_059959_793_1-512.jpg"],[2,"1216740771_059959_793_1-512.jpg"],[2,"1216740771_189965_794_1-512.jpg"],[2,"1216740771_325003_795_1-512.jpg"],[2,"1216740771_325003_795_1-512.jpg"],[2,"1216740771_459946_796_1-512.jpg"],[2,"1216740771_459946_796_1-512.jpg"],[2,"1216740771_594995_797_1-512.jpg"],[2,"1216740771_594995_797_1-512.jpg"],[2,"1216740771_725004_798_1-512.jpg"]],"construction_ml":"complete","preds_design":[[2,"1216740770_929957_792_1-512.jpg"],[2,"1216740771_059959_793_1-512.jpg"],[1,"1216740771_059959_793_1-512.jpg"],[2,"1216740771_189965_794_1-512.jpg"],[2,"1216740771_325003_795_1-512.jpg"],[2,"1216740771_325003_795_1-512.jpg"],[2,"1216740771_459946_796_1-512.jpg"],[2,"1216740771_459946_796_1-512.jpg"],[2,"1216740771_594995_797_1-512.jpg"],[2,"1216740771_594995_797_1-512.jpg"],[2,"1216740771_725004_798_1-512.jpg"]],"design_ml":"designed","images":[]}
