{"MATERIAL":"concrete","AVG_SLOPE":4.76204615242,"AVG_HEIGHT":0.61704393647,"TERAIN_SLP":19.3595993251,"AREA":59.4061740119,"VOLUME":37,"FLOORS":1,"INT_ZONE":null,"FLOOD":1,"LANDSLIDE":"Amenaza Media","LEGAL_ID":"358","LEGAL_NAME":"EL PARAISO","LEGAL_AREA":26.04,"LEGAL_LOTS":2077,"LEGAL_POP":11215.8,"LEGAL_DENS":79.76190476,"LEGALIZING":null,"BLOCK_ID_":"002565047","BLOCK_POP":107,"BLOCK_BLD":35,"BLOCK_RISK":3.3746243,"BLOCK_EDU":0.9327547,"BLOCK_HLTH":28.760546,"BLOCK_TRAN":83.603775,"BLOCK_CULT":0,"BLOCK_PARK":61.971481,"BLOCK_SEC":100,"BLOCK_CENT":0,"BLOCK_DEF":22.8571428571,"BLD_INHAB":3,"OBJECTID":2,"AO_225":0.2,"id":3001,"preds_material":[[5,"1216740999_803770_1281_3-512.jpg"],[5,"1216741000_063799_1282_3-512.jpg"],[5,"1216741000_318742_1283_3-512.jpg"],[5,"1216741001_388760_1287_3-512.jpg"],[6,"1216741003_223805_1294_3-512.jpg"],[6,"1216741003_463765_1295_3-512.jpg"],[6,"1216741003_703752_1296_3-512.jpg"],[5,"1216741003_943762_1297_3-512.jpg"],[5,"1216741004_173761_1298_3-512.jpg"]],"material_ml":"painted","preds_construction":[[2,"1216740999_568826_1280_3-512.jpg"],[1,"1216741000_063799_1282_3-512.jpg"],[2,"1216741000_063799_1282_3-512.jpg"],[2,"1216741000_318742_1283_3-512.jpg"],[1,"1216741001_388760_1287_3-512.jpg"],[2,"1216741001_388760_1287_3-512.jpg"],[2,"1216741001_388760_1287_3-512.jpg"],[1,"1216741003_463765_1295_3-512.jpg"],[2,"1216741003_703752_1296_3-512.jpg"],[1,"1216741003_703752_1296_3-512.jpg"],[2,"1216741003_943762_1297_3-512.jpg"],[2,"1216741004_173761_1298_3-512.jpg"]],"construction_ml":"complete","preds_design":[[2,"1216741000_063799_1282_3-512.jpg"],[2,"1216741000_318742_1283_3-512.jpg"],[1,"1216741000_318742_1283_3-512.jpg"],[1,"1216741001_388760_1287_3-512.jpg"],[2,"1216741001_388760_1287_3-512.jpg"],[1,"1216741003_223805_1294_3-512.jpg"],[1,"1216741003_463765_1295_3-512.jpg"],[1,"1216741003_703752_1296_3-512.jpg"],[1,"1216741003_943762_1297_3-512.jpg"],[1,"1216741004_173761_1298_3-512.jpg"]],"design_ml":"undesigned","images":[]}
