{"MATERIAL":"corrugated metal/heavily patched","AVG_SLOPE":7.66772544677,"AVG_HEIGHT":8.97615005417,"TERAIN_SLP":6.84808948914,"AREA":65.0504357408,"VOLUME":584,"FLOORS":3,"INT_ZONE":null,"FLOOD":1,"LANDSLIDE":"Amenaza Media","LEGAL_ID":"358","LEGAL_NAME":"EL PARAISO","LEGAL_AREA":26.04,"LEGAL_LOTS":2077,"LEGAL_POP":11215.8,"LEGAL_DENS":79.76190476,"LEGALIZING":null,"BLOCK_ID_":"002565048","BLOCK_POP":93,"BLOCK_BLD":30,"BLOCK_RISK":12.699238,"BLOCK_EDU":1.1576099,"BLOCK_HLTH":34.435959,"BLOCK_TRAN":74.451927,"BLOCK_CULT":0,"BLOCK_PARK":67.066856,"BLOCK_SEC":100,"BLOCK_CENT":0,"BLOCK_DEF":26.6666666667,"BLD_INHAB":3,"OBJECTID":1,"AO_225":0.16,"id":3005,"preds_material":[[5,"1216740827_325019_912_1-512.jpg"],[5,"1216740827_599635_913_1-512.jpg"],[5,"1216740827_869657_914_1-512.jpg"],[5,"1216740828_139652_915_1-512.jpg"],[5,"1216740828_139652_915_1-512.jpg"],[5,"1216740828_414716_916_1-512.jpg"],[5,"1216740828_414716_916_1-512.jpg"],[5,"1216740828_684717_917_1-512.jpg"],[5,"1216740828_684717_917_1-512.jpg"],[5,"1216740828_954735_918_1-512.jpg"],[5,"1216740829_234981_919_1-512.jpg"],[5,"1216740830_079624_922_1-512.jpg"],[5,"1216740830_359637_923_1-512.jpg"],[5,"1216740830_634733_924_1-512.jpg"],[5,"1216740830_909650_925_1-512.jpg"],[1,"1216740830_909650_925_1-512.jpg"]],"material_ml":"painted","preds_construction":[[2,"1216740827_325019_912_1-512.jpg"],[2,"1216740827_599635_913_1-512.jpg"],[2,"1216740827_869657_914_1-512.jpg"],[2,"1216740828_139652_915_1-512.jpg"],[2,"1216740828_139652_915_1-512.jpg"],[2,"1216740828_414716_916_1-512.jpg"],[2,"1216740828_414716_916_1-512.jpg"],[2,"1216740828_684717_917_1-512.jpg"],[2,"1216740828_684717_917_1-512.jpg"],[2,"1216740828_954735_918_1-512.jpg"],[2,"1216740829_234981_919_1-512.jpg"],[2,"1216740830_079624_922_1-512.jpg"],[2,"1216740830_359637_923_1-512.jpg"],[2,"1216740830_634733_924_1-512.jpg"],[2,"1216740830_909650_925_1-512.jpg"]],"construction_ml":"complete","preds_design":[[2,"1216740827_325019_912_1-512.jpg"],[2,"1216740827_599635_913_1-512.jpg"],[2,"1216740827_869657_914_1-512.jpg"],[2,"1216740828_139652_915_1-512.jpg"],[2,"1216740828_139652_915_1-512.jpg"],[2,"1216740828_414716_916_1-512.jpg"],[2,"1216740828_414716_916_1-512.jpg"],[2,"1216740828_684717_917_1-512.jpg"],[2,"1216740828_684717_917_1-512.jpg"],[2,"1216740828_954735_918_1-512.jpg"],[2,"1216740829_234981_919_1-512.jpg"],[2,"1216740830_079624_922_1-512.jpg"],[2,"1216740830_359637_923_1-512.jpg"],[2,"1216740830_634733_924_1-512.jpg"],[2,"1216740830_909650_925_1-512.jpg"]],"design_ml":"designed","images":[]}
