{"MATERIAL":"corrugated metal","AVG_SLOPE":4.38245655765,"AVG_HEIGHT":5.01770201521,"TERAIN_SLP":4.18995926923,"AREA":66.6867127119,"VOLUME":335,"FLOORS":2,"INT_ZONE":null,"FLOOD":1,"LANDSLIDE":"Amenaza Baja","LEGAL_ID":"358","LEGAL_NAME":"EL PARAISO","LEGAL_AREA":26.04,"LEGAL_LOTS":2077,"LEGAL_POP":11215.8,"LEGAL_DENS":79.76190476,"LEGALIZING":null,"BLOCK_ID_":"002565047","BLOCK_POP":107,"BLOCK_BLD":35,"BLOCK_RISK":3.3746243,"BLOCK_EDU":0.9327547,"BLOCK_HLTH":28.760546,"BLOCK_TRAN":83.603775,"BLOCK_CULT":0,"BLOCK_PARK":61.971481,"BLOCK_SEC":100,"BLOCK_CENT":0,"BLOCK_DEF":22.8571428571,"BLD_INHAB":3,"OBJECTID":2,"AO_225":0.2,"id":3009,"preds_material":[[5,"1216740994_013836_1254_3-512.jpg"],[1,"1216740994_233834_1255_3-512.jpg"],[1,"1216740994_448774_1256_3-512.jpg"],[1,"1216740994_658760_1257_3-512.jpg"],[1,"1216740994_858768_1258_3-512.jpg"],[1,"1216740995_053812_1259_3-512.jpg"],[1,"1216740995_253943_1260_3-512.jpg"],[1,"1216740995_453839_1261_3-512.jpg"],[1,"1216740995_653799_1262_3-512.jpg"],[1,"1216740995_848765_1263_3-512.jpg"],[5,"1216740995_848765_1263_3-512.jpg"],[5,"1216740996_048912_1264_3-512.jpg"],[1,"1216740996_048912_1264_3-512.jpg"],[5,"1216740996_253886_1265_3-512.jpg"],[2,"1216740996_253886_1265_3-512.jpg"]],"material_ml":"brick","preds_construction":[[2,"1216740994_013836_1254_3-512.jpg"],[1,"1216740994_233834_1255_3-512.jpg"],[2,"1216740994_233834_1255_3-512.jpg"],[1,"1216740994_448774_1256_3-512.jpg"],[2,"1216740994_448774_1256_3-512.jpg"],[2,"1216740994_658760_1257_3-512.jpg"],[2,"1216740994_858768_1258_3-512.jpg"],[2,"1216740995_053812_1259_3-512.jpg"],[1,"1216740995_053812_1259_3-512.jpg"],[2,"1216740995_253943_1260_3-512.jpg"],[1,"1216740995_253943_1260_3-512.jpg"],[2,"1216740995_453839_1261_3-512.jpg"],[1,"1216740995_453839_1261_3-512.jpg"],[2,"1216740995_653799_1262_3-512.jpg"],[1,"1216740995_653799_1262_3-512.jpg"],[2,"1216740995_848765_1263_3-512.jpg"],[1,"1216740995_848765_1263_3-512.jpg"],[1,"1216740996_048912_1264_3-512.jpg"],[1,"1216740996_048912_1264_3-512.jpg"],[2,"1216740996_253886_1265_3-512.jpg"],[2,"1216740996_253886_1265_3-512.jpg"],[1,"1216740996_253886_1265_3-512.jpg"]],"construction_ml":"complete","preds_design":[[2,"1216740994_013836_1254_3-512.jpg"],[2,"1216740994_233834_1255_3-512.jpg"],[2,"1216740994_448774_1256_3-512.jpg"],[2,"1216740994_658760_1257_3-512.jpg"],[2,"1216740994_858768_1258_3-512.jpg"],[2,"1216740995_053812_1259_3-512.jpg"],[2,"1216740995_253943_1260_3-512.jpg"],[2,"1216740995_453839_1261_3-512.jpg"],[2,"1216740995_653799_1262_3-512.jpg"],[2,"1216740995_848765_1263_3-512.jpg"],[2,"1216740996_048912_1264_3-512.jpg"],[2,"1216740996_253886_1265_3-512.jpg"]],"design_ml":"designed","images":[]}
