{"MATERIAL":"corrugated metal","AVG_SLOPE":5.82422878493,"AVG_HEIGHT":3.08817125544,"TERAIN_SLP":3.50575741366,"AREA":54.9822652577,"VOLUME":170,"FLOORS":2,"INT_ZONE":null,"FLOOD":1,"LANDSLIDE":"Amenaza Media","LEGAL_ID":"358","LEGAL_NAME":"EL PARAISO","LEGAL_AREA":26.04,"LEGAL_LOTS":2077,"LEGAL_POP":11215.8,"LEGAL_DENS":79.76190476,"LEGALIZING":null,"BLOCK_ID_":"002565047","BLOCK_POP":107,"BLOCK_BLD":35,"BLOCK_RISK":3.3746243,"BLOCK_EDU":0.9327547,"BLOCK_HLTH":28.760546,"BLOCK_TRAN":83.603775,"BLOCK_CULT":0,"BLOCK_PARK":61.971481,"BLOCK_SEC":100,"BLOCK_CENT":0,"BLOCK_DEF":22.8571428571,"BLD_INHAB":3,"OBJECTID":2,"AO_225":0.2,"id":3010,"preds_material":[[5,"1216740834_149692_938_3-512.jpg"],[5,"1216740834_149692_938_3-512.jpg"],[5,"1216740834_384709_939_3-512.jpg"],[5,"1216740834_384709_939_3-512.jpg"],[5,"1216740834_624696_940_3-512.jpg"],[5,"1216740834_624696_940_3-512.jpg"],[5,"1216740834_859686_941_3-512.jpg"],[5,"1216740834_859686_941_3-512.jpg"],[5,"1216740835_094699_942_3-512.jpg"],[5,"1216740835_094699_942_3-512.jpg"]],"material_ml":"painted","preds_construction":[[2,"1216740834_149692_938_3-512.jpg"],[2,"1216740834_149692_938_3-512.jpg"],[2,"1216740834_384709_939_3-512.jpg"],[2,"1216740834_384709_939_3-512.jpg"],[2,"1216740834_624696_940_3-512.jpg"],[2,"1216740834_624696_940_3-512.jpg"],[2,"1216740834_859686_941_3-512.jpg"],[2,"1216740834_859686_941_3-512.jpg"],[2,"1216740835_094699_942_3-512.jpg"],[2,"1216740835_094699_942_3-512.jpg"]],"construction_ml":"complete","preds_design":[[2,"1216740834_149692_938_3-512.jpg"],[1,"1216740834_149692_938_3-512.jpg"],[2,"1216740834_384709_939_3-512.jpg"],[2,"1216740834_384709_939_3-512.jpg"],[1,"1216740834_384709_939_3-512.jpg"],[2,"1216740834_624696_940_3-512.jpg"],[1,"1216740834_624696_940_3-512.jpg"],[2,"1216740834_624696_940_3-512.jpg"],[2,"1216740834_859686_941_3-512.jpg"],[1,"1216740834_859686_941_3-512.jpg"],[2,"1216740834_859686_941_3-512.jpg"],[1,"1216740835_094699_942_3-512.jpg"],[2,"1216740835_094699_942_3-512.jpg"],[2,"1216740835_094699_942_3-512.jpg"]],"design_ml":"designed","images":[]}
