{"MATERIAL":"corrugated metal","AVG_SLOPE":9.88038893791,"AVG_HEIGHT":3.28149016219,"TERAIN_SLP":7.64275187963,"AREA":59.56857315,"VOLUME":195,"FLOORS":2,"INT_ZONE":null,"FLOOD":1,"LANDSLIDE":"Amenaza Media","LEGAL_ID":"358","LEGAL_NAME":"EL PARAISO","LEGAL_AREA":26.04,"LEGAL_LOTS":2077,"LEGAL_POP":11215.8,"LEGAL_DENS":79.76190476,"LEGALIZING":null,"BLOCK_ID_":"002565048","BLOCK_POP":93,"BLOCK_BLD":30,"BLOCK_RISK":12.699238,"BLOCK_EDU":1.1576099,"BLOCK_HLTH":34.435959,"BLOCK_TRAN":74.451927,"BLOCK_CULT":0,"BLOCK_PARK":67.066856,"BLOCK_SEC":100,"BLOCK_CENT":0,"BLOCK_DEF":26.6666666667,"BLD_INHAB":3,"OBJECTID":1,"AO_225":0.16,"id":3013,"preds_material":[[5,"1216740769_925004_785_1-512.jpg"],[5,"1216740770_079970_786_1-512.jpg"],[5,"1216740770_230022_787_1-512.jpg"],[5,"1216740770_230022_787_1-512.jpg"],[3,"1216740770_230022_787_1-512.jpg"],[5,"1216740770_375001_788_1-512.jpg"],[5,"1216740770_519943_789_1-512.jpg"],[1,"1216740770_519943_789_1-512.jpg"],[5,"1216740770_659957_790_1-512.jpg"],[1,"1216740770_659957_790_1-512.jpg"],[5,"1216740770_795005_791_1-512.jpg"],[1,"1216740770_795005_791_1-512.jpg"],[5,"1216740770_929957_792_1-512.jpg"],[5,"1216740836_539694_948_1-512.jpg"],[5,"1216740836_789686_949_1-512.jpg"]],"material_ml":"painted","preds_construction":[[2,"1216740769_925004_785_1-512.jpg"],[2,"1216740770_079970_786_1-512.jpg"],[2,"1216740770_230022_787_1-512.jpg"],[2,"1216740770_230022_787_1-512.jpg"],[2,"1216740770_375001_788_1-512.jpg"],[2,"1216740770_375001_788_1-512.jpg"],[2,"1216740770_519943_789_1-512.jpg"],[2,"1216740770_519943_789_1-512.jpg"],[2,"1216740770_659957_790_1-512.jpg"],[2,"1216740770_659957_790_1-512.jpg"],[2,"1216740770_795005_791_1-512.jpg"],[2,"1216740770_795005_791_1-512.jpg"],[2,"1216740770_929957_792_1-512.jpg"]],"construction_ml":"complete","preds_design":[[1,"1216740769_925004_785_1-512.jpg"],[1,"1216740770_079970_786_1-512.jpg"],[1,"1216740770_230022_787_1-512.jpg"],[2,"1216740770_230022_787_1-512.jpg"],[1,"1216740770_230022_787_1-512.jpg"],[1,"1216740770_375001_788_1-512.jpg"],[1,"1216740770_519943_789_1-512.jpg"],[2,"1216740770_519943_789_1-512.jpg"],[2,"1216740770_659957_790_1-512.jpg"],[1,"1216740770_659957_790_1-512.jpg"],[2,"1216740770_795005_791_1-512.jpg"],[1,"1216740770_795005_791_1-512.jpg"],[1,"1216740770_929957_792_1-512.jpg"]],"design_ml":"undesigned","images":[]}
