{"MATERIAL":"corrugated metal","AVG_SLOPE":3.37246419156,"AVG_HEIGHT":5.13175373787,"TERAIN_SLP":8.79613682212,"AREA":37.3764645967,"VOLUME":192,"FLOORS":2,"INT_ZONE":null,"FLOOD":1,"LANDSLIDE":"Amenaza Media","LEGAL_ID":"358","LEGAL_NAME":"EL PARAISO","LEGAL_AREA":26.04,"LEGAL_LOTS":2077,"LEGAL_POP":11215.8,"LEGAL_DENS":79.76190476,"LEGALIZING":null,"BLOCK_ID_":"002565048","BLOCK_POP":93,"BLOCK_BLD":30,"BLOCK_RISK":12.699238,"BLOCK_EDU":1.1576099,"BLOCK_HLTH":34.435959,"BLOCK_TRAN":74.451927,"BLOCK_CULT":0,"BLOCK_PARK":67.066856,"BLOCK_SEC":100,"BLOCK_CENT":0,"BLOCK_DEF":26.6666666667,"BLD_INHAB":3,"OBJECTID":2,"AO_225":0.2,"id":3017,"preds_material":[[5,"1216740835_814681_945_1-512.jpg"],[5,"1216740836_054694_946_1-512.jpg"],[5,"1216740837_034871_950_1-512.jpg"],[5,"1216740837_034871_950_1-512.jpg"],[5,"1216740837_284751_951_1-512.jpg"],[5,"1216740837_284751_951_1-512.jpg"],[5,"1216740837_534676_952_1-512.jpg"],[5,"1216740837_534676_952_1-512.jpg"],[5,"1216740837_794664_953_1-512.jpg"],[5,"1216740837_794664_953_1-512.jpg"],[5,"1216740838_059646_954_1-512.jpg"],[5,"1216740838_964664_957_1-512.jpg"],[6,"1216743818_013904_8436_3-512.jpg"],[1,"1216743818_013904_8436_3-512.jpg"],[1,"1216743818_683816_8437_3-512.jpg"]],"material_ml":"painted","preds_construction":[[2,"1216740835_814681_945_1-512.jpg"],[2,"1216740836_054694_946_1-512.jpg"],[2,"1216740837_034871_950_1-512.jpg"],[2,"1216740837_034871_950_1-512.jpg"],[2,"1216740837_284751_951_1-512.jpg"],[2,"1216740837_284751_951_1-512.jpg"],[2,"1216740837_534676_952_1-512.jpg"],[2,"1216740837_534676_952_1-512.jpg"],[2,"1216740837_794664_953_1-512.jpg"],[2,"1216740837_794664_953_1-512.jpg"],[2,"1216740838_059646_954_1-512.jpg"],[2,"1216740838_964664_957_1-512.jpg"],[2,"1216743818_013904_8436_3-512.jpg"]],"construction_ml":"complete","preds_design":[[1,"1216740835_814681_945_1-512.jpg"],[1,"1216740836_054694_946_1-512.jpg"],[1,"1216740837_034871_950_1-512.jpg"],[2,"1216740837_034871_950_1-512.jpg"],[2,"1216740837_284751_951_1-512.jpg"],[1,"1216740837_284751_951_1-512.jpg"],[2,"1216740837_534676_952_1-512.jpg"],[1,"1216740837_534676_952_1-512.jpg"],[2,"1216740837_794664_953_1-512.jpg"],[1,"1216740837_794664_953_1-512.jpg"],[2,"1216740838_059646_954_1-512.jpg"],[2,"1216740838_644675_956_1-512.jpg"],[2,"1216740838_964664_957_1-512.jpg"],[2,"1216743818_013904_8436_3-512.jpg"]],"design_ml":"designed","images":[]}
