{"MATERIAL":"corrugated metal","AVG_SLOPE":3.76366208793,"AVG_HEIGHT":3.10520801345,"TERAIN_SLP":3.65740830578,"AREA":54.0692327195,"VOLUME":168,"FLOORS":2,"INT_ZONE":null,"FLOOD":1,"LANDSLIDE":"Amenaza Baja","LEGAL_ID":"358","LEGAL_NAME":"EL PARAISO","LEGAL_AREA":26.04,"LEGAL_LOTS":2077,"LEGAL_POP":11215.8,"LEGAL_DENS":79.76190476,"LEGALIZING":null,"BLOCK_ID_":"002565047","BLOCK_POP":107,"BLOCK_BLD":35,"BLOCK_RISK":3.3746243,"BLOCK_EDU":0.9327547,"BLOCK_HLTH":28.760546,"BLOCK_TRAN":83.603775,"BLOCK_CULT":0,"BLOCK_PARK":61.971481,"BLOCK_SEC":100,"BLOCK_CENT":0,"BLOCK_DEF":22.8571428571,"BLD_INHAB":3,"OBJECTID":2,"AO_225":0.2,"id":3021,"preds_material":[[1,"1216740989_788823_1239_3-512.jpg"],[1,"1216740990_198799_1240_3-512.jpg"],[1,"1216740990_548789_1241_3-512.jpg"],[5,"1216740990_863798_1242_3-512.jpg"],[1,"1216740990_863798_1242_3-512.jpg"],[5,"1216740991_173823_1243_3-512.jpg"],[1,"1216740991_173823_1243_3-512.jpg"],[5,"1216740991_468785_1244_3-512.jpg"],[1,"1216740991_468785_1244_3-512.jpg"],[5,"1216740991_743820_1245_3-512.jpg"],[1,"1216740991_743820_1245_3-512.jpg"],[5,"1216740992_038931_1246_3-512.jpg"],[5,"1216740992_328787_1247_3-512.jpg"],[5,"1216740992_598783_1248_3-512.jpg"],[5,"1216740992_873810_1249_3-512.jpg"],[5,"1216740993_123797_1250_3-512.jpg"],[5,"1216740993_358771_1251_3-512.jpg"],[5,"1216740993_583806_1252_3-512.jpg"],[5,"1216740993_798796_1253_3-512.jpg"],[5,"1216740994_013836_1254_3-512.jpg"],[5,"1216740994_233834_1255_3-512.jpg"],[5,"1216740994_448774_1256_3-512.jpg"],[5,"1216740994_658760_1257_3-512.jpg"],[5,"1216740994_858768_1258_3-512.jpg"],[5,"1216740995_053812_1259_3-512.jpg"],[5,"1216740995_253943_1260_3-512.jpg"],[5,"1216743820_543816_8440_3-512.jpg"],[5,"1216743821_019028_8441_3-512.jpg"],[5,"1216743821_019028_8441_3-512.jpg"],[5,"1216743821_414178_8442_3-512.jpg"],[5,"1216743821_789101_8443_3-512.jpg"],[5,"1216743822_179151_8444_3-512.jpg"],[5,"1216743822_608783_8445_3-512.jpg"]],"material_ml":"painted","preds_construction":[[2,"1216740990_198799_1240_3-512.jpg"],[2,"1216740990_548789_1241_3-512.jpg"],[2,"1216740990_863798_1242_3-512.jpg"],[2,"1216740991_173823_1243_3-512.jpg"],[2,"1216740991_468785_1244_3-512.jpg"],[2,"1216740991_468785_1244_3-512.jpg"],[2,"1216740991_743820_1245_3-512.jpg"],[2,"1216740991_743820_1245_3-512.jpg"],[2,"1216740992_038931_1246_3-512.jpg"],[2,"1216740992_328787_1247_3-512.jpg"],[2,"1216740992_598783_1248_3-512.jpg"],[2,"1216740992_873810_1249_3-512.jpg"],[2,"1216740993_123797_1250_3-512.jpg"],[2,"1216740993_358771_1251_3-512.jpg"],[2,"1216740993_583806_1252_3-512.jpg"],[2,"1216740993_798796_1253_3-512.jpg"],[2,"1216740994_013836_1254_3-512.jpg"],[2,"1216740994_233834_1255_3-512.jpg"],[2,"1216740994_448774_1256_3-512.jpg"],[2,"1216740994_658760_1257_3-512.jpg"],[2,"1216740994_858768_1258_3-512.jpg"],[2,"1216740995_053812_1259_3-512.jpg"],[2,"1216740995_253943_1260_3-512.jpg"],[2,"1216743820_543816_8440_3-512.jpg"],[2,"1216743820_543816_8440_3-512.jpg"],[2,"1216743821_019028_8441_3-512.jpg"],[2,"1216743821_019028_8441_3-512.jpg"],[2,"1216743821_414178_8442_3-512.jpg"],[2,"1216743821_789101_8443_3-512.jpg"],[2,"1216743822_179151_8444_3-512.jpg"],[2,"1216743822_608783_8445_3-512.jpg"]],"construction_ml":"complete","preds_design":[[2,"1216740990_548789_1241_3-512.jpg"],[2,"1216740990_863798_1242_3-512.jpg"],[2,"1216740991_173823_1243_3-512.jpg"],[1,"1216740991_468785_1244_3-512.jpg"],[2,"1216740991_743820_1245_3-512.jpg"],[1,"1216740991_743820_1245_3-512.jpg"],[2,"1216740992_038931_1246_3-512.jpg"],[2,"1216740992_328787_1247_3-512.jpg"],[2,"1216740992_598783_1248_3-512.jpg"],[2,"1216740992_873810_1249_3-512.jpg"],[2,"1216740993_123797_1250_3-512.jpg"],[2,"1216740993_358771_1251_3-512.jpg"],[2,"1216740993_583806_1252_3-512.jpg"],[2,"1216740993_798796_1253_3-512.jpg"],[2,"1216740994_013836_1254_3-512.jpg"],[2,"1216740994_233834_1255_3-512.jpg"],[2,"1216740994_448774_1256_3-512.jpg"],[2,"1216740994_658760_1257_3-512.jpg"],[2,"1216740994_858768_1258_3-512.jpg"],[2,"1216740995_053812_1259_3-512.jpg"],[2,"1216740995_253943_1260_3-512.jpg"],[1,"1216740995_253943_1260_3-512.jpg"],[2,"1216743820_543816_8440_3-512.jpg"],[2,"1216743820_543816_8440_3-512.jpg"],[2,"1216743821_019028_8441_3-512.jpg"],[2,"1216743821_019028_8441_3-512.jpg"],[2,"1216743821_414178_8442_3-512.jpg"],[2,"1216743821_789101_8443_3-512.jpg"],[2,"1216743822_179151_8444_3-512.jpg"]],"design_ml":"designed","images":[]}
