{"MATERIAL":"corrugated metal","AVG_SLOPE":9.72565851868,"AVG_HEIGHT":5.8230248634,"TERAIN_SLP":2.98261229558,"AREA":12.0381990768,"VOLUME":70,"FLOORS":2,"INT_ZONE":null,"FLOOD":1,"LANDSLIDE":"Amenaza Baja","LEGAL_ID":"358","LEGAL_NAME":"EL PARAISO","LEGAL_AREA":26.04,"LEGAL_LOTS":2077,"LEGAL_POP":11215.8,"LEGAL_DENS":79.76190476,"LEGALIZING":null,"BLOCK_ID_":"002565047","BLOCK_POP":107,"BLOCK_BLD":35,"BLOCK_RISK":3.3746243,"BLOCK_EDU":0.9327547,"BLOCK_HLTH":28.760546,"BLOCK_TRAN":83.603775,"BLOCK_CULT":0,"BLOCK_PARK":61.971481,"BLOCK_SEC":100,"BLOCK_CENT":0,"BLOCK_DEF":22.8571428571,"BLD_INHAB":3,"OBJECTID":2,"AO_225":0.2,"id":3024,"preds_material":[[5,"1216740837_034871_950_3-512.jpg"],[5,"1216740837_284751_951_3-512.jpg"],[5,"1216740837_534676_952_3-512.jpg"],[5,"1216740837_794664_953_3-512.jpg"],[5,"1216743817_209227_8435_3-512.jpg"],[5,"1216743818_013904_8436_3-512.jpg"],[5,"1216743818_683816_8437_3-512.jpg"]],"material_ml":"painted","preds_construction":[[2,"1216740837_034871_950_3-512.jpg"],[2,"1216740837_284751_951_3-512.jpg"],[2,"1216740837_534676_952_3-512.jpg"],[2,"1216740837_794664_953_3-512.jpg"],[2,"1216743817_209227_8435_3-512.jpg"],[2,"1216743818_013904_8436_3-512.jpg"],[2,"1216743818_683816_8437_3-512.jpg"]],"construction_ml":"complete","preds_design":[[2,"1216740837_034871_950_3-512.jpg"],[2,"1216740837_284751_951_3-512.jpg"],[2,"1216740837_534676_952_3-512.jpg"],[2,"1216740837_794664_953_3-512.jpg"],[2,"1216743817_209227_8435_3-512.jpg"],[2,"1216743818_013904_8436_3-512.jpg"],[2,"1216743818_683816_8437_3-512.jpg"]],"design_ml":"designed","images":[]}
