{"MATERIAL":"corrugated metal - dark","AVG_SLOPE":4.98863810263,"AVG_HEIGHT":6.64895244264,"TERAIN_SLP":11.4522763907,"AREA":68.6330038734,"VOLUME":456,"FLOORS":2,"INT_ZONE":null,"FLOOD":1,"LANDSLIDE":"Amenaza Media","LEGAL_ID":"358","LEGAL_NAME":"EL PARAISO","LEGAL_AREA":26.04,"LEGAL_LOTS":2077,"LEGAL_POP":11215.8,"LEGAL_DENS":79.76190476,"LEGALIZING":null,"BLOCK_ID_":"002565048","BLOCK_POP":93,"BLOCK_BLD":30,"BLOCK_RISK":12.699238,"BLOCK_EDU":1.1576099,"BLOCK_HLTH":34.435959,"BLOCK_TRAN":74.451927,"BLOCK_CULT":0,"BLOCK_PARK":67.066856,"BLOCK_SEC":100,"BLOCK_CENT":0,"BLOCK_DEF":26.6666666667,"BLD_INHAB":3,"OBJECTID":1,"AO_225":0.16,"id":3025,"preds_material":[[5,"1216740825_824744_906_1-512.jpg"],[5,"1216740826_074723_907_1-512.jpg"],[5,"1216740826_319637_908_1-512.jpg"],[5,"1216740826_319637_908_1-512.jpg"],[5,"1216740826_564737_909_1-512.jpg"],[5,"1216740826_564737_909_1-512.jpg"],[5,"1216740826_814764_910_1-512.jpg"],[5,"1216740826_814764_910_1-512.jpg"],[5,"1216740827_064740_911_1-512.jpg"],[5,"1216740827_064740_911_1-512.jpg"],[5,"1216740827_325019_912_1-512.jpg"],[5,"1216740827_599635_913_1-512.jpg"]],"material_ml":"painted","preds_construction":[[2,"1216740825_824744_906_1-512.jpg"],[2,"1216740826_074723_907_1-512.jpg"],[2,"1216740826_319637_908_1-512.jpg"],[2,"1216740826_564737_909_1-512.jpg"],[2,"1216740826_564737_909_1-512.jpg"],[2,"1216740826_814764_910_1-512.jpg"],[2,"1216740826_814764_910_1-512.jpg"],[2,"1216740827_064740_911_1-512.jpg"],[2,"1216740827_064740_911_1-512.jpg"],[2,"1216740827_325019_912_1-512.jpg"],[2,"1216740827_599635_913_1-512.jpg"]],"construction_ml":"complete","preds_design":[[1,"1216740825_824744_906_1-512.jpg"],[1,"1216740826_074723_907_1-512.jpg"],[1,"1216740826_319637_908_1-512.jpg"],[1,"1216740826_564737_909_1-512.jpg"],[2,"1216740826_564737_909_1-512.jpg"],[2,"1216740826_814764_910_1-512.jpg"],[1,"1216740826_814764_910_1-512.jpg"],[2,"1216740827_064740_911_1-512.jpg"],[1,"1216740827_064740_911_1-512.jpg"],[1,"1216740827_325019_912_1-512.jpg"],[1,"1216740827_599635_913_1-512.jpg"]],"design_ml":"undesigned","images":[]}
