{"MATERIAL":"corrugated metal/heavily patched","AVG_SLOPE":5.9171459815,"AVG_HEIGHT":3.01790033764,"TERAIN_SLP":5.1100617929,"AREA":55.2785991371,"VOLUME":167,"FLOORS":2,"INT_ZONE":null,"FLOOD":1,"LANDSLIDE":"Amenaza Media","LEGAL_ID":"358","LEGAL_NAME":"EL PARAISO","LEGAL_AREA":26.04,"LEGAL_LOTS":2077,"LEGAL_POP":11215.8,"LEGAL_DENS":79.76190476,"LEGALIZING":null,"BLOCK_ID_":"002565048","BLOCK_POP":93,"BLOCK_BLD":30,"BLOCK_RISK":12.699238,"BLOCK_EDU":1.1576099,"BLOCK_HLTH":34.435959,"BLOCK_TRAN":74.451927,"BLOCK_CULT":0,"BLOCK_PARK":67.066856,"BLOCK_SEC":100,"BLOCK_CENT":0,"BLOCK_DEF":26.6666666667,"BLD_INHAB":3,"OBJECTID":1,"AO_225":0.16,"id":3027,"preds_material":[[5,"1216740771_725004_798_1-512.jpg"],[5,"1216740771_854997_799_1-512.jpg"],[1,"1216740771_854997_799_1-512.jpg"],[5,"1216740771_854997_799_1-512.jpg"],[5,"1216740771_985005_800_1-512.jpg"],[5,"1216740772_114990_801_1-512.jpg"],[5,"1216740772_114990_801_1-512.jpg"],[5,"1216740772_245026_802_1-512.jpg"],[5,"1216740772_245026_802_1-512.jpg"],[5,"1216740772_374990_803_1-512.jpg"],[5,"1216740772_374990_803_1-512.jpg"],[5,"1216740772_509899_804_1-512.jpg"]],"material_ml":"painted","preds_construction":[[2,"1216740771_725004_798_1-512.jpg"],[2,"1216740771_854997_799_1-512.jpg"],[2,"1216740771_854997_799_1-512.jpg"],[2,"1216740771_985005_800_1-512.jpg"],[2,"1216740772_114990_801_1-512.jpg"],[2,"1216740772_114990_801_1-512.jpg"],[2,"1216740772_245026_802_1-512.jpg"],[2,"1216740772_245026_802_1-512.jpg"],[2,"1216740772_374990_803_1-512.jpg"],[2,"1216740772_374990_803_1-512.jpg"],[2,"1216740772_509899_804_1-512.jpg"]],"construction_ml":"complete","preds_design":[[2,"1216740771_725004_798_1-512.jpg"],[2,"1216740771_854997_799_1-512.jpg"],[2,"1216740771_854997_799_1-512.jpg"],[2,"1216740771_985005_800_1-512.jpg"],[2,"1216740772_114990_801_1-512.jpg"],[2,"1216740772_114990_801_1-512.jpg"],[1,"1216740772_114990_801_1-512.jpg"],[2,"1216740772_245026_802_1-512.jpg"],[2,"1216740772_245026_802_1-512.jpg"],[2,"1216740772_374990_803_1-512.jpg"],[2,"1216740772_374990_803_1-512.jpg"],[2,"1216740772_509899_804_1-512.jpg"]],"design_ml":"designed","images":[]}
