{"MATERIAL":"corrugated metal","AVG_SLOPE":5.05390060262,"AVG_HEIGHT":2.86683740048,"TERAIN_SLP":7.93088620553,"AREA":134.807482699,"VOLUME":386,"FLOORS":1,"INT_ZONE":null,"FLOOD":1,"LANDSLIDE":"Amenaza Media","LEGAL_ID":"358","LEGAL_NAME":"EL PARAISO","LEGAL_AREA":26.04,"LEGAL_LOTS":2077,"LEGAL_POP":11215.8,"LEGAL_DENS":79.76190476,"LEGALIZING":null,"BLOCK_ID_":"002565046","BLOCK_POP":116,"BLOCK_BLD":33,"BLOCK_RISK":5.5081592,"BLOCK_EDU":0.77760744,"BLOCK_HLTH":24.582544,"BLOCK_TRAN":85.452385,"BLOCK_CULT":0,"BLOCK_PARK":66.498512,"BLOCK_SEC":100,"BLOCK_CENT":0,"BLOCK_DEF":24.2424242424,"BLD_INHAB":4,"OBJECTID":2,"AO_225":0.2,"id":3034,"preds_material":[[5,"1216741007_268717_1309_1-512.jpg"],[5,"1216741007_623750_1310_1-512.jpg"],[5,"1216741007_993729_1311_1-512.jpg"],[5,"1216741008_413735_1312_1-512.jpg"],[5,"1216741008_928697_1313_1-512.jpg"],[5,"1216741009_533685_1314_1-512.jpg"],[5,"1216741010_828690_1315_1-512.jpg"],[5,"1216741011_673683_1316_1-512.jpg"],[5,"1216741012_113652_1317_1-512.jpg"],[5,"1216741012_453739_1318_1-512.jpg"],[5,"1216741012_453739_1318_1-512.jpg"],[5,"1216741012_748908_1319_1-512.jpg"],[5,"1216741013_013699_1320_1-512.jpg"],[5,"1216743971_978013_9047_3-512.jpg"],[5,"1216743972_232905_9048_3-512.jpg"],[5,"1216743972_503035_9049_3-512.jpg"],[5,"1216743972_778088_9050_3-512.jpg"],[5,"1216743973_023179_9051_3-512.jpg"],[5,"1216743973_023179_9051_3-512.jpg"],[5,"1216743973_307902_9052_3-512.jpg"],[5,"1216743973_543018_9053_3-512.jpg"],[5,"1216743973_778144_9054_3-512.jpg"],[5,"1216743974_003101_9055_3-512.jpg"],[5,"1216743974_223021_9056_3-512.jpg"],[5,"1216743974_393003_9057_3-512.jpg"],[5,"1216743974_563021_9058_3-512.jpg"]],"material_ml":"painted","preds_construction":[[2,"1216741007_268717_1309_1-512.jpg"],[2,"1216741007_623750_1310_1-512.jpg"],[2,"1216741007_993729_1311_1-512.jpg"],[2,"1216741008_413735_1312_1-512.jpg"],[2,"1216741008_928697_1313_1-512.jpg"],[2,"1216741009_533685_1314_1-512.jpg"],[2,"1216741010_828690_1315_1-512.jpg"],[2,"1216741011_673683_1316_1-512.jpg"],[2,"1216741012_113652_1317_1-512.jpg"],[2,"1216741012_453739_1318_1-512.jpg"],[2,"1216741012_453739_1318_1-512.jpg"],[2,"1216741012_748908_1319_1-512.jpg"],[2,"1216743971_978013_9047_3-512.jpg"],[2,"1216743972_232905_9048_3-512.jpg"],[2,"1216743972_503035_9049_3-512.jpg"],[2,"1216743972_778088_9050_3-512.jpg"],[2,"1216743973_023179_9051_3-512.jpg"],[2,"1216743973_307902_9052_3-512.jpg"],[2,"1216743973_543018_9053_3-512.jpg"],[2,"1216743973_778144_9054_3-512.jpg"],[2,"1216743974_003101_9055_3-512.jpg"],[2,"1216743974_223021_9056_3-512.jpg"],[2,"1216743974_393003_9057_3-512.jpg"],[2,"1216743974_563021_9058_3-512.jpg"],[2,"1216743974_733025_9059_3-512.jpg"],[2,"1216743974_903012_9060_3-512.jpg"]],"construction_ml":"complete","preds_design":[[2,"1216741007_268717_1309_1-512.jpg"],[2,"1216741007_623750_1310_1-512.jpg"],[2,"1216741007_993729_1311_1-512.jpg"],[2,"1216741008_413735_1312_1-512.jpg"],[2,"1216741008_928697_1313_1-512.jpg"],[2,"1216741009_533685_1314_1-512.jpg"],[2,"1216741010_828690_1315_1-512.jpg"],[2,"1216741011_673683_1316_1-512.jpg"],[2,"1216741012_113652_1317_1-512.jpg"],[2,"1216741012_453739_1318_1-512.jpg"],[2,"1216741012_748908_1319_1-512.jpg"],[2,"1216743971_978013_9047_3-512.jpg"],[2,"1216743972_232905_9048_3-512.jpg"],[2,"1216743972_503035_9049_3-512.jpg"],[2,"1216743972_778088_9050_3-512.jpg"],[2,"1216743973_023179_9051_3-512.jpg"],[2,"1216743973_307902_9052_3-512.jpg"],[2,"1216743973_543018_9053_3-512.jpg"],[2,"1216743973_778144_9054_3-512.jpg"],[2,"1216743974_003101_9055_3-512.jpg"],[2,"1216743974_223021_9056_3-512.jpg"],[2,"1216743974_393003_9057_3-512.jpg"],[2,"1216743974_563021_9058_3-512.jpg"],[2,"1216743974_733025_9059_3-512.jpg"]],"design_ml":"designed","images":[]}
