{"MATERIAL":"corrugated metal","AVG_SLOPE":5.92957640587,"AVG_HEIGHT":5.56129446475,"TERAIN_SLP":7.35647924942,"AREA":60.6493956521,"VOLUME":337,"FLOORS":2,"INT_ZONE":null,"FLOOD":1,"LANDSLIDE":"Amenaza Baja","LEGAL_ID":"358","LEGAL_NAME":"EL PARAISO","LEGAL_AREA":26.04,"LEGAL_LOTS":2077,"LEGAL_POP":11215.8,"LEGAL_DENS":79.76190476,"LEGALIZING":null,"BLOCK_ID_":"002565046","BLOCK_POP":116,"BLOCK_BLD":33,"BLOCK_RISK":5.5081592,"BLOCK_EDU":0.77760744,"BLOCK_HLTH":24.582544,"BLOCK_TRAN":85.452385,"BLOCK_CULT":0,"BLOCK_PARK":66.498512,"BLOCK_SEC":100,"BLOCK_CENT":0,"BLOCK_DEF":24.2424242424,"BLD_INHAB":4,"OBJECTID":2,"AO_225":0.2,"id":3037,"preds_material":[[2,"1216741218_107638_1950_1-512.jpg"],[2,"1216741218_247545_1951_1-512.jpg"],[2,"1216741218_392645_1952_1-512.jpg"],[5,"1216741218_392645_1952_1-512.jpg"],[2,"1216741218_537515_1953_1-512.jpg"],[5,"1216741218_537515_1953_1-512.jpg"],[2,"1216741218_682658_1954_1-512.jpg"],[5,"1216741218_682658_1954_1-512.jpg"],[2,"1216741218_827495_1955_1-512.jpg"],[5,"1216741218_827495_1955_1-512.jpg"],[2,"1216741218_977612_1956_1-512.jpg"],[5,"1216741218_977612_1956_1-512.jpg"],[2,"1216741219_127491_1957_1-512.jpg"],[5,"1216741219_127491_1957_1-512.jpg"],[2,"1216741219_277529_1958_1-512.jpg"],[2,"1216741219_427525_1959_1-512.jpg"],[6,"1216741219_427525_1959_1-512.jpg"],[2,"1216741219_582593_1960_1-512.jpg"],[6,"1216741219_582593_1960_1-512.jpg"]],"material_ml":"concrete","preds_construction":[[2,"1216741218_107638_1950_1-512.jpg"],[2,"1216741218_247545_1951_1-512.jpg"],[2,"1216741218_392645_1952_1-512.jpg"],[2,"1216741218_537515_1953_1-512.jpg"],[2,"1216741218_682658_1954_1-512.jpg"],[2,"1216741218_827495_1955_1-512.jpg"],[2,"1216741218_977612_1956_1-512.jpg"],[2,"1216741219_127491_1957_1-512.jpg"],[2,"1216741219_277529_1958_1-512.jpg"],[2,"1216741219_427525_1959_1-512.jpg"],[2,"1216741219_582593_1960_1-512.jpg"]],"construction_ml":"complete","preds_design":[[2,"1216741218_107638_1950_1-512.jpg"],[2,"1216741218_247545_1951_1-512.jpg"],[2,"1216741218_392645_1952_1-512.jpg"],[2,"1216741218_537515_1953_1-512.jpg"],[2,"1216741218_682658_1954_1-512.jpg"],[2,"1216741218_827495_1955_1-512.jpg"],[2,"1216741218_977612_1956_1-512.jpg"],[2,"1216741219_127491_1957_1-512.jpg"],[2,"1216741219_277529_1958_1-512.jpg"],[2,"1216741219_427525_1959_1-512.jpg"],[2,"1216741219_582593_1960_1-512.jpg"]],"design_ml":"designed","images":[]}
