{"MATERIAL":"corrugated metal","AVG_SLOPE":4.36767601009,"AVG_HEIGHT":6.95905690698,"TERAIN_SLP":11.6674800932,"AREA":78.8850311366,"VOLUME":549,"FLOORS":2,"INT_ZONE":"Borde Rural","FLOOD":1,"LANDSLIDE":"Amenaza Media","LEGAL_ID":"358","LEGAL_NAME":"EL PARAISO","LEGAL_AREA":26.04,"LEGAL_LOTS":2077,"LEGAL_POP":11215.8,"LEGAL_DENS":79.76190476,"LEGALIZING":null,"BLOCK_ID_":"002565046","BLOCK_POP":116,"BLOCK_BLD":33,"BLOCK_RISK":5.5081592,"BLOCK_EDU":0.77760744,"BLOCK_HLTH":24.582544,"BLOCK_TRAN":85.452385,"BLOCK_CULT":0,"BLOCK_PARK":66.498512,"BLOCK_SEC":100,"BLOCK_CENT":0,"BLOCK_DEF":24.2424242424,"BLD_INHAB":4,"OBJECTID":2,"AO_225":0.2,"id":3038,"preds_material":[[5,"1216741211_077555_1900_1-512.jpg"],[5,"1216741211_302866_1901_1-512.jpg"],[5,"1216741211_517528_1902_1-512.jpg"],[5,"1216741211_717634_1903_1-512.jpg"],[5,"1216741211_902647_1904_1-512.jpg"],[5,"1216741212_077531_1905_1-512.jpg"],[5,"1216741212_247628_1906_1-512.jpg"],[5,"1216741212_412610_1907_1-512.jpg"],[5,"1216741212_572655_1908_1-512.jpg"],[5,"1216741212_727583_1909_1-512.jpg"],[5,"1216741212_877621_1910_1-512.jpg"],[5,"1216741213_027803_1911_1-512.jpg"],[5,"1216741213_172605_1912_1-512.jpg"],[5,"1216741213_312630_1913_1-512.jpg"],[5,"1216741213_452648_1914_1-512.jpg"],[5,"1216741213_592873_1915_1-512.jpg"],[5,"1216741213_727530_1916_1-512.jpg"],[5,"1216741213_857601_1917_1-512.jpg"],[5,"1216741213_987637_1918_1-512.jpg"],[5,"1216741214_117528_1919_1-512.jpg"],[5,"1216743967_758049_9026_3-512.jpg"],[5,"1216743968_003202_9027_3-512.jpg"],[5,"1216743968_238019_9028_3-512.jpg"],[5,"1216743968_468008_9029_3-512.jpg"],[5,"1216743968_698061_9030_3-512.jpg"],[5,"1216743968_928025_9031_3-512.jpg"],[5,"1216743969_143053_9032_3-512.jpg"],[5,"1216743969_353055_9033_3-512.jpg"],[5,"1216743969_558021_9034_3-512.jpg"],[5,"1216743969_758053_9035_3-512.jpg"],[5,"1216743969_953049_9036_3-512.jpg"],[5,"1216743970_143107_9037_3-512.jpg"],[5,"1216743970_333036_9038_3-512.jpg"],[5,"1216743970_518014_9039_3-512.jpg"],[5,"1216743970_703028_9040_3-512.jpg"],[5,"1216743970_887997_9041_3-512.jpg"],[5,"1216743971_073070_9042_3-512.jpg"],[5,"1216743971_258031_9043_3-512.jpg"]],"material_ml":"painted","preds_construction":[[2,"1216741210_557628_1898_1-512.jpg"],[2,"1216741210_837587_1899_1-512.jpg"],[2,"1216741211_077555_1900_1-512.jpg"],[2,"1216741211_302866_1901_1-512.jpg"],[2,"1216741211_517528_1902_1-512.jpg"],[2,"1216741211_717634_1903_1-512.jpg"],[2,"1216741211_902647_1904_1-512.jpg"],[2,"1216741212_077531_1905_1-512.jpg"],[2,"1216741212_247628_1906_1-512.jpg"],[2,"1216741212_412610_1907_1-512.jpg"],[2,"1216741212_572655_1908_1-512.jpg"],[2,"1216741212_727583_1909_1-512.jpg"],[2,"1216741212_877621_1910_1-512.jpg"],[2,"1216741213_027803_1911_1-512.jpg"],[2,"1216741213_172605_1912_1-512.jpg"],[2,"1216741213_312630_1913_1-512.jpg"],[2,"1216741213_452648_1914_1-512.jpg"],[2,"1216741213_592873_1915_1-512.jpg"],[2,"1216741213_727530_1916_1-512.jpg"],[2,"1216741213_857601_1917_1-512.jpg"],[2,"1216741213_987637_1918_1-512.jpg"],[2,"1216741214_117528_1919_1-512.jpg"],[2,"1216743968_928025_9031_3-512.jpg"],[2,"1216743969_143053_9032_3-512.jpg"],[2,"1216743969_353055_9033_3-512.jpg"],[2,"1216743969_558021_9034_3-512.jpg"],[2,"1216743969_758053_9035_3-512.jpg"],[2,"1216743969_953049_9036_3-512.jpg"],[2,"1216743969_953049_9036_3-512.jpg"],[2,"1216743970_143107_9037_3-512.jpg"],[2,"1216743970_333036_9038_3-512.jpg"],[2,"1216743970_518014_9039_3-512.jpg"],[2,"1216743970_703028_9040_3-512.jpg"],[2,"1216743970_887997_9041_3-512.jpg"],[2,"1216743971_073070_9042_3-512.jpg"],[2,"1216743971_258031_9043_3-512.jpg"]],"construction_ml":"complete","preds_design":[[2,"1216741210_837587_1899_1-512.jpg"],[2,"1216741211_077555_1900_1-512.jpg"],[2,"1216741211_302866_1901_1-512.jpg"],[2,"1216741211_517528_1902_1-512.jpg"],[2,"1216741211_717634_1903_1-512.jpg"],[2,"1216741211_902647_1904_1-512.jpg"],[2,"1216741212_077531_1905_1-512.jpg"],[2,"1216741212_247628_1906_1-512.jpg"],[2,"1216741212_412610_1907_1-512.jpg"],[2,"1216741212_572655_1908_1-512.jpg"],[2,"1216741212_727583_1909_1-512.jpg"],[2,"1216741212_877621_1910_1-512.jpg"],[2,"1216741213_027803_1911_1-512.jpg"],[2,"1216741213_172605_1912_1-512.jpg"],[2,"1216741213_312630_1913_1-512.jpg"],[2,"1216741213_452648_1914_1-512.jpg"],[2,"1216741213_592873_1915_1-512.jpg"],[2,"1216741213_727530_1916_1-512.jpg"],[2,"1216741213_857601_1917_1-512.jpg"],[2,"1216741213_987637_1918_1-512.jpg"],[2,"1216741214_117528_1919_1-512.jpg"],[2,"1216743969_143053_9032_3-512.jpg"],[2,"1216743969_353055_9033_3-512.jpg"],[2,"1216743969_558021_9034_3-512.jpg"],[2,"1216743969_758053_9035_3-512.jpg"],[2,"1216743969_953049_9036_3-512.jpg"],[2,"1216743970_143107_9037_3-512.jpg"],[2,"1216743970_333036_9038_3-512.jpg"],[2,"1216743970_518014_9039_3-512.jpg"],[2,"1216743970_703028_9040_3-512.jpg"],[2,"1216743970_887997_9041_3-512.jpg"],[2,"1216743971_073070_9042_3-512.jpg"],[2,"1216743971_258031_9043_3-512.jpg"]],"design_ml":"designed","images":[]}
