{"MATERIAL":"corrugated metal/heavily patched","AVG_SLOPE":7.39956147428,"AVG_HEIGHT":3.74923273337,"TERAIN_SLP":13.2248937351,"AREA":62.6916179422,"VOLUME":235,"FLOORS":2,"INT_ZONE":null,"FLOOD":1,"LANDSLIDE":"Amenaza Media","LEGAL_ID":"358","LEGAL_NAME":"EL PARAISO","LEGAL_AREA":26.04,"LEGAL_LOTS":2077,"LEGAL_POP":11215.8,"LEGAL_DENS":79.76190476,"LEGALIZING":null,"BLOCK_ID_":"002565046","BLOCK_POP":116,"BLOCK_BLD":33,"BLOCK_RISK":5.5081592,"BLOCK_EDU":0.77760744,"BLOCK_HLTH":24.582544,"BLOCK_TRAN":85.452385,"BLOCK_CULT":0,"BLOCK_PARK":66.498512,"BLOCK_SEC":100,"BLOCK_CENT":0,"BLOCK_DEF":24.2424242424,"BLD_INHAB":4,"OBJECTID":2,"AO_225":0.2,"id":3040,"preds_material":[[5,"1216741214_117528_1919_1-512.jpg"],[5,"1216741214_242628_1920_1-512.jpg"],[5,"1216741214_367558_1921_1-512.jpg"],[5,"1216741214_487634_1922_1-512.jpg"],[5,"1216741214_607527_1923_1-512.jpg"],[5,"1216741214_727517_1924_1-512.jpg"],[5,"1216741214_847541_1925_1-512.jpg"],[5,"1216741214_967515_1926_1-512.jpg"],[5,"1216741215_092604_1927_1-512.jpg"],[5,"1216741215_217524_1928_1-512.jpg"],[5,"1216741215_342614_1929_1-512.jpg"],[5,"1216741215_467521_1930_1-512.jpg"],[5,"1216741215_592713_1931_1-512.jpg"]],"material_ml":"painted","preds_construction":[[2,"1216741214_117528_1919_1-512.jpg"],[2,"1216741214_242628_1920_1-512.jpg"],[2,"1216741214_367558_1921_1-512.jpg"],[2,"1216741214_487634_1922_1-512.jpg"],[2,"1216741214_607527_1923_1-512.jpg"],[2,"1216741214_727517_1924_1-512.jpg"],[2,"1216741214_847541_1925_1-512.jpg"],[2,"1216741214_967515_1926_1-512.jpg"],[2,"1216741215_092604_1927_1-512.jpg"],[2,"1216741215_217524_1928_1-512.jpg"],[2,"1216741215_342614_1929_1-512.jpg"],[2,"1216741215_467521_1930_1-512.jpg"],[2,"1216741215_592713_1931_1-512.jpg"],[2,"1216741215_592713_1931_1-512.jpg"]],"construction_ml":"complete","preds_design":[[1,"1216741214_117528_1919_1-512.jpg"],[2,"1216741214_242628_1920_1-512.jpg"],[2,"1216741214_367558_1921_1-512.jpg"],[2,"1216741214_487634_1922_1-512.jpg"],[2,"1216741214_607527_1923_1-512.jpg"],[2,"1216741214_727517_1924_1-512.jpg"],[2,"1216741214_847541_1925_1-512.jpg"],[2,"1216741214_967515_1926_1-512.jpg"],[2,"1216741215_092604_1927_1-512.jpg"],[2,"1216741215_217524_1928_1-512.jpg"],[2,"1216741215_342614_1929_1-512.jpg"],[2,"1216741215_467521_1930_1-512.jpg"],[2,"1216741215_592713_1931_1-512.jpg"]],"design_ml":"designed","images":[]}
