{"MATERIAL":"corrugated metal","AVG_SLOPE":5.13073782485,"AVG_HEIGHT":0.71899568569,"TERAIN_SLP":16.4645270047,"AREA":51.2343879733,"VOLUME":37,"FLOORS":1,"INT_ZONE":null,"FLOOD":1,"LANDSLIDE":"Amenaza Media","LEGAL_ID":"358","LEGAL_NAME":"EL PARAISO","LEGAL_AREA":26.04,"LEGAL_LOTS":2077,"LEGAL_POP":11215.8,"LEGAL_DENS":79.76190476,"LEGALIZING":null,"BLOCK_ID_":"002565046","BLOCK_POP":116,"BLOCK_BLD":33,"BLOCK_RISK":5.5081592,"BLOCK_EDU":0.77760744,"BLOCK_HLTH":24.582544,"BLOCK_TRAN":85.452385,"BLOCK_CULT":0,"BLOCK_PARK":66.498512,"BLOCK_SEC":100,"BLOCK_CENT":0,"BLOCK_DEF":24.2424242424,"BLD_INHAB":4,"OBJECTID":2,"AO_225":0.2,"id":3041,"preds_material":[[5,"1216741213_452648_1914_1-512.jpg"],[5,"1216741213_592873_1915_1-512.jpg"],[5,"1216741213_727530_1916_1-512.jpg"],[5,"1216741213_857601_1917_1-512.jpg"],[1,"1216741213_857601_1917_1-512.jpg"],[5,"1216741213_987637_1918_1-512.jpg"],[5,"1216741214_117528_1919_1-512.jpg"],[1,"1216741214_242628_1920_1-512.jpg"],[1,"1216741214_367558_1921_1-512.jpg"],[5,"1216741214_367558_1921_1-512.jpg"],[5,"1216741214_487634_1922_1-512.jpg"],[5,"1216741214_607527_1923_1-512.jpg"],[1,"1216741214_607527_1923_1-512.jpg"],[5,"1216741214_727517_1924_1-512.jpg"],[1,"1216741214_727517_1924_1-512.jpg"],[5,"1216743967_253058_9024_3-512.jpg"],[5,"1216743967_508014_9025_3-512.jpg"]],"material_ml":"painted","preds_construction":[[2,"1216741213_452648_1914_1-512.jpg"],[2,"1216741213_592873_1915_1-512.jpg"],[2,"1216741213_727530_1916_1-512.jpg"],[2,"1216741213_857601_1917_1-512.jpg"],[2,"1216741213_987637_1918_1-512.jpg"],[2,"1216741214_117528_1919_1-512.jpg"],[2,"1216741214_242628_1920_1-512.jpg"],[2,"1216741214_367558_1921_1-512.jpg"],[2,"1216741214_487634_1922_1-512.jpg"],[2,"1216741214_607527_1923_1-512.jpg"],[2,"1216741214_727517_1924_1-512.jpg"],[2,"1216741214_847541_1925_1-512.jpg"]],"construction_ml":"complete","preds_design":[[2,"1216741213_312630_1913_1-512.jpg"],[2,"1216741213_452648_1914_1-512.jpg"],[1,"1216741213_452648_1914_1-512.jpg"],[1,"1216741213_592873_1915_1-512.jpg"],[1,"1216741213_727530_1916_1-512.jpg"],[1,"1216741213_857601_1917_1-512.jpg"],[1,"1216741213_987637_1918_1-512.jpg"],[1,"1216741214_117528_1919_1-512.jpg"],[1,"1216741214_242628_1920_1-512.jpg"],[1,"1216741214_367558_1921_1-512.jpg"],[1,"1216741214_487634_1922_1-512.jpg"],[1,"1216741214_607527_1923_1-512.jpg"],[2,"1216741214_727517_1924_1-512.jpg"],[2,"1216741214_847541_1925_1-512.jpg"]],"design_ml":"undesigned","images":[]}
