{"MATERIAL":"corrugated metal/heavily patched","AVG_SLOPE":4.96162340198,"AVG_HEIGHT":7.95876361564,"TERAIN_SLP":6.05622552668,"AREA":71.3407165467,"VOLUME":568,"FLOORS":2,"INT_ZONE":null,"FLOOD":1,"LANDSLIDE":"Amenaza Media","LEGAL_ID":"358","LEGAL_NAME":"EL PARAISO","LEGAL_AREA":26.04,"LEGAL_LOTS":2077,"LEGAL_POP":11215.8,"LEGAL_DENS":79.76190476,"LEGALIZING":null,"BLOCK_ID_":"002565046","BLOCK_POP":116,"BLOCK_BLD":33,"BLOCK_RISK":5.5081592,"BLOCK_EDU":0.77760744,"BLOCK_HLTH":24.582544,"BLOCK_TRAN":85.452385,"BLOCK_CULT":0,"BLOCK_PARK":66.498512,"BLOCK_SEC":100,"BLOCK_CENT":0,"BLOCK_DEF":24.2424242424,"BLD_INHAB":4,"OBJECTID":2,"AO_225":0.2,"id":3045,"preds_material":[[5,"1216741005_753702_1304_1-512.jpg"],[5,"1216741005_753702_1304_1-512.jpg"],[1,"1216741005_753702_1304_3-512.jpg"],[5,"1216741005_753702_1304_3-512.jpg"],[5,"1216741005_753702_1304_3-512.jpg"],[5,"1216741006_038876_1305_1-512.jpg"],[5,"1216741006_038876_1305_1-512.jpg"],[5,"1216741006_038876_1305_3-512.jpg"],[1,"1216741006_038876_1305_3-512.jpg"],[5,"1216741006_038876_1305_3-512.jpg"],[2,"1216741006_038876_1305_3-512.jpg"],[5,"1216741006_323738_1306_1-512.jpg"],[5,"1216741006_323738_1306_1-512.jpg"],[5,"1216741006_323738_1306_3-512.jpg"],[5,"1216741006_323738_1306_3-512.jpg"],[1,"1216741006_323738_1306_3-512.jpg"],[5,"1216741006_608703_1307_1-512.jpg"],[5,"1216741006_608703_1307_1-512.jpg"],[5,"1216741006_608703_1307_3-512.jpg"],[5,"1216741006_608703_1307_3-512.jpg"],[1,"1216741006_608703_1307_3-512.jpg"],[2,"1216741006_608703_1307_3-512.jpg"],[5,"1216741006_923743_1308_1-512.jpg"],[5,"1216741006_923743_1308_1-512.jpg"],[5,"1216741006_923743_1308_3-512.jpg"],[1,"1216741006_923743_1308_3-512.jpg"],[6,"1216741006_923743_1308_3-512.jpg"],[2,"1216741007_268717_1309_3-512.jpg"]],"material_ml":"painted","preds_construction":[[2,"1216741005_753702_1304_1-512.jpg"],[2,"1216741005_753702_1304_1-512.jpg"],[1,"1216741005_753702_1304_3-512.jpg"],[2,"1216741005_753702_1304_3-512.jpg"],[2,"1216741005_753702_1304_3-512.jpg"],[2,"1216741006_038876_1305_1-512.jpg"],[2,"1216741006_038876_1305_1-512.jpg"],[2,"1216741006_038876_1305_3-512.jpg"],[2,"1216741006_038876_1305_3-512.jpg"],[1,"1216741006_038876_1305_3-512.jpg"],[2,"1216741006_323738_1306_1-512.jpg"],[2,"1216741006_323738_1306_1-512.jpg"],[2,"1216741006_323738_1306_3-512.jpg"],[2,"1216741006_323738_1306_3-512.jpg"],[2,"1216741006_608703_1307_1-512.jpg"],[2,"1216741006_608703_1307_1-512.jpg"],[2,"1216741006_608703_1307_3-512.jpg"],[1,"1216741006_608703_1307_3-512.jpg"],[2,"1216741006_608703_1307_3-512.jpg"],[2,"1216741006_923743_1308_1-512.jpg"],[2,"1216741006_923743_1308_1-512.jpg"],[2,"1216741006_923743_1308_3-512.jpg"],[1,"1216741006_923743_1308_3-512.jpg"],[2,"1216741006_923743_1308_3-512.jpg"],[2,"1216741007_268717_1309_3-512.jpg"]],"construction_ml":"complete","preds_design":[[2,"1216741005_753702_1304_1-512.jpg"],[2,"1216741005_753702_1304_1-512.jpg"],[1,"1216741005_753702_1304_3-512.jpg"],[2,"1216741005_753702_1304_3-512.jpg"],[2,"1216741006_038876_1305_1-512.jpg"],[2,"1216741006_038876_1305_1-512.jpg"],[2,"1216741006_038876_1305_3-512.jpg"],[1,"1216741006_038876_1305_3-512.jpg"],[2,"1216741006_323738_1306_1-512.jpg"],[2,"1216741006_323738_1306_1-512.jpg"],[2,"1216741006_323738_1306_3-512.jpg"],[1,"1216741006_323738_1306_3-512.jpg"],[2,"1216741006_608703_1307_1-512.jpg"],[2,"1216741006_608703_1307_1-512.jpg"],[2,"1216741006_608703_1307_3-512.jpg"],[1,"1216741006_608703_1307_3-512.jpg"],[2,"1216741006_923743_1308_1-512.jpg"],[2,"1216741006_923743_1308_1-512.jpg"],[2,"1216741006_923743_1308_3-512.jpg"],[1,"1216741006_923743_1308_3-512.jpg"],[1,"1216741007_268717_1309_3-512.jpg"]],"design_ml":"designed","images":[]}
