{"MATERIAL":"corrugated metal/heavily patched","AVG_SLOPE":7.41055516347,"AVG_HEIGHT":2.8967307326,"TERAIN_SLP":4.74051538623,"AREA":49.4703933359,"VOLUME":143,"FLOORS":1,"INT_ZONE":null,"FLOOD":1,"LANDSLIDE":"Amenaza Baja","LEGAL_ID":"358","LEGAL_NAME":"EL PARAISO","LEGAL_AREA":26.04,"LEGAL_LOTS":2077,"LEGAL_POP":11215.8,"LEGAL_DENS":79.76190476,"LEGALIZING":null,"BLOCK_ID_":"002565046","BLOCK_POP":116,"BLOCK_BLD":33,"BLOCK_RISK":5.5081592,"BLOCK_EDU":0.77760744,"BLOCK_HLTH":24.582544,"BLOCK_TRAN":85.452385,"BLOCK_CULT":0,"BLOCK_PARK":66.498512,"BLOCK_SEC":100,"BLOCK_CENT":0,"BLOCK_DEF":24.2424242424,"BLD_INHAB":4,"OBJECTID":2,"AO_225":0.2,"id":3047,"preds_material":[[1,"1216740998_613784_1276_1-512.jpg"],[1,"1216740998_833789_1277_1-512.jpg"],[5,"1216740998_833789_1277_1-512.jpg"],[1,"1216740999_073783_1278_1-512.jpg"],[5,"1216740999_073783_1278_1-512.jpg"],[5,"1216740999_323785_1279_1-512.jpg"],[1,"1216740999_323785_1279_1-512.jpg"],[5,"1216740999_568826_1280_1-512.jpg"],[1,"1216740999_568826_1280_1-512.jpg"],[1,"1216740999_803770_1281_1-512.jpg"]],"material_ml":"brick","preds_construction":[[2,"1216740998_613784_1276_1-512.jpg"],[2,"1216740998_833789_1277_1-512.jpg"],[2,"1216740998_833789_1277_1-512.jpg"],[1,"1216740998_833789_1277_1-512.jpg"],[2,"1216740999_073783_1278_1-512.jpg"],[2,"1216740999_073783_1278_1-512.jpg"],[2,"1216740999_323785_1279_1-512.jpg"],[2,"1216740999_323785_1279_1-512.jpg"],[1,"1216740999_323785_1279_1-512.jpg"],[2,"1216740999_568826_1280_1-512.jpg"],[2,"1216740999_568826_1280_1-512.jpg"],[2,"1216740999_803770_1281_1-512.jpg"]],"construction_ml":"complete","preds_design":[[2,"1216740998_613784_1276_1-512.jpg"],[2,"1216740998_833789_1277_1-512.jpg"],[2,"1216740998_833789_1277_1-512.jpg"],[2,"1216740999_073783_1278_1-512.jpg"],[2,"1216740999_073783_1278_1-512.jpg"],[2,"1216740999_323785_1279_1-512.jpg"],[2,"1216740999_323785_1279_1-512.jpg"],[2,"1216740999_568826_1280_1-512.jpg"],[2,"1216740999_568826_1280_1-512.jpg"],[2,"1216740999_803770_1281_1-512.jpg"]],"design_ml":"designed","images":[]}
