{"MATERIAL":"corrugated metal/heavily patched","AVG_SLOPE":6.49169453563,"AVG_HEIGHT":5.78033638227,"TERAIN_SLP":4.25503990101,"AREA":29.5272888456,"VOLUME":171,"FLOORS":2,"INT_ZONE":"Borde Rural","FLOOD":1,"LANDSLIDE":"Amenaza Baja","LEGAL_ID":"358","LEGAL_NAME":"EL PARAISO","LEGAL_AREA":26.04,"LEGAL_LOTS":2077,"LEGAL_POP":11215.8,"LEGAL_DENS":79.76190476,"LEGALIZING":null,"BLOCK_ID_":"002565045","BLOCK_POP":129,"BLOCK_BLD":30,"BLOCK_RISK":10.259947,"BLOCK_EDU":0.66276956,"BLOCK_HLTH":21.344957,"BLOCK_TRAN":92.372635,"BLOCK_CULT":0,"BLOCK_PARK":62.62812,"BLOCK_SEC":100,"BLOCK_CENT":0,"BLOCK_DEF":30,"BLD_INHAB":4,"OBJECTID":2,"AO_225":0.2,"id":3048,"preds_material":[[1,"1216743962_498038_9006_3-512.jpg"],[1,"1216743962_793084_9007_3-512.jpg"],[5,"1216743962_793084_9007_3-512.jpg"],[5,"1216743962_793084_9007_3-512.jpg"],[5,"1216743963_078036_9008_3-512.jpg"],[5,"1216743963_358161_9009_3-512.jpg"],[5,"1216743963_628138_9010_3-512.jpg"],[1,"1216743963_628138_9010_3-512.jpg"],[1,"1216743963_893077_9011_3-512.jpg"],[1,"1216743964_163064_9012_3-512.jpg"],[1,"1216743964_438037_9013_3-512.jpg"],[1,"1216743964_713068_9014_3-512.jpg"],[1,"1216743964_993088_9015_3-512.jpg"],[5,"1216743965_777931_9018_3-512.jpg"]],"material_ml":"brick","preds_construction":[[2,"1216743962_793084_9007_3-512.jpg"],[2,"1216743962_793084_9007_3-512.jpg"],[1,"1216743962_793084_9007_3-512.jpg"],[2,"1216743963_078036_9008_3-512.jpg"],[2,"1216743963_358161_9009_3-512.jpg"],[2,"1216743963_628138_9010_3-512.jpg"],[1,"1216743963_628138_9010_3-512.jpg"],[2,"1216743963_628138_9010_3-512.jpg"],[1,"1216743963_893077_9011_3-512.jpg"],[2,"1216743963_893077_9011_3-512.jpg"],[2,"1216743964_163064_9012_3-512.jpg"],[1,"1216743964_163064_9012_3-512.jpg"],[2,"1216743964_438037_9013_3-512.jpg"],[1,"1216743964_438037_9013_3-512.jpg"],[2,"1216743964_713068_9014_3-512.jpg"],[2,"1216743964_993088_9015_3-512.jpg"],[2,"1216743965_777931_9018_3-512.jpg"]],"construction_ml":"complete","preds_design":[[1,"1216743962_498038_9006_3-512.jpg"],[1,"1216743962_793084_9007_3-512.jpg"],[1,"1216743962_793084_9007_3-512.jpg"],[1,"1216743963_078036_9008_3-512.jpg"],[1,"1216743963_358161_9009_3-512.jpg"],[1,"1216743963_358161_9009_3-512.jpg"],[1,"1216743963_628138_9010_3-512.jpg"],[1,"1216743963_628138_9010_3-512.jpg"],[1,"1216743963_893077_9011_3-512.jpg"],[1,"1216743964_163064_9012_3-512.jpg"],[1,"1216743964_438037_9013_3-512.jpg"],[1,"1216743964_713068_9014_3-512.jpg"],[1,"1216743964_993088_9015_3-512.jpg"]],"design_ml":"undesigned","images":[]}
