{"MATERIAL":"concrete","AVG_SLOPE":11.1636827829,"AVG_HEIGHT":5.66475363454,"TERAIN_SLP":5.01783217476,"AREA":59.0879375186,"VOLUME":335,"FLOORS":2,"INT_ZONE":null,"FLOOD":1,"LANDSLIDE":"Amenaza Baja","LEGAL_ID":"358","LEGAL_NAME":"EL PARAISO","LEGAL_AREA":26.04,"LEGAL_LOTS":2077,"LEGAL_POP":11215.8,"LEGAL_DENS":79.76190476,"LEGALIZING":null,"BLOCK_ID_":"002565046","BLOCK_POP":116,"BLOCK_BLD":33,"BLOCK_RISK":5.5081592,"BLOCK_EDU":0.77760744,"BLOCK_HLTH":24.582544,"BLOCK_TRAN":85.452385,"BLOCK_CULT":0,"BLOCK_PARK":66.498512,"BLOCK_SEC":100,"BLOCK_CENT":0,"BLOCK_DEF":24.2424242424,"BLD_INHAB":4,"OBJECTID":2,"AO_225":0.2,"id":3057,"preds_material":[[5,"1216743826_078877_8450_3-512.jpg"]],"material_ml":"painted","preds_design":[[2,"1216743826_078877_8450_3-512.jpg"]],"design_ml":"designed","images":[]}
