{"MATERIAL":"corrugated metal - new","AVG_SLOPE":11.3587876393,"AVG_HEIGHT":6.55612769025,"TERAIN_SLP":11.5314046812,"AREA":69.1304156706,"VOLUME":453,"FLOORS":2,"INT_ZONE":null,"FLOOD":1,"LANDSLIDE":"Amenaza Baja","LEGAL_ID":"358","LEGAL_NAME":"EL PARAISO","LEGAL_AREA":26.04,"LEGAL_LOTS":2077,"LEGAL_POP":11215.8,"LEGAL_DENS":79.76190476,"LEGALIZING":null,"BLOCK_ID_":"002565080","BLOCK_POP":162,"BLOCK_BLD":45,"BLOCK_RISK":3.8432705,"BLOCK_EDU":0.48982114,"BLOCK_HLTH":16.225189,"BLOCK_TRAN":89.690277,"BLOCK_CULT":0,"BLOCK_PARK":56.872684,"BLOCK_SEC":100,"BLOCK_CENT":0,"BLOCK_DEF":37.7777777778,"BLD_INHAB":4,"OBJECTID":2,"AO_225":0.2,"id":3059,"preds_material":[[1,"1216741227_492571_1990_1-512.jpg"],[1,"1216741227_722602_1991_1-512.jpg"],[1,"1216741227_932547_1992_1-512.jpg"],[1,"1216741228_132533_1993_1-512.jpg"],[1,"1216741228_317461_1994_1-512.jpg"],[1,"1216741228_837481_1997_1-512.jpg"],[1,"1216741229_002572_1998_1-512.jpg"],[1,"1216741229_162549_1999_1-512.jpg"],[1,"1216741229_317494_2000_1-512.jpg"],[1,"1216741229_467534_2001_1-512.jpg"],[1,"1216741229_617477_2002_1-512.jpg"],[1,"1216741229_762574_2003_1-512.jpg"],[1,"1216741229_902537_2004_1-512.jpg"],[1,"1216741230_042769_2005_1-512.jpg"],[1,"1216741230_182596_2006_1-512.jpg"],[1,"1216741230_322554_2007_1-512.jpg"],[1,"1216741230_457468_2008_1-512.jpg"],[5,"1216743826_078877_8450_1-512.jpg"]],"material_ml":"brick","preds_construction":[[2,"1216741226_397461_1986_1-512.jpg"],[2,"1216741226_687486_1987_1-512.jpg"],[2,"1216741226_972584_1988_1-512.jpg"],[2,"1216741227_247627_1989_1-512.jpg"],[2,"1216741227_492571_1990_1-512.jpg"],[2,"1216741227_722602_1991_1-512.jpg"],[2,"1216741227_932547_1992_1-512.jpg"],[2,"1216741228_132533_1993_1-512.jpg"],[2,"1216741228_317461_1994_1-512.jpg"],[2,"1216741228_837481_1997_1-512.jpg"],[2,"1216741229_002572_1998_1-512.jpg"],[2,"1216741229_162549_1999_1-512.jpg"],[2,"1216741229_317494_2000_1-512.jpg"],[2,"1216741229_467534_2001_1-512.jpg"],[2,"1216741229_617477_2002_1-512.jpg"],[2,"1216741229_762574_2003_1-512.jpg"],[2,"1216741229_902537_2004_1-512.jpg"],[2,"1216741230_042769_2005_1-512.jpg"],[2,"1216741230_182596_2006_1-512.jpg"],[2,"1216741230_322554_2007_1-512.jpg"],[2,"1216741230_457468_2008_1-512.jpg"],[2,"1216743826_078877_8450_1-512.jpg"]],"construction_ml":"complete","preds_design":[[1,"1216741226_972584_1988_1-512.jpg"],[1,"1216741227_247627_1989_1-512.jpg"],[1,"1216741227_492571_1990_1-512.jpg"],[2,"1216741227_722602_1991_1-512.jpg"],[1,"1216741227_722602_1991_1-512.jpg"],[2,"1216741227_932547_1992_1-512.jpg"],[2,"1216741228_132533_1993_1-512.jpg"],[2,"1216741228_317461_1994_1-512.jpg"],[2,"1216741228_837481_1997_1-512.jpg"],[2,"1216741229_002572_1998_1-512.jpg"],[2,"1216741229_162549_1999_1-512.jpg"],[2,"1216741229_317494_2000_1-512.jpg"],[2,"1216741229_467534_2001_1-512.jpg"],[2,"1216741229_617477_2002_1-512.jpg"],[2,"1216741229_762574_2003_1-512.jpg"],[2,"1216741229_902537_2004_1-512.jpg"],[2,"1216741230_042769_2005_1-512.jpg"],[2,"1216741230_182596_2006_1-512.jpg"],[2,"1216741230_322554_2007_1-512.jpg"],[2,"1216741230_457468_2008_1-512.jpg"],[2,"1216743826_078877_8450_1-512.jpg"]],"design_ml":"designed","images":[]}
