{"MATERIAL":"corrugated metal","AVG_SLOPE":10.3790776347,"AVG_HEIGHT":8.58609511106,"TERAIN_SLP":15.1562136474,"AREA":65.0417822643,"VOLUME":558,"FLOORS":3,"INT_ZONE":null,"FLOOD":1,"LANDSLIDE":"Amenaza Baja","LEGAL_ID":"358","LEGAL_NAME":"EL PARAISO","LEGAL_AREA":26.04,"LEGAL_LOTS":2077,"LEGAL_POP":11215.8,"LEGAL_DENS":79.76190476,"LEGALIZING":null,"BLOCK_ID_":"002565080","BLOCK_POP":162,"BLOCK_BLD":45,"BLOCK_RISK":3.8432705,"BLOCK_EDU":0.48982114,"BLOCK_HLTH":16.225189,"BLOCK_TRAN":89.690277,"BLOCK_CULT":0,"BLOCK_PARK":56.872684,"BLOCK_SEC":100,"BLOCK_CENT":0,"BLOCK_DEF":37.7777777778,"BLD_INHAB":4,"OBJECTID":2,"AO_225":0.2,"id":3060,"preds_material":[[1,"1216741229_617477_2002_1-512.jpg"],[1,"1216741229_762574_2003_1-512.jpg"],[1,"1216741229_902537_2004_1-512.jpg"],[1,"1216741230_042769_2005_1-512.jpg"],[1,"1216741230_182596_2006_1-512.jpg"],[1,"1216741230_322554_2007_1-512.jpg"],[1,"1216741230_457468_2008_1-512.jpg"],[1,"1216741230_592568_2009_1-512.jpg"],[1,"1216741230_727465_2010_1-512.jpg"],[1,"1216741230_862531_2011_1-512.jpg"],[1,"1216741230_997448_2012_1-512.jpg"],[1,"1216741231_132541_2013_1-512.jpg"],[5,"1216741231_267481_2014_1-512.jpg"],[5,"1216741231_267481_2014_1-512.jpg"]],"material_ml":"brick","preds_construction":[[2,"1216741229_467534_2001_1-512.jpg"],[2,"1216741229_617477_2002_1-512.jpg"],[1,"1216741229_617477_2002_1-512.jpg"],[2,"1216741229_762574_2003_1-512.jpg"],[2,"1216741229_902537_2004_1-512.jpg"],[2,"1216741230_042769_2005_1-512.jpg"],[2,"1216741230_182596_2006_1-512.jpg"],[2,"1216741230_322554_2007_1-512.jpg"],[2,"1216741230_457468_2008_1-512.jpg"],[2,"1216741230_592568_2009_1-512.jpg"],[2,"1216741230_727465_2010_1-512.jpg"],[2,"1216741230_862531_2011_1-512.jpg"],[2,"1216741230_997448_2012_1-512.jpg"],[2,"1216741231_132541_2013_1-512.jpg"]],"construction_ml":"complete","preds_design":[[2,"1216741229_617477_2002_1-512.jpg"],[2,"1216741229_762574_2003_1-512.jpg"],[2,"1216741229_902537_2004_1-512.jpg"],[2,"1216741230_042769_2005_1-512.jpg"],[2,"1216741230_182596_2006_1-512.jpg"],[2,"1216741230_322554_2007_1-512.jpg"],[2,"1216741230_457468_2008_1-512.jpg"],[2,"1216741230_592568_2009_1-512.jpg"],[2,"1216741230_727465_2010_1-512.jpg"],[2,"1216741230_862531_2011_1-512.jpg"],[2,"1216741230_997448_2012_1-512.jpg"],[2,"1216741231_132541_2013_1-512.jpg"],[2,"1216741231_267481_2014_1-512.jpg"]],"design_ml":"designed","images":[]}
