{"MATERIAL":"corrugated metal","AVG_SLOPE":5.70157522616,"AVG_HEIGHT":4.66391682359,"TERAIN_SLP":6.2016153086,"AREA":27.79519279,"VOLUME":130,"FLOORS":2,"INT_ZONE":null,"FLOOD":1,"LANDSLIDE":"Amenaza Media","LEGAL_ID":"358","LEGAL_NAME":"EL PARAISO","LEGAL_AREA":26.04,"LEGAL_LOTS":2077,"LEGAL_POP":11215.8,"LEGAL_DENS":79.76190476,"LEGALIZING":null,"BLOCK_ID_":"002565081","BLOCK_POP":202,"BLOCK_BLD":59,"BLOCK_RISK":8.5023098,"BLOCK_EDU":0,"BLOCK_HLTH":14.832449,"BLOCK_TRAN":96.88327,"BLOCK_CULT":0,"BLOCK_PARK":54.345028,"BLOCK_SEC":100,"BLOCK_CENT":0,"BLOCK_DEF":25.4237288136,"BLD_INHAB":3,"OBJECTID":2,"AO_225":0.2,"id":3066,"preds_material":[[2,"1216741229_902537_2004_3-512.jpg"],[5,"1216741230_042769_2005_3-512.jpg"],[2,"1216741230_042769_2005_3-512.jpg"],[5,"1216741230_042769_2005_3-512.jpg"],[1,"1216741230_042769_2005_3-512.jpg"],[5,"1216741230_182596_2006_3-512.jpg"],[2,"1216741230_182596_2006_3-512.jpg"],[2,"1216741230_322554_2007_3-512.jpg"],[2,"1216741230_457468_2008_3-512.jpg"]],"material_ml":"concrete","preds_construction":[[2,"1216741229_902537_2004_3-512.jpg"],[2,"1216741230_042769_2005_3-512.jpg"],[2,"1216741230_042769_2005_3-512.jpg"],[2,"1216741230_042769_2005_3-512.jpg"],[2,"1216741230_182596_2006_3-512.jpg"],[2,"1216741230_182596_2006_3-512.jpg"],[2,"1216741230_182596_2006_3-512.jpg"],[2,"1216741230_322554_2007_3-512.jpg"],[2,"1216741230_457468_2008_3-512.jpg"]],"construction_ml":"complete","preds_design":[[2,"1216741229_902537_2004_3-512.jpg"],[2,"1216741230_042769_2005_3-512.jpg"],[2,"1216741230_042769_2005_3-512.jpg"],[1,"1216741230_042769_2005_3-512.jpg"],[2,"1216741230_182596_2006_3-512.jpg"],[1,"1216741230_182596_2006_3-512.jpg"],[2,"1216741230_322554_2007_3-512.jpg"],[2,"1216741230_457468_2008_3-512.jpg"]],"design_ml":"designed","images":[]}
