{"MATERIAL":"corrugated metal/heavily patched","AVG_SLOPE":4.95691270494,"AVG_HEIGHT":0.45834043151,"TERAIN_SLP":13.3667425608,"AREA":54.9589964225,"VOLUME":25,"FLOORS":1,"INT_ZONE":null,"FLOOD":1,"LANDSLIDE":"Amenaza Media","LEGAL_ID":"358","LEGAL_NAME":"EL PARAISO","LEGAL_AREA":26.04,"LEGAL_LOTS":2077,"LEGAL_POP":11215.8,"LEGAL_DENS":79.76190476,"LEGALIZING":null,"BLOCK_ID_":"002565081","BLOCK_POP":202,"BLOCK_BLD":59,"BLOCK_RISK":8.5023098,"BLOCK_EDU":0,"BLOCK_HLTH":14.832449,"BLOCK_TRAN":96.88327,"BLOCK_CULT":0,"BLOCK_PARK":54.345028,"BLOCK_SEC":100,"BLOCK_CENT":0,"BLOCK_DEF":25.4237288136,"BLD_INHAB":3,"OBJECTID":2,"AO_225":0.2,"id":3075,"preds_material":[[5,"1216741366_371806_2255_3-512.jpg"],[5,"1216741366_561799_2256_3-512.jpg"],[5,"1216741366_746775_2257_3-512.jpg"],[5,"1216741366_936769_2258_3-512.jpg"],[2,"1216741366_936769_2258_3-512.jpg"],[5,"1216741367_126752_2259_3-512.jpg"],[5,"1216741367_316738_2260_3-512.jpg"],[5,"1216741367_511818_2261_3-512.jpg"],[5,"1216741367_711791_2262_3-512.jpg"],[5,"1216741367_916737_2263_3-512.jpg"]],"material_ml":"painted","preds_construction":[[2,"1216741366_371806_2255_3-512.jpg"],[2,"1216741366_561799_2256_3-512.jpg"],[2,"1216741366_746775_2257_3-512.jpg"],[2,"1216741366_936769_2258_3-512.jpg"],[2,"1216741367_126752_2259_3-512.jpg"],[2,"1216741367_316738_2260_3-512.jpg"],[2,"1216741367_511818_2261_3-512.jpg"],[2,"1216741367_711791_2262_3-512.jpg"],[2,"1216741367_916737_2263_3-512.jpg"]],"construction_ml":"complete","preds_design":[[1,"1216741366_371806_2255_3-512.jpg"],[2,"1216741366_371806_2255_3-512.jpg"],[1,"1216741366_561799_2256_3-512.jpg"],[2,"1216741366_561799_2256_3-512.jpg"],[1,"1216741366_746775_2257_3-512.jpg"],[2,"1216741366_746775_2257_3-512.jpg"],[1,"1216741366_936769_2258_3-512.jpg"],[2,"1216741366_936769_2258_3-512.jpg"],[1,"1216741367_126752_2259_3-512.jpg"],[1,"1216741367_316738_2260_3-512.jpg"],[1,"1216741367_511818_2261_3-512.jpg"],[1,"1216741367_711791_2262_3-512.jpg"],[1,"1216741367_916737_2263_3-512.jpg"]],"design_ml":"undesigned","images":[]}
