{"MATERIAL":"corrugated metal/heavily patched","AVG_SLOPE":6.93524369235,"AVG_HEIGHT":4.42135075965,"TERAIN_SLP":14.0134997794,"AREA":31.9700523438,"VOLUME":141,"FLOORS":2,"INT_ZONE":null,"FLOOD":1,"LANDSLIDE":"Amenaza Media","LEGAL_ID":"358","LEGAL_NAME":"EL PARAISO","LEGAL_AREA":26.04,"LEGAL_LOTS":2077,"LEGAL_POP":11215.8,"LEGAL_DENS":79.76190476,"LEGALIZING":null,"BLOCK_ID_":"002565081","BLOCK_POP":202,"BLOCK_BLD":59,"BLOCK_RISK":8.5023098,"BLOCK_EDU":0,"BLOCK_HLTH":14.832449,"BLOCK_TRAN":96.88327,"BLOCK_CULT":0,"BLOCK_PARK":54.345028,"BLOCK_SEC":100,"BLOCK_CENT":0,"BLOCK_DEF":25.4237288136,"BLD_INHAB":3,"OBJECTID":2,"AO_225":0.2,"id":3076,"preds_material":[[5,"1216743831_978751_8454_1-512.jpg"],[5,"1216743832_418837_8455_1-512.jpg"]],"material_ml":"painted","preds_construction":[[2,"1216743831_429194_8453_1-512.jpg"],[2,"1216743831_978751_8454_1-512.jpg"],[2,"1216743832_418837_8455_1-512.jpg"],[2,"1216743832_418837_8455_1-512.jpg"]],"construction_ml":"complete","preds_design":[[2,"1216741226_972584_1988_3-512.jpg"],[2,"1216743831_978751_8454_1-512.jpg"],[2,"1216743832_418837_8455_1-512.jpg"]],"design_ml":"designed","images":[]}
