{"MATERIAL":"corrugated metal/heavily patched","AVG_SLOPE":6.05351805865,"AVG_HEIGHT":1.5551870211,"TERAIN_SLP":8.04695116546,"AREA":25.485792461,"VOLUME":40,"FLOORS":1,"INT_ZONE":null,"FLOOD":1,"LANDSLIDE":"Amenaza Media","LEGAL_ID":"358","LEGAL_NAME":"EL PARAISO","LEGAL_AREA":26.04,"LEGAL_LOTS":2077,"LEGAL_POP":11215.8,"LEGAL_DENS":79.76190476,"LEGALIZING":null,"BLOCK_ID_":"002565081","BLOCK_POP":202,"BLOCK_BLD":59,"BLOCK_RISK":8.5023098,"BLOCK_EDU":0,"BLOCK_HLTH":14.832449,"BLOCK_TRAN":96.88327,"BLOCK_CULT":0,"BLOCK_PARK":54.345028,"BLOCK_SEC":100,"BLOCK_CENT":0,"BLOCK_DEF":25.4237288136,"BLD_INHAB":3,"OBJECTID":2,"AO_225":0.2,"id":3077,"preds_material":[[5,"1216741230_322554_2007_3-512.jpg"],[5,"1216741230_322554_2007_3-512.jpg"],[5,"1216741230_457468_2008_3-512.jpg"],[5,"1216741230_457468_2008_3-512.jpg"],[5,"1216741230_592568_2009_3-512.jpg"],[5,"1216741230_592568_2009_3-512.jpg"],[2,"1216741230_592568_2009_3-512.jpg"],[1,"1216741230_592568_2009_3-512.jpg"],[5,"1216741230_727465_2010_3-512.jpg"],[5,"1216741230_862531_2011_3-512.jpg"]],"material_ml":"painted","preds_construction":[[2,"1216741230_322554_2007_3-512.jpg"],[2,"1216741230_322554_2007_3-512.jpg"],[2,"1216741230_457468_2008_3-512.jpg"],[2,"1216741230_457468_2008_3-512.jpg"],[2,"1216741230_592568_2009_3-512.jpg"],[2,"1216741230_592568_2009_3-512.jpg"],[2,"1216741230_592568_2009_3-512.jpg"],[2,"1216741230_727465_2010_3-512.jpg"],[2,"1216741230_862531_2011_3-512.jpg"]],"construction_ml":"complete","preds_design":[[1,"1216741230_322554_2007_3-512.jpg"],[2,"1216741230_322554_2007_3-512.jpg"],[2,"1216741230_457468_2008_3-512.jpg"],[1,"1216741230_457468_2008_3-512.jpg"],[2,"1216741230_457468_2008_3-512.jpg"],[2,"1216741230_592568_2009_3-512.jpg"],[1,"1216741230_592568_2009_3-512.jpg"],[2,"1216741230_592568_2009_3-512.jpg"],[2,"1216741230_592568_2009_3-512.jpg"],[2,"1216741230_727465_2010_3-512.jpg"],[1,"1216741230_727465_2010_3-512.jpg"],[2,"1216741230_862531_2011_3-512.jpg"]],"design_ml":"designed","images":[]}
