{"MATERIAL":"corrugated metal","AVG_SLOPE":5.87627507808,"AVG_HEIGHT":6.56471544651,"TERAIN_SLP":2.14240910163,"AREA":79.0448561885,"VOLUME":519,"FLOORS":2,"INT_ZONE":null,"FLOOD":1,"LANDSLIDE":"Amenaza Media","LEGAL_ID":"358","LEGAL_NAME":"EL PARAISO","LEGAL_AREA":26.04,"LEGAL_LOTS":2077,"LEGAL_POP":11215.8,"LEGAL_DENS":79.76190476,"LEGALIZING":null,"BLOCK_ID_":"002565081","BLOCK_POP":202,"BLOCK_BLD":59,"BLOCK_RISK":8.5023098,"BLOCK_EDU":0,"BLOCK_HLTH":14.832449,"BLOCK_TRAN":96.88327,"BLOCK_CULT":0,"BLOCK_PARK":54.345028,"BLOCK_SEC":100,"BLOCK_CENT":0,"BLOCK_DEF":25.4237288136,"BLD_INHAB":3,"OBJECTID":2,"AO_225":0.2,"id":3078,"preds_material":[[5,"1216741231_537455_2016_3-512.jpg"],[5,"1216741231_672541_2017_3-512.jpg"],[5,"1216741231_672541_2017_3-512.jpg"],[5,"1216741231_802538_2018_3-512.jpg"],[5,"1216741231_802538_2018_3-512.jpg"],[5,"1216741231_932515_2019_3-512.jpg"],[5,"1216741232_062581_2020_3-512.jpg"],[5,"1216741232_062581_2020_3-512.jpg"],[5,"1216741232_192528_2021_3-512.jpg"],[5,"1216741232_192528_2021_3-512.jpg"],[5,"1216741232_322555_2022_3-512.jpg"],[5,"1216741232_452532_2023_3-512.jpg"],[5,"1216741232_577515_2024_3-512.jpg"],[5,"1216741232_702528_2025_3-512.jpg"],[1,"1216741232_702528_2025_3-512.jpg"],[5,"1216741232_827440_2026_3-512.jpg"],[1,"1216741232_827440_2026_3-512.jpg"],[5,"1216741232_957436_2027_3-512.jpg"],[5,"1216741233_087520_2028_3-512.jpg"]],"material_ml":"painted","preds_construction":[[2,"1216741231_537455_2016_3-512.jpg"],[2,"1216741231_672541_2017_3-512.jpg"],[2,"1216741231_672541_2017_3-512.jpg"],[2,"1216741231_802538_2018_3-512.jpg"],[2,"1216741231_802538_2018_3-512.jpg"],[2,"1216741231_932515_2019_3-512.jpg"],[2,"1216741232_062581_2020_3-512.jpg"],[2,"1216741232_062581_2020_3-512.jpg"],[2,"1216741232_192528_2021_3-512.jpg"],[2,"1216741232_192528_2021_3-512.jpg"],[2,"1216741232_322555_2022_3-512.jpg"],[2,"1216741232_452532_2023_3-512.jpg"],[2,"1216741232_577515_2024_3-512.jpg"],[2,"1216741232_577515_2024_3-512.jpg"],[2,"1216741232_702528_2025_3-512.jpg"],[2,"1216741232_702528_2025_3-512.jpg"],[2,"1216741232_827440_2026_3-512.jpg"],[2,"1216741232_827440_2026_3-512.jpg"],[2,"1216741232_957436_2027_3-512.jpg"],[2,"1216741233_087520_2028_3-512.jpg"]],"construction_ml":"complete","preds_design":[[2,"1216741231_537455_2016_3-512.jpg"],[2,"1216741231_672541_2017_3-512.jpg"],[2,"1216741231_672541_2017_3-512.jpg"],[2,"1216741231_802538_2018_3-512.jpg"],[2,"1216741231_932515_2019_3-512.jpg"],[2,"1216741232_062581_2020_3-512.jpg"],[2,"1216741232_192528_2021_3-512.jpg"],[2,"1216741232_322555_2022_3-512.jpg"],[2,"1216741232_452532_2023_3-512.jpg"],[2,"1216741232_577515_2024_3-512.jpg"],[2,"1216741232_702528_2025_3-512.jpg"],[2,"1216741232_702528_2025_3-512.jpg"],[2,"1216741232_827440_2026_3-512.jpg"],[2,"1216741232_827440_2026_3-512.jpg"],[2,"1216741232_957436_2027_3-512.jpg"],[2,"1216741233_087520_2028_3-512.jpg"]],"design_ml":"designed","images":[]}
