{"MATERIAL":"corrugated metal","AVG_SLOPE":3.71995989489,"AVG_HEIGHT":3.98150249638,"TERAIN_SLP":9.80138568424,"AREA":64.5527659505,"VOLUME":257,"FLOORS":2,"INT_ZONE":null,"FLOOD":1,"LANDSLIDE":"Amenaza Media","LEGAL_ID":"358","LEGAL_NAME":"EL PARAISO","LEGAL_AREA":26.04,"LEGAL_LOTS":2077,"LEGAL_POP":11215.8,"LEGAL_DENS":79.76190476,"LEGALIZING":null,"BLOCK_ID_":"002565081","BLOCK_POP":202,"BLOCK_BLD":59,"BLOCK_RISK":8.5023098,"BLOCK_EDU":0,"BLOCK_HLTH":14.832449,"BLOCK_TRAN":96.88327,"BLOCK_CULT":0,"BLOCK_PARK":54.345028,"BLOCK_SEC":100,"BLOCK_CENT":0,"BLOCK_DEF":25.4237288136,"BLD_INHAB":3,"OBJECTID":2,"AO_225":0.2,"id":3087,"preds_material":[[1,"1216741236_107429_2052_3-512.jpg"],[1,"1216741236_242513_2053_3-512.jpg"],[1,"1216741236_377423_2054_3-512.jpg"],[5,"1216741236_377423_2054_3-512.jpg"],[1,"1216741236_512511_2055_3-512.jpg"],[5,"1216741236_512511_2055_3-512.jpg"],[2,"1216741236_512511_2055_3-512.jpg"],[1,"1216741236_512511_2055_3-512.jpg"],[6,"1216741236_512511_2055_3-512.jpg"],[1,"1216741236_647409_2056_3-512.jpg"],[6,"1216741236_647409_2056_3-512.jpg"],[2,"1216741236_647409_2056_3-512.jpg"],[1,"1216741236_787428_2057_3-512.jpg"],[2,"1216741236_787428_2057_3-512.jpg"],[6,"1216741236_787428_2057_3-512.jpg"],[1,"1216741236_927411_2058_3-512.jpg"]],"material_ml":"brick","preds_construction":[[2,"1216741236_107429_2052_3-512.jpg"],[2,"1216741236_242513_2053_3-512.jpg"],[2,"1216741236_377423_2054_3-512.jpg"],[2,"1216741236_377423_2054_3-512.jpg"],[2,"1216741236_512511_2055_3-512.jpg"],[2,"1216741236_512511_2055_3-512.jpg"],[1,"1216741236_512511_2055_3-512.jpg"],[2,"1216741236_647409_2056_3-512.jpg"],[2,"1216741236_647409_2056_3-512.jpg"],[2,"1216741236_787428_2057_3-512.jpg"],[2,"1216741236_787428_2057_3-512.jpg"],[2,"1216741236_927411_2058_3-512.jpg"]],"construction_ml":"complete","preds_design":[[2,"1216741236_107429_2052_3-512.jpg"],[2,"1216741236_242513_2053_3-512.jpg"],[2,"1216741236_377423_2054_3-512.jpg"],[1,"1216741236_377423_2054_3-512.jpg"],[2,"1216741236_512511_2055_3-512.jpg"],[2,"1216741236_512511_2055_3-512.jpg"],[1,"1216741236_512511_2055_3-512.jpg"],[2,"1216741236_647409_2056_3-512.jpg"],[2,"1216741236_647409_2056_3-512.jpg"],[2,"1216741236_787428_2057_3-512.jpg"],[2,"1216741236_787428_2057_3-512.jpg"],[2,"1216741236_927411_2058_3-512.jpg"]],"design_ml":"designed","images":[]}
