{"MATERIAL":"corrugated metal","AVG_SLOPE":4.05762247044,"AVG_HEIGHT":3.97358820962,"TERAIN_SLP":13.772982335,"AREA":72.1955182183,"VOLUME":287,"FLOORS":2,"INT_ZONE":null,"FLOOD":1,"LANDSLIDE":"Amenaza Media","LEGAL_ID":"358","LEGAL_NAME":"EL PARAISO","LEGAL_AREA":26.04,"LEGAL_LOTS":2077,"LEGAL_POP":11215.8,"LEGAL_DENS":79.76190476,"LEGALIZING":null,"BLOCK_ID_":"002565080","BLOCK_POP":162,"BLOCK_BLD":45,"BLOCK_RISK":3.8432705,"BLOCK_EDU":0.48982114,"BLOCK_HLTH":16.225189,"BLOCK_TRAN":89.690277,"BLOCK_CULT":0,"BLOCK_PARK":56.872684,"BLOCK_SEC":100,"BLOCK_CENT":0,"BLOCK_DEF":37.7777777778,"BLD_INHAB":4,"OBJECTID":2,"AO_225":0.2,"id":3088,"preds_material":[[5,"1216740976_808852_1199_1-512.jpg"],[5,"1216740977_218881_1200_1-512.jpg"],[5,"1216740977_218881_1200_1-512.jpg"],[5,"1216740977_218881_1200_3-512.jpg"],[2,"1216740977_218881_1200_3-512.jpg"],[5,"1216740977_218881_1200_3-512.jpg"],[2,"1216740977_218881_1200_3-512.jpg"],[5,"1216740977_613883_1201_1-512.jpg"],[6,"1216740977_613883_1201_1-512.jpg"],[5,"1216740977_613883_1201_1-512.jpg"],[5,"1216740977_613883_1201_3-512.jpg"],[2,"1216740977_613883_1201_3-512.jpg"],[5,"1216740977_613883_1201_3-512.jpg"],[5,"1216740977_988871_1202_1-512.jpg"],[5,"1216740977_988871_1202_1-512.jpg"],[5,"1216740977_988871_1202_3-512.jpg"],[5,"1216740977_988871_1202_3-512.jpg"],[2,"1216740977_988871_1202_3-512.jpg"],[5,"1216740978_348863_1203_1-512.jpg"],[5,"1216740978_348863_1203_1-512.jpg"],[5,"1216740978_348863_1203_3-512.jpg"],[2,"1216740978_348863_1203_3-512.jpg"],[3,"1216740978_348863_1203_3-512.jpg"],[5,"1216740978_673884_1204_1-512.jpg"],[5,"1216740978_673884_1204_1-512.jpg"],[5,"1216740978_948863_1205_1-512.jpg"],[5,"1216740978_948863_1205_1-512.jpg"],[5,"1216740978_948863_1205_3-512.jpg"],[1,"1216740978_948863_1205_3-512.jpg"],[5,"1216740978_948863_1205_3-512.jpg"]],"material_ml":"painted","preds_construction":[[2,"1216740976_808852_1199_1-512.jpg"],[2,"1216740977_218881_1200_1-512.jpg"],[2,"1216740977_218881_1200_1-512.jpg"],[2,"1216740977_218881_1200_3-512.jpg"],[2,"1216740977_218881_1200_3-512.jpg"],[2,"1216740977_218881_1200_3-512.jpg"],[2,"1216740977_218881_1200_3-512.jpg"],[2,"1216740977_613883_1201_1-512.jpg"],[2,"1216740977_613883_1201_1-512.jpg"],[2,"1216740977_613883_1201_3-512.jpg"],[2,"1216740977_613883_1201_3-512.jpg"],[2,"1216740977_988871_1202_1-512.jpg"],[2,"1216740977_988871_1202_1-512.jpg"],[2,"1216740977_988871_1202_3-512.jpg"],[2,"1216740978_348863_1203_1-512.jpg"],[2,"1216740978_348863_1203_1-512.jpg"],[2,"1216740978_348863_1203_3-512.jpg"],[2,"1216740978_673884_1204_1-512.jpg"],[2,"1216740978_673884_1204_1-512.jpg"],[2,"1216740978_948863_1205_1-512.jpg"],[2,"1216740978_948863_1205_1-512.jpg"],[1,"1216740978_948863_1205_3-512.jpg"],[2,"1216740978_948863_1205_3-512.jpg"],[2,"1216740978_948863_1205_3-512.jpg"]],"construction_ml":"complete","preds_design":[[2,"1216740976_808852_1199_1-512.jpg"],[2,"1216740977_218881_1200_1-512.jpg"],[1,"1216740977_218881_1200_1-512.jpg"],[1,"1216740977_218881_1200_3-512.jpg"],[1,"1216740977_218881_1200_3-512.jpg"],[2,"1216740977_218881_1200_3-512.jpg"],[2,"1216740977_613883_1201_1-512.jpg"],[1,"1216740977_613883_1201_1-512.jpg"],[1,"1216740977_613883_1201_3-512.jpg"],[1,"1216740977_613883_1201_3-512.jpg"],[2,"1216740977_988871_1202_1-512.jpg"],[1,"1216740977_988871_1202_1-512.jpg"],[1,"1216740977_988871_1202_3-512.jpg"],[2,"1216740978_348863_1203_1-512.jpg"],[1,"1216740978_348863_1203_1-512.jpg"],[1,"1216740978_348863_1203_3-512.jpg"],[1,"1216740978_348863_1203_3-512.jpg"],[2,"1216740978_673884_1204_1-512.jpg"],[1,"1216740978_673884_1204_1-512.jpg"],[2,"1216740978_948863_1205_1-512.jpg"],[1,"1216740978_948863_1205_1-512.jpg"],[1,"1216740978_948863_1205_3-512.jpg"],[1,"1216740978_948863_1205_3-512.jpg"]],"design_ml":"undesigned","images":[]}
