{"MATERIAL":"corrugated metal","AVG_SLOPE":3.60875566901,"AVG_HEIGHT":3.17262821608,"TERAIN_SLP":11.2025694004,"AREA":61.9512938282,"VOLUME":197,"FLOORS":2,"INT_ZONE":null,"FLOOD":1,"LANDSLIDE":"Amenaza Media","LEGAL_ID":"358","LEGAL_NAME":"EL PARAISO","LEGAL_AREA":26.04,"LEGAL_LOTS":2077,"LEGAL_POP":11215.8,"LEGAL_DENS":79.76190476,"LEGALIZING":null,"BLOCK_ID_":"002565081","BLOCK_POP":202,"BLOCK_BLD":59,"BLOCK_RISK":8.5023098,"BLOCK_EDU":0,"BLOCK_HLTH":14.832449,"BLOCK_TRAN":96.88327,"BLOCK_CULT":0,"BLOCK_PARK":54.345028,"BLOCK_SEC":100,"BLOCK_CENT":0,"BLOCK_DEF":25.4237288136,"BLD_INHAB":3,"OBJECTID":2,"AO_225":0.2,"id":3090,"preds_material":[[1,"1216741234_457452_2039_3-512.jpg"],[5,"1216741234_457452_2039_3-512.jpg"],[1,"1216741234_582517_2040_3-512.jpg"],[5,"1216741234_582517_2040_3-512.jpg"],[1,"1216741234_707445_2041_3-512.jpg"],[1,"1216741234_832562_2042_3-512.jpg"],[5,"1216741234_832562_2042_3-512.jpg"],[1,"1216741234_957417_2043_3-512.jpg"],[5,"1216741234_957417_2043_3-512.jpg"],[5,"1216741235_082512_2044_3-512.jpg"],[1,"1216741235_082512_2044_3-512.jpg"],[5,"1216741235_082512_2044_3-512.jpg"],[5,"1216741235_207446_2045_3-512.jpg"],[1,"1216741235_207446_2045_3-512.jpg"],[5,"1216741235_207446_2045_3-512.jpg"],[5,"1216741235_332503_2046_3-512.jpg"],[1,"1216741235_332503_2046_3-512.jpg"],[5,"1216741235_462525_2047_3-512.jpg"]],"material_ml":"painted","preds_construction":[[2,"1216741234_457452_2039_3-512.jpg"],[2,"1216741234_582517_2040_3-512.jpg"],[2,"1216741234_707445_2041_3-512.jpg"],[2,"1216741234_832562_2042_3-512.jpg"],[2,"1216741234_957417_2043_3-512.jpg"],[2,"1216741234_957417_2043_3-512.jpg"],[2,"1216741235_082512_2044_3-512.jpg"],[2,"1216741235_082512_2044_3-512.jpg"],[2,"1216741235_207446_2045_3-512.jpg"],[2,"1216741235_207446_2045_3-512.jpg"],[2,"1216741235_332503_2046_3-512.jpg"],[2,"1216741235_462525_2047_3-512.jpg"]],"construction_ml":"complete","preds_design":[[2,"1216741234_457452_2039_3-512.jpg"],[2,"1216741234_582517_2040_3-512.jpg"],[2,"1216741234_707445_2041_3-512.jpg"],[2,"1216741234_832562_2042_3-512.jpg"],[1,"1216741234_832562_2042_3-512.jpg"],[2,"1216741234_957417_2043_3-512.jpg"],[1,"1216741234_957417_2043_3-512.jpg"],[2,"1216741235_082512_2044_3-512.jpg"],[1,"1216741235_082512_2044_3-512.jpg"],[2,"1216741235_207446_2045_3-512.jpg"],[1,"1216741235_207446_2045_3-512.jpg"],[2,"1216741235_332503_2046_3-512.jpg"],[2,"1216741235_462525_2047_3-512.jpg"]],"design_ml":"designed","images":[]}
