{"MATERIAL":"corrugated metal","AVG_SLOPE":5.44248141151,"AVG_HEIGHT":7.7867589326,"TERAIN_SLP":8.44326670878,"AREA":60.5209843051,"VOLUME":471,"FLOORS":2,"INT_ZONE":null,"FLOOD":1,"LANDSLIDE":"Amenaza Baja","LEGAL_ID":"358","LEGAL_NAME":"EL PARAISO","LEGAL_AREA":26.04,"LEGAL_LOTS":2077,"LEGAL_POP":11215.8,"LEGAL_DENS":79.76190476,"LEGALIZING":null,"BLOCK_ID_":"002565082","BLOCK_POP":170,"BLOCK_BLD":50,"BLOCK_RISK":15.152835,"BLOCK_EDU":0,"BLOCK_HLTH":13.620973,"BLOCK_TRAN":97.737358,"BLOCK_CULT":0,"BLOCK_PARK":60.822239,"BLOCK_SEC":100,"BLOCK_CENT":0,"BLOCK_DEF":24,"BLD_INHAB":3,"OBJECTID":2,"AO_225":0.2,"id":3094,"preds_material":[[5,"1216741358_571916_2222_1-512.jpg"],[5,"1216741358_776899_2223_1-512.jpg"],[5,"1216741358_986787_2224_1-512.jpg"],[5,"1216741359_196774_2225_1-512.jpg"],[5,"1216741359_196774_2225_1-512.jpg"],[5,"1216741359_406809_2226_1-512.jpg"],[5,"1216741359_616809_2227_1-512.jpg"],[6,"1216741359_616809_2227_1-512.jpg"],[5,"1216741359_831830_2228_1-512.jpg"]],"material_ml":"painted","preds_construction":[[2,"1216741358_571916_2222_1-512.jpg"],[2,"1216741358_776899_2223_1-512.jpg"],[2,"1216741358_986787_2224_1-512.jpg"],[2,"1216741359_196774_2225_1-512.jpg"],[2,"1216741359_196774_2225_1-512.jpg"],[2,"1216741359_406809_2226_1-512.jpg"],[2,"1216741359_406809_2226_1-512.jpg"],[2,"1216741359_406809_2226_1-512.jpg"],[2,"1216741359_616809_2227_1-512.jpg"],[2,"1216741359_616809_2227_1-512.jpg"],[2,"1216741359_831830_2228_1-512.jpg"]],"construction_ml":"complete","preds_design":[[2,"1216741358_571916_2222_1-512.jpg"],[2,"1216741358_776899_2223_1-512.jpg"],[2,"1216741358_986787_2224_1-512.jpg"],[2,"1216741359_196774_2225_1-512.jpg"],[2,"1216741359_196774_2225_1-512.jpg"],[2,"1216741359_406809_2226_1-512.jpg"],[2,"1216741359_406809_2226_1-512.jpg"],[2,"1216741359_406809_2226_1-512.jpg"],[2,"1216741359_616809_2227_1-512.jpg"],[2,"1216741359_616809_2227_1-512.jpg"],[2,"1216741359_831830_2228_1-512.jpg"]],"design_ml":"designed","images":[]}
