{"MATERIAL":"corrugated metal","AVG_SLOPE":8.04209222981,"AVG_HEIGHT":7.45558120696,"TERAIN_SLP":13.50740406,"AREA":79.6121079119,"VOLUME":594,"FLOORS":2,"INT_ZONE":"Borde Rural","FLOOD":1,"LANDSLIDE":"Amenaza Media","LEGAL_ID":"311","LEGAL_NAME":"EL MIRADOR","LEGAL_AREA":11.06,"LEGAL_LOTS":989,"LEGAL_POP":5340.6,"LEGAL_DENS":89.42,"LEGALIZING":null,"BLOCK_ID_":"002570034","BLOCK_POP":111,"BLOCK_BLD":28,"BLOCK_RISK":22.024868,"BLOCK_EDU":0,"BLOCK_HLTH":0,"BLOCK_TRAN":87.706917,"BLOCK_CULT":0,"BLOCK_PARK":0,"BLOCK_SEC":42.651928,"BLOCK_CENT":0,"BLOCK_DEF":32.1428571429,"BLD_INHAB":4,"OBJECTID":1,"AO_225":0.16,"id":310,"preds_material":[[5,"1216742326_136916_4903_3-512.jpg"],[5,"1216742326_771645_4905_3-512.jpg"],[5,"1216744445_935817_9738_1-512.jpg"],[5,"1216744446_195791_9739_1-512.jpg"],[5,"1216744447_410630_9744_1-512.jpg"]],"material_ml":"painted","images":[]}
