{"MATERIAL":"corrugated metal/heavily patched","AVG_SLOPE":7.00071483635,"AVG_HEIGHT":0.68233973376,"TERAIN_SLP":14.3343279558,"AREA":61.425242903,"VOLUME":42,"FLOORS":1,"INT_ZONE":null,"FLOOD":1,"LANDSLIDE":"Amenaza Media","LEGAL_ID":"358","LEGAL_NAME":"EL PARAISO","LEGAL_AREA":26.04,"LEGAL_LOTS":2077,"LEGAL_POP":11215.8,"LEGAL_DENS":79.76190476,"LEGALIZING":null,"BLOCK_ID_":"002565081","BLOCK_POP":202,"BLOCK_BLD":59,"BLOCK_RISK":8.5023098,"BLOCK_EDU":0,"BLOCK_HLTH":14.832449,"BLOCK_TRAN":96.88327,"BLOCK_CULT":0,"BLOCK_PARK":54.345028,"BLOCK_SEC":100,"BLOCK_CENT":0,"BLOCK_DEF":25.4237288136,"BLD_INHAB":3,"OBJECTID":2,"AO_225":0.2,"id":3101,"preds_material":[[2,"1216741354_876818_2208_3-512.jpg"],[2,"1216741355_241899_2209_3-512.jpg"],[5,"1216741355_241899_2209_3-512.jpg"],[2,"1216741355_591888_2210_3-512.jpg"],[2,"1216741355_916797_2211_3-512.jpg"],[5,"1216741355_916797_2211_3-512.jpg"],[2,"1216741356_211872_2212_3-512.jpg"],[2,"1216741356_491876_2213_3-512.jpg"],[5,"1216741356_491876_2213_3-512.jpg"],[2,"1216741356_756816_2214_3-512.jpg"],[5,"1216741356_756816_2214_3-512.jpg"],[2,"1216741357_007025_2215_3-512.jpg"],[5,"1216741357_007025_2215_3-512.jpg"],[5,"1216741357_246895_2216_3-512.jpg"]],"material_ml":"concrete","preds_construction":[[2,"1216741354_876818_2208_3-512.jpg"],[2,"1216741355_241899_2209_3-512.jpg"],[2,"1216741355_591888_2210_3-512.jpg"],[2,"1216741355_916797_2211_3-512.jpg"],[2,"1216741356_211872_2212_3-512.jpg"],[2,"1216741356_211872_2212_3-512.jpg"],[2,"1216741356_491876_2213_3-512.jpg"],[2,"1216741356_756816_2214_3-512.jpg"],[2,"1216741357_007025_2215_3-512.jpg"]],"construction_ml":"complete","preds_design":[[2,"1216741354_876818_2208_3-512.jpg"],[2,"1216741355_241899_2209_3-512.jpg"],[2,"1216741355_591888_2210_3-512.jpg"],[2,"1216741355_916797_2211_3-512.jpg"],[2,"1216741356_211872_2212_3-512.jpg"],[2,"1216741356_491876_2213_3-512.jpg"],[2,"1216741356_491876_2213_3-512.jpg"],[2,"1216741356_756816_2214_3-512.jpg"],[2,"1216741357_007025_2215_3-512.jpg"],[2,"1216741357_246895_2216_3-512.jpg"]],"design_ml":"designed","images":[]}
