{"MATERIAL":"corrugated metal/heavily patched","AVG_SLOPE":4.6855695484,"AVG_HEIGHT":0.50853084635,"TERAIN_SLP":17.482522092,"AREA":49.2648011195,"VOLUME":25,"FLOORS":1,"INT_ZONE":null,"FLOOD":2,"LANDSLIDE":"Amenaza Baja","LEGAL_ID":"358","LEGAL_NAME":"EL PARAISO","LEGAL_AREA":26.04,"LEGAL_LOTS":2077,"LEGAL_POP":11215.8,"LEGAL_DENS":79.76190476,"LEGALIZING":null,"BLOCK_ID_":"002565082","BLOCK_POP":170,"BLOCK_BLD":50,"BLOCK_RISK":15.152835,"BLOCK_EDU":0,"BLOCK_HLTH":13.620973,"BLOCK_TRAN":97.737358,"BLOCK_CULT":0,"BLOCK_PARK":60.822239,"BLOCK_SEC":100,"BLOCK_CENT":0,"BLOCK_DEF":24,"BLD_INHAB":3,"OBJECTID":2,"AO_225":0.2,"id":3106,"preds_material":[[6,"1216741355_916797_2211_1-512.jpg"],[6,"1216741356_211872_2212_1-512.jpg"],[6,"1216741356_491876_2213_1-512.jpg"],[6,"1216741356_756816_2214_1-512.jpg"],[5,"1216741356_756816_2214_1-512.jpg"],[6,"1216741357_007025_2215_1-512.jpg"],[6,"1216741357_246895_2216_1-512.jpg"],[6,"1216741357_481831_2217_1-512.jpg"]],"material_ml":"other/unclear","preds_construction":[[2,"1216741355_916797_2211_1-512.jpg"],[2,"1216741356_211872_2212_1-512.jpg"],[2,"1216741356_491876_2213_1-512.jpg"],[2,"1216741356_756816_2214_1-512.jpg"],[2,"1216741356_756816_2214_1-512.jpg"],[2,"1216741356_756816_2214_1-512.jpg"],[2,"1216741357_007025_2215_1-512.jpg"],[2,"1216741357_246895_2216_1-512.jpg"],[2,"1216741357_481831_2217_1-512.jpg"]],"construction_ml":"complete","preds_design":[[1,"1216741355_916797_2211_1-512.jpg"],[1,"1216741356_211872_2212_1-512.jpg"],[1,"1216741356_491876_2213_1-512.jpg"],[1,"1216741356_756816_2214_1-512.jpg"],[2,"1216741356_756816_2214_1-512.jpg"],[2,"1216741356_756816_2214_1-512.jpg"],[1,"1216741357_007025_2215_1-512.jpg"],[1,"1216741357_246895_2216_1-512.jpg"],[1,"1216741357_481831_2217_1-512.jpg"]],"design_ml":"undesigned","images":[]}
