{"MATERIAL":"corrugated metal/heavily patched","AVG_SLOPE":4.9524892796,"AVG_HEIGHT":3.48432544539,"TERAIN_SLP":11.5052122515,"AREA":68.0786153653,"VOLUME":237,"FLOORS":2,"INT_ZONE":null,"FLOOD":1,"LANDSLIDE":"Amenaza Media","LEGAL_ID":"358","LEGAL_NAME":"EL PARAISO","LEGAL_AREA":26.04,"LEGAL_LOTS":2077,"LEGAL_POP":11215.8,"LEGAL_DENS":79.76190476,"LEGALIZING":null,"BLOCK_ID_":"002565082","BLOCK_POP":170,"BLOCK_BLD":50,"BLOCK_RISK":15.152835,"BLOCK_EDU":0,"BLOCK_HLTH":13.620973,"BLOCK_TRAN":97.737358,"BLOCK_CULT":0,"BLOCK_PARK":60.822239,"BLOCK_SEC":100,"BLOCK_CENT":0,"BLOCK_DEF":24,"BLD_INHAB":3,"OBJECTID":2,"AO_225":0.2,"id":3108,"preds_material":[[1,"1216741339_831950_2184_1-512.jpg"],[1,"1216741340_701967_2185_1-512.jpg"],[1,"1216741341_641952_2186_1-512.jpg"],[1,"1216741342_511950_2187_1-512.jpg"],[1,"1216741343_801951_2188_1-512.jpg"],[6,"1216741343_801951_2188_1-512.jpg"],[1,"1216741344_696949_2189_1-512.jpg"],[6,"1216741344_696949_2189_1-512.jpg"],[1,"1216741345_706962_2190_1-512.jpg"],[5,"1216741345_706962_2190_1-512.jpg"],[1,"1216741346_751964_2191_1-512.jpg"],[5,"1216741346_751964_2191_1-512.jpg"],[1,"1216741347_491945_2192_1-512.jpg"],[1,"1216741348_111950_2193_1-512.jpg"],[1,"1216741348_686989_2194_1-512.jpg"]],"material_ml":"brick","preds_construction":[[1,"1216741339_831950_2184_1-512.jpg"],[1,"1216741339_831950_2184_1-512.jpg"],[1,"1216741340_701967_2185_1-512.jpg"],[1,"1216741341_641952_2186_1-512.jpg"],[1,"1216741342_511950_2187_1-512.jpg"],[1,"1216741343_801951_2188_1-512.jpg"],[2,"1216741343_801951_2188_1-512.jpg"],[1,"1216741344_696949_2189_1-512.jpg"],[2,"1216741344_696949_2189_1-512.jpg"],[1,"1216741345_706962_2190_1-512.jpg"],[1,"1216741346_751964_2191_1-512.jpg"],[2,"1216741346_751964_2191_1-512.jpg"],[1,"1216741347_491945_2192_1-512.jpg"],[1,"1216741348_111950_2193_1-512.jpg"],[1,"1216741348_686989_2194_1-512.jpg"]],"construction_ml":"incomplete","preds_design":[[2,"1216741339_831950_2184_1-512.jpg"],[1,"1216741340_701967_2185_1-512.jpg"],[1,"1216741341_641952_2186_1-512.jpg"],[1,"1216741342_511950_2187_1-512.jpg"],[1,"1216741343_801951_2188_1-512.jpg"],[1,"1216741343_801951_2188_1-512.jpg"],[1,"1216741344_696949_2189_1-512.jpg"],[1,"1216741344_696949_2189_1-512.jpg"],[1,"1216741345_706962_2190_1-512.jpg"],[1,"1216741346_751964_2191_1-512.jpg"],[1,"1216741346_751964_2191_1-512.jpg"],[1,"1216741347_491945_2192_1-512.jpg"],[1,"1216741348_111950_2193_1-512.jpg"],[1,"1216741348_686989_2194_1-512.jpg"]],"design_ml":"undesigned","images":[]}
