{"MATERIAL":"corrugated metal/heavily patched","AVG_SLOPE":4.28946986738,"AVG_HEIGHT":3.4694183771,"TERAIN_SLP":23.2381819574,"AREA":27.6599616793,"VOLUME":96,"FLOORS":2,"INT_ZONE":null,"FLOOD":1,"LANDSLIDE":"Amenaza Baja","LEGAL_ID":"358","LEGAL_NAME":"EL PARAISO","LEGAL_AREA":26.04,"LEGAL_LOTS":2077,"LEGAL_POP":11215.8,"LEGAL_DENS":79.76190476,"LEGALIZING":null,"BLOCK_ID_":"002565082","BLOCK_POP":170,"BLOCK_BLD":50,"BLOCK_RISK":15.152835,"BLOCK_EDU":0,"BLOCK_HLTH":13.620973,"BLOCK_TRAN":97.737358,"BLOCK_CULT":0,"BLOCK_PARK":60.822239,"BLOCK_SEC":100,"BLOCK_CENT":0,"BLOCK_DEF":24,"BLD_INHAB":3,"OBJECTID":2,"AO_225":0.2,"id":3109,"preds_material":[[5,"1216741353_042049_2203_1-512.jpg"],[5,"1216741353_411918_2204_1-512.jpg"],[5,"1216741353_766815_2205_1-512.jpg"],[5,"1216741354_121914_2206_1-512.jpg"],[5,"1216741354_501911_2207_1-512.jpg"],[5,"1216741354_501911_2207_1-512.jpg"],[5,"1216741354_876818_2208_1-512.jpg"],[5,"1216741354_876818_2208_1-512.jpg"],[5,"1216741355_241899_2209_1-512.jpg"],[5,"1216741355_591888_2210_1-512.jpg"],[5,"1216741355_916797_2211_1-512.jpg"],[5,"1216741356_211872_2212_1-512.jpg"],[5,"1216741356_491876_2213_1-512.jpg"],[6,"1216741356_491876_2213_1-512.jpg"]],"material_ml":"painted","preds_construction":[[2,"1216741353_042049_2203_1-512.jpg"],[2,"1216741353_411918_2204_1-512.jpg"],[2,"1216741353_766815_2205_1-512.jpg"],[2,"1216741354_121914_2206_1-512.jpg"],[2,"1216741354_501911_2207_1-512.jpg"],[2,"1216741354_501911_2207_1-512.jpg"],[2,"1216741354_876818_2208_1-512.jpg"],[2,"1216741354_876818_2208_1-512.jpg"],[2,"1216741355_241899_2209_1-512.jpg"],[2,"1216741355_591888_2210_1-512.jpg"],[2,"1216741355_916797_2211_1-512.jpg"],[2,"1216741356_211872_2212_1-512.jpg"],[2,"1216741356_491876_2213_1-512.jpg"],[1,"1216741356_491876_2213_1-512.jpg"]],"construction_ml":"complete","preds_design":[[2,"1216741353_042049_2203_1-512.jpg"],[2,"1216741353_411918_2204_1-512.jpg"],[2,"1216741353_766815_2205_1-512.jpg"],[2,"1216741354_121914_2206_1-512.jpg"],[2,"1216741354_501911_2207_1-512.jpg"],[2,"1216741354_501911_2207_1-512.jpg"],[2,"1216741354_876818_2208_1-512.jpg"],[2,"1216741354_876818_2208_1-512.jpg"],[2,"1216741355_241899_2209_1-512.jpg"],[1,"1216741355_241899_2209_1-512.jpg"],[2,"1216741355_591888_2210_1-512.jpg"],[2,"1216741355_916797_2211_1-512.jpg"],[2,"1216741356_211872_2212_1-512.jpg"],[2,"1216741356_491876_2213_1-512.jpg"]],"design_ml":"designed","images":[]}
