{"MATERIAL":"corrugated metal","AVG_SLOPE":4.50736695343,"AVG_HEIGHT":5.32238219005,"TERAIN_SLP":3.84108985387,"AREA":26.4222027535,"VOLUME":141,"FLOORS":2,"INT_ZONE":null,"FLOOD":2,"LANDSLIDE":"Amenaza Media","LEGAL_ID":"358","LEGAL_NAME":"EL PARAISO","LEGAL_AREA":26.04,"LEGAL_LOTS":2077,"LEGAL_POP":11215.8,"LEGAL_DENS":79.76190476,"LEGALIZING":null,"BLOCK_ID_":"002565081","BLOCK_POP":202,"BLOCK_BLD":59,"BLOCK_RISK":8.5023098,"BLOCK_EDU":0,"BLOCK_HLTH":14.832449,"BLOCK_TRAN":96.88327,"BLOCK_CULT":0,"BLOCK_PARK":54.345028,"BLOCK_SEC":100,"BLOCK_CENT":0,"BLOCK_DEF":25.4237288136,"BLD_INHAB":3,"OBJECTID":2,"AO_225":0.2,"id":3116,"preds_material":[[5,"1216741240_282568_2080_3-512.jpg"],[5,"1216741240_432491_2081_3-512.jpg"],[6,"1216741240_432491_2081_3-512.jpg"],[5,"1216741240_582487_2082_3-512.jpg"],[6,"1216741240_582487_2082_3-512.jpg"],[5,"1216741240_732498_2083_3-512.jpg"],[5,"1216741240_882572_2084_3-512.jpg"],[5,"1216741241_032721_2085_3-512.jpg"],[5,"1216741241_032721_2085_3-512.jpg"],[5,"1216741241_187412_2086_3-512.jpg"],[5,"1216741241_342505_2087_3-512.jpg"],[5,"1216741241_497363_2088_3-512.jpg"],[5,"1216741241_652498_2089_3-512.jpg"],[5,"1216741241_807410_2090_3-512.jpg"],[5,"1216741241_967365_2091_3-512.jpg"],[1,"1216741242_127434_2092_3-512.jpg"]],"material_ml":"painted","preds_construction":[[2,"1216741240_282568_2080_3-512.jpg"],[2,"1216741240_432491_2081_3-512.jpg"],[2,"1216741240_582487_2082_3-512.jpg"],[2,"1216741240_732498_2083_3-512.jpg"],[2,"1216741240_882572_2084_3-512.jpg"],[2,"1216741241_032721_2085_3-512.jpg"],[2,"1216741241_187412_2086_3-512.jpg"],[2,"1216741241_342505_2087_3-512.jpg"],[2,"1216741241_497363_2088_3-512.jpg"],[2,"1216741241_652498_2089_3-512.jpg"],[2,"1216741241_807410_2090_3-512.jpg"],[2,"1216741241_967365_2091_3-512.jpg"]],"construction_ml":"complete","preds_design":[[2,"1216741240_282568_2080_3-512.jpg"],[2,"1216741240_432491_2081_3-512.jpg"],[2,"1216741240_582487_2082_3-512.jpg"],[2,"1216741240_732498_2083_3-512.jpg"],[2,"1216741240_882572_2084_3-512.jpg"],[2,"1216741241_032721_2085_3-512.jpg"],[1,"1216741241_032721_2085_3-512.jpg"],[2,"1216741241_187412_2086_3-512.jpg"],[2,"1216741241_342505_2087_3-512.jpg"],[2,"1216741241_342505_2087_3-512.jpg"],[2,"1216741241_497363_2088_3-512.jpg"],[2,"1216741241_652498_2089_3-512.jpg"],[2,"1216741241_807410_2090_3-512.jpg"]],"design_ml":"designed","images":[]}
