{"MATERIAL":"corrugated metal","AVG_SLOPE":4.34496449614,"AVG_HEIGHT":5.52100711568,"TERAIN_SLP":1.02309902344,"AREA":39.3085681506,"VOLUME":217,"FLOORS":2,"INT_ZONE":null,"FLOOD":2,"LANDSLIDE":"Amenaza Media","LEGAL_ID":"358","LEGAL_NAME":"EL PARAISO","LEGAL_AREA":26.04,"LEGAL_LOTS":2077,"LEGAL_POP":11215.8,"LEGAL_DENS":79.76190476,"LEGALIZING":null,"BLOCK_ID_":"002565081","BLOCK_POP":202,"BLOCK_BLD":59,"BLOCK_RISK":8.5023098,"BLOCK_EDU":0,"BLOCK_HLTH":14.832449,"BLOCK_TRAN":96.88327,"BLOCK_CULT":0,"BLOCK_PARK":54.345028,"BLOCK_SEC":100,"BLOCK_CENT":0,"BLOCK_DEF":25.4237288136,"BLD_INHAB":3,"OBJECTID":2,"AO_225":0.2,"id":3118,"preds_material":[[1,"1216741241_342505_2087_3-512.jpg"],[1,"1216741241_497363_2088_3-512.jpg"],[1,"1216741241_652498_2089_3-512.jpg"],[1,"1216741241_807410_2090_3-512.jpg"],[1,"1216741241_967365_2091_3-512.jpg"],[1,"1216741242_127434_2092_3-512.jpg"],[1,"1216741242_287363_2093_3-512.jpg"],[1,"1216741242_452473_2094_3-512.jpg"],[1,"1216741242_617492_2095_3-512.jpg"]],"material_ml":"brick","preds_construction":[[1,"1216741241_342505_2087_3-512.jpg"],[1,"1216741241_497363_2088_3-512.jpg"],[1,"1216741241_652498_2089_3-512.jpg"],[1,"1216741241_807410_2090_3-512.jpg"],[1,"1216741241_967365_2091_3-512.jpg"],[1,"1216741242_127434_2092_3-512.jpg"],[1,"1216741242_287363_2093_3-512.jpg"],[1,"1216741242_452473_2094_3-512.jpg"],[1,"1216741242_617492_2095_3-512.jpg"]],"construction_ml":"incomplete","preds_design":[[2,"1216741241_497363_2088_3-512.jpg"],[2,"1216741241_652498_2089_3-512.jpg"],[2,"1216741241_807410_2090_3-512.jpg"],[2,"1216741241_967365_2091_3-512.jpg"],[2,"1216741242_127434_2092_3-512.jpg"],[2,"1216741242_287363_2093_3-512.jpg"],[2,"1216741242_452473_2094_3-512.jpg"],[2,"1216741242_617492_2095_3-512.jpg"]],"design_ml":"designed","images":[]}
