{"MATERIAL":"corrugated metal","AVG_SLOPE":7.83917587307,"AVG_HEIGHT":3.84999779842,"TERAIN_SLP":12.8495393101,"AREA":59.8077460671,"VOLUME":230,"FLOORS":2,"INT_ZONE":null,"FLOOD":2,"LANDSLIDE":"Amenaza Baja","LEGAL_ID":"358","LEGAL_NAME":"EL PARAISO","LEGAL_AREA":26.04,"LEGAL_LOTS":2077,"LEGAL_POP":11215.8,"LEGAL_DENS":79.76190476,"LEGALIZING":null,"BLOCK_ID_":"002565082","BLOCK_POP":170,"BLOCK_BLD":50,"BLOCK_RISK":15.152835,"BLOCK_EDU":0,"BLOCK_HLTH":13.620973,"BLOCK_TRAN":97.737358,"BLOCK_CULT":0,"BLOCK_PARK":60.822239,"BLOCK_SEC":100,"BLOCK_CENT":0,"BLOCK_DEF":24,"BLD_INHAB":3,"OBJECTID":2,"AO_225":0.2,"id":3121,"preds_material":[[5,"1216741569_845671_3003_1-512.jpg"],[5,"1216741570_170677_3004_1-512.jpg"],[5,"1216741570_625660_3005_1-512.jpg"],[5,"1216741571_360687_3006_1-512.jpg"],[5,"1216741572_055673_3007_1-512.jpg"],[5,"1216741572_590690_3008_1-512.jpg"]],"material_ml":"painted","preds_construction":[[2,"1216741569_845671_3003_1-512.jpg"],[2,"1216741570_170677_3004_1-512.jpg"],[2,"1216741570_625660_3005_1-512.jpg"],[2,"1216741571_360687_3006_1-512.jpg"],[2,"1216741572_055673_3007_1-512.jpg"],[2,"1216741572_590690_3008_1-512.jpg"]],"construction_ml":"complete","preds_design":[[1,"1216741569_845671_3003_1-512.jpg"],[1,"1216741570_170677_3004_1-512.jpg"],[1,"1216741570_625660_3005_1-512.jpg"],[1,"1216741571_360687_3006_1-512.jpg"],[1,"1216741572_055673_3007_1-512.jpg"],[1,"1216741572_590690_3008_1-512.jpg"]],"design_ml":"undesigned","images":[]}
