{"MATERIAL":"concrete","AVG_SLOPE":9.63967105186,"AVG_HEIGHT":5.91108528175,"TERAIN_SLP":3.06176746988,"AREA":84.326759406,"VOLUME":498,"FLOORS":2,"INT_ZONE":"Borde Rural","FLOOD":2,"LANDSLIDE":"Amenaza Media","LEGAL_ID":"311","LEGAL_NAME":"EL MIRADOR","LEGAL_AREA":11.06,"LEGAL_LOTS":989,"LEGAL_POP":5340.6,"LEGAL_DENS":89.42,"LEGALIZING":null,"BLOCK_ID_":"002570084","BLOCK_POP":144,"BLOCK_BLD":31,"BLOCK_RISK":15.754363,"BLOCK_EDU":0,"BLOCK_HLTH":10.311659,"BLOCK_TRAN":99.934776,"BLOCK_CULT":0,"BLOCK_PARK":86.283821,"BLOCK_SEC":43.87785,"BLOCK_CENT":0,"BLOCK_DEF":41.935483871,"BLD_INHAB":5,"OBJECTID":2,"AO_225":0.2,"id":3123,"preds_material":[[1,"1216741567_145690_2989_3-512.jpg"],[1,"1216741567_300680_2990_3-512.jpg"],[1,"1216741567_460699_2991_3-512.jpg"],[2,"1216741567_620688_2992_1-512.jpg"],[1,"1216741567_620688_2992_3-512.jpg"],[2,"1216741567_785722_2993_1-512.jpg"],[3,"1216741567_785722_2993_1-512.jpg"],[1,"1216741567_785722_2993_3-512.jpg"],[2,"1216741567_955726_2994_1-512.jpg"],[1,"1216741567_955726_2994_3-512.jpg"],[2,"1216741568_125689_2995_1-512.jpg"],[5,"1216741568_125689_2995_1-512.jpg"],[1,"1216741568_125689_2995_3-512.jpg"],[5,"1216741568_300720_2996_1-512.jpg"],[2,"1216741568_300720_2996_1-512.jpg"],[1,"1216741568_300720_2996_3-512.jpg"],[5,"1216741568_485697_2997_1-512.jpg"],[2,"1216741568_485697_2997_1-512.jpg"],[1,"1216741568_485697_2997_3-512.jpg"],[5,"1216741568_680715_2998_1-512.jpg"],[2,"1216741568_680715_2998_1-512.jpg"],[1,"1216741568_680715_2998_1-512.jpg"],[1,"1216741568_680715_2998_3-512.jpg"],[5,"1216741568_885721_2999_1-512.jpg"],[1,"1216741568_885721_2999_1-512.jpg"],[6,"1216741568_885721_2999_1-512.jpg"],[1,"1216741568_885721_2999_3-512.jpg"],[5,"1216741569_100692_3000_1-512.jpg"],[1,"1216741569_100692_3000_1-512.jpg"],[1,"1216741569_100692_3000_3-512.jpg"],[5,"1216741569_325683_3001_1-512.jpg"],[1,"1216741569_325683_3001_1-512.jpg"],[1,"1216741569_325683_3001_3-512.jpg"],[1,"1216741569_570699_3002_1-512.jpg"],[5,"1216741569_570699_3002_1-512.jpg"],[5,"1216741569_570699_3002_1-512.jpg"],[1,"1216741569_570699_3002_3-512.jpg"],[1,"1216741569_845671_3003_1-512.jpg"],[5,"1216741569_845671_3003_1-512.jpg"],[1,"1216741569_845671_3003_3-512.jpg"],[1,"1216741570_170677_3004_3-512.jpg"],[1,"1216741570_625660_3005_3-512.jpg"],[5,"1216741694_325022_3442_3-512.jpg"],[5,"1216745456_500356_11582_3-512.jpg"]],"material_ml":"brick","preds_construction":[[2,"1216741567_145690_2989_3-512.jpg"],[1,"1216741567_145690_2989_3-512.jpg"],[2,"1216741567_300680_2990_3-512.jpg"],[1,"1216741567_300680_2990_3-512.jpg"],[2,"1216741567_460699_2991_3-512.jpg"],[1,"1216741567_460699_2991_3-512.jpg"],[2,"1216741567_620688_2992_1-512.jpg"],[2,"1216741567_620688_2992_3-512.jpg"],[1,"1216741567_620688_2992_3-512.jpg"],[2,"1216741567_785722_2993_1-512.jpg"],[2,"1216741567_785722_2993_1-512.jpg"],[2,"1216741567_785722_2993_3-512.jpg"],[1,"1216741567_785722_2993_3-512.jpg"],[2,"1216741567_955726_2994_1-512.jpg"],[2,"1216741567_955726_2994_3-512.jpg"],[1,"1216741567_955726_2994_3-512.jpg"],[2,"1216741568_125689_2995_1-512.jpg"],[2,"1216741568_125689_2995_1-512.jpg"],[2,"1216741568_125689_2995_3-512.jpg"],[1,"1216741568_125689_2995_3-512.jpg"],[2,"1216741568_300720_2996_1-512.jpg"],[2,"1216741568_300720_2996_1-512.jpg"],[1,"1216741568_300720_2996_3-512.jpg"],[2,"1216741568_300720_2996_3-512.jpg"],[2,"1216741568_485697_2997_1-512.jpg"],[2,"1216741568_485697_2997_1-512.jpg"],[1,"1216741568_485697_2997_3-512.jpg"],[2,"1216741568_485697_2997_3-512.jpg"],[2,"1216741568_680715_2998_1-512.jpg"],[2,"1216741568_680715_2998_1-512.jpg"],[2,"1216741568_680715_2998_1-512.jpg"],[1,"1216741568_680715_2998_3-512.jpg"],[2,"1216741568_680715_2998_3-512.jpg"],[2,"1216741568_885721_2999_1-512.jpg"],[2,"1216741568_885721_2999_1-512.jpg"],[2,"1216741568_885721_2999_1-512.jpg"],[1,"1216741568_885721_2999_3-512.jpg"],[2,"1216741568_885721_2999_3-512.jpg"],[2,"1216741569_100692_3000_1-512.jpg"],[2,"1216741569_100692_3000_1-512.jpg"],[2,"1216741569_100692_3000_3-512.jpg"],[1,"1216741569_100692_3000_3-512.jpg"],[2,"1216741569_325683_3001_1-512.jpg"],[2,"1216741569_325683_3001_1-512.jpg"],[2,"1216741569_325683_3001_3-512.jpg"],[1,"1216741569_325683_3001_3-512.jpg"],[2,"1216741569_570699_3002_1-512.jpg"],[2,"1216741569_570699_3002_1-512.jpg"],[2,"1216741569_570699_3002_1-512.jpg"],[2,"1216741569_570699_3002_3-512.jpg"],[1,"1216741569_570699_3002_3-512.jpg"],[2,"1216741569_845671_3003_1-512.jpg"],[2,"1216741569_845671_3003_1-512.jpg"],[2,"1216741569_845671_3003_3-512.jpg"],[2,"1216741570_170677_3004_3-512.jpg"],[1,"1216741570_170677_3004_3-512.jpg"],[2,"1216741570_625660_3005_3-512.jpg"],[2,"1216741571_360687_3006_3-512.jpg"],[2,"1216741572_055673_3007_3-512.jpg"],[2,"1216745456_500356_11582_3-512.jpg"]],"construction_ml":"complete","preds_design":[[2,"1216741567_145690_2989_3-512.jpg"],[2,"1216741567_300680_2990_3-512.jpg"],[2,"1216741567_460699_2991_3-512.jpg"],[2,"1216741567_620688_2992_1-512.jpg"],[2,"1216741567_620688_2992_3-512.jpg"],[2,"1216741567_785722_2993_1-512.jpg"],[1,"1216741567_785722_2993_1-512.jpg"],[2,"1216741567_785722_2993_3-512.jpg"],[2,"1216741567_955726_2994_1-512.jpg"],[2,"1216741567_955726_2994_3-512.jpg"],[2,"1216741568_125689_2995_1-512.jpg"],[2,"1216741568_125689_2995_1-512.jpg"],[2,"1216741568_125689_2995_3-512.jpg"],[2,"1216741568_300720_2996_1-512.jpg"],[2,"1216741568_300720_2996_1-512.jpg"],[2,"1216741568_300720_2996_3-512.jpg"],[2,"1216741568_485697_2997_1-512.jpg"],[2,"1216741568_485697_2997_1-512.jpg"],[2,"1216741568_485697_2997_3-512.jpg"],[2,"1216741568_680715_2998_1-512.jpg"],[2,"1216741568_680715_2998_1-512.jpg"],[1,"1216741568_680715_2998_1-512.jpg"],[2,"1216741568_680715_2998_3-512.jpg"],[2,"1216741568_885721_2999_1-512.jpg"],[1,"1216741568_885721_2999_1-512.jpg"],[2,"1216741568_885721_2999_1-512.jpg"],[2,"1216741568_885721_2999_3-512.jpg"],[2,"1216741569_100692_3000_1-512.jpg"],[1,"1216741569_100692_3000_1-512.jpg"],[2,"1216741569_100692_3000_3-512.jpg"],[2,"1216741569_325683_3001_1-512.jpg"],[1,"1216741569_325683_3001_1-512.jpg"],[2,"1216741569_325683_3001_3-512.jpg"],[1,"1216741569_570699_3002_1-512.jpg"],[2,"1216741569_570699_3002_1-512.jpg"],[1,"1216741569_570699_3002_1-512.jpg"],[2,"1216741569_570699_3002_3-512.jpg"],[1,"1216741569_845671_3003_1-512.jpg"],[2,"1216741569_845671_3003_1-512.jpg"],[2,"1216741569_845671_3003_3-512.jpg"],[2,"1216741570_170677_3004_3-512.jpg"],[2,"1216741570_625660_3005_3-512.jpg"],[2,"1216741571_360687_3006_3-512.jpg"],[2,"1216741572_055673_3007_3-512.jpg"]],"design_ml":"designed","images":[]}
