{"MATERIAL":"corrugated metal - painted","AVG_SLOPE":3.64678758955,"AVG_HEIGHT":0.39109376062,"TERAIN_SLP":15.9969170331,"AREA":67.900996137,"VOLUME":27,"FLOORS":1,"INT_ZONE":null,"FLOOD":2,"LANDSLIDE":"Amenaza Baja","LEGAL_ID":"358","LEGAL_NAME":"EL PARAISO","LEGAL_AREA":26.04,"LEGAL_LOTS":2077,"LEGAL_POP":11215.8,"LEGAL_DENS":79.76190476,"LEGALIZING":null,"BLOCK_ID_":"002565082","BLOCK_POP":170,"BLOCK_BLD":50,"BLOCK_RISK":15.152835,"BLOCK_EDU":0,"BLOCK_HLTH":13.620973,"BLOCK_TRAN":97.737358,"BLOCK_CULT":0,"BLOCK_PARK":60.822239,"BLOCK_SEC":100,"BLOCK_CENT":0,"BLOCK_DEF":24,"BLD_INHAB":3,"OBJECTID":2,"AO_225":0.2,"id":3131,"preds_material":[[6,"1216741289_302209_2175_1-512.jpg"],[6,"1216741303_037182_2176_1-512.jpg"],[6,"1216741324_602022_2177_1-512.jpg"],[6,"1216741328_462001_2178_1-512.jpg"],[6,"1216741331_262007_2179_1-512.jpg"],[6,"1216741333_636990_2180_1-512.jpg"],[5,"1216741336_186999_2181_1-512.jpg"],[6,"1216741336_186999_2181_1-512.jpg"],[5,"1216741337_276916_2182_1-512.jpg"],[6,"1216741337_276916_2182_1-512.jpg"],[6,"1216741338_846960_2183_1-512.jpg"],[5,"1216741338_846960_2183_1-512.jpg"],[5,"1216741338_846960_2183_1-512.jpg"],[6,"1216741339_831950_2184_1-512.jpg"],[5,"1216741339_831950_2184_1-512.jpg"],[6,"1216741340_701967_2185_1-512.jpg"],[6,"1216741341_641952_2186_1-512.jpg"],[6,"1216741342_511950_2187_1-512.jpg"],[5,"1216745456_500356_11582_1-512.jpg"]],"material_ml":"other/unclear","preds_construction":[[2,"1216741289_302209_2175_1-512.jpg"],[2,"1216741303_037182_2176_1-512.jpg"],[2,"1216741324_602022_2177_1-512.jpg"],[2,"1216741328_462001_2178_1-512.jpg"],[2,"1216741331_262007_2179_1-512.jpg"],[2,"1216741333_636990_2180_1-512.jpg"],[2,"1216741336_186999_2181_1-512.jpg"],[2,"1216741336_186999_2181_1-512.jpg"],[1,"1216741336_186999_2181_1-512.jpg"],[2,"1216741337_276916_2182_1-512.jpg"],[1,"1216741337_276916_2182_1-512.jpg"],[2,"1216741337_276916_2182_1-512.jpg"],[1,"1216741338_846960_2183_1-512.jpg"],[2,"1216741338_846960_2183_1-512.jpg"],[2,"1216741338_846960_2183_1-512.jpg"],[1,"1216741339_831950_2184_1-512.jpg"],[2,"1216741339_831950_2184_1-512.jpg"],[1,"1216741340_701967_2185_1-512.jpg"],[2,"1216741340_701967_2185_1-512.jpg"],[1,"1216741341_641952_2186_1-512.jpg"],[1,"1216741342_511950_2187_1-512.jpg"],[2,"1216741342_511950_2187_1-512.jpg"]],"construction_ml":"complete","preds_design":[[1,"1216741289_302209_2175_1-512.jpg"],[1,"1216741303_037182_2176_1-512.jpg"],[1,"1216741324_602022_2177_1-512.jpg"],[1,"1216741328_462001_2178_1-512.jpg"],[1,"1216741331_262007_2179_1-512.jpg"],[1,"1216741333_636990_2180_1-512.jpg"],[1,"1216741336_186999_2181_1-512.jpg"],[2,"1216741336_186999_2181_1-512.jpg"],[2,"1216741337_276916_2182_1-512.jpg"],[1,"1216741337_276916_2182_1-512.jpg"],[1,"1216741338_846960_2183_1-512.jpg"],[2,"1216741338_846960_2183_1-512.jpg"],[1,"1216741339_831950_2184_1-512.jpg"],[1,"1216741340_701967_2185_1-512.jpg"],[1,"1216741341_641952_2186_1-512.jpg"],[1,"1216741342_511950_2187_1-512.jpg"]],"design_ml":"undesigned","images":[]}
