{"MATERIAL":"concrete","AVG_SLOPE":10.4539019318,"AVG_HEIGHT":9.09608189843,"TERAIN_SLP":5.65061008607,"AREA":77.6330312599,"VOLUME":706,"FLOORS":3,"INT_ZONE":null,"FLOOD":2,"LANDSLIDE":"Amenaza Media","LEGAL_ID":"358","LEGAL_NAME":"EL PARAISO","LEGAL_AREA":26.04,"LEGAL_LOTS":2077,"LEGAL_POP":11215.8,"LEGAL_DENS":79.76190476,"LEGALIZING":null,"BLOCK_ID_":"002565081","BLOCK_POP":202,"BLOCK_BLD":59,"BLOCK_RISK":8.5023098,"BLOCK_EDU":0,"BLOCK_HLTH":14.832449,"BLOCK_TRAN":96.88327,"BLOCK_CULT":0,"BLOCK_PARK":54.345028,"BLOCK_SEC":100,"BLOCK_CENT":0,"BLOCK_DEF":25.4237288136,"BLD_INHAB":3,"OBJECTID":2,"AO_225":0.2,"id":3136,"preds_material":[[5,"1216741255_207287_2133_3-512.jpg"],[5,"1216741255_402403_2134_3-512.jpg"],[5,"1216741255_597290_2135_3-512.jpg"],[5,"1216741255_792377_2136_3-512.jpg"],[5,"1216741255_992406_2137_3-512.jpg"],[5,"1216741256_202365_2138_3-512.jpg"],[5,"1216741256_427276_2139_3-512.jpg"],[5,"1216741256_672369_2140_3-512.jpg"],[5,"1216741256_942372_2141_3-512.jpg"],[5,"1216741257_242438_2142_3-512.jpg"],[5,"1216741257_242438_2142_3-512.jpg"],[5,"1216741257_592402_2143_3-512.jpg"],[5,"1216741257_592402_2143_3-512.jpg"],[5,"1216741258_052544_2144_3-512.jpg"],[5,"1216741258_052544_2144_3-512.jpg"],[5,"1216741258_822376_2145_3-512.jpg"],[5,"1216741259_827273_2146_3-512.jpg"],[5,"1216741261_022561_2147_3-512.jpg"],[5,"1216741261_817270_2148_3-512.jpg"],[5,"1216741262_727261_2149_3-512.jpg"],[5,"1216741263_432337_2150_3-512.jpg"],[5,"1216741263_952425_2151_3-512.jpg"],[5,"1216741264_372342_2152_3-512.jpg"],[5,"1216741264_722352_2153_3-512.jpg"],[5,"1216741265_032512_2154_3-512.jpg"],[5,"1216741265_322341_2155_3-512.jpg"],[5,"1216741265_592340_2156_3-512.jpg"],[5,"1216741265_842329_2157_3-512.jpg"],[5,"1216741266_087230_2158_3-512.jpg"],[5,"1216741266_322342_2159_3-512.jpg"],[5,"1216741266_547226_2160_3-512.jpg"],[5,"1216741266_772333_2161_3-512.jpg"],[5,"1216741266_997221_2162_3-512.jpg"],[5,"1216741267_232333_2163_3-512.jpg"],[5,"1216741267_472319_2164_3-512.jpg"],[5,"1216741267_727223_2165_3-512.jpg"],[5,"1216741268_012457_2166_3-512.jpg"],[5,"1216741268_327212_2167_3-512.jpg"],[5,"1216746401_530109_14878_1-512.jpg"],[5,"1216746746_874712_15719_3-512.jpg"],[5,"1216746747_374314_15720_3-512.jpg"],[5,"1216746748_229255_15722_3-512.jpg"],[5,"1216746748_584428_15723_3-512.jpg"]],"material_ml":"painted","preds_construction":[[2,"1216741255_402403_2134_3-512.jpg"],[2,"1216741255_597290_2135_3-512.jpg"],[2,"1216741255_792377_2136_3-512.jpg"],[2,"1216741255_992406_2137_3-512.jpg"],[2,"1216741256_202365_2138_3-512.jpg"],[2,"1216741256_427276_2139_3-512.jpg"],[2,"1216741256_672369_2140_3-512.jpg"],[2,"1216741256_942372_2141_3-512.jpg"],[2,"1216741257_242438_2142_3-512.jpg"],[2,"1216741257_242438_2142_3-512.jpg"],[2,"1216741257_592402_2143_3-512.jpg"],[2,"1216741257_592402_2143_3-512.jpg"],[2,"1216741258_052544_2144_3-512.jpg"],[2,"1216741258_052544_2144_3-512.jpg"],[2,"1216741258_822376_2145_3-512.jpg"],[2,"1216741259_827273_2146_3-512.jpg"],[2,"1216741261_022561_2147_3-512.jpg"],[2,"1216741261_817270_2148_3-512.jpg"],[2,"1216741262_727261_2149_3-512.jpg"],[2,"1216741263_432337_2150_3-512.jpg"],[2,"1216741263_952425_2151_3-512.jpg"],[2,"1216741264_372342_2152_3-512.jpg"],[2,"1216741264_722352_2153_3-512.jpg"],[2,"1216741265_032512_2154_3-512.jpg"],[2,"1216741265_322341_2155_3-512.jpg"],[2,"1216741265_592340_2156_3-512.jpg"],[2,"1216741265_842329_2157_3-512.jpg"],[2,"1216741266_087230_2158_3-512.jpg"],[2,"1216741266_322342_2159_3-512.jpg"],[2,"1216741266_547226_2160_3-512.jpg"],[2,"1216741266_772333_2161_3-512.jpg"],[2,"1216741266_997221_2162_3-512.jpg"],[2,"1216741267_232333_2163_3-512.jpg"],[2,"1216741267_472319_2164_3-512.jpg"],[2,"1216741267_727223_2165_3-512.jpg"],[2,"1216741268_012457_2166_3-512.jpg"],[2,"1216745818_809184_12477_3-512.jpg"],[2,"1216745819_119213_12479_3-512.jpg"],[2,"1216746747_374314_15720_3-512.jpg"],[2,"1216746747_374314_15720_3-512.jpg"],[2,"1216746748_229255_15722_3-512.jpg"],[2,"1216746748_884306_15724_3-512.jpg"]],"construction_ml":"complete","preds_design":[[2,"1216741255_402403_2134_3-512.jpg"],[2,"1216741255_597290_2135_3-512.jpg"],[2,"1216741255_792377_2136_3-512.jpg"],[2,"1216741255_992406_2137_3-512.jpg"],[2,"1216741256_202365_2138_3-512.jpg"],[2,"1216741256_427276_2139_3-512.jpg"],[2,"1216741256_672369_2140_3-512.jpg"],[2,"1216741256_942372_2141_3-512.jpg"],[2,"1216741257_242438_2142_3-512.jpg"],[2,"1216741257_242438_2142_3-512.jpg"],[2,"1216741257_592402_2143_3-512.jpg"],[2,"1216741257_592402_2143_3-512.jpg"],[2,"1216741258_052544_2144_3-512.jpg"],[2,"1216741258_052544_2144_3-512.jpg"],[2,"1216741258_822376_2145_3-512.jpg"],[2,"1216741259_827273_2146_3-512.jpg"],[2,"1216741261_022561_2147_3-512.jpg"],[2,"1216741261_817270_2148_3-512.jpg"],[2,"1216741262_727261_2149_3-512.jpg"],[2,"1216741263_432337_2150_3-512.jpg"],[2,"1216741263_952425_2151_3-512.jpg"],[2,"1216741264_372342_2152_3-512.jpg"],[2,"1216741264_722352_2153_3-512.jpg"],[2,"1216741265_032512_2154_3-512.jpg"],[2,"1216741265_322341_2155_3-512.jpg"],[2,"1216741265_592340_2156_3-512.jpg"],[2,"1216741265_842329_2157_3-512.jpg"],[2,"1216741266_087230_2158_3-512.jpg"],[1,"1216741266_087230_2158_3-512.jpg"],[2,"1216741266_322342_2159_3-512.jpg"],[2,"1216741266_547226_2160_3-512.jpg"],[2,"1216741266_772333_2161_3-512.jpg"],[2,"1216741266_997221_2162_3-512.jpg"],[2,"1216741267_232333_2163_3-512.jpg"],[2,"1216741267_472319_2164_3-512.jpg"],[2,"1216741267_727223_2165_3-512.jpg"],[2,"1216741268_012457_2166_3-512.jpg"],[1,"1216741268_327212_2167_3-512.jpg"],[1,"1216746747_374314_15720_3-512.jpg"],[1,"1216746748_229255_15722_3-512.jpg"],[1,"1216746748_584428_15723_3-512.jpg"],[1,"1216746749_164258_15725_3-512.jpg"]],"design_ml":"designed","images":[]}
