{"MATERIAL":"concrete","AVG_SLOPE":11.4721992011,"AVG_HEIGHT":8.69474378837,"TERAIN_SLP":4.37494214201,"AREA":31.3951602843,"VOLUME":273,"FLOORS":3,"INT_ZONE":null,"FLOOD":2,"LANDSLIDE":"Amenaza Media","LEGAL_ID":"358","LEGAL_NAME":"EL PARAISO","LEGAL_AREA":26.04,"LEGAL_LOTS":2077,"LEGAL_POP":11215.8,"LEGAL_DENS":79.76190476,"LEGALIZING":null,"BLOCK_ID_":"002565081","BLOCK_POP":202,"BLOCK_BLD":59,"BLOCK_RISK":8.5023098,"BLOCK_EDU":0,"BLOCK_HLTH":14.832449,"BLOCK_TRAN":96.88327,"BLOCK_CULT":0,"BLOCK_PARK":54.345028,"BLOCK_SEC":100,"BLOCK_CENT":0,"BLOCK_DEF":25.4237288136,"BLD_INHAB":3,"OBJECTID":2,"AO_225":0.2,"id":3137,"preds_material":[[5,"1216741253_562491_2125_3-512.jpg"],[5,"1216741253_787301_2126_3-512.jpg"],[5,"1216741253_997398_2127_3-512.jpg"],[5,"1216741254_207293_2128_3-512.jpg"],[6,"1216741254_207293_2128_3-512.jpg"],[5,"1216741254_417285_2129_3-512.jpg"],[5,"1216741254_617291_2130_3-512.jpg"],[5,"1216741254_817323_2131_3-512.jpg"],[5,"1216741255_012553_2132_3-512.jpg"],[5,"1216741255_207287_2133_3-512.jpg"],[5,"1216741255_207287_2133_3-512.jpg"],[5,"1216741255_402403_2134_3-512.jpg"],[5,"1216741255_402403_2134_3-512.jpg"],[5,"1216741255_597290_2135_3-512.jpg"],[5,"1216741255_597290_2135_3-512.jpg"],[5,"1216741255_792377_2136_3-512.jpg"],[5,"1216741255_792377_2136_3-512.jpg"],[5,"1216741255_992406_2137_3-512.jpg"],[5,"1216741256_202365_2138_3-512.jpg"],[5,"1216741256_427276_2139_3-512.jpg"],[5,"1216741256_672369_2140_3-512.jpg"],[5,"1216741256_942372_2141_3-512.jpg"],[5,"1216746401_530109_14878_1-512.jpg"],[3,"1216746746_449552_15718_3-512.jpg"]],"material_ml":"painted","preds_construction":[[2,"1216741253_562491_2125_3-512.jpg"],[2,"1216741253_787301_2126_3-512.jpg"],[2,"1216741253_997398_2127_3-512.jpg"],[2,"1216741253_997398_2127_3-512.jpg"],[2,"1216741254_207293_2128_3-512.jpg"],[2,"1216741254_417285_2129_3-512.jpg"],[2,"1216741254_617291_2130_3-512.jpg"],[2,"1216741254_817323_2131_3-512.jpg"],[2,"1216741255_012553_2132_3-512.jpg"],[2,"1216741255_207287_2133_3-512.jpg"],[2,"1216741255_207287_2133_3-512.jpg"],[2,"1216741255_402403_2134_3-512.jpg"],[2,"1216741255_402403_2134_3-512.jpg"],[2,"1216741255_597290_2135_3-512.jpg"],[2,"1216741255_597290_2135_3-512.jpg"],[2,"1216741255_792377_2136_3-512.jpg"],[2,"1216741255_792377_2136_3-512.jpg"],[2,"1216741255_992406_2137_3-512.jpg"],[2,"1216741256_202365_2138_3-512.jpg"],[2,"1216741256_427276_2139_3-512.jpg"],[2,"1216741256_672369_2140_3-512.jpg"],[2,"1216741256_942372_2141_3-512.jpg"],[2,"1216745818_034225_12472_3-512.jpg"],[2,"1216745818_189173_12473_3-512.jpg"],[2,"1216745818_344127_12474_3-512.jpg"],[2,"1216745818_654122_12476_3-512.jpg"]],"construction_ml":"complete","preds_design":[[2,"1216741253_562491_2125_3-512.jpg"],[2,"1216741253_787301_2126_3-512.jpg"],[2,"1216741253_997398_2127_3-512.jpg"],[2,"1216741253_997398_2127_3-512.jpg"],[2,"1216741254_207293_2128_3-512.jpg"],[2,"1216741254_417285_2129_3-512.jpg"],[2,"1216741254_617291_2130_3-512.jpg"],[2,"1216741254_817323_2131_3-512.jpg"],[2,"1216741255_012553_2132_3-512.jpg"],[2,"1216741255_207287_2133_3-512.jpg"],[2,"1216741255_207287_2133_3-512.jpg"],[2,"1216741255_402403_2134_3-512.jpg"],[2,"1216741255_402403_2134_3-512.jpg"],[2,"1216741255_597290_2135_3-512.jpg"],[2,"1216741255_597290_2135_3-512.jpg"],[2,"1216741255_792377_2136_3-512.jpg"],[2,"1216741255_792377_2136_3-512.jpg"],[2,"1216741255_992406_2137_3-512.jpg"],[2,"1216741256_202365_2138_3-512.jpg"],[2,"1216741256_427276_2139_3-512.jpg"],[2,"1216741256_672369_2140_3-512.jpg"],[2,"1216741256_942372_2141_3-512.jpg"],[1,"1216745818_654122_12476_3-512.jpg"],[2,"1216746401_530109_14878_1-512.jpg"],[1,"1216746401_530109_14878_1-512.jpg"]],"design_ml":"designed","images":[]}
