{"MATERIAL":"concrete","AVG_SLOPE":6.17948055481,"AVG_HEIGHT":8.23657794512,"TERAIN_SLP":3.65781007538,"AREA":76.1600035301,"VOLUME":627,"FLOORS":3,"INT_ZONE":null,"FLOOD":1,"LANDSLIDE":"Amenaza Media","LEGAL_ID":"358","LEGAL_NAME":"EL PARAISO","LEGAL_AREA":26.04,"LEGAL_LOTS":2077,"LEGAL_POP":11215.8,"LEGAL_DENS":79.76190476,"LEGALIZING":null,"BLOCK_ID_":"002565081","BLOCK_POP":202,"BLOCK_BLD":59,"BLOCK_RISK":8.5023098,"BLOCK_EDU":0,"BLOCK_HLTH":14.832449,"BLOCK_TRAN":96.88327,"BLOCK_CULT":0,"BLOCK_PARK":54.345028,"BLOCK_SEC":100,"BLOCK_CENT":0,"BLOCK_DEF":25.4237288136,"BLD_INHAB":3,"OBJECTID":2,"AO_225":0.2,"id":3142,"preds_material":[[1,"1216741243_517454_2100_3-512.jpg"],[5,"1216741243_517454_2100_3-512.jpg"],[1,"1216741243_712464_2101_3-512.jpg"],[2,"1216741243_712464_2101_3-512.jpg"],[1,"1216741243_917354_2102_3-512.jpg"],[1,"1216741243_917354_2102_3-512.jpg"],[2,"1216741243_917354_2102_3-512.jpg"],[1,"1216741244_127359_2103_3-512.jpg"],[2,"1216741244_127359_2103_3-512.jpg"],[1,"1216741244_127359_2103_3-512.jpg"],[1,"1216741244_347370_2104_3-512.jpg"],[2,"1216741244_347370_2104_3-512.jpg"],[1,"1216741244_577356_2105_3-512.jpg"],[2,"1216741244_577356_2105_3-512.jpg"],[1,"1216741244_817412_2106_3-512.jpg"],[2,"1216741244_817412_2106_3-512.jpg"],[1,"1216741245_067376_2107_3-512.jpg"],[2,"1216741245_067376_2107_3-512.jpg"],[5,"1216741245_067376_2107_3-512.jpg"],[1,"1216741245_327364_2108_3-512.jpg"],[5,"1216741245_327364_2108_3-512.jpg"],[1,"1216741245_607434_2109_3-512.jpg"],[2,"1216741245_607434_2109_3-512.jpg"],[5,"1216741245_607434_2109_3-512.jpg"],[2,"1216741245_922480_2110_3-512.jpg"],[5,"1216741245_922480_2110_3-512.jpg"],[1,"1216741245_922480_2110_3-512.jpg"],[2,"1216741246_297346_2111_3-512.jpg"],[5,"1216741246_297346_2111_3-512.jpg"],[1,"1216741246_297346_2111_3-512.jpg"],[2,"1216741246_837447_2112_3-512.jpg"],[5,"1216741246_837447_2112_3-512.jpg"],[1,"1216741246_837447_2112_3-512.jpg"],[2,"1216741247_837371_2113_3-512.jpg"],[5,"1216741247_837371_2113_3-512.jpg"],[1,"1216741248_552438_2114_3-512.jpg"],[2,"1216741248_552438_2114_3-512.jpg"],[1,"1216741249_137365_2115_3-512.jpg"],[2,"1216741249_137365_2115_3-512.jpg"],[1,"1216741249_622446_2116_3-512.jpg"],[2,"1216741249_622446_2116_3-512.jpg"],[1,"1216741250_062459_2117_3-512.jpg"],[1,"1216741250_512414_2118_3-512.jpg"],[1,"1216741251_067350_2119_3-512.jpg"],[5,"1216741251_067350_2119_3-512.jpg"],[6,"1216741251_067350_2119_3-512.jpg"],[1,"1216741251_757299_2120_3-512.jpg"],[6,"1216741251_757299_2120_3-512.jpg"],[1,"1216741252_292418_2121_3-512.jpg"],[6,"1216741252_292418_2121_3-512.jpg"],[1,"1216741252_697325_2122_3-512.jpg"],[1,"1216741253_027486_2123_3-512.jpg"],[1,"1216741253_312434_2124_3-512.jpg"],[1,"1216741253_562491_2125_3-512.jpg"],[5,"1216741253_562491_2125_3-512.jpg"],[1,"1216741253_787301_2126_3-512.jpg"],[2,"1216741253_787301_2126_3-512.jpg"],[6,"1216741253_787301_2126_3-512.jpg"],[5,"1216745478_784688_11584_1-512.jpg"],[5,"1216745813_794243_12445_3-512.jpg"]],"material_ml":"brick","preds_construction":[[2,"1216741243_517454_2100_3-512.jpg"],[2,"1216741243_712464_2101_3-512.jpg"],[2,"1216741243_917354_2102_3-512.jpg"],[2,"1216741243_917354_2102_3-512.jpg"],[2,"1216741244_127359_2103_3-512.jpg"],[2,"1216741244_127359_2103_3-512.jpg"],[2,"1216741244_347370_2104_3-512.jpg"],[2,"1216741244_577356_2105_3-512.jpg"],[2,"1216741244_817412_2106_3-512.jpg"],[2,"1216741245_067376_2107_3-512.jpg"],[2,"1216741245_327364_2108_3-512.jpg"],[2,"1216741245_607434_2109_3-512.jpg"],[2,"1216741245_922480_2110_3-512.jpg"],[2,"1216741246_297346_2111_3-512.jpg"],[2,"1216741246_837447_2112_3-512.jpg"],[2,"1216741247_837371_2113_3-512.jpg"],[2,"1216741248_552438_2114_3-512.jpg"],[2,"1216741249_137365_2115_3-512.jpg"],[2,"1216741249_622446_2116_3-512.jpg"],[2,"1216741250_062459_2117_3-512.jpg"],[2,"1216741250_512414_2118_3-512.jpg"],[1,"1216741250_512414_2118_3-512.jpg"],[2,"1216741251_067350_2119_3-512.jpg"],[1,"1216741251_067350_2119_3-512.jpg"],[2,"1216741251_757299_2120_3-512.jpg"],[2,"1216741252_292418_2121_3-512.jpg"],[2,"1216741252_697325_2122_3-512.jpg"],[2,"1216741253_027486_2123_3-512.jpg"],[2,"1216741253_312434_2124_3-512.jpg"],[1,"1216741253_312434_2124_3-512.jpg"],[2,"1216741253_562491_2125_3-512.jpg"],[1,"1216741253_562491_2125_3-512.jpg"],[2,"1216741253_787301_2126_3-512.jpg"],[2,"1216745478_784688_11584_1-512.jpg"],[2,"1216745813_639201_12444_3-512.jpg"],[2,"1216745815_014187_12453_3-512.jpg"],[2,"1216745815_644100_12457_3-512.jpg"],[2,"1216746734_189622_15692_3-512.jpg"],[2,"1216746743_604531_15713_3-512.jpg"]],"construction_ml":"complete","preds_design":[[2,"1216741243_517454_2100_3-512.jpg"],[2,"1216741243_712464_2101_3-512.jpg"],[2,"1216741243_917354_2102_3-512.jpg"],[2,"1216741243_917354_2102_3-512.jpg"],[2,"1216741244_127359_2103_3-512.jpg"],[2,"1216741244_347370_2104_3-512.jpg"],[2,"1216741244_577356_2105_3-512.jpg"],[2,"1216741244_817412_2106_3-512.jpg"],[2,"1216741245_067376_2107_3-512.jpg"],[2,"1216741245_327364_2108_3-512.jpg"],[2,"1216741245_607434_2109_3-512.jpg"],[2,"1216741245_922480_2110_3-512.jpg"],[2,"1216741246_297346_2111_3-512.jpg"],[2,"1216741246_837447_2112_3-512.jpg"],[2,"1216741247_837371_2113_3-512.jpg"],[2,"1216741248_552438_2114_3-512.jpg"],[2,"1216741249_137365_2115_3-512.jpg"],[2,"1216741249_622446_2116_3-512.jpg"],[2,"1216741250_062459_2117_3-512.jpg"],[2,"1216741250_512414_2118_3-512.jpg"],[2,"1216741251_067350_2119_3-512.jpg"],[2,"1216741251_757299_2120_3-512.jpg"],[2,"1216741252_292418_2121_3-512.jpg"],[2,"1216741252_697325_2122_3-512.jpg"],[2,"1216741253_027486_2123_3-512.jpg"],[2,"1216741253_312434_2124_3-512.jpg"],[2,"1216741253_562491_2125_3-512.jpg"],[2,"1216741253_787301_2126_3-512.jpg"],[2,"1216745478_784688_11584_1-512.jpg"],[1,"1216745813_794243_12445_3-512.jpg"],[1,"1216745813_949151_12446_3-512.jpg"],[1,"1216745814_099206_12447_3-512.jpg"],[1,"1216745814_254273_12448_3-512.jpg"],[1,"1216745814_409234_12449_3-512.jpg"],[1,"1216746742_319267_15709_3-512.jpg"]],"design_ml":"designed","images":[]}
