{"MATERIAL":"corrugated metal","AVG_SLOPE":5.75515282083,"AVG_HEIGHT":7.48060858759,"TERAIN_SLP":7.43191118792,"AREA":54.1227760592,"VOLUME":405,"FLOORS":2,"INT_ZONE":null,"FLOOD":1,"LANDSLIDE":"Amenaza Media","LEGAL_ID":"358","LEGAL_NAME":"EL PARAISO","LEGAL_AREA":26.04,"LEGAL_LOTS":2077,"LEGAL_POP":11215.8,"LEGAL_DENS":79.76190476,"LEGALIZING":null,"BLOCK_ID_":"002565081","BLOCK_POP":202,"BLOCK_BLD":59,"BLOCK_RISK":8.5023098,"BLOCK_EDU":0,"BLOCK_HLTH":14.832449,"BLOCK_TRAN":96.88327,"BLOCK_CULT":0,"BLOCK_PARK":54.345028,"BLOCK_SEC":100,"BLOCK_CENT":0,"BLOCK_DEF":25.4237288136,"BLD_INHAB":3,"OBJECTID":2,"AO_225":0.2,"id":3143,"preds_material":[[1,"1216741266_997221_2162_3-512.jpg"],[5,"1216741266_997221_2162_3-512.jpg"],[5,"1216741267_232333_2163_3-512.jpg"],[1,"1216741267_232333_2163_3-512.jpg"],[5,"1216741267_472319_2164_3-512.jpg"],[5,"1216741267_727223_2165_3-512.jpg"],[5,"1216741268_012457_2166_3-512.jpg"],[5,"1216741268_327212_2167_3-512.jpg"],[5,"1216741268_702321_2168_3-512.jpg"],[5,"1216741269_272310_2169_3-512.jpg"],[5,"1216741270_477214_2170_3-512.jpg"],[5,"1216741280_172252_2171_3-512.jpg"],[5,"1216741281_727160_2172_3-512.jpg"]],"material_ml":"painted","preds_construction":[[2,"1216741266_772333_2161_3-512.jpg"],[2,"1216741266_997221_2162_3-512.jpg"],[2,"1216741267_232333_2163_3-512.jpg"],[2,"1216741267_472319_2164_3-512.jpg"],[2,"1216741267_727223_2165_3-512.jpg"],[2,"1216741268_012457_2166_3-512.jpg"],[2,"1216741268_327212_2167_3-512.jpg"],[2,"1216741268_702321_2168_3-512.jpg"],[2,"1216741269_272310_2169_3-512.jpg"],[2,"1216741270_477214_2170_3-512.jpg"],[2,"1216741280_172252_2171_3-512.jpg"],[2,"1216741281_727160_2172_3-512.jpg"],[1,"1216741281_727160_2172_3-512.jpg"],[2,"1216741282_952266_2173_3-512.jpg"],[2,"1216741289_302209_2175_3-512.jpg"],[2,"1216741331_262007_2179_3-512.jpg"]],"construction_ml":"complete","preds_design":[[2,"1216741266_997221_2162_3-512.jpg"],[2,"1216741267_232333_2163_3-512.jpg"],[2,"1216741267_472319_2164_3-512.jpg"],[2,"1216741267_727223_2165_3-512.jpg"],[2,"1216741268_012457_2166_3-512.jpg"],[2,"1216741268_327212_2167_3-512.jpg"],[2,"1216741268_702321_2168_3-512.jpg"],[2,"1216741269_272310_2169_3-512.jpg"],[2,"1216741270_477214_2170_3-512.jpg"],[2,"1216741280_172252_2171_3-512.jpg"],[2,"1216741281_727160_2172_3-512.jpg"],[2,"1216741282_952266_2173_3-512.jpg"],[1,"1216741282_952266_2173_3-512.jpg"]],"design_ml":"designed","images":[]}
