{"MATERIAL":"corrugated metal","AVG_SLOPE":4.44852949603,"AVG_HEIGHT":5.24239098412,"TERAIN_SLP":3.39201560401,"AREA":56.5409431116,"VOLUME":296,"FLOORS":2,"INT_ZONE":null,"FLOOD":1,"LANDSLIDE":"Amenaza Media","LEGAL_ID":"358","LEGAL_NAME":"EL PARAISO","LEGAL_AREA":26.04,"LEGAL_LOTS":2077,"LEGAL_POP":11215.8,"LEGAL_DENS":79.76190476,"LEGALIZING":null,"BLOCK_ID_":"002565081","BLOCK_POP":202,"BLOCK_BLD":59,"BLOCK_RISK":8.5023098,"BLOCK_EDU":0,"BLOCK_HLTH":14.832449,"BLOCK_TRAN":96.88327,"BLOCK_CULT":0,"BLOCK_PARK":54.345028,"BLOCK_SEC":100,"BLOCK_CENT":0,"BLOCK_DEF":25.4237288136,"BLD_INHAB":3,"OBJECTID":2,"AO_225":0.2,"id":3144,"preds_material":[[5,"1216741251_067350_2119_3-512.jpg"],[5,"1216741251_757299_2120_3-512.jpg"],[5,"1216741252_292418_2121_3-512.jpg"],[5,"1216741252_697325_2122_3-512.jpg"],[5,"1216741253_027486_2123_3-512.jpg"],[5,"1216741253_312434_2124_3-512.jpg"],[1,"1216741253_997398_2127_3-512.jpg"],[6,"1216741253_997398_2127_3-512.jpg"],[5,"1216741253_997398_2127_3-512.jpg"],[5,"1216741254_207293_2128_3-512.jpg"],[1,"1216741254_207293_2128_3-512.jpg"],[6,"1216741254_207293_2128_3-512.jpg"],[2,"1216741254_207293_2128_3-512.jpg"],[5,"1216741254_417285_2129_3-512.jpg"],[2,"1216741254_417285_2129_3-512.jpg"],[1,"1216741254_417285_2129_3-512.jpg"],[6,"1216741254_417285_2129_3-512.jpg"],[5,"1216741254_617291_2130_3-512.jpg"],[2,"1216741254_617291_2130_3-512.jpg"],[5,"1216741254_817323_2131_3-512.jpg"],[5,"1216741254_817323_2131_3-512.jpg"],[5,"1216741255_012553_2132_3-512.jpg"],[5,"1216745478_784688_11584_1-512.jpg"],[1,"1216745817_099199_12466_3-512.jpg"]],"material_ml":"painted","preds_construction":[[2,"1216741251_067350_2119_3-512.jpg"],[2,"1216741251_757299_2120_3-512.jpg"],[2,"1216741252_697325_2122_3-512.jpg"],[2,"1216741253_027486_2123_3-512.jpg"],[2,"1216741253_312434_2124_3-512.jpg"],[2,"1216741253_997398_2127_3-512.jpg"],[2,"1216741254_207293_2128_3-512.jpg"],[2,"1216741254_207293_2128_3-512.jpg"],[2,"1216741254_417285_2129_3-512.jpg"],[2,"1216741254_417285_2129_3-512.jpg"],[2,"1216741254_617291_2130_3-512.jpg"],[2,"1216741254_617291_2130_3-512.jpg"],[2,"1216741254_817323_2131_3-512.jpg"],[2,"1216741255_012553_2132_3-512.jpg"],[2,"1216745816_459207_12462_3-512.jpg"],[2,"1216745816_619253_12463_3-512.jpg"],[2,"1216745816_779250_12464_3-512.jpg"],[2,"1216745816_939266_12465_3-512.jpg"],[2,"1216745817_099199_12466_3-512.jpg"],[2,"1216745817_259199_12467_3-512.jpg"]],"construction_ml":"complete","preds_design":[[2,"1216741251_757299_2120_3-512.jpg"],[2,"1216741252_292418_2121_3-512.jpg"],[2,"1216741252_697325_2122_3-512.jpg"],[2,"1216741253_027486_2123_3-512.jpg"],[2,"1216741253_312434_2124_3-512.jpg"],[2,"1216741253_997398_2127_3-512.jpg"],[2,"1216741254_207293_2128_3-512.jpg"],[2,"1216741254_207293_2128_3-512.jpg"],[2,"1216741254_417285_2129_3-512.jpg"],[2,"1216741254_417285_2129_3-512.jpg"],[2,"1216741254_617291_2130_3-512.jpg"],[2,"1216741254_617291_2130_3-512.jpg"],[2,"1216741254_817323_2131_3-512.jpg"],[2,"1216741255_012553_2132_3-512.jpg"]],"design_ml":"designed","images":[]}
