{"MATERIAL":"corrugated metal - new","AVG_SLOPE":9.93764086337,"AVG_HEIGHT":10.5799030162,"TERAIN_SLP":12.6771628118,"AREA":57.1134585104,"VOLUME":604,"FLOORS":3,"INT_ZONE":null,"FLOOD":1,"LANDSLIDE":"Amenaza Media","LEGAL_ID":"358","LEGAL_NAME":"EL PARAISO","LEGAL_AREA":26.04,"LEGAL_LOTS":2077,"LEGAL_POP":11215.8,"LEGAL_DENS":79.76190476,"LEGALIZING":null,"BLOCK_ID_":"002565080","BLOCK_POP":162,"BLOCK_BLD":45,"BLOCK_RISK":3.8432705,"BLOCK_EDU":0.48982114,"BLOCK_HLTH":16.225189,"BLOCK_TRAN":89.690277,"BLOCK_CULT":0,"BLOCK_PARK":56.872684,"BLOCK_SEC":100,"BLOCK_CENT":0,"BLOCK_DEF":37.7777777778,"BLD_INHAB":4,"OBJECTID":2,"AO_225":0.2,"id":3145,"preds_mat":[[1,"1216740939_114099_1123_1-512.jpg"],[1,"1216740939_549090_1124_1-512.jpg"],[3,"1216740940_329085_1126_1-512.jpg"],[5,"1216745802_463698_12398_3-512.jpg"],[5,"1216745802_914154_12399_3-512.jpg"],[5,"1216745808_833995_12416_3-512.jpg"],[5,"1216745809_028982_12417_3-512.jpg"],[5,"1216745809_264154_12418_3-512.jpg"],[5,"1216745809_454000_12419_3-512.jpg"],[5,"1216745809_644047_12420_3-512.jpg"],[5,"1216745809_829039_12421_3-512.jpg"],[5,"1216745810_013892_12422_3-512.jpg"],[5,"1216745810_198912_12423_3-512.jpg"],[5,"1216746720_944402_15656_3-512.jpg"],[5,"1216746721_169441_15657_3-512.jpg"],[5,"1216746722_524352_15663_3-512.jpg"],[5,"1216746722_734409_15664_3-512.jpg"],[5,"1216746722_894444_15665_3-512.jpg"],[5,"1216746723_099320_15666_3-512.jpg"],[5,"1216746723_304379_15667_3-512.jpg"],[5,"1216746723_469418_15668_3-512.jpg"],[5,"1216746723_689387_15669_3-512.jpg"],[5,"1216746723_929492_15670_3-512.jpg"],[5,"1216746724_184371_15671_3-512.jpg"],[5,"1216746724_464367_15672_3-512.jpg"]],"material_ml":"painted","images":[]}
