{"MATERIAL":"corrugated metal - new","AVG_SLOPE":4.79860505936,"AVG_HEIGHT":3.10677822515,"TERAIN_SLP":11.1673244099,"AREA":47.1336196838,"VOLUME":146,"FLOORS":2,"INT_ZONE":null,"FLOOD":1,"LANDSLIDE":"Amenaza Media","LEGAL_ID":"358","LEGAL_NAME":"EL PARAISO","LEGAL_AREA":26.04,"LEGAL_LOTS":2077,"LEGAL_POP":11215.8,"LEGAL_DENS":79.76190476,"LEGALIZING":null,"BLOCK_ID_":"002565079","BLOCK_POP":157,"BLOCK_BLD":42,"BLOCK_RISK":5.6183891,"BLOCK_EDU":0.54992837,"BLOCK_HLTH":18.038561,"BLOCK_TRAN":80.964394,"BLOCK_CULT":0,"BLOCK_PARK":59.952087,"BLOCK_SEC":48.332272,"BLOCK_CENT":0,"BLOCK_DEF":38.0952380952,"BLD_INHAB":4,"OBJECTID":2,"AO_225":0.2,"id":3146,"preds_material":[[5,"1216740881_189392_1023_3-512.jpg"],[1,"1216740883_039612_1029_3-512.jpg"],[5,"1216740883_354424_1030_3-512.jpg"],[1,"1216740883_354424_1030_3-512.jpg"],[1,"1216740883_684359_1031_3-512.jpg"],[1,"1216740884_004552_1032_3-512.jpg"],[5,"1216740884_004552_1032_3-512.jpg"],[1,"1216740884_339382_1033_3-512.jpg"],[5,"1216740884_339382_1033_3-512.jpg"],[1,"1216740884_674390_1034_3-512.jpg"],[5,"1216740884_674390_1034_3-512.jpg"],[1,"1216740885_049486_1035_3-512.jpg"]],"material_ml":"brick","preds_construction":[[2,"1216740881_189392_1023_3-512.jpg"],[1,"1216740883_039612_1029_3-512.jpg"],[2,"1216740883_039612_1029_3-512.jpg"],[2,"1216740883_354424_1030_3-512.jpg"],[2,"1216740883_684359_1031_3-512.jpg"],[2,"1216740884_004552_1032_3-512.jpg"],[2,"1216740884_004552_1032_3-512.jpg"],[2,"1216740884_339382_1033_3-512.jpg"],[2,"1216740884_674390_1034_3-512.jpg"],[2,"1216740885_049486_1035_3-512.jpg"]],"construction_ml":"complete","preds_design":[[2,"1216740881_189392_1023_3-512.jpg"],[1,"1216740882_709378_1028_3-512.jpg"],[1,"1216740883_039612_1029_3-512.jpg"],[2,"1216740883_039612_1029_3-512.jpg"],[2,"1216740883_354424_1030_3-512.jpg"],[2,"1216740883_684359_1031_3-512.jpg"],[1,"1216740883_684359_1031_3-512.jpg"],[2,"1216740884_004552_1032_3-512.jpg"],[2,"1216740884_004552_1032_3-512.jpg"],[1,"1216740884_004552_1032_3-512.jpg"],[2,"1216740884_339382_1033_3-512.jpg"],[1,"1216740884_339382_1033_3-512.jpg"],[2,"1216740884_674390_1034_3-512.jpg"],[1,"1216740884_674390_1034_3-512.jpg"],[1,"1216740885_049486_1035_3-512.jpg"],[2,"1216740885_049486_1035_3-512.jpg"]],"design_ml":"designed","images":[]}
