{"MATERIAL":"concrete","AVG_SLOPE":8.92586256424,"AVG_HEIGHT":4.97815053231,"TERAIN_SLP":12.2911521482,"AREA":41.2100572347,"VOLUME":205,"FLOORS":2,"INT_ZONE":null,"FLOOD":1,"LANDSLIDE":"Amenaza Baja","LEGAL_ID":"358","LEGAL_NAME":"EL PARAISO","LEGAL_AREA":26.04,"LEGAL_LOTS":2077,"LEGAL_POP":11215.8,"LEGAL_DENS":79.76190476,"LEGALIZING":null,"BLOCK_ID_":"002565080","BLOCK_POP":162,"BLOCK_BLD":45,"BLOCK_RISK":3.8432705,"BLOCK_EDU":0.48982114,"BLOCK_HLTH":16.225189,"BLOCK_TRAN":89.690277,"BLOCK_CULT":0,"BLOCK_PARK":56.872684,"BLOCK_SEC":100,"BLOCK_CENT":0,"BLOCK_DEF":37.7777777778,"BLD_INHAB":4,"OBJECTID":2,"AO_225":0.2,"id":3150,"preds_material":[[5,"1216740985_633850_1234_1-512.jpg"],[2,"1216740985_633850_1234_1-512.jpg"],[5,"1216740985_633850_1234_3-512.jpg"],[2,"1216740986_128822_1235_1-512.jpg"],[5,"1216740986_128822_1235_1-512.jpg"],[5,"1216740986_128822_1235_3-512.jpg"],[2,"1216740986_838816_1236_1-512.jpg"],[2,"1216740988_093834_1237_1-512.jpg"],[2,"1216740989_193836_1238_1-512.jpg"],[2,"1216740989_788823_1239_1-512.jpg"],[2,"1216740990_198799_1240_1-512.jpg"],[2,"1216740990_548789_1241_1-512.jpg"],[2,"1216740990_863798_1242_1-512.jpg"],[5,"1216743821_789101_8443_1-512.jpg"],[5,"1216743822_179151_8444_1-512.jpg"],[5,"1216743822_608783_8445_1-512.jpg"],[5,"1216743823_093785_8446_1-512.jpg"],[5,"1216743823_093785_8446_1-512.jpg"]],"material_ml":"concrete","preds_construction":[[2,"1216740985_633850_1234_1-512.jpg"],[2,"1216740985_633850_1234_1-512.jpg"],[2,"1216740985_633850_1234_3-512.jpg"],[2,"1216740986_128822_1235_1-512.jpg"],[2,"1216740986_128822_1235_1-512.jpg"],[2,"1216740986_128822_1235_3-512.jpg"],[2,"1216740986_838816_1236_1-512.jpg"],[2,"1216740988_093834_1237_1-512.jpg"],[2,"1216740989_193836_1238_1-512.jpg"],[2,"1216740989_788823_1239_1-512.jpg"],[2,"1216740990_198799_1240_1-512.jpg"],[2,"1216740990_198799_1240_1-512.jpg"],[2,"1216740990_548789_1241_1-512.jpg"],[2,"1216740990_863798_1242_1-512.jpg"],[2,"1216743821_789101_8443_1-512.jpg"],[2,"1216743822_179151_8444_1-512.jpg"],[2,"1216743822_608783_8445_1-512.jpg"],[2,"1216743823_093785_8446_1-512.jpg"],[2,"1216743823_093785_8446_1-512.jpg"],[2,"1216743823_558788_8447_1-512.jpg"]],"construction_ml":"complete","preds_design":[[2,"1216740985_633850_1234_1-512.jpg"],[2,"1216740985_633850_1234_1-512.jpg"],[2,"1216740985_633850_1234_3-512.jpg"],[2,"1216740986_128822_1235_1-512.jpg"],[2,"1216740986_128822_1235_1-512.jpg"],[2,"1216740986_128822_1235_3-512.jpg"],[2,"1216740986_838816_1236_1-512.jpg"],[2,"1216740988_093834_1237_1-512.jpg"],[2,"1216740989_193836_1238_1-512.jpg"],[2,"1216740989_788823_1239_1-512.jpg"],[2,"1216740990_198799_1240_1-512.jpg"],[2,"1216740990_198799_1240_1-512.jpg"],[2,"1216740990_548789_1241_1-512.jpg"],[2,"1216743821_789101_8443_1-512.jpg"],[2,"1216743822_179151_8444_1-512.jpg"],[2,"1216743822_608783_8445_1-512.jpg"],[2,"1216743823_093785_8446_1-512.jpg"],[2,"1216743823_093785_8446_1-512.jpg"]],"design_ml":"designed","images":[]}
