{"MATERIAL":"corrugated metal - dark","AVG_SLOPE":10.9199957627,"AVG_HEIGHT":1.53040348577,"TERAIN_SLP":14.9270674241,"AREA":48.1736991398,"VOLUME":74,"FLOORS":1,"INT_ZONE":null,"FLOOD":1,"LANDSLIDE":"Amenaza Baja","LEGAL_ID":"358","LEGAL_NAME":"EL PARAISO","LEGAL_AREA":26.04,"LEGAL_LOTS":2077,"LEGAL_POP":11215.8,"LEGAL_DENS":79.76190476,"LEGALIZING":null,"BLOCK_ID_":"002565079","BLOCK_POP":157,"BLOCK_BLD":42,"BLOCK_RISK":5.6183891,"BLOCK_EDU":0.54992837,"BLOCK_HLTH":18.038561,"BLOCK_TRAN":80.964394,"BLOCK_CULT":0,"BLOCK_PARK":59.952087,"BLOCK_SEC":48.332272,"BLOCK_CENT":0,"BLOCK_DEF":38.0952380952,"BLD_INHAB":4,"OBJECTID":2,"AO_225":0.2,"id":3151,"preds_material":[[5,"1216740845_474624_968_3-512.jpg"],[1,"1216740846_199599_969_3-512.jpg"],[1,"1216740846_944623_970_3-512.jpg"],[1,"1216740847_814612_971_3-512.jpg"],[1,"1216740849_289594_972_3-512.jpg"],[1,"1216740850_514621_973_3-512.jpg"],[1,"1216740851_514623_974_3-512.jpg"],[1,"1216740852_809659_975_3-512.jpg"],[5,"1216743817_209227_8435_1-512.jpg"],[5,"1216743818_013904_8436_1-512.jpg"],[5,"1216743818_013904_8436_1-512.jpg"],[5,"1216743818_683816_8437_1-512.jpg"],[5,"1216743818_683816_8437_1-512.jpg"]],"material_ml":"brick","preds_construction":[[2,"1216740846_199599_969_3-512.jpg"],[2,"1216740846_944623_970_3-512.jpg"],[2,"1216740847_814612_971_3-512.jpg"],[2,"1216740849_289594_972_3-512.jpg"],[2,"1216740850_514621_973_3-512.jpg"],[2,"1216740851_514623_974_3-512.jpg"],[1,"1216740851_514623_974_3-512.jpg"],[2,"1216740852_809659_975_3-512.jpg"],[1,"1216740852_809659_975_3-512.jpg"],[2,"1216743817_209227_8435_1-512.jpg"],[2,"1216743818_013904_8436_1-512.jpg"],[2,"1216743818_013904_8436_1-512.jpg"],[2,"1216743818_683816_8437_1-512.jpg"],[2,"1216743818_683816_8437_1-512.jpg"]],"construction_ml":"complete","preds_design":[[1,"1216740845_474624_968_3-512.jpg"],[1,"1216740846_199599_969_3-512.jpg"],[1,"1216740846_944623_970_3-512.jpg"],[1,"1216740847_814612_971_3-512.jpg"],[1,"1216740849_289594_972_3-512.jpg"],[1,"1216740850_514621_973_3-512.jpg"],[1,"1216740851_514623_974_3-512.jpg"],[1,"1216740852_809659_975_3-512.jpg"],[2,"1216743817_209227_8435_1-512.jpg"],[2,"1216743818_013904_8436_1-512.jpg"],[2,"1216743818_013904_8436_1-512.jpg"],[2,"1216743818_683816_8437_1-512.jpg"],[2,"1216743818_683816_8437_1-512.jpg"]],"design_ml":"undesigned","images":[]}
