{"MATERIAL":"corrugated metal/heavily patched","AVG_SLOPE":5.29793399718,"AVG_HEIGHT":6.0421888157,"TERAIN_SLP":13.7703600722,"AREA":61.2820304583,"VOLUME":370,"FLOORS":2,"INT_ZONE":null,"FLOOD":1,"LANDSLIDE":"Amenaza Baja","LEGAL_ID":"358","LEGAL_NAME":"EL PARAISO","LEGAL_AREA":26.04,"LEGAL_LOTS":2077,"LEGAL_POP":11215.8,"LEGAL_DENS":79.76190476,"LEGALIZING":null,"BLOCK_ID_":"002565079","BLOCK_POP":157,"BLOCK_BLD":42,"BLOCK_RISK":5.6183891,"BLOCK_EDU":0.54992837,"BLOCK_HLTH":18.038561,"BLOCK_TRAN":80.964394,"BLOCK_CULT":0,"BLOCK_PARK":59.952087,"BLOCK_SEC":48.332272,"BLOCK_CENT":0,"BLOCK_DEF":38.0952380952,"BLD_INHAB":4,"OBJECTID":2,"AO_225":0.2,"id":3153,"preds_material":[[5,"1216743819_303806_8438_1-512.jpg"],[5,"1216743819_923806_8439_1-512.jpg"],[5,"1216743820_543816_8440_1-512.jpg"]],"material_ml":"painted","preds_construction":[[2,"1216743819_303806_8438_1-512.jpg"],[2,"1216743819_923806_8439_1-512.jpg"],[2,"1216743820_543816_8440_1-512.jpg"]],"construction_ml":"complete","preds_design":[[2,"1216743819_303806_8438_1-512.jpg"],[2,"1216743819_923806_8439_1-512.jpg"],[2,"1216743820_543816_8440_1-512.jpg"]],"design_ml":"designed","images":[]}
