{"MATERIAL":"corrugated metal/heavily patched","AVG_SLOPE":2.91484211978,"AVG_HEIGHT":7.21151836895,"TERAIN_SLP":15.638245125,"AREA":43.1004713762,"VOLUME":311,"FLOORS":2,"INT_ZONE":null,"FLOOD":1,"LANDSLIDE":"Amenaza Baja","LEGAL_ID":"358","LEGAL_NAME":"EL PARAISO","LEGAL_AREA":26.04,"LEGAL_LOTS":2077,"LEGAL_POP":11215.8,"LEGAL_DENS":79.76190476,"LEGALIZING":null,"BLOCK_ID_":"002565079","BLOCK_POP":157,"BLOCK_BLD":42,"BLOCK_RISK":5.6183891,"BLOCK_EDU":0.54992837,"BLOCK_HLTH":18.038561,"BLOCK_TRAN":80.964394,"BLOCK_CULT":0,"BLOCK_PARK":59.952087,"BLOCK_SEC":48.332272,"BLOCK_CENT":0,"BLOCK_DEF":38.0952380952,"BLD_INHAB":4,"OBJECTID":2,"AO_225":0.2,"id":3155,"preds_material":[[5,"1216740983_918823_1228_3-512.jpg"],[5,"1216740984_158826_1229_3-512.jpg"],[5,"1216740984_408825_1230_3-512.jpg"],[5,"1216740984_673870_1231_3-512.jpg"],[5,"1216740984_953891_1232_3-512.jpg"],[5,"1216740985_263936_1233_3-512.jpg"],[5,"1216743821_789101_8443_1-512.jpg"],[5,"1216743822_179151_8444_1-512.jpg"],[5,"1216743822_608783_8445_1-512.jpg"]],"material_ml":"painted","preds_construction":[[2,"1216740983_918823_1228_3-512.jpg"],[2,"1216740984_158826_1229_3-512.jpg"],[2,"1216740984_408825_1230_3-512.jpg"],[2,"1216740984_673870_1231_3-512.jpg"],[2,"1216740984_953891_1232_3-512.jpg"],[2,"1216740985_263936_1233_3-512.jpg"],[2,"1216743821_789101_8443_1-512.jpg"],[2,"1216743822_179151_8444_1-512.jpg"]],"construction_ml":"complete","preds_design":[[2,"1216740983_918823_1228_3-512.jpg"],[2,"1216740984_158826_1229_3-512.jpg"],[2,"1216740984_408825_1230_3-512.jpg"],[2,"1216740984_673870_1231_3-512.jpg"],[2,"1216740984_953891_1232_3-512.jpg"],[2,"1216740985_263936_1233_3-512.jpg"],[2,"1216743821_789101_8443_1-512.jpg"],[2,"1216743822_179151_8444_1-512.jpg"]],"design_ml":"designed","images":[]}
