{"MATERIAL":"under construction","AVG_SLOPE":7.95700311295,"AVG_HEIGHT":4.21510099756,"TERAIN_SLP":9.58963115027,"AREA":66.3048599276,"VOLUME":279,"FLOORS":2,"INT_ZONE":null,"FLOOD":1,"LANDSLIDE":"Amenaza Baja","LEGAL_ID":"358","LEGAL_NAME":"EL PARAISO","LEGAL_AREA":26.04,"LEGAL_LOTS":2077,"LEGAL_POP":11215.8,"LEGAL_DENS":79.76190476,"LEGALIZING":null,"BLOCK_ID_":"002565079","BLOCK_POP":157,"BLOCK_BLD":42,"BLOCK_RISK":5.6183891,"BLOCK_EDU":0.54992837,"BLOCK_HLTH":18.038561,"BLOCK_TRAN":80.964394,"BLOCK_CULT":0,"BLOCK_PARK":59.952087,"BLOCK_SEC":48.332272,"BLOCK_CENT":0,"BLOCK_DEF":38.0952380952,"BLD_INHAB":4,"OBJECTID":2,"AO_225":0.2,"id":3156,"preds_material":[[1,"1216740864_334578_980_3-512.jpg"],[5,"1216740864_334578_980_3-512.jpg"],[1,"1216740865_559479_981_3-512.jpg"],[1,"1216740865_559479_981_3-512.jpg"],[1,"1216740866_404526_982_3-512.jpg"],[1,"1216740866_404526_982_3-512.jpg"],[1,"1216740867_114493_983_3-512.jpg"],[5,"1216740867_684483_984_3-512.jpg"],[1,"1216740867_684483_984_3-512.jpg"],[5,"1216740868_199454_985_3-512.jpg"],[5,"1216740868_689441_986_3-512.jpg"],[1,"1216740868_689441_986_3-512.jpg"],[5,"1216743816_068888_8434_1-512.jpg"]],"material_ml":"brick","preds_construction":[[2,"1216740864_334578_980_3-512.jpg"],[2,"1216740864_334578_980_3-512.jpg"],[2,"1216740865_559479_981_3-512.jpg"],[2,"1216740865_559479_981_3-512.jpg"],[2,"1216740866_404526_982_3-512.jpg"],[2,"1216740866_404526_982_3-512.jpg"],[2,"1216740867_114493_983_3-512.jpg"],[2,"1216740867_684483_984_3-512.jpg"],[2,"1216740868_199454_985_3-512.jpg"],[2,"1216740868_689441_986_3-512.jpg"]],"construction_ml":"complete","preds_design":[[1,"1216740864_334578_980_3-512.jpg"],[2,"1216740864_334578_980_3-512.jpg"],[2,"1216740865_559479_981_3-512.jpg"],[1,"1216740865_559479_981_3-512.jpg"],[2,"1216740866_404526_982_3-512.jpg"],[1,"1216740866_404526_982_3-512.jpg"],[2,"1216740867_114493_983_3-512.jpg"],[2,"1216740867_684483_984_3-512.jpg"],[2,"1216740868_199454_985_3-512.jpg"],[2,"1216740868_689441_986_3-512.jpg"]],"design_ml":"designed","images":[]}
