{"MATERIAL":"corrugated metal","AVG_SLOPE":4.05604538001,"AVG_HEIGHT":1.48485891734,"TERAIN_SLP":16.9988427226,"AREA":45.2574466822,"VOLUME":67,"FLOORS":1,"INT_ZONE":null,"FLOOD":1,"LANDSLIDE":"Amenaza Baja","LEGAL_ID":"358","LEGAL_NAME":"EL PARAISO","LEGAL_AREA":26.04,"LEGAL_LOTS":2077,"LEGAL_POP":11215.8,"LEGAL_DENS":79.76190476,"LEGALIZING":null,"BLOCK_ID_":"002565079","BLOCK_POP":157,"BLOCK_BLD":42,"BLOCK_RISK":5.6183891,"BLOCK_EDU":0.54992837,"BLOCK_HLTH":18.038561,"BLOCK_TRAN":80.964394,"BLOCK_CULT":0,"BLOCK_PARK":59.952087,"BLOCK_SEC":48.332272,"BLOCK_CENT":0,"BLOCK_DEF":38.0952380952,"BLD_INHAB":4,"OBJECTID":2,"AO_225":0.2,"id":3162,"preds_material":[[1,"1216740868_689441_986_3-512.jpg"],[1,"1216740869_159449_987_3-512.jpg"],[5,"1216740869_159449_987_3-512.jpg"],[1,"1216740869_159449_987_3-512.jpg"],[1,"1216740869_584506_988_3-512.jpg"],[1,"1216740869_584506_988_3-512.jpg"],[1,"1216740869_584506_988_3-512.jpg"],[1,"1216740869_974571_989_3-512.jpg"],[2,"1216740869_974571_989_3-512.jpg"],[1,"1216740869_974571_989_3-512.jpg"],[1,"1216740870_349432_990_3-512.jpg"],[5,"1216740870_349432_990_3-512.jpg"],[1,"1216740871_064459_992_3-512.jpg"],[5,"1216740871_064459_992_3-512.jpg"]],"material_ml":"brick","preds_construction":[[2,"1216740868_689441_986_3-512.jpg"],[1,"1216740868_689441_986_3-512.jpg"],[2,"1216740869_159449_987_3-512.jpg"],[2,"1216740869_159449_987_3-512.jpg"],[2,"1216740869_584506_988_3-512.jpg"],[2,"1216740869_584506_988_3-512.jpg"],[2,"1216740869_974571_989_3-512.jpg"],[2,"1216740869_974571_989_3-512.jpg"],[2,"1216740870_349432_990_3-512.jpg"],[2,"1216740871_064459_992_3-512.jpg"]],"construction_ml":"complete","preds_design":[[1,"1216740868_689441_986_3-512.jpg"],[2,"1216740868_689441_986_3-512.jpg"],[2,"1216740869_159449_987_3-512.jpg"],[1,"1216740869_159449_987_3-512.jpg"],[1,"1216740869_584506_988_3-512.jpg"],[2,"1216740869_584506_988_3-512.jpg"],[1,"1216740869_974571_989_3-512.jpg"],[1,"1216740870_349432_990_3-512.jpg"]],"design_ml":"undesigned","images":[]}
