{"MATERIAL":"corrugated metal","AVG_SLOPE":9.80593798234,"AVG_HEIGHT":0.81156215848,"TERAIN_SLP":20.8163778696,"AREA":16.055406909,"VOLUME":13,"FLOORS":1,"INT_ZONE":null,"FLOOD":1,"LANDSLIDE":"Amenaza Media","LEGAL_ID":"358","LEGAL_NAME":"EL PARAISO","LEGAL_AREA":26.04,"LEGAL_LOTS":2077,"LEGAL_POP":11215.8,"LEGAL_DENS":79.76190476,"LEGALIZING":null,"BLOCK_ID_":"002565079","BLOCK_POP":157,"BLOCK_BLD":42,"BLOCK_RISK":5.6183891,"BLOCK_EDU":0.54992837,"BLOCK_HLTH":18.038561,"BLOCK_TRAN":80.964394,"BLOCK_CULT":0,"BLOCK_PARK":59.952087,"BLOCK_SEC":48.332272,"BLOCK_CENT":0,"BLOCK_DEF":38.0952380952,"BLD_INHAB":4,"OBJECTID":2,"AO_225":0.2,"id":3166,"preds_material":[[3,"1216740976_808852_1199_3-512.jpg"]],"material_ml":"tin","preds_design":[[1,"1216740976_808852_1199_3-512.jpg"]],"design_ml":"undesigned","images":[]}
