{"MATERIAL":"extreme haphazard","AVG_SLOPE":6.75568311399,"AVG_HEIGHT":2.04688283717,"TERAIN_SLP":11.4751928623,"AREA":23.9691793983,"VOLUME":49,"FLOORS":1,"INT_ZONE":"Borde Rural","FLOOD":2,"LANDSLIDE":"Amenaza Media","LEGAL_ID":"311","LEGAL_NAME":"EL MIRADOR","LEGAL_AREA":11.06,"LEGAL_LOTS":989,"LEGAL_POP":5340.6,"LEGAL_DENS":89.42,"LEGALIZING":null,"BLOCK_ID_":"002570034","BLOCK_POP":111,"BLOCK_BLD":28,"BLOCK_RISK":22.024868,"BLOCK_EDU":0,"BLOCK_HLTH":0,"BLOCK_TRAN":87.706917,"BLOCK_CULT":0,"BLOCK_PARK":0,"BLOCK_SEC":42.651928,"BLOCK_CENT":0,"BLOCK_DEF":32.1428571429,"BLD_INHAB":4,"OBJECTID":1,"AO_225":0.16,"id":317,"preds_material":[[5,"1216742317_016702_4863_3-512.jpg"],[5,"1216742317_176671_4864_3-512.jpg"],[5,"1216742317_361622_4865_3-512.jpg"],[5,"1216742317_551611_4866_3-512.jpg"],[5,"1216742317_716680_4867_3-512.jpg"],[5,"1216742317_916691_4868_3-512.jpg"],[5,"1216742318_116711_4869_3-512.jpg"],[5,"1216742318_321628_4870_3-512.jpg"],[5,"1216742318_506652_4871_3-512.jpg"],[5,"1216742318_771634_4872_3-512.jpg"],[5,"1216742319_031730_4873_3-512.jpg"],[5,"1216742319_286674_4874_3-512.jpg"],[5,"1216742319_536915_4875_3-512.jpg"],[5,"1216742319_781558_4876_3-512.jpg"],[5,"1216742320_026829_4877_3-512.jpg"],[5,"1216742320_266696_4878_3-512.jpg"],[5,"1216742320_506651_4879_3-512.jpg"],[5,"1216742320_741603_4880_3-512.jpg"],[5,"1216742320_971590_4881_3-512.jpg"],[5,"1216744780_374083_10454_1-512.jpg"],[5,"1216744780_774037_10455_1-512.jpg"]],"material_ml":"painted","preds_construction":[[2,"1216742317_016702_4863_3-512.jpg"],[2,"1216742317_176671_4864_3-512.jpg"],[2,"1216742317_361622_4865_3-512.jpg"],[2,"1216742317_551611_4866_3-512.jpg"],[2,"1216742317_716680_4867_3-512.jpg"],[2,"1216742317_916691_4868_3-512.jpg"],[2,"1216742318_116711_4869_3-512.jpg"],[2,"1216742318_321628_4870_3-512.jpg"],[2,"1216742318_506652_4871_3-512.jpg"],[2,"1216742318_771634_4872_3-512.jpg"],[2,"1216742318_771634_4872_3-512.jpg"],[2,"1216742319_031730_4873_3-512.jpg"],[2,"1216742319_286674_4874_3-512.jpg"],[2,"1216742319_536915_4875_3-512.jpg"],[2,"1216742319_781558_4876_3-512.jpg"],[2,"1216742320_026829_4877_3-512.jpg"],[2,"1216742320_266696_4878_3-512.jpg"],[2,"1216742320_506651_4879_3-512.jpg"],[2,"1216742320_741603_4880_3-512.jpg"],[2,"1216744780_374083_10454_1-512.jpg"],[2,"1216744780_774037_10455_1-512.jpg"],[1,"1216744780_774037_10455_1-512.jpg"]],"construction_ml":"complete","preds_design":[[2,"1216742317_016702_4863_3-512.jpg"],[2,"1216742317_176671_4864_3-512.jpg"],[2,"1216742317_361622_4865_3-512.jpg"],[2,"1216742317_551611_4866_3-512.jpg"],[2,"1216742317_716680_4867_3-512.jpg"],[2,"1216742317_916691_4868_3-512.jpg"],[2,"1216742318_116711_4869_3-512.jpg"],[2,"1216742318_321628_4870_3-512.jpg"],[2,"1216742318_506652_4871_3-512.jpg"],[2,"1216742318_771634_4872_3-512.jpg"],[2,"1216742319_031730_4873_3-512.jpg"],[2,"1216742319_286674_4874_3-512.jpg"],[2,"1216742319_536915_4875_3-512.jpg"],[2,"1216742319_781558_4876_3-512.jpg"],[2,"1216742320_026829_4877_3-512.jpg"],[2,"1216742320_266696_4878_3-512.jpg"],[2,"1216742320_506651_4879_3-512.jpg"],[2,"1216744780_374083_10454_1-512.jpg"],[2,"1216744780_774037_10455_1-512.jpg"]],"design_ml":"designed","images":[]}
