{"MATERIAL":"corrugated metal","AVG_SLOPE":3.24911471075,"AVG_HEIGHT":0.78368564991,"TERAIN_SLP":19.1983012317,"AREA":67.6865484242,"VOLUME":53,"FLOORS":1,"INT_ZONE":null,"FLOOD":1,"LANDSLIDE":"Amenaza Media","LEGAL_ID":"358","LEGAL_NAME":"EL PARAISO","LEGAL_AREA":26.04,"LEGAL_LOTS":2077,"LEGAL_POP":11215.8,"LEGAL_DENS":79.76190476,"LEGALIZING":null,"BLOCK_ID_":"002565079","BLOCK_POP":157,"BLOCK_BLD":42,"BLOCK_RISK":5.6183891,"BLOCK_EDU":0.54992837,"BLOCK_HLTH":18.038561,"BLOCK_TRAN":80.964394,"BLOCK_CULT":0,"BLOCK_PARK":59.952087,"BLOCK_SEC":48.332272,"BLOCK_CENT":0,"BLOCK_DEF":38.0952380952,"BLD_INHAB":4,"OBJECTID":2,"AO_225":0.2,"id":3171,"preds_material":[[2,"1216740881_794437_1025_3-512.jpg"],[5,"1216740881_794437_1025_3-512.jpg"],[5,"1216740882_079391_1026_3-512.jpg"],[2,"1216740882_079391_1026_3-512.jpg"],[5,"1216740882_384384_1027_3-512.jpg"],[2,"1216740882_384384_1027_3-512.jpg"],[5,"1216740882_709378_1028_3-512.jpg"],[5,"1216740883_039612_1029_3-512.jpg"],[2,"1216740883_039612_1029_3-512.jpg"],[5,"1216740883_354424_1030_3-512.jpg"],[2,"1216740969_213903_1183_3-512.jpg"],[5,"1216740969_213903_1183_3-512.jpg"],[6,"1216740969_213903_1183_3-512.jpg"],[2,"1216740969_568907_1184_3-512.jpg"],[5,"1216740969_568907_1184_3-512.jpg"],[5,"1216740969_898894_1185_3-512.jpg"],[2,"1216740969_898894_1185_3-512.jpg"],[5,"1216740970_233958_1186_3-512.jpg"],[2,"1216740970_233958_1186_3-512.jpg"],[5,"1216740970_623905_1187_3-512.jpg"],[2,"1216740970_623905_1187_3-512.jpg"],[5,"1216740971_128898_1188_3-512.jpg"],[6,"1216740971_683893_1189_3-512.jpg"],[5,"1216740971_683893_1189_3-512.jpg"],[1,"1216740971_683893_1189_3-512.jpg"],[6,"1216740972_273894_1190_3-512.jpg"],[1,"1216740972_273894_1190_3-512.jpg"],[5,"1216740972_273894_1190_3-512.jpg"],[5,"1216740972_813899_1191_3-512.jpg"],[1,"1216740973_283900_1192_3-512.jpg"],[1,"1216740973_808882_1193_3-512.jpg"],[5,"1216740975_383876_1196_3-512.jpg"]],"material_ml":"painted","preds_construction":[[2,"1216740881_794437_1025_3-512.jpg"],[2,"1216740882_079391_1026_3-512.jpg"],[2,"1216740882_384384_1027_3-512.jpg"],[2,"1216740882_709378_1028_3-512.jpg"],[2,"1216740883_039612_1029_3-512.jpg"],[2,"1216740969_213903_1183_3-512.jpg"],[2,"1216740969_568907_1184_3-512.jpg"],[2,"1216740969_898894_1185_3-512.jpg"],[2,"1216740970_233958_1186_3-512.jpg"],[2,"1216740970_623905_1187_3-512.jpg"],[2,"1216740971_128898_1188_3-512.jpg"],[2,"1216740971_683893_1189_3-512.jpg"],[2,"1216740972_273894_1190_3-512.jpg"],[2,"1216740972_813899_1191_3-512.jpg"],[2,"1216740973_283900_1192_3-512.jpg"],[2,"1216740973_808882_1193_3-512.jpg"],[2,"1216740975_383876_1196_3-512.jpg"]],"construction_ml":"complete","preds_design":[[2,"1216740881_794437_1025_3-512.jpg"],[2,"1216740882_079391_1026_3-512.jpg"],[2,"1216740882_384384_1027_3-512.jpg"],[2,"1216740882_709378_1028_3-512.jpg"],[2,"1216740883_039612_1029_3-512.jpg"],[1,"1216740969_213903_1183_3-512.jpg"],[1,"1216740969_568907_1184_3-512.jpg"],[1,"1216740969_898894_1185_3-512.jpg"],[1,"1216740970_233958_1186_3-512.jpg"],[1,"1216740970_623905_1187_3-512.jpg"],[1,"1216740971_128898_1188_3-512.jpg"],[1,"1216740971_683893_1189_3-512.jpg"],[1,"1216740972_273894_1190_3-512.jpg"],[1,"1216740972_813899_1191_3-512.jpg"],[1,"1216740975_383876_1196_3-512.jpg"],[1,"1216740975_843940_1197_3-512.jpg"]],"design_ml":"undesigned","images":[]}
