{"MATERIAL":"concrete","AVG_SLOPE":2.23491812539,"AVG_HEIGHT":2.59954032996,"TERAIN_SLP":10.6178360889,"AREA":39.3660707924,"VOLUME":102,"FLOORS":1,"INT_ZONE":null,"FLOOD":1,"LANDSLIDE":"Amenaza Media","LEGAL_ID":"358","LEGAL_NAME":"EL PARAISO","LEGAL_AREA":26.04,"LEGAL_LOTS":2077,"LEGAL_POP":11215.8,"LEGAL_DENS":79.76190476,"LEGALIZING":null,"BLOCK_ID_":"002565079","BLOCK_POP":157,"BLOCK_BLD":42,"BLOCK_RISK":5.6183891,"BLOCK_EDU":0.54992837,"BLOCK_HLTH":18.038561,"BLOCK_TRAN":80.964394,"BLOCK_CULT":0,"BLOCK_PARK":59.952087,"BLOCK_SEC":48.332272,"BLOCK_CENT":0,"BLOCK_DEF":38.0952380952,"BLD_INHAB":4,"OBJECTID":2,"AO_225":0.2,"id":3173,"preds_material":[[2,"1216740881_509377_1024_3-512.jpg"],[5,"1216740881_509377_1024_3-512.jpg"],[2,"1216740966_528917_1176_3-512.jpg"],[3,"1216740969_213903_1183_3-512.jpg"],[1,"1216740969_213903_1183_3-512.jpg"],[5,"1216740969_568907_1184_3-512.jpg"],[1,"1216740969_898894_1185_3-512.jpg"]],"material_ml":"brick","preds_construction":[[1,"1216740969_213903_1183_3-512.jpg"],[1,"1216740969_568907_1184_3-512.jpg"],[2,"1216740969_568907_1184_3-512.jpg"],[1,"1216740969_898894_1185_3-512.jpg"],[2,"1216740969_898894_1185_3-512.jpg"]],"construction_ml":"incomplete","preds_design":[[2,"1216740966_528917_1176_3-512.jpg"],[1,"1216740966_528917_1176_3-512.jpg"],[1,"1216740969_213903_1183_3-512.jpg"],[2,"1216740969_213903_1183_3-512.jpg"],[2,"1216740969_568907_1184_3-512.jpg"],[1,"1216740969_568907_1184_3-512.jpg"],[2,"1216740969_898894_1185_3-512.jpg"],[1,"1216740969_898894_1185_3-512.jpg"],[1,"1216740970_233958_1186_3-512.jpg"]],"design_ml":"undesigned","images":[]}
