{"MATERIAL":"corrugated metal/heavily patched","AVG_SLOPE":5.20257132841,"AVG_HEIGHT":2.38257135953,"TERAIN_SLP":20.7112125414,"AREA":64.5032404178,"VOLUME":154,"FLOORS":1,"INT_ZONE":null,"FLOOD":1,"LANDSLIDE":"Amenaza Media","LEGAL_ID":"358","LEGAL_NAME":"EL PARAISO","LEGAL_AREA":26.04,"LEGAL_LOTS":2077,"LEGAL_POP":11215.8,"LEGAL_DENS":79.76190476,"LEGALIZING":null,"BLOCK_ID_":"002565080","BLOCK_POP":162,"BLOCK_BLD":45,"BLOCK_RISK":3.8432705,"BLOCK_EDU":0.48982114,"BLOCK_HLTH":16.225189,"BLOCK_TRAN":89.690277,"BLOCK_CULT":0,"BLOCK_PARK":56.872684,"BLOCK_SEC":100,"BLOCK_CENT":0,"BLOCK_DEF":37.7777777778,"BLD_INHAB":4,"OBJECTID":2,"AO_225":0.2,"id":3176,"preds_material":[[5,"1216741232_827440_2026_1-512.jpg"],[5,"1216741232_957436_2027_1-512.jpg"],[5,"1216741233_087520_2028_1-512.jpg"],[1,"1216741233_587453_2032_1-512.jpg"],[1,"1216741233_712516_2033_1-512.jpg"],[1,"1216741233_837449_2034_1-512.jpg"],[1,"1216741233_962569_2035_1-512.jpg"],[1,"1216741234_087459_2036_1-512.jpg"],[1,"1216741234_207437_2037_1-512.jpg"],[1,"1216741234_332533_2038_1-512.jpg"],[1,"1216741234_457452_2039_1-512.jpg"],[1,"1216741234_582517_2040_1-512.jpg"],[1,"1216741234_707445_2041_1-512.jpg"],[1,"1216741234_832562_2042_1-512.jpg"],[1,"1216741234_957417_2043_1-512.jpg"]],"material_ml":"brick","preds_construction":[[2,"1216741233_712516_2033_1-512.jpg"],[2,"1216741233_837449_2034_1-512.jpg"],[2,"1216741233_962569_2035_1-512.jpg"],[2,"1216741234_087459_2036_1-512.jpg"],[2,"1216741234_207437_2037_1-512.jpg"],[2,"1216741234_332533_2038_1-512.jpg"],[2,"1216741234_457452_2039_1-512.jpg"],[2,"1216741234_582517_2040_1-512.jpg"],[2,"1216741234_707445_2041_1-512.jpg"],[2,"1216741234_832562_2042_1-512.jpg"],[2,"1216741234_957417_2043_1-512.jpg"],[1,"1216741234_957417_2043_1-512.jpg"]],"construction_ml":"complete","preds_design":[[2,"1216741233_712516_2033_1-512.jpg"],[2,"1216741233_837449_2034_1-512.jpg"],[2,"1216741233_962569_2035_1-512.jpg"],[2,"1216741234_087459_2036_1-512.jpg"],[2,"1216741234_207437_2037_1-512.jpg"],[2,"1216741234_332533_2038_1-512.jpg"],[2,"1216741234_457452_2039_1-512.jpg"],[2,"1216741234_582517_2040_1-512.jpg"],[2,"1216741234_707445_2041_1-512.jpg"],[2,"1216741234_832562_2042_1-512.jpg"],[2,"1216741234_957417_2043_1-512.jpg"],[2,"1216741235_082512_2044_1-512.jpg"]],"design_ml":"designed","images":[]}
