{"MATERIAL":"corrugated metal/heavily patched","AVG_SLOPE":8.96162774739,"AVG_HEIGHT":0.29486183947,"TERAIN_SLP":16.1555320848,"AREA":54.0028060725,"VOLUME":16,"FLOORS":1,"INT_ZONE":null,"FLOOD":1,"LANDSLIDE":"Amenaza Media","LEGAL_ID":"358","LEGAL_NAME":"EL PARAISO","LEGAL_AREA":26.04,"LEGAL_LOTS":2077,"LEGAL_POP":11215.8,"LEGAL_DENS":79.76190476,"LEGALIZING":null,"BLOCK_ID_":"002565080","BLOCK_POP":162,"BLOCK_BLD":45,"BLOCK_RISK":3.8432705,"BLOCK_EDU":0.48982114,"BLOCK_HLTH":16.225189,"BLOCK_TRAN":89.690277,"BLOCK_CULT":0,"BLOCK_PARK":56.872684,"BLOCK_SEC":100,"BLOCK_CENT":0,"BLOCK_DEF":37.7777777778,"BLD_INHAB":4,"OBJECTID":2,"AO_225":0.2,"id":3177,"preds_material":[[1,"1216741234_332533_2038_1-512.jpg"],[1,"1216741234_457452_2039_1-512.jpg"],[1,"1216741234_582517_2040_1-512.jpg"],[1,"1216741234_707445_2041_1-512.jpg"],[1,"1216741234_832562_2042_1-512.jpg"],[1,"1216741234_957417_2043_1-512.jpg"],[1,"1216741235_082512_2044_1-512.jpg"],[1,"1216741235_207446_2045_1-512.jpg"],[1,"1216741235_332503_2046_1-512.jpg"],[1,"1216741235_462525_2047_1-512.jpg"],[1,"1216741235_592542_2048_1-512.jpg"],[1,"1216741235_717427_2049_1-512.jpg"],[1,"1216741235_847438_2050_1-512.jpg"]],"material_ml":"brick","preds_construction":[[2,"1216741234_332533_2038_1-512.jpg"],[2,"1216741234_457452_2039_1-512.jpg"],[2,"1216741234_582517_2040_1-512.jpg"],[2,"1216741234_707445_2041_1-512.jpg"],[2,"1216741234_832562_2042_1-512.jpg"],[2,"1216741234_957417_2043_1-512.jpg"],[2,"1216741235_082512_2044_1-512.jpg"],[2,"1216741235_207446_2045_1-512.jpg"],[2,"1216741235_332503_2046_1-512.jpg"],[2,"1216741235_462525_2047_1-512.jpg"],[2,"1216741235_592542_2048_1-512.jpg"],[2,"1216741235_717427_2049_1-512.jpg"],[2,"1216741235_847438_2050_1-512.jpg"]],"construction_ml":"complete","preds_design":[[1,"1216741234_332533_2038_1-512.jpg"],[1,"1216741234_457452_2039_1-512.jpg"],[1,"1216741234_582517_2040_1-512.jpg"],[1,"1216741234_707445_2041_1-512.jpg"],[1,"1216741234_832562_2042_1-512.jpg"],[1,"1216741234_957417_2043_1-512.jpg"],[1,"1216741235_082512_2044_1-512.jpg"],[1,"1216741235_207446_2045_1-512.jpg"],[1,"1216741235_332503_2046_1-512.jpg"],[1,"1216741235_462525_2047_1-512.jpg"],[1,"1216741235_592542_2048_1-512.jpg"],[1,"1216741235_717427_2049_1-512.jpg"],[2,"1216741235_847438_2050_1-512.jpg"],[1,"1216741235_847438_2050_1-512.jpg"]],"design_ml":"undesigned","images":[]}
