{"MATERIAL":"corrugated metal/heavily patched","AVG_SLOPE":11.0758110629,"AVG_HEIGHT":0.23884930561,"TERAIN_SLP":17.3285912665,"AREA":48.1122763491,"VOLUME":11,"FLOORS":1,"INT_ZONE":null,"FLOOD":1,"LANDSLIDE":"Amenaza Media","LEGAL_ID":"358","LEGAL_NAME":"EL PARAISO","LEGAL_AREA":26.04,"LEGAL_LOTS":2077,"LEGAL_POP":11215.8,"LEGAL_DENS":79.76190476,"LEGALIZING":null,"BLOCK_ID_":"002565080","BLOCK_POP":162,"BLOCK_BLD":45,"BLOCK_RISK":3.8432705,"BLOCK_EDU":0.48982114,"BLOCK_HLTH":16.225189,"BLOCK_TRAN":89.690277,"BLOCK_CULT":0,"BLOCK_PARK":56.872684,"BLOCK_SEC":100,"BLOCK_CENT":0,"BLOCK_DEF":37.7777777778,"BLD_INHAB":4,"OBJECTID":2,"AO_225":0.2,"id":3178,"preds_material":[[5,"1216740969_213903_1183_1-512.jpg"],[5,"1216740969_568907_1184_1-512.jpg"],[5,"1216740969_898894_1185_1-512.jpg"],[6,"1216740970_233958_1186_1-512.jpg"],[5,"1216741235_082512_2044_1-512.jpg"],[5,"1216741235_207446_2045_1-512.jpg"],[5,"1216741235_332503_2046_1-512.jpg"],[5,"1216741235_462525_2047_1-512.jpg"],[5,"1216741235_592542_2048_1-512.jpg"],[5,"1216741235_717427_2049_1-512.jpg"],[5,"1216741235_847438_2050_1-512.jpg"],[5,"1216741235_977425_2051_1-512.jpg"],[5,"1216741236_107429_2052_1-512.jpg"],[5,"1216741236_242513_2053_1-512.jpg"],[5,"1216741236_377423_2054_1-512.jpg"],[5,"1216741236_512511_2055_1-512.jpg"],[5,"1216741236_647409_2056_1-512.jpg"]],"material_ml":"painted","preds_construction":[[2,"1216740969_213903_1183_1-512.jpg"],[2,"1216740969_568907_1184_1-512.jpg"],[2,"1216740969_898894_1185_1-512.jpg"],[2,"1216740970_233958_1186_1-512.jpg"],[2,"1216740970_623905_1187_1-512.jpg"],[1,"1216741235_082512_2044_1-512.jpg"],[1,"1216741235_207446_2045_1-512.jpg"],[1,"1216741235_332503_2046_1-512.jpg"],[1,"1216741235_462525_2047_1-512.jpg"],[1,"1216741235_592542_2048_1-512.jpg"],[1,"1216741235_717427_2049_1-512.jpg"],[1,"1216741235_847438_2050_1-512.jpg"],[1,"1216741235_977425_2051_1-512.jpg"],[1,"1216741236_107429_2052_1-512.jpg"],[1,"1216741236_242513_2053_1-512.jpg"],[1,"1216741236_377423_2054_1-512.jpg"],[1,"1216741236_512511_2055_1-512.jpg"],[2,"1216741236_647409_2056_1-512.jpg"]],"construction_ml":"incomplete","preds_design":[[2,"1216740969_213903_1183_1-512.jpg"],[2,"1216740969_568907_1184_1-512.jpg"],[2,"1216740969_898894_1185_1-512.jpg"],[2,"1216740970_233958_1186_1-512.jpg"],[1,"1216741235_082512_2044_1-512.jpg"],[1,"1216741235_207446_2045_1-512.jpg"],[1,"1216741235_332503_2046_1-512.jpg"],[1,"1216741235_462525_2047_1-512.jpg"],[1,"1216741235_592542_2048_1-512.jpg"],[1,"1216741235_717427_2049_1-512.jpg"],[1,"1216741235_847438_2050_1-512.jpg"],[1,"1216741235_977425_2051_1-512.jpg"],[1,"1216741236_107429_2052_1-512.jpg"],[1,"1216741236_242513_2053_1-512.jpg"],[1,"1216741236_377423_2054_1-512.jpg"],[1,"1216741236_512511_2055_1-512.jpg"]],"design_ml":"undesigned","images":[]}
