{"MATERIAL":"corrugated metal","AVG_SLOPE":5.96301299594,"AVG_HEIGHT":0.0014281931,"TERAIN_SLP":5.53461538317,"AREA":22.6593854295,"VOLUME":0,"FLOORS":1,"INT_ZONE":null,"FLOOD":1,"LANDSLIDE":"Amenaza Media","LEGAL_ID":"358","LEGAL_NAME":"EL PARAISO","LEGAL_AREA":26.04,"LEGAL_LOTS":2077,"LEGAL_POP":11215.8,"LEGAL_DENS":79.76190476,"LEGALIZING":null,"BLOCK_ID_":"002565080","BLOCK_POP":162,"BLOCK_BLD":45,"BLOCK_RISK":3.8432705,"BLOCK_EDU":0.48982114,"BLOCK_HLTH":16.225189,"BLOCK_TRAN":89.690277,"BLOCK_CULT":0,"BLOCK_PARK":56.872684,"BLOCK_SEC":100,"BLOCK_CENT":0,"BLOCK_DEF":37.7777777778,"BLD_INHAB":4,"OBJECTID":2,"AO_225":0.2,"id":3183,"preds_material":[[5,"1216741233_212535_2029_1-512.jpg"],[5,"1216741233_337465_2030_1-512.jpg"],[5,"1216741233_462507_2031_1-512.jpg"],[5,"1216741233_587453_2032_1-512.jpg"],[5,"1216741233_712516_2033_1-512.jpg"]],"material_ml":"painted","preds_construction":[[1,"1216741233_087520_2028_1-512.jpg"],[1,"1216741233_212535_2029_1-512.jpg"],[1,"1216741233_337465_2030_1-512.jpg"],[1,"1216741233_462507_2031_1-512.jpg"],[1,"1216741233_587453_2032_1-512.jpg"],[1,"1216741233_712516_2033_1-512.jpg"]],"construction_ml":"incomplete","preds_design":[[1,"1216741233_087520_2028_1-512.jpg"],[1,"1216741233_212535_2029_1-512.jpg"],[1,"1216741233_337465_2030_1-512.jpg"],[1,"1216741233_462507_2031_1-512.jpg"],[1,"1216741233_587453_2032_1-512.jpg"],[1,"1216741233_712516_2033_1-512.jpg"]],"design_ml":"undesigned","images":[]}
