{"MATERIAL":"corrugated metal/heavily patched","AVG_SLOPE":6.46600804129,"AVG_HEIGHT":0.47897391723,"TERAIN_SLP":13.46150247,"AREA":46.8718422034,"VOLUME":22,"FLOORS":1,"INT_ZONE":null,"FLOOD":1,"LANDSLIDE":"Amenaza Media","LEGAL_ID":"358","LEGAL_NAME":"EL PARAISO","LEGAL_AREA":26.04,"LEGAL_LOTS":2077,"LEGAL_POP":11215.8,"LEGAL_DENS":79.76190476,"LEGALIZING":null,"BLOCK_ID_":"002565080","BLOCK_POP":162,"BLOCK_BLD":45,"BLOCK_RISK":3.8432705,"BLOCK_EDU":0.48982114,"BLOCK_HLTH":16.225189,"BLOCK_TRAN":89.690277,"BLOCK_CULT":0,"BLOCK_PARK":56.872684,"BLOCK_SEC":100,"BLOCK_CENT":0,"BLOCK_DEF":37.7777777778,"BLD_INHAB":4,"OBJECTID":2,"AO_225":0.2,"id":3185,"preds_material":[[1,"1216741241_342505_2087_1-512.jpg"],[1,"1216741241_497363_2088_1-512.jpg"],[1,"1216741241_652498_2089_1-512.jpg"],[1,"1216741241_807410_2090_1-512.jpg"],[1,"1216741241_967365_2091_1-512.jpg"],[1,"1216741242_127434_2092_1-512.jpg"],[1,"1216741242_287363_2093_1-512.jpg"],[1,"1216741242_452473_2094_1-512.jpg"],[1,"1216741242_617492_2095_1-512.jpg"],[1,"1216741242_787375_2096_1-512.jpg"],[1,"1216741242_962501_2097_1-512.jpg"],[1,"1216741243_142487_2098_1-512.jpg"]],"material_ml":"brick","preds_construction":[[2,"1216741241_187412_2086_1-512.jpg"],[2,"1216741241_342505_2087_1-512.jpg"],[2,"1216741241_497363_2088_1-512.jpg"],[2,"1216741241_652498_2089_1-512.jpg"],[2,"1216741241_807410_2090_1-512.jpg"],[2,"1216741241_967365_2091_1-512.jpg"],[2,"1216741242_127434_2092_1-512.jpg"],[2,"1216741242_287363_2093_1-512.jpg"],[2,"1216741242_452473_2094_1-512.jpg"],[2,"1216741242_617492_2095_1-512.jpg"],[2,"1216741242_787375_2096_1-512.jpg"],[2,"1216741242_962501_2097_1-512.jpg"]],"construction_ml":"complete","preds_design":[[2,"1216741241_342505_2087_1-512.jpg"],[2,"1216741241_497363_2088_1-512.jpg"],[2,"1216741241_652498_2089_1-512.jpg"],[2,"1216741241_807410_2090_1-512.jpg"],[2,"1216741241_967365_2091_1-512.jpg"],[2,"1216741242_127434_2092_1-512.jpg"],[2,"1216741242_287363_2093_1-512.jpg"],[2,"1216741242_452473_2094_1-512.jpg"],[2,"1216741242_617492_2095_1-512.jpg"],[2,"1216741242_787375_2096_1-512.jpg"]],"design_ml":"designed","images":[]}
