{"MATERIAL":"corrugated metal","AVG_SLOPE":3.18786760066,"AVG_HEIGHT":2.19980103686,"TERAIN_SLP":28.3169962101,"AREA":59.6436874834,"VOLUME":131,"FLOORS":1,"INT_ZONE":null,"FLOOD":1,"LANDSLIDE":"Amenaza Media","LEGAL_ID":"358","LEGAL_NAME":"EL PARAISO","LEGAL_AREA":26.04,"LEGAL_LOTS":2077,"LEGAL_POP":11215.8,"LEGAL_DENS":79.76190476,"LEGALIZING":null,"BLOCK_ID_":"002565080","BLOCK_POP":162,"BLOCK_BLD":45,"BLOCK_RISK":3.8432705,"BLOCK_EDU":0.48982114,"BLOCK_HLTH":16.225189,"BLOCK_TRAN":89.690277,"BLOCK_CULT":0,"BLOCK_PARK":56.872684,"BLOCK_SEC":100,"BLOCK_CENT":0,"BLOCK_DEF":37.7777777778,"BLD_INHAB":4,"OBJECTID":2,"AO_225":0.2,"id":3187,"preds_material":[[5,"1216741238_592557_2069_1-512.jpg"],[5,"1216741238_752493_2070_1-512.jpg"],[5,"1216741238_912513_2071_1-512.jpg"],[5,"1216741239_072531_2072_1-512.jpg"],[5,"1216741239_227441_2073_1-512.jpg"],[5,"1216741239_382481_2074_1-512.jpg"],[5,"1216741239_532519_2075_1-512.jpg"],[5,"1216741239_682483_2076_1-512.jpg"],[5,"1216741239_832506_2077_1-512.jpg"],[5,"1216741239_982458_2078_1-512.jpg"],[1,"1216741240_132474_2079_1-512.jpg"],[5,"1216741240_132474_2079_1-512.jpg"]],"material_ml":"painted","preds_construction":[[2,"1216741238_592557_2069_1-512.jpg"],[2,"1216741238_752493_2070_1-512.jpg"],[2,"1216741238_912513_2071_1-512.jpg"],[2,"1216741239_072531_2072_1-512.jpg"],[2,"1216741239_227441_2073_1-512.jpg"],[2,"1216741239_382481_2074_1-512.jpg"],[2,"1216741239_532519_2075_1-512.jpg"],[2,"1216741239_682483_2076_1-512.jpg"],[2,"1216741239_832506_2077_1-512.jpg"],[2,"1216741239_982458_2078_1-512.jpg"],[2,"1216741240_132474_2079_1-512.jpg"]],"construction_ml":"complete","preds_design":[[2,"1216741238_592557_2069_1-512.jpg"],[2,"1216741238_752493_2070_1-512.jpg"],[2,"1216741238_912513_2071_1-512.jpg"],[2,"1216741239_072531_2072_1-512.jpg"],[2,"1216741239_227441_2073_1-512.jpg"],[2,"1216741239_382481_2074_1-512.jpg"],[2,"1216741239_532519_2075_1-512.jpg"],[2,"1216741239_682483_2076_1-512.jpg"],[2,"1216741239_832506_2077_1-512.jpg"],[2,"1216741239_982458_2078_1-512.jpg"],[2,"1216741240_132474_2079_1-512.jpg"]],"design_ml":"designed","images":[]}
