{"MATERIAL":"corrugated metal","AVG_SLOPE":3.7331923726,"AVG_HEIGHT":1.23419250536,"TERAIN_SLP":26.1451881163,"AREA":59.7150846541,"VOLUME":74,"FLOORS":1,"INT_ZONE":null,"FLOOD":1,"LANDSLIDE":"Amenaza Media","LEGAL_ID":"358","LEGAL_NAME":"EL PARAISO","LEGAL_AREA":26.04,"LEGAL_LOTS":2077,"LEGAL_POP":11215.8,"LEGAL_DENS":79.76190476,"LEGALIZING":null,"BLOCK_ID_":"002565080","BLOCK_POP":162,"BLOCK_BLD":45,"BLOCK_RISK":3.8432705,"BLOCK_EDU":0.48982114,"BLOCK_HLTH":16.225189,"BLOCK_TRAN":89.690277,"BLOCK_CULT":0,"BLOCK_PARK":56.872684,"BLOCK_SEC":100,"BLOCK_CENT":0,"BLOCK_DEF":37.7777777778,"BLD_INHAB":4,"OBJECTID":2,"AO_225":0.2,"id":3190,"preds_material":[[5,"1216740956_738991_1154_1-512.jpg"],[5,"1216740957_348959_1155_1-512.jpg"],[5,"1216740957_348959_1155_1-512.jpg"],[1,"1216740957_348959_1155_3-512.jpg"],[5,"1216740957_348959_1155_3-512.jpg"],[5,"1216740957_898975_1156_1-512.jpg"],[1,"1216740957_898975_1156_3-512.jpg"],[5,"1216740957_898975_1156_3-512.jpg"],[6,"1216740957_898975_1156_3-512.jpg"],[5,"1216740958_378968_1157_1-512.jpg"],[1,"1216740958_378968_1157_3-512.jpg"],[5,"1216740958_378968_1157_3-512.jpg"],[5,"1216740958_843999_1158_1-512.jpg"],[5,"1216740958_843999_1158_1-512.jpg"],[1,"1216740958_843999_1158_3-512.jpg"],[1,"1216740958_843999_1158_3-512.jpg"],[5,"1216740959_303950_1159_1-512.jpg"],[5,"1216740959_303950_1159_1-512.jpg"],[1,"1216740959_303950_1159_3-512.jpg"],[1,"1216740959_303950_1159_3-512.jpg"],[5,"1216740959_713986_1160_1-512.jpg"],[1,"1216740959_713986_1160_3-512.jpg"]],"material_ml":"painted","preds_construction":[[2,"1216740956_738991_1154_1-512.jpg"],[2,"1216740957_348959_1155_1-512.jpg"],[2,"1216740957_348959_1155_1-512.jpg"],[2,"1216740957_348959_1155_3-512.jpg"],[2,"1216740957_348959_1155_3-512.jpg"],[2,"1216740957_898975_1156_1-512.jpg"],[2,"1216740957_898975_1156_3-512.jpg"],[2,"1216740957_898975_1156_3-512.jpg"],[1,"1216740957_898975_1156_3-512.jpg"],[2,"1216740958_378968_1157_1-512.jpg"],[2,"1216740958_378968_1157_3-512.jpg"],[2,"1216740958_378968_1157_3-512.jpg"],[2,"1216740958_843999_1158_1-512.jpg"],[2,"1216740958_843999_1158_1-512.jpg"],[2,"1216740958_843999_1158_3-512.jpg"],[2,"1216740958_843999_1158_3-512.jpg"],[2,"1216740958_843999_1158_3-512.jpg"],[2,"1216740959_303950_1159_1-512.jpg"],[2,"1216740959_303950_1159_1-512.jpg"],[2,"1216740959_303950_1159_3-512.jpg"],[2,"1216740959_303950_1159_3-512.jpg"],[2,"1216740959_713986_1160_1-512.jpg"],[2,"1216740959_713986_1160_3-512.jpg"]],"construction_ml":"complete","preds_design":[[1,"1216740956_738991_1154_1-512.jpg"],[1,"1216740957_348959_1155_1-512.jpg"],[1,"1216740957_348959_1155_1-512.jpg"],[2,"1216740957_348959_1155_3-512.jpg"],[2,"1216740957_348959_1155_3-512.jpg"],[1,"1216740957_898975_1156_1-512.jpg"],[2,"1216740957_898975_1156_3-512.jpg"],[1,"1216740957_898975_1156_3-512.jpg"],[2,"1216740957_898975_1156_3-512.jpg"],[1,"1216740958_378968_1157_1-512.jpg"],[2,"1216740958_378968_1157_3-512.jpg"],[1,"1216740958_378968_1157_3-512.jpg"],[2,"1216740958_378968_1157_3-512.jpg"],[1,"1216740958_843999_1158_1-512.jpg"],[1,"1216740958_843999_1158_1-512.jpg"],[2,"1216740958_843999_1158_3-512.jpg"],[2,"1216740958_843999_1158_3-512.jpg"],[2,"1216740958_843999_1158_3-512.jpg"],[1,"1216740959_303950_1159_1-512.jpg"],[1,"1216740959_303950_1159_1-512.jpg"],[2,"1216740959_303950_1159_3-512.jpg"],[2,"1216740959_303950_1159_3-512.jpg"],[1,"1216740959_713986_1160_1-512.jpg"],[2,"1216740959_713986_1160_3-512.jpg"]],"design_ml":"undesigned","images":[]}
