{"MATERIAL":"concrete","AVG_SLOPE":11.0756252861,"AVG_HEIGHT":6.29410946718,"TERAIN_SLP":11.3471201657,"AREA":41.2464258054,"VOLUME":260,"FLOORS":2,"INT_ZONE":null,"FLOOD":1,"LANDSLIDE":"Amenaza Media","LEGAL_ID":"358","LEGAL_NAME":"EL PARAISO","LEGAL_AREA":26.04,"LEGAL_LOTS":2077,"LEGAL_POP":11215.8,"LEGAL_DENS":79.76190476,"LEGALIZING":null,"BLOCK_ID_":"002565080","BLOCK_POP":162,"BLOCK_BLD":45,"BLOCK_RISK":3.8432705,"BLOCK_EDU":0.48982114,"BLOCK_HLTH":16.225189,"BLOCK_TRAN":89.690277,"BLOCK_CULT":0,"BLOCK_PARK":56.872684,"BLOCK_SEC":100,"BLOCK_CENT":0,"BLOCK_DEF":37.7777777778,"BLD_INHAB":4,"OBJECTID":2,"AO_225":0.2,"id":3195,"preds_material":[[5,"1216745803_398991_12400_3-512.jpg"],[5,"1216745803_964179_12401_3-512.jpg"],[5,"1216745804_843912_12402_3-512.jpg"],[5,"1216745805_504133_12403_3-512.jpg"],[5,"1216745805_913882_12404_3-512.jpg"],[5,"1216745806_243935_12405_3-512.jpg"],[5,"1216745806_543939_12406_3-512.jpg"],[5,"1216745806_829048_12407_3-512.jpg"],[5,"1216745807_084025_12408_3-512.jpg"],[3,"1216745807_084025_12408_3-512.jpg"],[5,"1216745807_324019_12409_3-512.jpg"],[3,"1216745807_324019_12409_3-512.jpg"],[5,"1216745807_559091_12410_3-512.jpg"],[5,"1216745807_788982_12411_3-512.jpg"],[5,"1216745808_009004_12412_3-512.jpg"],[5,"1216745808_218990_12413_3-512.jpg"],[3,"1216745808_218990_12413_3-512.jpg"],[5,"1216745808_428970_12414_3-512.jpg"],[5,"1216745808_634028_12415_3-512.jpg"],[5,"1216745809_829039_12421_3-512.jpg"],[5,"1216745810_013892_12422_3-512.jpg"],[5,"1216745810_198912_12423_3-512.jpg"],[5,"1216745810_383927_12424_3-512.jpg"],[5,"1216745810_563935_12425_3-512.jpg"],[5,"1216745810_719226_12426_3-512.jpg"],[5,"1216745810_904001_12427_3-512.jpg"],[5,"1216745811_078966_12428_3-512.jpg"],[5,"1216745811_239305_12429_3-512.jpg"],[5,"1216745811_414246_12430_3-512.jpg"],[5,"1216745811_589275_12431_3-512.jpg"],[5,"1216745811_764262_12432_3-512.jpg"],[5,"1216746725_239366_15674_3-512.jpg"],[5,"1216746725_829238_15675_3-512.jpg"],[5,"1216746726_419296_15676_3-512.jpg"],[5,"1216746726_924750_15677_3-512.jpg"],[5,"1216746727_339390_15678_3-512.jpg"],[5,"1216746727_749281_15679_3-512.jpg"],[5,"1216746728_144325_15680_3-512.jpg"]],"material_ml":"painted","preds_construction":[[2,"1216745804_843912_12402_3-512.jpg"],[1,"1216745804_843912_12402_3-512.jpg"],[2,"1216745805_504133_12403_3-512.jpg"],[1,"1216745805_504133_12403_3-512.jpg"],[1,"1216745805_913882_12404_3-512.jpg"],[1,"1216745806_243935_12405_3-512.jpg"],[1,"1216745806_543939_12406_3-512.jpg"],[2,"1216745806_543939_12406_3-512.jpg"],[1,"1216745806_829048_12407_3-512.jpg"],[2,"1216745806_829048_12407_3-512.jpg"],[1,"1216745807_084025_12408_3-512.jpg"],[2,"1216745807_084025_12408_3-512.jpg"],[1,"1216745807_324019_12409_3-512.jpg"],[2,"1216745807_324019_12409_3-512.jpg"],[1,"1216745807_324019_12409_3-512.jpg"],[1,"1216745807_559091_12410_3-512.jpg"],[2,"1216745807_559091_12410_3-512.jpg"],[1,"1216745807_559091_12410_3-512.jpg"],[1,"1216745807_788982_12411_3-512.jpg"],[2,"1216745807_788982_12411_3-512.jpg"],[2,"1216745808_009004_12412_3-512.jpg"],[1,"1216745808_009004_12412_3-512.jpg"],[1,"1216745808_218990_12413_3-512.jpg"],[2,"1216745808_218990_12413_3-512.jpg"],[1,"1216745808_428970_12414_3-512.jpg"],[2,"1216745808_428970_12414_3-512.jpg"],[2,"1216745808_634028_12415_3-512.jpg"],[1,"1216745808_634028_12415_3-512.jpg"],[2,"1216745809_644047_12420_3-512.jpg"],[2,"1216745809_829039_12421_3-512.jpg"],[2,"1216745810_013892_12422_3-512.jpg"],[2,"1216745810_198912_12423_3-512.jpg"],[2,"1216745810_383927_12424_3-512.jpg"],[2,"1216745810_563935_12425_3-512.jpg"],[2,"1216745810_719226_12426_3-512.jpg"],[2,"1216745810_904001_12427_3-512.jpg"],[2,"1216745811_078966_12428_3-512.jpg"],[2,"1216745811_239305_12429_3-512.jpg"],[2,"1216745811_414246_12430_3-512.jpg"],[2,"1216745811_589275_12431_3-512.jpg"],[2,"1216745811_764262_12432_3-512.jpg"],[2,"1216745811_934183_12433_3-512.jpg"],[1,"1216746725_239366_15674_3-512.jpg"],[1,"1216746725_829238_15675_3-512.jpg"],[1,"1216746726_419296_15676_3-512.jpg"],[1,"1216746726_419296_15676_3-512.jpg"],[1,"1216746726_924750_15677_3-512.jpg"],[2,"1216746726_924750_15677_3-512.jpg"],[1,"1216746727_339390_15678_3-512.jpg"],[1,"1216746727_749281_15679_3-512.jpg"],[2,"1216746727_749281_15679_3-512.jpg"],[1,"1216746728_144325_15680_3-512.jpg"]],"construction_ml":"complete","preds_design":[[2,"1216745803_398991_12400_3-512.jpg"],[1,"1216745803_398991_12400_3-512.jpg"],[2,"1216745803_964179_12401_3-512.jpg"],[1,"1216745803_964179_12401_3-512.jpg"],[1,"1216745804_843912_12402_3-512.jpg"],[2,"1216745804_843912_12402_3-512.jpg"],[1,"1216745805_504133_12403_3-512.jpg"],[2,"1216745805_504133_12403_3-512.jpg"],[1,"1216745805_913882_12404_3-512.jpg"],[2,"1216745805_913882_12404_3-512.jpg"],[1,"1216745806_243935_12405_3-512.jpg"],[2,"1216745806_243935_12405_3-512.jpg"],[1,"1216745806_543939_12406_3-512.jpg"],[2,"1216745806_543939_12406_3-512.jpg"],[2,"1216745806_829048_12407_3-512.jpg"],[1,"1216745806_829048_12407_3-512.jpg"],[1,"1216745807_084025_12408_3-512.jpg"],[2,"1216745807_084025_12408_3-512.jpg"],[1,"1216745807_324019_12409_3-512.jpg"],[2,"1216745807_324019_12409_3-512.jpg"],[1,"1216745807_559091_12410_3-512.jpg"],[2,"1216745807_559091_12410_3-512.jpg"],[1,"1216745807_788982_12411_3-512.jpg"],[2,"1216745807_788982_12411_3-512.jpg"],[1,"1216745808_009004_12412_3-512.jpg"],[2,"1216745808_009004_12412_3-512.jpg"],[1,"1216745808_218990_12413_3-512.jpg"],[2,"1216745808_218990_12413_3-512.jpg"],[1,"1216745808_428970_12414_3-512.jpg"],[2,"1216745808_634028_12415_3-512.jpg"],[1,"1216745808_634028_12415_3-512.jpg"],[2,"1216745809_644047_12420_3-512.jpg"],[2,"1216745809_829039_12421_3-512.jpg"],[2,"1216745810_013892_12422_3-512.jpg"],[2,"1216745810_198912_12423_3-512.jpg"],[2,"1216745810_383927_12424_3-512.jpg"],[2,"1216745810_563935_12425_3-512.jpg"],[2,"1216745810_719226_12426_3-512.jpg"],[2,"1216745810_904001_12427_3-512.jpg"],[2,"1216745811_078966_12428_3-512.jpg"],[2,"1216745811_239305_12429_3-512.jpg"],[2,"1216745811_414246_12430_3-512.jpg"],[2,"1216745811_589275_12431_3-512.jpg"],[2,"1216745811_764262_12432_3-512.jpg"]],"design_ml":"designed","images":[]}
