{"MATERIAL":"corrugated metal - new","AVG_SLOPE":3.92701695264,"AVG_HEIGHT":5.90225147422,"TERAIN_SLP":4.58130341982,"AREA":71.2357367917,"VOLUME":420,"FLOORS":2,"INT_ZONE":null,"FLOOD":1,"LANDSLIDE":"Amenaza Media","LEGAL_ID":"358","LEGAL_NAME":"EL PARAISO","LEGAL_AREA":26.04,"LEGAL_LOTS":2077,"LEGAL_POP":11215.8,"LEGAL_DENS":79.76190476,"LEGALIZING":null,"BLOCK_ID_":"002565079","BLOCK_POP":157,"BLOCK_BLD":42,"BLOCK_RISK":5.6183891,"BLOCK_EDU":0.54992837,"BLOCK_HLTH":18.038561,"BLOCK_TRAN":80.964394,"BLOCK_CULT":0,"BLOCK_PARK":59.952087,"BLOCK_SEC":48.332272,"BLOCK_CENT":0,"BLOCK_DEF":38.0952380952,"BLD_INHAB":4,"OBJECTID":1,"AO_225":0.16,"id":3196,"preds_material":[[5,"1216740899_044512_1074_3-512.jpg"],[5,"1216740899_309292_1075_3-512.jpg"],[5,"1216740899_569290_1076_3-512.jpg"],[5,"1216740899_834334_1077_3-512.jpg"],[5,"1216740900_104292_1078_3-512.jpg"],[5,"1216740900_384288_1079_3-512.jpg"],[5,"1216740900_679291_1080_3-512.jpg"],[5,"1216740900_984307_1081_3-512.jpg"],[5,"1216740901_309287_1082_3-512.jpg"],[5,"1216740901_674311_1083_3-512.jpg"],[5,"1216740902_094280_1084_3-512.jpg"],[5,"1216740902_599247_1085_3-512.jpg"],[5,"1216740903_419227_1086_3-512.jpg"],[5,"1216740905_459254_1087_3-512.jpg"],[5,"1216740906_489262_1088_3-512.jpg"],[5,"1216740907_334272_1089_3-512.jpg"],[5,"1216740907_334272_1089_3-512.jpg"],[5,"1216740907_954303_1090_3-512.jpg"],[5,"1216740907_954303_1090_3-512.jpg"],[5,"1216740908_459280_1091_3-512.jpg"],[5,"1216740908_954242_1092_3-512.jpg"],[5,"1216740908_954242_1092_3-512.jpg"],[5,"1216740909_389247_1093_3-512.jpg"],[5,"1216740909_779218_1094_3-512.jpg"],[5,"1216740910_269230_1095_3-512.jpg"],[5,"1216740910_844449_1096_3-512.jpg"],[5,"1216740911_629222_1097_3-512.jpg"],[5,"1216740912_444218_1098_3-512.jpg"],[5,"1216740913_279226_1099_3-512.jpg"],[5,"1216740913_984245_1100_3-512.jpg"],[5,"1216740914_624453_1101_3-512.jpg"],[1,"1216745780_794488_12252_3-512.jpg"],[5,"1216745781_169189_12255_3-512.jpg"],[5,"1216745781_294187_12256_3-512.jpg"],[5,"1216745781_419242_12257_3-512.jpg"],[5,"1216745781_534255_12258_3-512.jpg"],[5,"1216745781_664241_12259_3-512.jpg"],[5,"1216745781_799225_12260_3-512.jpg"],[1,"1216745781_799225_12260_3-512.jpg"],[5,"1216745781_934283_12261_3-512.jpg"],[1,"1216745781_934283_12261_3-512.jpg"],[2,"1216745782_064293_12262_3-512.jpg"],[1,"1216745782_064293_12262_3-512.jpg"],[5,"1216745782_194248_12263_3-512.jpg"],[5,"1216745782_334328_12264_3-512.jpg"],[6,"1216745782_334328_12264_3-512.jpg"],[1,"1216745782_334328_12264_3-512.jpg"],[5,"1216745782_474357_12265_3-512.jpg"],[1,"1216745782_474357_12265_3-512.jpg"],[6,"1216745782_474357_12265_3-512.jpg"],[6,"1216745782_649337_12266_3-512.jpg"],[5,"1216745782_649337_12266_3-512.jpg"],[1,"1216745782_649337_12266_3-512.jpg"],[6,"1216745782_789426_12267_3-512.jpg"],[6,"1216745782_934402_12268_3-512.jpg"],[6,"1216745783_104235_12269_3-512.jpg"],[6,"1216745783_254117_12270_3-512.jpg"],[4,"1216745783_254117_12270_3-512.jpg"],[4,"1216745783_404136_12271_3-512.jpg"],[5,"1216745784_034154_12275_3-512.jpg"],[5,"1216745784_194161_12276_3-512.jpg"],[5,"1216745784_379326_12277_3-512.jpg"],[5,"1216745784_544366_12278_3-512.jpg"],[1,"1216745786_244386_12288_3-512.jpg"],[5,"1216745786_244386_12288_3-512.jpg"],[5,"1216745786_389368_12289_3-512.jpg"],[1,"1216745786_389368_12289_3-512.jpg"],[5,"1216745786_534428_12290_3-512.jpg"],[1,"1216745786_534428_12290_3-512.jpg"],[5,"1216745786_684408_12291_3-512.jpg"],[1,"1216745786_684408_12291_3-512.jpg"],[5,"1216745786_849314_12292_3-512.jpg"],[1,"1216745786_849314_12292_3-512.jpg"],[5,"1216745786_994278_12293_3-512.jpg"],[5,"1216745787_134287_12294_3-512.jpg"],[5,"1216745787_274288_12295_3-512.jpg"],[5,"1216745787_414168_12296_3-512.jpg"],[5,"1216745787_529306_12297_3-512.jpg"],[5,"1216745787_664300_12298_3-512.jpg"],[1,"1216745787_664300_12298_3-512.jpg"],[5,"1216745787_794287_12299_3-512.jpg"],[5,"1216745787_924286_12300_3-512.jpg"],[5,"1216745788_054405_12301_3-512.jpg"],[2,"1216745788_054405_12301_3-512.jpg"],[2,"1216745788_184291_12302_3-512.jpg"],[5,"1216745788_184291_12302_3-512.jpg"],[2,"1216745788_309363_12303_3-512.jpg"],[5,"1216745788_309363_12303_3-512.jpg"],[2,"1216745788_434310_12304_3-512.jpg"],[5,"1216745788_434310_12304_3-512.jpg"],[2,"1216745788_559413_12305_3-512.jpg"],[5,"1216745788_559413_12305_3-512.jpg"],[2,"1216745788_694215_12306_3-512.jpg"],[5,"1216745788_694215_12306_3-512.jpg"],[5,"1216745788_819142_12307_3-512.jpg"],[2,"1216745788_819142_12307_3-512.jpg"],[5,"1216745788_944169_12308_3-512.jpg"],[2,"1216745788_944169_12308_3-512.jpg"],[5,"1216745788_944169_12308_3-512.jpg"],[5,"1216745789_069179_12309_3-512.jpg"],[5,"1216745789_194087_12310_3-512.jpg"],[5,"1216745789_319308_12311_3-512.jpg"],[5,"1216745789_439172_12312_3-512.jpg"],[5,"1216745789_559129_12313_3-512.jpg"],[5,"1216745789_679201_12314_3-512.jpg"],[5,"1216745789_799176_12315_3-512.jpg"],[5,"1216745789_909341_12316_3-512.jpg"],[5,"1216745790_029078_12317_3-512.jpg"],[5,"1216745790_149139_12318_3-512.jpg"],[5,"1216745790_264120_12319_3-512.jpg"],[5,"1216745790_379108_12320_3-512.jpg"],[5,"1216745790_499312_12321_3-512.jpg"],[5,"1216745790_619298_12322_3-512.jpg"],[5,"1216745790_734571_12323_3-512.jpg"],[5,"1216745790_849320_12324_3-512.jpg"],[5,"1216745791_354450_12328_3-512.jpg"],[1,"1216745791_354450_12328_3-512.jpg"],[5,"1216745791_469370_12329_3-512.jpg"],[5,"1216745791_584353_12330_3-512.jpg"],[1,"1216746701_349541_15517_3-512.jpg"],[1,"1216746701_454528_15518_3-512.jpg"],[1,"1216746702_789513_15529_3-512.jpg"],[1,"1216746703_974628_15538_3-512.jpg"],[1,"1216746704_124553_15539_3-512.jpg"],[1,"1216746704_124553_15539_3-512.jpg"],[1,"1216746704_249377_15540_3-512.jpg"],[1,"1216746704_249377_15540_3-512.jpg"],[1,"1216746704_374625_15541_3-512.jpg"],[1,"1216746704_499395_15542_3-512.jpg"],[1,"1216746704_619374_15543_3-512.jpg"],[1,"1216746707_389493_15562_3-512.jpg"],[1,"1216746707_589712_15563_3-512.jpg"],[5,"1216746707_589712_15563_3-512.jpg"],[1,"1216746707_789430_15564_3-512.jpg"],[1,"1216746707_959571_15565_3-512.jpg"],[1,"1216746708_444514_15570_3-512.jpg"]],"material_ml":"painted",