{"MATERIAL":"corrugated metal - new","AVG_SLOPE":6.93520636599,"AVG_HEIGHT":6.92714942077,"TERAIN_SLP":4.68472484238,"AREA":66.0279593973,"VOLUME":457,"FLOORS":2,"INT_ZONE":null,"FLOOD":2,"LANDSLIDE":"Amenaza Media","LEGAL_ID":null,"LEGAL_NAME":null,"LEGAL_AREA":0,"LEGAL_LOTS":0,"LEGAL_POP":0,"LEGAL_DENS":0,"LEGALIZING":"No viable","BLOCK_ID_":"204106001","BLOCK_POP":831,"BLOCK_BLD":212,"BLOCK_RISK":2.4658778,"BLOCK_EDU":0,"BLOCK_HLTH":9.9786768,"BLOCK_TRAN":91.102531,"BLOCK_CULT":0,"BLOCK_PARK":90.285126,"BLOCK_SEC":55.59795,"BLOCK_CENT":0,"BLOCK_DEF":64.6226415094,"BLD_INHAB":4,"OBJECTID":1,"AO_225":0.16,"id":3197,"preds_material":[[1,"1216740720_550267_642_1-512.jpg"],[1,"1216740721_505301_643_1-512.jpg"],[1,"1216740722_395540_644_1-512.jpg"],[1,"1216740723_115300_645_1-512.jpg"],[1,"1216740723_790280_646_1-512.jpg"],[1,"1216740724_410266_647_1-512.jpg"],[1,"1216745773_669128_12207_1-512.jpg"],[1,"1216745773_859122_12208_1-512.jpg"],[1,"1216745774_639429_12212_1-512.jpg"],[1,"1216745774_829429_12213_1-512.jpg"],[1,"1216745775_009521_12214_1-512.jpg"],[1,"1216745775_199541_12215_1-512.jpg"],[1,"1216745775_389498_12216_1-512.jpg"],[1,"1216745775_579741_12217_1-512.jpg"],[5,"1216746678_404675_15368_1-512.jpg"],[2,"1216746678_589751_15369_1-512.jpg"],[2,"1216746678_769640_15370_1-512.jpg"],[6,"1216746678_769640_15370_1-512.jpg"],[2,"1216746678_939634_15371_1-512.jpg"],[2,"1216746678_939634_15371_1-512.jpg"],[2,"1216746679_099762_15372_1-512.jpg"],[1,"1216746679_099762_15372_1-512.jpg"],[6,"1216746679_099762_15372_1-512.jpg"],[1,"1216746679_259659_15373_1-512.jpg"],[2,"1216746679_259659_15373_1-512.jpg"],[6,"1216746679_259659_15373_1-512.jpg"],[2,"1216746679_399653_15374_1-512.jpg"],[1,"1216746679_399653_15374_1-512.jpg"],[6,"1216746679_399653_15374_1-512.jpg"],[2,"1216746679_554605_15375_1-512.jpg"],[1,"1216746679_554605_15375_1-512.jpg"],[6,"1216746679_554605_15375_1-512.jpg"],[1,"1216746679_704627_15376_1-512.jpg"],[2,"1216746679_704627_15376_1-512.jpg"],[5,"1216746679_704627_15376_1-512.jpg"],[5,"1216746680_699653_15383_1-512.jpg"],[1,"1216746681_664716_15390_1-512.jpg"],[1,"1216746681_799696_15391_1-512.jpg"],[1,"1216746681_929695_15392_1-512.jpg"],[1,"1216746682_059704_15393_1-512.jpg"],[1,"1216746682_189695_15394_1-512.jpg"],[1,"1216746682_284696_15395_1-512.jpg"],[1,"1216746682_284696_15395_1-512.jpg"],[5,"1216746682_414704_15396_1-512.jpg"],[1,"1216746682_414704_15396_1-512.jpg"],[1,"1216746682_414704_15396_1-512.jpg"],[1,"1216746682_544767_15397_1-512.jpg"],[5,"1216746682_544767_15397_1-512.jpg"],[1,"1216746682_669710_15398_1-512.jpg"],[5,"1216746682_669710_15398_1-512.jpg"],[1,"1216746682_834683_15399_1-512.jpg"],[5,"1216746682_834683_15399_1-512.jpg"],[1,"1216746682_964739_15400_1-512.jpg"],[5,"1216746682_964739_15400_1-512.jpg"],[1,"1216746683_094800_15401_1-512.jpg"],[5,"1216746683_094800_15401_1-512.jpg"],[1,"1216746683_219684_15402_1-512.jpg"],[5,"1216746683_219684_15402_1-512.jpg"],[1,"1216746683_324689_15403_1-512.jpg"],[5,"1216746683_324689_15403_1-512.jpg"],[1,"1216746683_449562_15404_1-512.jpg"],[5,"1216746683_449562_15404_1-512.jpg"],[1,"1216746683_574664_15405_1-512.jpg"],[1,"1216746683_574664_15405_1-512.jpg"],[5,"1216746683_574664_15405_1-512.jpg"],[5,"1216746683_574664_15405_1-512.jpg"],[1,"1216746683_699563_15406_1-512.jpg"],[1,"1216746683_699563_15406_1-512.jpg"],[5,"1216746683_699563_15406_1-512.jpg"],[1,"1216746683_829571_15407_1-512.jpg"],[1,"1216746683_829571_15407_1-512.jpg"],[5,"1216746683_829571_15407_1-512.jpg"],[1,"1216746683_964679_15408_1-512.jpg"],[1,"1216746683_964679_15408_1-512.jpg"],[5,"1216746683_964679_15408_1-512.jpg"],[1,"1216746684_104908_15409_1-512.jpg"],[1,"1216746684_104908_15409_1-512.jpg"],[5,"1216746684_104908_15409_1-512.jpg"],[5,"1216746684_104908_15409_1-512.jpg"],[5,"1216746684_244766_15410_1-512.jpg"],[1,"1216746684_244766_15410_1-512.jpg"],[1,"1216746684_244766_15410_1-512.jpg"],[5,"1216746684_244766_15410_1-512.jpg"],[1,"1216746684_389661_15411_1-512.jpg"],[5,"1216746684_534705_15412_1-512.jpg"],[1,"1216746684_534705_15412_1-512.jpg"],[5,"1216746684_534705_15412_1-512.jpg"],[1,"1216746684_694782_15413_1-512.jpg"],[1,"1216746684_879618_15414_1-512.jpg"],[5,"1216746684_879618_15414_1-512.jpg"],[1,"1216746685_044662_15415_1-512.jpg"],[1,"1216746685_204669_15416_1-512.jpg"],[1,"1216746685_369823_15417_1-512.jpg"]],"material_ml":"brick","preds_construction":[[2,"1216740719_120519_640_1-512.jpg"],[2,"1216740719_760287_641_1-512.jpg"],[2,"1216740720_550267_642_1-512.jpg"],[2,"1216740721_505301_643_1-512.jpg"],[2,"1216740722_395540_644_1-512.jpg"],[2,"1216740723_115300_645_1-512.jpg"],[2,"1216740723_790280_646_1-512.jpg"],[2,"1216740724_410266_647_1-512.jpg"],[1,"1216745774_234313_12210_1-512.jpg"],[2,"1216746678_014649_15366_1-512.jpg"],[2,"1216746678_214655_15367_1-512.jpg"],[2,"1216746678_404675_15368_1-512.jpg"],[2,"1216746678_589751_15369_1-512.jpg"],[2,"1216746678_769640_15370_1-512.jpg"],[2,"1216746678_939634_15371_1-512.jpg"],[2,"1216746679_099762_15372_1-512.jpg"],[2,"1216746679_259659_15373_1-512.jpg"],[2,"1216746679_399653_15374_1-512.jpg"],[2,"1216746679_554605_15375_1-512.jpg"],[2,"1216746679_704627_15376_1-512.jpg"],[2,"1216746681_664716_15390_1-512.jpg"],[2,"1216746681_799696_15391_1-512.jpg"],[2,"1216746682_284696_15395_1-512.jpg"],[2,"1216746682_414704_15396_1-512.jpg"],[2,"1216746682_544767_15397_1-512.jpg"],[2,"1216746682_669710_15398_1-512.jpg"],[2,"1216746682_834683_15399_1-512.jpg"],[2,"1216746682_964739_15400_1-512.jpg"],[2,"1216746683_094800_15401_1-512.jpg"],[2,"1216746683_219684_15402_1-512.jpg"],[2,"1216746683_324689_15403_1-512.jpg"],[2,"1216746683_449562_15404_1-512.jpg"],[2,"1216746683_449562_15404_1-512.jpg"],[2,"1216746683_574664_15405_1-512.jpg"],[2,"1216746683_574664_15405_1-512.jpg"],[2,"1216746683_699563_15406_1-512.jpg"],[2,"1216746683_699563_15406_1-512.jpg"],[2,"1216746683_699563_15406_1-512.jpg"],[2,"1216746683_829571_15407_1-512.jpg"],[2,"1216746683_829571_15407_1-512.jpg"],[2,"1216746683_964679_15408_1-512.jpg"],[2,"1216746683_964679_15408_1-512.jpg"],[1,"1216746683_964679_15408_1-512.jpg"],[2,"1216746684_104908_15409_1-512.jpg"],[2,"1216746684_104908_15409_1-512.jpg"],[2,"1216746684_244766_15410_1-512.jpg"],[2,"1216746684_244766_15410_1-512.jpg"],[2,"1216746684_389661_15411_1-512.jpg"],[2,"1216746684_389661_15411_1-512.jpg"],[2,"1216746684_534705_15412_1-512.jpg"],[2,"1216746684_534705_15412_1-512.jpg"],[2,"1216746684_694782_15413_1-512.jpg"],[2,"1216746684_879618_15414_1-512.jpg"],[2,"1216746685_044662_15415_1-512.jpg"],[2,"1216746685_204669_15416_1-512.jpg"],[2,"1216746685_369823_15417_1-512.jpg"]],"construction_ml":"complete",