{"MATERIAL":"corrugated metal","AVG_SLOPE":7.63893305137,"AVG_HEIGHT":0.35057057984,"TERAIN_SLP":10.7919068102,"AREA":55.1024966484,"VOLUME":19,"FLOORS":1,"INT_ZONE":null,"FLOOD":1,"LANDSLIDE":"Amenaza Media","LEGAL_ID":"358","LEGAL_NAME":"EL PARAISO","LEGAL_AREA":26.04,"LEGAL_LOTS":2077,"LEGAL_POP":11215.8,"LEGAL_DENS":79.76190476,"LEGALIZING":null,"BLOCK_ID_":"002565078","BLOCK_POP":239,"BLOCK_BLD":55,"BLOCK_RISK":14.84279,"BLOCK_EDU":0.6206513,"BLOCK_HLTH":20.12558,"BLOCK_TRAN":79.956421,"BLOCK_CULT":0,"BLOCK_PARK":63.107445,"BLOCK_SEC":100,"BLOCK_CENT":0,"BLOCK_DEF":54.5454545455,"BLD_INHAB":4,"OBJECTID":2,"AO_225":0.2,"id":3205,"preds_material":[[5,"1216743814_149108_8432_1-512.jpg"],[5,"1216743814_914134_8433_1-512.jpg"]],"material_ml":"painted","preds_construction":[[2,"1216743814_149108_8432_1-512.jpg"],[2,"1216743814_914134_8433_1-512.jpg"]],"construction_ml":"complete","preds_design":[[2,"1216743814_149108_8432_1-512.jpg"],[2,"1216743814_914134_8433_1-512.jpg"]],"design_ml":"designed","images":[]}
