{"MATERIAL":"corrugated metal","AVG_SLOPE":3.44404022113,"AVG_HEIGHT":5.14437826801,"TERAIN_SLP":17.2920809924,"AREA":34.717501658,"VOLUME":179,"FLOORS":2,"INT_ZONE":null,"FLOOD":1,"LANDSLIDE":"Amenaza Media","LEGAL_ID":"358","LEGAL_NAME":"EL PARAISO","LEGAL_AREA":26.04,"LEGAL_LOTS":2077,"LEGAL_POP":11215.8,"LEGAL_DENS":79.76190476,"LEGALIZING":null,"BLOCK_ID_":"002565078","BLOCK_POP":239,"BLOCK_BLD":55,"BLOCK_RISK":14.84279,"BLOCK_EDU":0.6206513,"BLOCK_HLTH":20.12558,"BLOCK_TRAN":79.956421,"BLOCK_CULT":0,"BLOCK_PARK":63.107445,"BLOCK_SEC":100,"BLOCK_CENT":0,"BLOCK_DEF":54.5454545455,"BLD_INHAB":4,"OBJECTID":2,"AO_225":0.2,"id":3206,"preds_material":[[5,"1216740857_149489_977_1-512.jpg"],[2,"1216740859_064527_978_1-512.jpg"],[2,"1216740861_304523_979_1-512.jpg"],[5,"1216740866_404526_982_1-512.jpg"],[2,"1216740867_114493_983_1-512.jpg"],[5,"1216740867_114493_983_1-512.jpg"],[2,"1216740867_684483_984_1-512.jpg"],[5,"1216740867_684483_984_1-512.jpg"],[2,"1216740868_199454_985_1-512.jpg"],[2,"1216740868_689441_986_1-512.jpg"],[2,"1216740869_159449_987_1-512.jpg"]],"material_ml":"concrete","preds_construction":[[2,"1216740857_149489_977_1-512.jpg"],[2,"1216740859_064527_978_1-512.jpg"],[2,"1216740861_304523_979_1-512.jpg"],[2,"1216740866_404526_982_1-512.jpg"],[2,"1216740867_114493_983_1-512.jpg"],[2,"1216740867_114493_983_1-512.jpg"],[2,"1216740867_684483_984_1-512.jpg"],[2,"1216740867_684483_984_1-512.jpg"],[2,"1216740868_199454_985_1-512.jpg"],[2,"1216740868_689441_986_1-512.jpg"],[2,"1216740869_159449_987_1-512.jpg"],[2,"1216740869_584506_988_1-512.jpg"]],"construction_ml":"complete","preds_design":[[2,"1216740857_149489_977_1-512.jpg"],[2,"1216740859_064527_978_1-512.jpg"],[2,"1216740861_304523_979_1-512.jpg"],[1,"1216740866_404526_982_1-512.jpg"],[2,"1216740867_114493_983_1-512.jpg"],[1,"1216740867_114493_983_1-512.jpg"],[2,"1216740867_684483_984_1-512.jpg"],[1,"1216740867_684483_984_1-512.jpg"],[2,"1216740868_199454_985_1-512.jpg"],[2,"1216740868_689441_986_1-512.jpg"],[2,"1216740869_159449_987_1-512.jpg"],[2,"1216740869_584506_988_1-512.jpg"]],"design_ml":"designed","images":[]}
