{"MATERIAL":"concrete","AVG_SLOPE":2.52086150222,"AVG_HEIGHT":1.07053536265,"TERAIN_SLP":13.0860423522,"AREA":27.1561805084,"VOLUME":29,"FLOORS":1,"INT_ZONE":null,"FLOOD":2,"LANDSLIDE":"Amenaza Media","LEGAL_ID":"358","LEGAL_NAME":"EL PARAISO","LEGAL_AREA":26.04,"LEGAL_LOTS":2077,"LEGAL_POP":11215.8,"LEGAL_DENS":79.76190476,"LEGALIZING":null,"BLOCK_ID_":"002565078","BLOCK_POP":239,"BLOCK_BLD":55,"BLOCK_RISK":14.84279,"BLOCK_EDU":0.6206513,"BLOCK_HLTH":20.12558,"BLOCK_TRAN":79.956421,"BLOCK_CULT":0,"BLOCK_PARK":63.107445,"BLOCK_SEC":100,"BLOCK_CENT":0,"BLOCK_DEF":54.5454545455,"BLD_INHAB":4,"OBJECTID":2,"AO_225":0.2,"id":3208,"preds_material":[[1,"1216740755_205118_754_1-512.jpg"],[1,"1216740755_485121_755_1-512.jpg"],[1,"1216740755_775131_756_1-512.jpg"],[1,"1216740756_065137_757_1-512.jpg"],[1,"1216740756_390042_758_1-512.jpg"],[1,"1216740756_710027_759_1-512.jpg"],[5,"1216740756_710027_759_1-512.jpg"],[1,"1216740756_710027_759_1-512.jpg"],[1,"1216740757_035250_760_1-512.jpg"],[5,"1216740757_035250_760_1-512.jpg"],[1,"1216740757_390051_761_1-512.jpg"]],"material_ml":"brick","preds_construction":[[2,"1216740755_205118_754_1-512.jpg"],[2,"1216740755_485121_755_1-512.jpg"],[2,"1216740755_775131_756_1-512.jpg"],[2,"1216740756_065137_757_1-512.jpg"],[2,"1216740756_390042_758_1-512.jpg"],[2,"1216740756_710027_759_1-512.jpg"],[2,"1216740756_710027_759_1-512.jpg"],[2,"1216740757_035250_760_1-512.jpg"],[2,"1216740757_035250_760_1-512.jpg"],[2,"1216740757_390051_761_1-512.jpg"]],"construction_ml":"complete","preds_design":[[2,"1216740755_205118_754_1-512.jpg"],[2,"1216740755_485121_755_1-512.jpg"],[2,"1216740755_775131_756_1-512.jpg"],[2,"1216740756_065137_757_1-512.jpg"],[2,"1216740756_390042_758_1-512.jpg"],[2,"1216740756_390042_758_1-512.jpg"],[2,"1216740756_710027_759_1-512.jpg"],[2,"1216740756_710027_759_1-512.jpg"],[2,"1216740757_035250_760_1-512.jpg"],[2,"1216740757_035250_760_1-512.jpg"],[2,"1216740757_390051_761_1-512.jpg"]],"design_ml":"designed","images":[]}
