{"MATERIAL":"corrugated metal/heavily patched","AVG_SLOPE":4.36521220031,"AVG_HEIGHT":1.03757720889,"TERAIN_SLP":23.8662253523,"AREA":60.3425159086,"VOLUME":63,"FLOORS":1,"INT_ZONE":null,"FLOOD":1,"LANDSLIDE":"Amenaza Media","LEGAL_ID":"358","LEGAL_NAME":"EL PARAISO","LEGAL_AREA":26.04,"LEGAL_LOTS":2077,"LEGAL_POP":11215.8,"LEGAL_DENS":79.76190476,"LEGALIZING":null,"BLOCK_ID_":"002565078","BLOCK_POP":239,"BLOCK_BLD":55,"BLOCK_RISK":14.84279,"BLOCK_EDU":0.6206513,"BLOCK_HLTH":20.12558,"BLOCK_TRAN":79.956421,"BLOCK_CULT":0,"BLOCK_PARK":63.107445,"BLOCK_SEC":100,"BLOCK_CENT":0,"BLOCK_DEF":54.5454545455,"BLD_INHAB":4,"OBJECTID":2,"AO_225":0.2,"id":3210,"preds_material":[[5,"1216740844_404639_966_1-512.jpg"],[5,"1216740844_859641_967_1-512.jpg"],[5,"1216740845_474624_968_1-512.jpg"],[5,"1216740846_199599_969_1-512.jpg"],[5,"1216740846_944623_970_1-512.jpg"],[5,"1216740847_814612_971_1-512.jpg"],[5,"1216740849_289594_972_1-512.jpg"],[5,"1216740850_514621_973_1-512.jpg"],[5,"1216740851_514623_974_1-512.jpg"],[5,"1216740852_809659_975_1-512.jpg"],[5,"1216740854_229535_976_1-512.jpg"],[5,"1216740857_149489_977_1-512.jpg"],[5,"1216740859_064527_978_1-512.jpg"],[5,"1216740861_304523_979_1-512.jpg"],[5,"1216740864_334578_980_1-512.jpg"],[5,"1216740865_559479_981_1-512.jpg"],[5,"1216743814_914134_8433_1-512.jpg"],[5,"1216743816_068888_8434_1-512.jpg"],[5,"1216743817_209227_8435_1-512.jpg"]],"material_ml":"painted","preds_construction":[[2,"1216740844_404639_966_1-512.jpg"],[2,"1216740844_859641_967_1-512.jpg"],[2,"1216740845_474624_968_1-512.jpg"],[2,"1216740846_199599_969_1-512.jpg"],[2,"1216740846_944623_970_1-512.jpg"],[2,"1216740847_814612_971_1-512.jpg"],[2,"1216740849_289594_972_1-512.jpg"],[2,"1216740850_514621_973_1-512.jpg"],[2,"1216740851_514623_974_1-512.jpg"],[2,"1216740852_809659_975_1-512.jpg"],[2,"1216740854_229535_976_1-512.jpg"],[2,"1216740857_149489_977_1-512.jpg"],[2,"1216740859_064527_978_1-512.jpg"],[2,"1216740861_304523_979_1-512.jpg"],[2,"1216740864_334578_980_1-512.jpg"],[2,"1216740865_559479_981_1-512.jpg"],[2,"1216743814_914134_8433_1-512.jpg"],[2,"1216743816_068888_8434_1-512.jpg"],[2,"1216743817_209227_8435_1-512.jpg"]],"construction_ml":"complete","preds_design":[[1,"1216740843_974630_965_1-512.jpg"],[1,"1216740844_404639_966_1-512.jpg"],[1,"1216740844_859641_967_1-512.jpg"],[1,"1216740845_474624_968_1-512.jpg"],[1,"1216740846_199599_969_1-512.jpg"],[1,"1216740846_944623_970_1-512.jpg"],[1,"1216740847_814612_971_1-512.jpg"],[1,"1216740849_289594_972_1-512.jpg"],[1,"1216740850_514621_973_1-512.jpg"],[1,"1216740851_514623_974_1-512.jpg"],[1,"1216740852_809659_975_1-512.jpg"],[1,"1216740854_229535_976_1-512.jpg"],[1,"1216740857_149489_977_1-512.jpg"],[1,"1216740859_064527_978_1-512.jpg"],[1,"1216740861_304523_979_1-512.jpg"],[1,"1216740864_334578_980_1-512.jpg"],[1,"1216740865_559479_981_1-512.jpg"],[2,"1216743814_914134_8433_1-512.jpg"],[2,"1216743816_068888_8434_1-512.jpg"],[2,"1216743817_209227_8435_1-512.jpg"]],"design_ml":"undesigned","images":[]}
