{"MATERIAL":"corrugated metal","AVG_SLOPE":5.16885013642,"AVG_HEIGHT":1.85599929457,"TERAIN_SLP":19.5954001126,"AREA":61.3804512611,"VOLUME":114,"FLOORS":1,"INT_ZONE":null,"FLOOD":3,"LANDSLIDE":"Amenaza Media","LEGAL_ID":"358","LEGAL_NAME":"EL PARAISO","LEGAL_AREA":26.04,"LEGAL_LOTS":2077,"LEGAL_POP":11215.8,"LEGAL_DENS":79.76190476,"LEGALIZING":null,"BLOCK_ID_":"002565078","BLOCK_POP":239,"BLOCK_BLD":55,"BLOCK_RISK":14.84279,"BLOCK_EDU":0.6206513,"BLOCK_HLTH":20.12558,"BLOCK_TRAN":79.956421,"BLOCK_CULT":0,"BLOCK_PARK":63.107445,"BLOCK_SEC":100,"BLOCK_CENT":0,"BLOCK_DEF":54.5454545455,"BLD_INHAB":4,"OBJECTID":2,"AO_225":0.2,"id":3213,"preds_material":[[1,"1216740749_570067_731_1-512.jpg"],[1,"1216740749_825127_732_1-512.jpg"],[1,"1216740750_065127_733_1-512.jpg"],[5,"1216740750_300058_734_1-512.jpg"],[1,"1216740750_300058_734_1-512.jpg"],[1,"1216740750_540074_735_1-512.jpg"],[5,"1216740750_540074_735_1-512.jpg"],[1,"1216740750_780066_736_1-512.jpg"],[5,"1216740750_780066_736_1-512.jpg"],[1,"1216740751_015169_737_1-512.jpg"],[1,"1216740751_245186_738_1-512.jpg"],[1,"1216740751_475131_739_1-512.jpg"]],"material_ml":"brick","preds_construction":[[2,"1216740749_570067_731_1-512.jpg"],[2,"1216740749_825127_732_1-512.jpg"],[2,"1216740750_065127_733_1-512.jpg"],[2,"1216740750_300058_734_1-512.jpg"],[2,"1216740750_300058_734_1-512.jpg"],[2,"1216740750_540074_735_1-512.jpg"],[2,"1216740750_540074_735_1-512.jpg"],[2,"1216740750_780066_736_1-512.jpg"],[2,"1216740750_780066_736_1-512.jpg"],[2,"1216740751_015169_737_1-512.jpg"],[2,"1216740751_245186_738_1-512.jpg"],[2,"1216740751_475131_739_1-512.jpg"]],"construction_ml":"complete","preds_design":[[2,"1216740749_570067_731_1-512.jpg"],[2,"1216740749_825127_732_1-512.jpg"],[2,"1216740750_065127_733_1-512.jpg"],[2,"1216740750_300058_734_1-512.jpg"],[2,"1216740750_300058_734_1-512.jpg"],[2,"1216740750_540074_735_1-512.jpg"],[2,"1216740750_540074_735_1-512.jpg"],[2,"1216740750_780066_736_1-512.jpg"],[2,"1216740751_015169_737_1-512.jpg"],[2,"1216740751_245186_738_1-512.jpg"],[2,"1216740751_475131_739_1-512.jpg"]],"design_ml":"designed","images":[]}
