{"MATERIAL":"corrugated metal","AVG_SLOPE":6.87942683428,"AVG_HEIGHT":2.48400929966,"TERAIN_SLP":22.2708683957,"AREA":68.6451048594,"VOLUME":171,"FLOORS":1,"INT_ZONE":null,"FLOOD":2,"LANDSLIDE":"Amenaza Media","LEGAL_ID":"358","LEGAL_NAME":"EL PARAISO","LEGAL_AREA":26.04,"LEGAL_LOTS":2077,"LEGAL_POP":11215.8,"LEGAL_DENS":79.76190476,"LEGALIZING":null,"BLOCK_ID_":"002565078","BLOCK_POP":239,"BLOCK_BLD":55,"BLOCK_RISK":14.84279,"BLOCK_EDU":0.6206513,"BLOCK_HLTH":20.12558,"BLOCK_TRAN":79.956421,"BLOCK_CULT":0,"BLOCK_PARK":63.107445,"BLOCK_SEC":100,"BLOCK_CENT":0,"BLOCK_DEF":54.5454545455,"BLD_INHAB":4,"OBJECTID":2,"AO_225":0.2,"id":3216,"preds_material":[[1,"1216740871_064459_992_1-512.jpg"],[5,"1216740871_064459_992_1-512.jpg"],[5,"1216740871_409437_993_1-512.jpg"],[5,"1216740871_724456_994_1-512.jpg"],[5,"1216740871_724456_994_1-512.jpg"],[5,"1216740872_014493_995_1-512.jpg"],[5,"1216740872_014493_995_1-512.jpg"],[5,"1216740872_304452_996_1-512.jpg"],[5,"1216740872_594480_997_1-512.jpg"],[5,"1216740872_884454_998_1-512.jpg"],[5,"1216740873_174461_999_1-512.jpg"],[5,"1216740873_454461_1000_1-512.jpg"]],"material_ml":"painted","preds_construction":[[2,"1216740871_064459_992_1-512.jpg"],[2,"1216740871_409437_993_1-512.jpg"],[2,"1216740871_724456_994_1-512.jpg"],[2,"1216740871_724456_994_1-512.jpg"],[2,"1216740872_014493_995_1-512.jpg"],[2,"1216740872_014493_995_1-512.jpg"],[2,"1216740872_304452_996_1-512.jpg"],[2,"1216740872_594480_997_1-512.jpg"],[2,"1216740872_884454_998_1-512.jpg"],[2,"1216740873_174461_999_1-512.jpg"],[2,"1216740873_454461_1000_1-512.jpg"]],"construction_ml":"complete","preds_design":[[2,"1216740871_064459_992_1-512.jpg"],[2,"1216740871_409437_993_1-512.jpg"],[2,"1216740871_724456_994_1-512.jpg"],[2,"1216740871_724456_994_1-512.jpg"],[2,"1216740872_014493_995_1-512.jpg"],[2,"1216740872_014493_995_1-512.jpg"],[2,"1216740872_304452_996_1-512.jpg"],[2,"1216740872_594480_997_1-512.jpg"],[2,"1216740872_884454_998_1-512.jpg"],[2,"1216740873_174461_999_1-512.jpg"],[2,"1216740873_454461_1000_1-512.jpg"]],"design_ml":"designed","images":[]}
