{"MATERIAL":"corrugated metal/heavily patched","AVG_SLOPE":4.54509223277,"AVG_HEIGHT":0.3403372126,"TERAIN_SLP":13.654261909,"AREA":56.0425532893,"VOLUME":19,"FLOORS":1,"INT_ZONE":null,"FLOOD":3,"LANDSLIDE":"Amenaza Media","LEGAL_ID":"358","LEGAL_NAME":"EL PARAISO","LEGAL_AREA":26.04,"LEGAL_LOTS":2077,"LEGAL_POP":11215.8,"LEGAL_DENS":79.76190476,"LEGALIZING":null,"BLOCK_ID_":"002565078","BLOCK_POP":239,"BLOCK_BLD":55,"BLOCK_RISK":14.84279,"BLOCK_EDU":0.6206513,"BLOCK_HLTH":20.12558,"BLOCK_TRAN":79.956421,"BLOCK_CULT":0,"BLOCK_PARK":63.107445,"BLOCK_SEC":100,"BLOCK_CENT":0,"BLOCK_DEF":54.5454545455,"BLD_INHAB":4,"OBJECTID":2,"AO_225":0.2,"id":3217,"preds_material":[[2,"1216740872_884454_998_1-512.jpg"],[2,"1216740873_174461_999_1-512.jpg"],[2,"1216740873_454461_1000_1-512.jpg"],[2,"1216740873_739430_1001_1-512.jpg"],[5,"1216740873_739430_1001_1-512.jpg"],[2,"1216740874_044628_1002_1-512.jpg"],[1,"1216740874_044628_1002_1-512.jpg"],[5,"1216740874_044628_1002_1-512.jpg"],[2,"1216740874_364453_1003_1-512.jpg"],[2,"1216740874_689437_1004_1-512.jpg"],[2,"1216740875_009572_1005_1-512.jpg"],[2,"1216740875_334450_1006_1-512.jpg"]],"material_ml":"concrete","preds_construction":[[2,"1216740872_884454_998_1-512.jpg"],[2,"1216740873_174461_999_1-512.jpg"],[2,"1216740873_454461_1000_1-512.jpg"],[2,"1216740873_739430_1001_1-512.jpg"],[2,"1216740873_739430_1001_1-512.jpg"],[2,"1216740874_044628_1002_1-512.jpg"],[2,"1216740874_044628_1002_1-512.jpg"],[2,"1216740874_364453_1003_1-512.jpg"],[2,"1216740874_689437_1004_1-512.jpg"],[2,"1216740875_009572_1005_1-512.jpg"],[2,"1216740875_334450_1006_1-512.jpg"]],"construction_ml":"complete","preds_design":[[1,"1216740872_594480_997_1-512.jpg"],[1,"1216740872_884454_998_1-512.jpg"],[1,"1216740873_174461_999_1-512.jpg"],[1,"1216740873_454461_1000_1-512.jpg"],[1,"1216740873_739430_1001_1-512.jpg"],[2,"1216740873_739430_1001_1-512.jpg"],[1,"1216740874_044628_1002_1-512.jpg"],[2,"1216740874_044628_1002_1-512.jpg"],[1,"1216740874_364453_1003_1-512.jpg"],[1,"1216740874_689437_1004_1-512.jpg"],[1,"1216740875_009572_1005_1-512.jpg"],[1,"1216740875_334450_1006_1-512.jpg"]],"design_ml":"undesigned","images":[]}
