{"MATERIAL":"corrugated metal","AVG_SLOPE":3.94040450751,"AVG_HEIGHT":3.09763199001,"TERAIN_SLP":14.7327335944,"AREA":63.4151845752,"VOLUME":196,"FLOORS":2,"INT_ZONE":null,"FLOOD":2,"LANDSLIDE":"Amenaza Media","LEGAL_ID":"358","LEGAL_NAME":"EL PARAISO","LEGAL_AREA":26.04,"LEGAL_LOTS":2077,"LEGAL_POP":11215.8,"LEGAL_DENS":79.76190476,"LEGALIZING":null,"BLOCK_ID_":"002565078","BLOCK_POP":239,"BLOCK_BLD":55,"BLOCK_RISK":14.84279,"BLOCK_EDU":0.6206513,"BLOCK_HLTH":20.12558,"BLOCK_TRAN":79.956421,"BLOCK_CULT":0,"BLOCK_PARK":63.107445,"BLOCK_SEC":100,"BLOCK_CENT":0,"BLOCK_DEF":54.5454545455,"BLD_INHAB":4,"OBJECTID":2,"AO_225":0.2,"id":3221,"preds_material":[[1,"1216740874_364453_1003_1-512.jpg"],[1,"1216740874_689437_1004_1-512.jpg"],[1,"1216740875_009572_1005_1-512.jpg"],[1,"1216740875_334450_1006_1-512.jpg"],[1,"1216740875_664454_1007_1-512.jpg"],[2,"1216740875_664454_1007_1-512.jpg"],[1,"1216740876_014485_1008_1-512.jpg"],[2,"1216740876_014485_1008_1-512.jpg"],[1,"1216740876_404463_1009_1-512.jpg"],[1,"1216740876_799421_1010_1-512.jpg"],[1,"1216740877_174437_1011_1-512.jpg"],[1,"1216740877_524435_1012_1-512.jpg"],[1,"1216740877_884499_1013_1-512.jpg"],[1,"1216740878_244500_1014_1-512.jpg"]],"material_ml":"brick","preds_construction":[[2,"1216740874_364453_1003_1-512.jpg"],[2,"1216740874_689437_1004_1-512.jpg"],[2,"1216740875_009572_1005_1-512.jpg"],[2,"1216740875_334450_1006_1-512.jpg"],[2,"1216740875_664454_1007_1-512.jpg"],[2,"1216740875_664454_1007_1-512.jpg"],[2,"1216740876_014485_1008_1-512.jpg"],[2,"1216740876_014485_1008_1-512.jpg"],[2,"1216740876_404463_1009_1-512.jpg"],[2,"1216740876_799421_1010_1-512.jpg"],[2,"1216740877_174437_1011_1-512.jpg"],[2,"1216740877_524435_1012_1-512.jpg"],[2,"1216740877_884499_1013_1-512.jpg"],[2,"1216740878_244500_1014_1-512.jpg"],[2,"1216740878_584433_1015_1-512.jpg"]],"construction_ml":"complete","preds_design":[[2,"1216740874_364453_1003_1-512.jpg"],[2,"1216740874_689437_1004_1-512.jpg"],[2,"1216740875_009572_1005_1-512.jpg"],[2,"1216740875_334450_1006_1-512.jpg"],[2,"1216740875_664454_1007_1-512.jpg"],[1,"1216740875_664454_1007_1-512.jpg"],[2,"1216740876_014485_1008_1-512.jpg"],[1,"1216740876_014485_1008_1-512.jpg"],[2,"1216740876_014485_1008_1-512.jpg"],[2,"1216740876_404463_1009_1-512.jpg"],[2,"1216740876_799421_1010_1-512.jpg"],[2,"1216740877_174437_1011_1-512.jpg"],[2,"1216740877_524435_1012_1-512.jpg"],[2,"1216740877_884499_1013_1-512.jpg"],[2,"1216740878_244500_1014_1-512.jpg"],[2,"1216740878_584433_1015_1-512.jpg"]],"design_ml":"designed","images":[]}
