{"MATERIAL":"corrugated metal","AVG_SLOPE":10.8852611032,"AVG_HEIGHT":3.63503512969,"TERAIN_SLP":7.76277477038,"AREA":61.6463285265,"VOLUME":224,"FLOORS":2,"INT_ZONE":null,"FLOOD":1,"LANDSLIDE":"Amenaza Media","LEGAL_ID":"358","LEGAL_NAME":"EL PARAISO","LEGAL_AREA":26.04,"LEGAL_LOTS":2077,"LEGAL_POP":11215.8,"LEGAL_DENS":79.76190476,"LEGALIZING":null,"BLOCK_ID_":"002565078","BLOCK_POP":239,"BLOCK_BLD":55,"BLOCK_RISK":14.84279,"BLOCK_EDU":0.6206513,"BLOCK_HLTH":20.12558,"BLOCK_TRAN":79.956421,"BLOCK_CULT":0,"BLOCK_PARK":63.107445,"BLOCK_SEC":100,"BLOCK_CENT":0,"BLOCK_DEF":54.5454545455,"BLD_INHAB":4,"OBJECTID":1,"AO_225":0.16,"id":3229,"preds_material":[[5,"1216740740_170164_702_1-512.jpg"],[5,"1216740740_500154_703_1-512.jpg"],[5,"1216740740_500154_703_1-512.jpg"],[5,"1216740740_820165_704_1-512.jpg"],[5,"1216740740_820165_704_1-512.jpg"],[5,"1216740741_115202_705_1-512.jpg"],[2,"1216740741_115202_705_1-512.jpg"],[5,"1216740741_115202_705_1-512.jpg"],[5,"1216740741_115202_705_1-512.jpg"],[5,"1216740741_410162_706_1-512.jpg"],[5,"1216740741_410162_706_1-512.jpg"],[2,"1216740741_410162_706_1-512.jpg"],[2,"1216740741_410162_706_1-512.jpg"],[5,"1216740741_410162_706_1-512.jpg"],[5,"1216740741_700160_707_1-512.jpg"],[5,"1216740741_700160_707_1-512.jpg"],[5,"1216740741_700160_707_1-512.jpg"],[5,"1216740742_000182_708_1-512.jpg"],[5,"1216740742_000182_708_1-512.jpg"],[5,"1216740742_305178_709_1-512.jpg"],[5,"1216740742_305178_709_1-512.jpg"]],"material_ml":"painted","preds_construction":[[2,"1216740740_170164_702_1-512.jpg"],[2,"1216740740_500154_703_1-512.jpg"],[2,"1216740740_500154_703_1-512.jpg"],[2,"1216740740_820165_704_1-512.jpg"],[2,"1216740740_820165_704_1-512.jpg"],[2,"1216740741_115202_705_1-512.jpg"],[2,"1216740741_115202_705_1-512.jpg"],[2,"1216740741_115202_705_1-512.jpg"],[2,"1216740741_410162_706_1-512.jpg"],[2,"1216740741_410162_706_1-512.jpg"],[2,"1216740741_410162_706_1-512.jpg"],[2,"1216740741_410162_706_1-512.jpg"],[2,"1216740741_700160_707_1-512.jpg"],[2,"1216740741_700160_707_1-512.jpg"],[2,"1216740741_700160_707_1-512.jpg"],[2,"1216740742_000182_708_1-512.jpg"],[2,"1216740742_000182_708_1-512.jpg"],[2,"1216740742_305178_709_1-512.jpg"],[2,"1216740742_305178_709_1-512.jpg"]],"construction_ml":"complete","preds_design":[[2,"1216740740_500154_703_1-512.jpg"],[1,"1216740740_500154_703_1-512.jpg"],[2,"1216740740_820165_704_1-512.jpg"],[1,"1216740740_820165_704_1-512.jpg"],[2,"1216740741_115202_705_1-512.jpg"],[2,"1216740741_115202_705_1-512.jpg"],[1,"1216740741_115202_705_1-512.jpg"],[2,"1216740741_410162_706_1-512.jpg"],[1,"1216740741_410162_706_1-512.jpg"],[2,"1216740741_410162_706_1-512.jpg"],[2,"1216740741_410162_706_1-512.jpg"],[2,"1216740741_700160_707_1-512.jpg"],[1,"1216740741_700160_707_1-512.jpg"],[2,"1216740741_700160_707_1-512.jpg"],[2,"1216740742_000182_708_1-512.jpg"],[1,"1216740742_000182_708_1-512.jpg"],[1,"1216740742_305178_709_1-512.jpg"],[2,"1216740742_305178_709_1-512.jpg"],[2,"1216740742_640175_710_1-512.jpg"]],"design_ml":"designed","images":[]}
