{"MATERIAL":"corrugated metal","AVG_SLOPE":4.06400375459,"AVG_HEIGHT":3.76564358935,"TERAIN_SLP":11.7951751391,"AREA":67.0004740808,"VOLUME":252,"FLOORS":2,"INT_ZONE":null,"FLOOD":1,"LANDSLIDE":"Amenaza Media","LEGAL_ID":"358","LEGAL_NAME":"EL PARAISO","LEGAL_AREA":26.04,"LEGAL_LOTS":2077,"LEGAL_POP":11215.8,"LEGAL_DENS":79.76190476,"LEGALIZING":null,"BLOCK_ID_":"002565078","BLOCK_POP":239,"BLOCK_BLD":55,"BLOCK_RISK":14.84279,"BLOCK_EDU":0.6206513,"BLOCK_HLTH":20.12558,"BLOCK_TRAN":79.956421,"BLOCK_CULT":0,"BLOCK_PARK":63.107445,"BLOCK_SEC":100,"BLOCK_CENT":0,"BLOCK_DEF":54.5454545455,"BLD_INHAB":4,"OBJECTID":1,"AO_225":0.16,"id":3232,"preds_material":[[5,"1216740735_235234_691_1-512.jpg"],[5,"1216740735_595230_692_1-512.jpg"],[5,"1216740735_995228_693_1-512.jpg"],[1,"1216740735_995228_693_1-512.jpg"],[5,"1216740736_410182_694_1-512.jpg"],[2,"1216740736_410182_694_1-512.jpg"],[5,"1216740736_935224_695_1-512.jpg"],[2,"1216740736_935224_695_1-512.jpg"],[5,"1216740737_580183_696_1-512.jpg"],[2,"1216740737_580183_696_1-512.jpg"],[5,"1216740738_130161_697_1-512.jpg"],[5,"1216740738_615223_698_1-512.jpg"]],"material_ml":"painted","preds_construction":[[2,"1216740735_235234_691_1-512.jpg"],[2,"1216740735_595230_692_1-512.jpg"],[2,"1216740735_995228_693_1-512.jpg"],[1,"1216740735_995228_693_1-512.jpg"],[2,"1216740735_995228_693_1-512.jpg"],[2,"1216740736_410182_694_1-512.jpg"],[2,"1216740736_410182_694_1-512.jpg"],[2,"1216740736_410182_694_1-512.jpg"],[2,"1216740736_935224_695_1-512.jpg"],[2,"1216740736_935224_695_1-512.jpg"],[2,"1216740737_580183_696_1-512.jpg"],[2,"1216740737_580183_696_1-512.jpg"],[2,"1216740738_130161_697_1-512.jpg"],[2,"1216740738_615223_698_1-512.jpg"]],"construction_ml":"complete","preds_design":[[2,"1216740735_235234_691_1-512.jpg"],[2,"1216740735_595230_692_1-512.jpg"],[2,"1216740735_995228_693_1-512.jpg"],[2,"1216740735_995228_693_1-512.jpg"],[2,"1216740736_410182_694_1-512.jpg"],[2,"1216740736_410182_694_1-512.jpg"],[2,"1216740736_410182_694_1-512.jpg"],[2,"1216740736_935224_695_1-512.jpg"],[2,"1216740736_935224_695_1-512.jpg"],[2,"1216740737_580183_696_1-512.jpg"],[2,"1216740737_580183_696_1-512.jpg"],[2,"1216740738_130161_697_1-512.jpg"],[2,"1216740738_615223_698_1-512.jpg"]],"design_ml":"designed","images":[]}
