{"MATERIAL":"corrugated metal/heavily patched","AVG_SLOPE":4.45428449638,"AVG_HEIGHT":8.41516872998,"TERAIN_SLP":12.1233379983,"AREA":69.7615113714,"VOLUME":587,"FLOORS":3,"INT_ZONE":null,"FLOOD":1,"LANDSLIDE":"Amenaza Media","LEGAL_ID":"358","LEGAL_NAME":"EL PARAISO","LEGAL_AREA":26.04,"LEGAL_LOTS":2077,"LEGAL_POP":11215.8,"LEGAL_DENS":79.76190476,"LEGALIZING":null,"BLOCK_ID_":"002565079","BLOCK_POP":157,"BLOCK_BLD":42,"BLOCK_RISK":5.6183891,"BLOCK_EDU":0.54992837,"BLOCK_HLTH":18.038561,"BLOCK_TRAN":80.964394,"BLOCK_CULT":0,"BLOCK_PARK":59.952087,"BLOCK_SEC":48.332272,"BLOCK_CENT":0,"BLOCK_DEF":38.0952380952,"BLD_INHAB":4,"OBJECTID":1,"AO_225":0.16,"id":3237,"preds_material":[[5,"1216740887_209350_1041_3-512.jpg"],[5,"1216740887_634348_1042_3-512.jpg"],[2,"1216740887_634348_1042_3-512.jpg"],[5,"1216740888_044578_1043_3-512.jpg"],[2,"1216740888_044578_1043_3-512.jpg"],[5,"1216740888_449348_1044_3-512.jpg"],[5,"1216740888_839329_1045_3-512.jpg"],[1,"1216740888_839329_1045_3-512.jpg"],[1,"1216740889_234402_1046_3-512.jpg"],[5,"1216740889_234402_1046_3-512.jpg"],[1,"1216740889_694401_1047_3-512.jpg"],[5,"1216740889_694401_1047_3-512.jpg"]],"material_ml":"painted","preds_construction":[[2,"1216740887_209350_1041_3-512.jpg"],[2,"1216740887_634348_1042_3-512.jpg"],[2,"1216740887_634348_1042_3-512.jpg"],[2,"1216740888_044578_1043_3-512.jpg"],[2,"1216740888_044578_1043_3-512.jpg"],[2,"1216740888_449348_1044_3-512.jpg"],[2,"1216740888_839329_1045_3-512.jpg"],[1,"1216740888_839329_1045_3-512.jpg"],[2,"1216740889_234402_1046_3-512.jpg"],[1,"1216740889_234402_1046_3-512.jpg"],[2,"1216740889_694401_1047_3-512.jpg"],[1,"1216740889_694401_1047_3-512.jpg"]],"construction_ml":"complete","preds_design":[[2,"1216740887_209350_1041_3-512.jpg"],[2,"1216740887_634348_1042_3-512.jpg"],[2,"1216740887_634348_1042_3-512.jpg"],[2,"1216740888_044578_1043_3-512.jpg"],[2,"1216740888_044578_1043_3-512.jpg"],[2,"1216740888_449348_1044_3-512.jpg"],[2,"1216740888_839329_1045_3-512.jpg"],[2,"1216740889_234402_1046_3-512.jpg"],[2,"1216740889_694401_1047_3-512.jpg"]],"design_ml":"designed","images":[]}
