{"MATERIAL":"corrugated metal/heavily patched","AVG_SLOPE":5.49253829912,"AVG_HEIGHT":0.67619362477,"TERAIN_SLP":16.1440936579,"AREA":57.0209163645,"VOLUME":39,"FLOORS":1,"INT_ZONE":null,"FLOOD":1,"LANDSLIDE":"Amenaza Media","LEGAL_ID":"358","LEGAL_NAME":"EL PARAISO","LEGAL_AREA":26.04,"LEGAL_LOTS":2077,"LEGAL_POP":11215.8,"LEGAL_DENS":79.76190476,"LEGALIZING":null,"BLOCK_ID_":"002565078","BLOCK_POP":239,"BLOCK_BLD":55,"BLOCK_RISK":14.84279,"BLOCK_EDU":0.6206513,"BLOCK_HLTH":20.12558,"BLOCK_TRAN":79.956421,"BLOCK_CULT":0,"BLOCK_PARK":63.107445,"BLOCK_SEC":100,"BLOCK_CENT":0,"BLOCK_DEF":54.5454545455,"BLD_INHAB":4,"OBJECTID":1,"AO_225":0.16,"id":3247,"preds_material":[[5,"1216740897_664298_1069_1-512.jpg"],[5,"1216740897_944379_1070_1-512.jpg"],[5,"1216740898_224373_1071_1-512.jpg"],[5,"1216740898_499308_1072_1-512.jpg"],[5,"1216740898_774307_1073_1-512.jpg"],[5,"1216740899_044512_1074_1-512.jpg"],[5,"1216740899_309292_1075_1-512.jpg"],[5,"1216740899_569290_1076_1-512.jpg"],[5,"1216740899_834334_1077_1-512.jpg"],[5,"1216740900_104292_1078_1-512.jpg"],[5,"1216745785_259056_12282_3-512.jpg"]],"material_ml":"painted","preds_construction":[[2,"1216740897_664298_1069_1-512.jpg"],[2,"1216740897_944379_1070_1-512.jpg"],[2,"1216740898_224373_1071_1-512.jpg"],[2,"1216740898_499308_1072_1-512.jpg"],[2,"1216740898_774307_1073_1-512.jpg"],[2,"1216740899_044512_1074_1-512.jpg"],[2,"1216740899_309292_1075_1-512.jpg"],[2,"1216740899_569290_1076_1-512.jpg"],[2,"1216740899_834334_1077_1-512.jpg"],[2,"1216740900_104292_1078_1-512.jpg"]],"construction_ml":"complete","preds_design":[[1,"1216740897_664298_1069_1-512.jpg"],[1,"1216740897_944379_1070_1-512.jpg"],[1,"1216740898_224373_1071_1-512.jpg"],[1,"1216740898_499308_1072_1-512.jpg"],[1,"1216740898_774307_1073_1-512.jpg"],[1,"1216740899_044512_1074_1-512.jpg"],[1,"1216740899_309292_1075_1-512.jpg"],[1,"1216740899_569290_1076_1-512.jpg"],[1,"1216740899_834334_1077_1-512.jpg"],[1,"1216740900_104292_1078_1-512.jpg"]],"design_ml":"undesigned","images":[]}
