{"MATERIAL":"concrete","AVG_SLOPE":5.7987170303,"AVG_HEIGHT":3.29738020855,"TERAIN_SLP":3.18028876291,"AREA":74.0174869595,"VOLUME":244,"FLOORS":2,"INT_ZONE":null,"FLOOD":1,"LANDSLIDE":"Amenaza Media","LEGAL_ID":"358","LEGAL_NAME":"EL PARAISO","LEGAL_AREA":26.04,"LEGAL_LOTS":2077,"LEGAL_POP":11215.8,"LEGAL_DENS":79.76190476,"LEGALIZING":null,"BLOCK_ID_":"002565078","BLOCK_POP":239,"BLOCK_BLD":55,"BLOCK_RISK":14.84279,"BLOCK_EDU":0.6206513,"BLOCK_HLTH":20.12558,"BLOCK_TRAN":79.956421,"BLOCK_CULT":0,"BLOCK_PARK":63.107445,"BLOCK_SEC":100,"BLOCK_CENT":0,"BLOCK_DEF":54.5454545455,"BLD_INHAB":4,"OBJECTID":1,"AO_225":0.16,"id":3249,"preds_material":[[1,"1216745776_859372_12224_3-512.jpg"],[1,"1216745777_049272_12225_3-512.jpg"],[1,"1216745777_209373_12226_3-512.jpg"],[1,"1216745777_449370_12227_3-512.jpg"],[1,"1216745777_679366_12228_3-512.jpg"],[1,"1216745777_914287_12229_3-512.jpg"],[5,"1216746686_144664_15422_3-512.jpg"],[5,"1216746686_739517_15426_3-512.jpg"],[5,"1216746686_889530_15427_3-512.jpg"]],"material_ml":"brick","preds_construction":[[2,"1216745777_209373_12226_3-512.jpg"],[2,"1216745777_209373_12226_3-512.jpg"],[2,"1216745777_449370_12227_3-512.jpg"],[2,"1216745777_679366_12228_3-512.jpg"],[2,"1216745777_914287_12229_3-512.jpg"],[1,"1216745778_159371_12230_3-512.jpg"],[2,"1216745778_159371_12230_3-512.jpg"],[2,"1216746685_504658_15418_3-512.jpg"],[2,"1216746686_889530_15427_3-512.jpg"]],"construction_ml":"complete","preds_design":[[1,"1216745776_859372_12224_3-512.jpg"],[1,"1216745777_209373_12226_3-512.jpg"],[2,"1216745777_209373_12226_3-512.jpg"],[1,"1216745777_449370_12227_3-512.jpg"],[1,"1216745777_679366_12228_3-512.jpg"],[2,"1216745777_914287_12229_3-512.jpg"],[1,"1216746686_144664_15422_3-512.jpg"],[1,"1216746686_304754_15423_3-512.jpg"],[1,"1216746687_849619_15434_3-512.jpg"],[1,"1216746688_234945_15437_3-512.jpg"]],"design_ml":"undesigned","images":[]}
