{"MATERIAL":"corrugated metal","AVG_SLOPE":3.67415534235,"AVG_HEIGHT":5.30942838992,"TERAIN_SLP":10.9251868455,"AREA":72.8158536891,"VOLUME":387,"FLOORS":2,"INT_ZONE":null,"FLOOD":2,"LANDSLIDE":"Amenaza Media","LEGAL_ID":"358","LEGAL_NAME":"EL PARAISO","LEGAL_AREA":26.04,"LEGAL_LOTS":2077,"LEGAL_POP":11215.8,"LEGAL_DENS":79.76190476,"LEGALIZING":null,"BLOCK_ID_":"002565078","BLOCK_POP":239,"BLOCK_BLD":55,"BLOCK_RISK":14.84279,"BLOCK_EDU":0.6206513,"BLOCK_HLTH":20.12558,"BLOCK_TRAN":79.956421,"BLOCK_CULT":0,"BLOCK_PARK":63.107445,"BLOCK_SEC":100,"BLOCK_CENT":0,"BLOCK_DEF":54.5454545455,"BLD_INHAB":4,"OBJECTID":1,"AO_225":0.16,"id":3250,"preds_material":[[5,"1216740899_044512_1074_1-512.jpg"],[5,"1216740899_309292_1075_1-512.jpg"],[5,"1216740899_569290_1076_1-512.jpg"],[5,"1216740899_834334_1077_1-512.jpg"],[5,"1216740900_104292_1078_1-512.jpg"],[5,"1216740900_384288_1079_1-512.jpg"],[5,"1216740900_679291_1080_1-512.jpg"],[5,"1216740900_984307_1081_1-512.jpg"],[5,"1216740901_309287_1082_1-512.jpg"],[5,"1216740901_674311_1083_1-512.jpg"],[5,"1216740902_094280_1084_1-512.jpg"],[5,"1216740902_599247_1085_1-512.jpg"],[5,"1216740903_419227_1086_1-512.jpg"],[5,"1216740905_459254_1087_1-512.jpg"],[1,"1216745778_874312_12234_3-512.jpg"],[1,"1216745779_049358_12236_3-512.jpg"],[1,"1216745779_329572_12239_3-512.jpg"],[1,"1216745779_439559_12240_3-512.jpg"],[1,"1216745779_519361_12241_3-512.jpg"],[1,"1216745780_294323_12248_3-512.jpg"],[1,"1216745780_414310_12249_3-512.jpg"],[1,"1216745780_554267_12250_3-512.jpg"],[1,"1216745782_649337_12266_3-512.jpg"],[1,"1216745782_789426_12267_3-512.jpg"],[1,"1216745782_934402_12268_3-512.jpg"],[1,"1216745783_104235_12269_3-512.jpg"],[1,"1216745783_714094_12273_3-512.jpg"],[5,"1216745784_194161_12276_3-512.jpg"],[5,"1216745784_379326_12277_3-512.jpg"],[5,"1216745784_544366_12278_3-512.jpg"],[5,"1216745784_714351_12279_3-512.jpg"],[5,"1216745784_884417_12280_3-512.jpg"],[5,"1216745785_084229_12281_3-512.jpg"],[5,"1216745785_424067_12283_3-512.jpg"],[5,"1216745785_589053_12284_3-512.jpg"],[5,"1216745785_769332_12285_3-512.jpg"],[5,"1216745785_929347_12286_3-512.jpg"],[5,"1216745788_054405_12301_3-512.jpg"],[5,"1216745788_184291_12302_3-512.jpg"],[5,"1216745788_309363_12303_3-512.jpg"],[1,"1216745788_309363_12303_3-512.jpg"],[5,"1216745788_434310_12304_3-512.jpg"],[5,"1216745788_559413_12305_3-512.jpg"],[5,"1216745788_694215_12306_3-512.jpg"],[1,"1216745788_694215_12306_3-512.jpg"],[5,"1216745788_819142_12307_3-512.jpg"],[5,"1216745789_069179_12309_3-512.jpg"],[2,"1216745789_069179_12309_3-512.jpg"],[5,"1216745789_194087_12310_3-512.jpg"],[2,"1216745789_194087_12310_3-512.jpg"],[5,"1216745789_319308_12311_3-512.jpg"],[2,"1216745789_319308_12311_3-512.jpg"],[2,"1216745789_439172_12312_3-512.jpg"],[5,"1216745789_439172_12312_3-512.jpg"],[5,"1216745789_559129_12313_3-512.jpg"],[2,"1216745789_559129_12313_3-512.jpg"],[5,"1216745789_679201_12314_3-512.jpg"],[3,"1216746693_334722_15463_3-512.jpg"],[1,"1216746695_344767_15471_3-512.jpg"],[1,"1216746695_499660_15472_3-512.jpg"],[1,"1216746695_649632_15473_3-512.jpg"],[1,"1216746695_804592_15474_3-512.jpg"],[1,"1216746695_944646_15475_3-512.jpg"],[1,"1216746696_079681_15476_3-512.jpg"],[1,"1216746696_209688_15477_3-512.jpg"],[1,"1216746696_339780_15478_3-512.jpg"],[1,"1216746696_464687_15479_3-512.jpg"],[1,"1216746696_544592_15480_3-512.jpg"],[1,"1216746696_664690_15481_3-512.jpg"],[1,"1216746696_784640_15482_3-512.jpg"],[1,"1216746696_899709_15483_3-512.jpg"],[1,"1216746697_009653_15484_3-512.jpg"],[1,"1216746697_119524_15485_3-512.jpg"],[1,"1216746697_229553_15486_3-512.jpg"],[1,"1216746697_339454_15487_3-512.jpg"],[1,"1216746697_449482_15488_3-512.jpg"],[1,"1216746697_559515_15489_3-512.jpg"],[1,"1216746700_969523_15513_3-512.jpg"],[1,"1216746701_074631_15514_3-512.jpg"],[1,"1216746701_179406_15515_3-512.jpg"],[1,"1216746701_284419_15516_3-512.jpg"]],"material_ml":"brick","preds_construction":[[2,"1216740899_044512_1074_1-512.jpg"],[2,"1216740899_309292_1075_1-512.jpg"],[2,"1216740899_569290_1076_1-512.jpg"],[2,"1216740899_834334_1077_1-512.jpg"],[2,"1216740900_104292_1078_1-512.jpg"],[2,"1216740900_384288_1079_1-512.jpg"],[2,"1216740900_679291_1080_1-512.jpg"],[2,"1216740900_984307_1081_1-512.jpg"],[2,"1216740900_984307_1081_1-512.jpg"],[2,"1216740901_309287_1082_1-512.jpg"],[2,"1216740901_674311_1083_1-512.jpg"],[2,"1216740902_094280_1084_1-512.jpg"],[2,"1216740902_599247_1085_1-512.jpg"],[2,"1216740903_419227_1086_1-512.jpg"],[2,"1216740905_459254_1087_1-512.jpg"],[2,"1216745780_414310_12249_3-512.jpg"],[2,"1216745780_674305_12251_3-512.jpg"],[2,"1216745780_794488_12252_3-512.jpg"],[2,"1216745780_919353_12253_3-512.jpg"],[2,"1216745781_044312_12254_3-512.jpg"],[2,"1216745781_169189_12255_3-512.jpg"],[2,"1216745781_294187_12256_3-512.jpg"],[2,"1216745782_474357_12265_3-512.jpg"],[2,"1216745782_649337_12266_3-512.jpg"],[2,"1216745782_789426_12267_3-512.jpg"],[2,"1216745782_934402_12268_3-512.jpg"],[1,"1216745783_714094_12273_3-512.jpg"],[1,"1216745783_874142_12274_3-512.jpg"],[1,"1216745784_034154_12275_3-512.jpg"],[1,"1216745784_194161_12276_3-512.jpg"],[1,"1216745784_379326_12277_3-512.jpg"],[1,"1216745784_544366_12278_3-512.jpg"],[1,"1216745784_884417_12280_3-512.jpg"],[1,"1216745785_084229_12281_3-512.jpg"],[2,"1216745785_589053_12284_3-512.jpg"],[1,"1216745785_589053_12284_3-512.jpg"],[2,"1216745785_769332_12285_3-512.jpg"],[2,"1216745785_929347_12286_3-512.jpg"],[1,"1216745785_929347_12286_3-512.jpg"],[1,"1216745786_089373_12287_3-512.jpg"],[2,"1216745788_559413_12305_3-512.jpg"],[2,"1216745789_319308_12311_3-512.jpg"],[2,"1216745789_439172_12312_3-512.jpg"],[2,"1216745789_559129_12313_3-512.jpg"],[2,"1216745789_679201_12314_3-512.jpg"],[2,"1216746692_769860_15462_3-512.jpg"],[2,"1216746694_774682_15468_3-512.jpg"],[2,"1216746695_344767_15471_3-512.jpg"],[2,"1216746695_499660_15472_3-512.jpg"],[2,"1216746695_649632_15473_3-512.jpg"],[2,"1216746695_804592_15474_3-512.jpg"],[2,"1216746695_944646_15475_3-512.jpg"]],"construction_ml":"complete",