{"MATERIAL":"corrugated metal/heavily patched","AVG_SLOPE":4.61411383653,"AVG_HEIGHT":2.42297574887,"TERAIN_SLP":7.11640257503,"AREA":58.7996059873,"VOLUME":142,"FLOORS":1,"INT_ZONE":null,"FLOOD":2,"LANDSLIDE":"Amenaza Media","LEGAL_ID":"358","LEGAL_NAME":"EL PARAISO","LEGAL_AREA":26.04,"LEGAL_LOTS":2077,"LEGAL_POP":11215.8,"LEGAL_DENS":79.76190476,"LEGALIZING":null,"BLOCK_ID_":"002565078","BLOCK_POP":239,"BLOCK_BLD":55,"BLOCK_RISK":14.84279,"BLOCK_EDU":0.6206513,"BLOCK_HLTH":20.12558,"BLOCK_TRAN":79.956421,"BLOCK_CULT":0,"BLOCK_PARK":63.107445,"BLOCK_SEC":100,"BLOCK_CENT":0,"BLOCK_DEF":54.5454545455,"BLD_INHAB":4,"OBJECTID":1,"AO_225":0.16,"id":3251,"preds_material":[[6,"1216745778_874312_12234_3-512.jpg"],[1,"1216745778_939365_12235_3-512.jpg"],[1,"1216745779_159197_12237_3-512.jpg"],[1,"1216745779_219566_12238_3-512.jpg"],[1,"1216745779_329572_12239_3-512.jpg"],[1,"1216745779_439559_12240_3-512.jpg"],[1,"1216745779_519361_12241_3-512.jpg"],[1,"1216745779_629345_12242_3-512.jpg"],[1,"1216745779_739354_12243_3-512.jpg"],[1,"1216745779_844255_12244_3-512.jpg"],[1,"1216745779_959261_12245_3-512.jpg"],[1,"1216745780_074271_12246_3-512.jpg"],[1,"1216745780_179355_12247_3-512.jpg"],[1,"1216745780_294323_12248_3-512.jpg"],[1,"1216745780_414310_12249_3-512.jpg"],[5,"1216745781_044312_12254_3-512.jpg"]],"material_ml":"brick","preds_construction":[[2,"1216745778_874312_12234_3-512.jpg"],[2,"1216745778_939365_12235_3-512.jpg"],[2,"1216745779_049358_12236_3-512.jpg"],[2,"1216745779_159197_12237_3-512.jpg"],[2,"1216745779_219566_12238_3-512.jpg"],[2,"1216745779_329572_12239_3-512.jpg"],[2,"1216745779_439559_12240_3-512.jpg"],[2,"1216745779_519361_12241_3-512.jpg"],[1,"1216745779_519361_12241_3-512.jpg"],[2,"1216745779_629345_12242_3-512.jpg"],[2,"1216745779_739354_12243_3-512.jpg"],[2,"1216745779_844255_12244_3-512.jpg"],[1,"1216745779_844255_12244_3-512.jpg"],[2,"1216745779_959261_12245_3-512.jpg"],[2,"1216745780_074271_12246_3-512.jpg"],[2,"1216745780_179355_12247_3-512.jpg"],[1,"1216745780_554267_12250_3-512.jpg"],[2,"1216746688_509686_15439_3-512.jpg"],[1,"1216746689_084773_15443_3-512.jpg"],[2,"1216746689_529695_15446_3-512.jpg"],[2,"1216746689_674771_15447_3-512.jpg"],[2,"1216746689_819681_15448_3-512.jpg"],[2,"1216746690_779728_15454_3-512.jpg"],[2,"1216746690_969621_15455_3-512.jpg"],[2,"1216746691_149579_15456_3-512.jpg"],[2,"1216746692_329798_15461_3-512.jpg"],[2,"1216746693_784687_15464_3-512.jpg"]],"construction_ml":"complete","preds_design":[[2,"1216745778_409364_12231_3-512.jpg"],[2,"1216745778_514323_12232_3-512.jpg"],[2,"1216745778_669369_12233_3-512.jpg"],[2,"1216745778_874312_12234_3-512.jpg"],[2,"1216745778_939365_12235_3-512.jpg"],[2,"1216745779_049358_12236_3-512.jpg"],[2,"1216745779_159197_12237_3-512.jpg"],[2,"1216745779_159197_12237_3-512.jpg"],[2,"1216745779_219566_12238_3-512.jpg"],[2,"1216745779_329572_12239_3-512.jpg"],[2,"1216745779_439559_12240_3-512.jpg"],[2,"1216745779_519361_12241_3-512.jpg"],[2,"1216745779_629345_12242_3-512.jpg"],[2,"1216745779_739354_12243_3-512.jpg"],[2,"1216745779_739354_12243_3-512.jpg"],[2,"1216745779_844255_12244_3-512.jpg"],[2,"1216745779_844255_12244_3-512.jpg"],[2,"1216745779_959261_12245_3-512.jpg"],[2,"1216745780_074271_12246_3-512.jpg"],[2,"1216745780_179355_12247_3-512.jpg"],[2,"1216745780_294323_12248_3-512.jpg"],[2,"1216745780_414310_12249_3-512.jpg"],[2,"1216745780_554267_12250_3-512.jpg"],[2,"1216745780_674305_12251_3-512.jpg"],[2,"1216746688_379614_15438_3-512.jpg"],[2,"1216746688_509686_15439_3-512.jpg"],[1,"1216746688_639746_15440_3-512.jpg"],[1,"1216746688_769695_15441_3-512.jpg"],[1,"1216746689_819681_15448_3-512.jpg"],[1,"1216746689_964784_15449_3-512.jpg"],[1,"1216746690_114950_15450_3-512.jpg"],[1,"1216746690_274802_15451_3-512.jpg"],[1,"1216746690_434823_15452_3-512.jpg"],[1,"1216746690_599728_15453_3-512.jpg"],[1,"1216746690_779728_15454_3-512.jpg"],[1,"1216746690_969621_15455_3-512.jpg"],[1,"1216746691_149579_15456_3-512.jpg"],[1,"1216746691_344675_15457_3-512.jpg"],[1,"1216746691_544608_15458_3-512.jpg"],[1,"1216746691_764616_15459_3-512.jpg"],[1,"1216746692_019708_15460_3-512.jpg"],[1,"1216746692_329798_15461_3-512.jpg"],[1,"1216746692_769860_15462_3-512.jpg"]],"design_ml":"designed","images":[]}
