{"MATERIAL":"corrugated metal/heavily patched","AVG_SLOPE":4.61411383653,"AVG_HEIGHT":2.42297574887,"TERAIN_SLP":7.11640257503,"AREA":58.7996059873,"VOLUME":142,"FLOORS":1,"INT_ZONE":null,"FLOOD":2,"LANDSLIDE":"Amenaza Media","LEGAL_ID":"358","LEGAL_NAME":"EL PARAISO","LEGAL_AREA":26.04,"LEGAL_LOTS":2077,"LEGAL_POP":11215.8,"LEGAL_DENS":79.76190476,"LEGALIZING":null,"BLOCK_ID_":"002565078","BLOCK_POP":239,"BLOCK_BLD":55,"BLOCK_RISK":14.84279,"BLOCK_EDU":0.6206513,"BLOCK_HLTH":20.12558,"BLOCK_TRAN":79.956421,"BLOCK_CULT":0,"BLOCK_PARK":63.107445,"BLOCK_SEC":100,"BLOCK_CENT":0,"BLOCK_DEF":54.5454545455,"BLD_INHAB":4,"OBJECTID":1,"AO_225":0.16,"id":3251,"preds_mat":[[6,"1216745778_874312_12234_3-512.jpg"],[1,"1216745778_939365_12235_3-512.jpg"],[1,"1216745779_159197_12237_3-512.jpg"],[1,"1216745779_219566_12238_3-512.jpg"],[1,"1216745779_329572_12239_3-512.jpg"],[1,"1216745779_439559_12240_3-512.jpg"],[1,"1216745779_519361_12241_3-512.jpg"],[1,"1216745779_629345_12242_3-512.jpg"],[1,"1216745779_739354_12243_3-512.jpg"],[1,"1216745779_844255_12244_3-512.jpg"],[1,"1216745779_959261_12245_3-512.jpg"],[1,"1216745780_074271_12246_3-512.jpg"],[1,"1216745780_179355_12247_3-512.jpg"],[1,"1216745780_294323_12248_3-512.jpg"],[1,"1216745780_414310_12249_3-512.jpg"],[5,"1216745781_044312_12254_3-512.jpg"]],"material_ml":"brick","images":[]}
