{"MATERIAL":"corrugated metal/heavily patched","AVG_SLOPE":6.5408235824,"AVG_HEIGHT":3.40412148788,"TERAIN_SLP":4.47628358459,"AREA":70.2896841176,"VOLUME":239,"FLOORS":2,"INT_ZONE":null,"FLOOD":2,"LANDSLIDE":"Amenaza Media","LEGAL_ID":"358","LEGAL_NAME":"EL PARAISO","LEGAL_AREA":26.04,"LEGAL_LOTS":2077,"LEGAL_POP":11215.8,"LEGAL_DENS":79.76190476,"LEGALIZING":null,"BLOCK_ID_":"002565079","BLOCK_POP":157,"BLOCK_BLD":42,"BLOCK_RISK":5.6183891,"BLOCK_EDU":0.54992837,"BLOCK_HLTH":18.038561,"BLOCK_TRAN":80.964394,"BLOCK_CULT":0,"BLOCK_PARK":59.952087,"BLOCK_SEC":48.332272,"BLOCK_CENT":0,"BLOCK_DEF":38.0952380952,"BLD_INHAB":4,"OBJECTID":1,"AO_225":0.16,"id":3256,"preds_material":[[5,"1216740910_269230_1095_3-512.jpg"],[5,"1216740910_844449_1096_3-512.jpg"],[5,"1216740911_629222_1097_3-512.jpg"],[5,"1216740912_444218_1098_3-512.jpg"],[5,"1216740913_279226_1099_3-512.jpg"],[5,"1216740913_984245_1100_3-512.jpg"],[5,"1216740914_624453_1101_3-512.jpg"],[5,"1216740915_169205_1102_3-512.jpg"],[5,"1216740915_649217_1103_3-512.jpg"],[5,"1216740916_144279_1104_3-512.jpg"],[5,"1216740916_604203_1105_3-512.jpg"],[5,"1216740917_029349_1106_3-512.jpg"],[5,"1216745787_414168_12296_3-512.jpg"],[2,"1216745787_414168_12296_3-512.jpg"],[2,"1216745787_529306_12297_3-512.jpg"],[5,"1216745787_529306_12297_3-512.jpg"],[2,"1216745787_664300_12298_3-512.jpg"],[5,"1216745787_664300_12298_3-512.jpg"],[2,"1216745787_794287_12299_3-512.jpg"],[5,"1216745787_794287_12299_3-512.jpg"],[5,"1216745787_924286_12300_3-512.jpg"],[2,"1216745787_924286_12300_3-512.jpg"],[5,"1216745788_054405_12301_3-512.jpg"],[5,"1216745788_184291_12302_3-512.jpg"],[5,"1216745788_309363_12303_3-512.jpg"],[5,"1216745788_434310_12304_3-512.jpg"],[5,"1216745788_559413_12305_3-512.jpg"],[2,"1216745788_559413_12305_3-512.jpg"],[5,"1216745789_559129_12313_3-512.jpg"],[1,"1216745789_679201_12314_3-512.jpg"],[1,"1216745789_799176_12315_3-512.jpg"],[6,"1216745789_799176_12315_3-512.jpg"],[1,"1216745789_909341_12316_3-512.jpg"],[6,"1216745789_909341_12316_3-512.jpg"],[1,"1216745790_029078_12317_3-512.jpg"],[6,"1216745790_029078_12317_3-512.jpg"],[1,"1216745790_149139_12318_3-512.jpg"],[6,"1216745790_619298_12322_3-512.jpg"],[6,"1216745790_734571_12323_3-512.jpg"],[5,"1216745790_849320_12324_3-512.jpg"],[6,"1216745790_849320_12324_3-512.jpg"],[5,"1216745791_009454_12325_3-512.jpg"],[1,"1216745791_009454_12325_3-512.jpg"],[5,"1216745791_009454_12325_3-512.jpg"],[5,"1216745791_124469_12326_3-512.jpg"],[5,"1216745791_124469_12326_3-512.jpg"],[1,"1216745791_239454_12327_3-512.jpg"],[5,"1216745791_239454_12327_3-512.jpg"],[5,"1216745791_239454_12327_3-512.jpg"],[1,"1216745791_469370_12329_3-512.jpg"],[5,"1216745792_024203_12334_3-512.jpg"],[5,"1216745792_174207_12335_3-512.jpg"],[5,"1216745792_289162_12336_3-512.jpg"],[5,"1216745792_744366_12340_3-512.jpg"],[5,"1216745792_829299_12341_3-512.jpg"],[5,"1216745792_944289_12342_3-512.jpg"],[5,"1216745793_059299_12343_3-512.jpg"],[1,"1216746705_274357_15549_3-512.jpg"],[1,"1216746705_379540_15550_3-512.jpg"],[5,"1216746705_799494_15554_3-512.jpg"],[5,"1216746706_024698_15555_3-512.jpg"],[5,"1216746706_224625_15556_3-512.jpg"],[1,"1216746706_424669_15557_3-512.jpg"],[5,"1216746706_424669_15557_3-512.jpg"],[1,"1216746706_624675_15558_3-512.jpg"],[1,"1216746706_824900_15559_3-512.jpg"],[1,"1216746707_024705_15560_3-512.jpg"],[5,"1216746707_024705_15560_3-512.jpg"],[1,"1216746707_219690_15561_3-512.jpg"],[5,"1216746707_219690_15561_3-512.jpg"],[5,"1216746707_389493_15562_3-512.jpg"],[5,"1216746707_589712_15563_3-512.jpg"],[5,"1216746707_789430_15564_3-512.jpg"],[5,"1216746707_959571_15565_3-512.jpg"],[5,"1216746708_064549_15566_3-512.jpg"],[5,"1216746708_169564_15567_3-512.jpg"],[5,"1216746708_279543_15568_3-512.jpg"],[5,"1216746708_384790_15569_3-512.jpg"],[5,"1216746708_444514_15570_3-512.jpg"],[5,"1216746708_554443_15571_3-512.jpg"],[5,"1216746708_664220_15572_3-512.jpg"],[5,"1216746708_779441_15573_3-512.jpg"],[5,"1216746708_899508_15574_3-512.jpg"],[5,"1216746709_144476_15576_3-512.jpg"],[5,"1216746709_299496_15577_3-512.jpg"],[5,"1216746709_299496_15577_3-512.jpg"],[5,"1216746709_429415_15578_3-512.jpg"]],"material_ml":"painted","preds_construction":[[2,"1216740910_269230_1095_3-512.jpg"],[2,"1216740910_844449_1096_3-512.jpg"],[2,"1216740911_629222_1097_3-512.jpg"],[2,"1216740912_444218_1098_3-512.jpg"],[2,"1216740913_279226_1099_3-512.jpg"],[2,"1216740913_984245_1100_3-512.jpg"],[2,"1216740914_624453_1101_3-512.jpg"],[2,"1216740915_169205_1102_3-512.jpg"],[2,"1216740915_649217_1103_3-512.jpg"],[2,"1216740916_144279_1104_3-512.jpg"],[2,"1216740916_604203_1105_3-512.jpg"],[2,"1216740917_029349_1106_3-512.jpg"],[2,"1216745787_414168_12296_3-512.jpg"],[2,"1216745787_529306_12297_3-512.jpg"],[1,"1216745787_529306_12297_3-512.jpg"],[2,"1216745787_664300_12298_3-512.jpg"],[2,"1216745787_794287_12299_3-512.jpg"],[1,"1216745787_794287_12299_3-512.jpg"],[2,"1216745787_924286_12300_3-512.jpg"],[1,"1216745787_924286_12300_3-512.jpg"],[2,"1216745788_184291_12302_3-512.jpg"],[2,"1216745788_309363_12303_3-512.jpg"],[2,"1216745788_434310_12304_3-512.jpg"],[2,"1216745788_559413_12305_3-512.jpg"],[2,"1216745788_559413_12305_3-512.jpg"],[2,"1216745789_559129_12313_3-512.jpg"],[2,"1216745789_679201_12314_3-512.jpg"],[2,"1216745789_799176_12315_3-512.jpg"],[2,"1216745789_909341_12316_3-512.jpg"],[2,"1216745790_029078_12317_3-512.jpg"],[2,"1216745790_149139_12318_3-512.jpg"],[2,"1216745790_264120_12319_3-512.jpg"],[2,"1216745790_379108_12320_3-512.jpg"],[2,"1216745790_499312_12321_3-512.jpg"],[1,"1216745790_499312_12321_3-512.jpg"],[2,"1216745790_619298_12322_3-512.jpg"],[2,"1216745790_734571_12323_3-512.jpg"],[2,"1216745790_849320_12324_3-512.jpg"],[2,"1216745791_009454_12325_3-512.jpg"],[2,"1216745791_124469_12326_3-512.jpg"],[2,"1216745791_239454_12327_3-512.jpg"],[1,"1216745791_794207_12332_3-512.jpg"],[1,"1216745792_024203_12334_3-512.jpg"],[1,"1216745792_174207_12335_3-512.jpg"],[1,"1216745792_404176_12337_3-512.jpg"],[2,"1216745792_744366_12340_3-512.jpg"],[2,"1216745792_829299_12341_3-512.jpg"],[2,"1216745792_944289_12342_3-512.jpg"],[2,"1216745793_059299_12343_3-512.jpg"],[2,"1216746705_799494_15554_3-512.jpg"],[2,"1216746706_024698_15555_3-512.jpg"],[2,"1216746706_024698_15555_3-512.jpg"],[2,"1216746706_224625_15556_3-512.jpg"],[2,"1216746706_424669_15557_3-512.jpg"],[2,"1216746706_624675_15558_3-512.jpg"],[2,"1216746706_824900_15559_3-512.jpg"],[2,"1216746707_024705_15560_3-512.jpg"],[2,"1216746707_219690_15561_3-512.jpg"],[2,"1216746707_389493_15562_3-512.jpg"],[2,"1216746707_589712_15563_3-512.jpg"],[2,"1216746707_789430_15564_3-512.jpg"],[2,"1216746707_959571_15565_3-512.jpg"],[2,"1216746708_064549_15566_3-512.jpg"],[2,"1216746708_169564_15567_3-512.jpg"],[2,"1216746708_279543_15568_3-512.jpg"],[2,"1216746708_279543_15568_3-512.jpg"],[2,"1216746708_384790_15569_3-512.jpg"],[2,"1216746708_384790_15569_3-512.jpg"],[2,"1216746708_444514_15570_3-512.jpg"],[2,"1216746708_554443_15571_3-512.jpg"],[2,"1216746708_664220_15572_3-512.jpg"],[2,"1216746708_779441_15573_3-512.jpg"],[2,"1216746708_899508_15574_3-512.jpg"],[2,"1216746709_299496_15577_3-512.jpg"]],"construction_ml":"complete",