{"MATERIAL":"corrugated metal - rusty","AVG_SLOPE":7.74918612887,"AVG_HEIGHT":2.53628884275,"TERAIN_SLP":3.79487892222,"AREA":47.3218858043,"VOLUME":120,"FLOORS":1,"INT_ZONE":null,"FLOOD":2,"LANDSLIDE":"Amenaza Media","LEGAL_ID":"358","LEGAL_NAME":"EL PARAISO","LEGAL_AREA":26.04,"LEGAL_LOTS":2077,"LEGAL_POP":11215.8,"LEGAL_DENS":79.76190476,"LEGALIZING":null,"BLOCK_ID_":"002565079","BLOCK_POP":157,"BLOCK_BLD":42,"BLOCK_RISK":5.6183891,"BLOCK_EDU":0.54992837,"BLOCK_HLTH":18.038561,"BLOCK_TRAN":80.964394,"BLOCK_CULT":0,"BLOCK_PARK":59.952087,"BLOCK_SEC":48.332272,"BLOCK_CENT":0,"BLOCK_DEF":38.0952380952,"BLD_INHAB":4,"OBJECTID":1,"AO_225":0.16,"id":3257,"preds_material":[[5,"1216740898_499308_1072_3-512.jpg"],[3,"1216740898_499308_1072_3-512.jpg"],[5,"1216740898_774307_1073_3-512.jpg"],[3,"1216740898_774307_1073_3-512.jpg"],[5,"1216740899_044512_1074_3-512.jpg"],[3,"1216740899_044512_1074_3-512.jpg"],[5,"1216740899_309292_1075_3-512.jpg"],[3,"1216740899_569290_1076_3-512.jpg"],[3,"1216740899_834334_1077_3-512.jpg"]],"material_ml":"tin","preds_construction":[[2,"1216740898_499308_1072_3-512.jpg"],[2,"1216740898_499308_1072_3-512.jpg"],[2,"1216740898_774307_1073_3-512.jpg"],[2,"1216740899_044512_1074_3-512.jpg"],[2,"1216740899_044512_1074_3-512.jpg"],[2,"1216740899_309292_1075_3-512.jpg"],[2,"1216740899_834334_1077_3-512.jpg"]],"construction_ml":"complete","preds_design":[[1,"1216740898_499308_1072_3-512.jpg"],[1,"1216740898_774307_1073_3-512.jpg"],[2,"1216740898_774307_1073_3-512.jpg"],[1,"1216740898_774307_1073_3-512.jpg"],[1,"1216740899_044512_1074_3-512.jpg"],[1,"1216740899_044512_1074_3-512.jpg"],[2,"1216740899_044512_1074_3-512.jpg"],[1,"1216740899_309292_1075_3-512.jpg"],[1,"1216740899_569290_1076_3-512.jpg"]],"design_ml":"undesigned","images":[]}
