{"MATERIAL":"corrugated metal - new","AVG_SLOPE":6.31485486928,"AVG_HEIGHT":8.68786294361,"TERAIN_SLP":7.37399348306,"AREA":63.4627591634,"VOLUME":551,"FLOORS":3,"INT_ZONE":null,"FLOOD":2,"LANDSLIDE":"Amenaza Media","LEGAL_ID":"1481","LEGAL_NAME":"EL EDEN SECTOR EL PARAISO","LEGAL_AREA":0,"LEGAL_LOTS":0,"LEGAL_POP":0,"LEGAL_DENS":0,"LEGALIZING":"No viable","BLOCK_ID_":"204106001","BLOCK_POP":831,"BLOCK_BLD":212,"BLOCK_RISK":2.4658778,"BLOCK_EDU":0,"BLOCK_HLTH":9.9786768,"BLOCK_TRAN":91.102531,"BLOCK_CULT":0,"BLOCK_PARK":90.285126,"BLOCK_SEC":55.59795,"BLOCK_CENT":0,"BLOCK_DEF":64.6226415094,"BLD_INHAB":4,"OBJECTID":1,"AO_225":0.16,"id":3259,"preds_material":[[2,"1216740910_844449_1096_1-512.jpg"],[2,"1216740911_629222_1097_1-512.jpg"],[1,"1216740911_629222_1097_1-512.jpg"],[2,"1216740912_444218_1098_1-512.jpg"],[1,"1216740912_444218_1098_1-512.jpg"],[2,"1216740913_279226_1099_1-512.jpg"],[1,"1216740913_279226_1099_1-512.jpg"],[2,"1216740913_984245_1100_1-512.jpg"],[2,"1216740914_624453_1101_1-512.jpg"],[2,"1216740915_169205_1102_1-512.jpg"],[2,"1216740915_649217_1103_1-512.jpg"],[2,"1216740916_144279_1104_1-512.jpg"],[2,"1216740916_604203_1105_1-512.jpg"],[1,"1216745789_319308_12311_1-512.jpg"],[1,"1216745789_439172_12312_1-512.jpg"],[1,"1216745789_439172_12312_1-512.jpg"],[1,"1216745789_559129_12313_1-512.jpg"],[1,"1216745789_679201_12314_1-512.jpg"],[1,"1216745789_799176_12315_1-512.jpg"],[1,"1216745789_909341_12316_1-512.jpg"],[1,"1216745790_029078_12317_1-512.jpg"],[1,"1216745790_149139_12318_1-512.jpg"],[1,"1216745790_264120_12319_1-512.jpg"],[1,"1216745790_379108_12320_1-512.jpg"],[1,"1216745790_499312_12321_1-512.jpg"],[1,"1216745790_619298_12322_1-512.jpg"],[1,"1216745790_734571_12323_1-512.jpg"],[1,"1216745790_849320_12324_1-512.jpg"],[1,"1216745791_009454_12325_1-512.jpg"],[5,"1216746702_374555_15526_1-512.jpg"],[1,"1216746702_634542_15528_1-512.jpg"],[1,"1216746702_789513_15529_1-512.jpg"],[5,"1216746702_789513_15529_1-512.jpg"],[5,"1216746703_849576_15537_1-512.jpg"],[1,"1216746703_849576_15537_1-512.jpg"],[5,"1216746703_974628_15538_1-512.jpg"],[1,"1216746703_974628_15538_1-512.jpg"],[5,"1216746704_124553_15539_1-512.jpg"],[5,"1216746704_374625_15541_1-512.jpg"],[5,"1216746704_499395_15542_1-512.jpg"],[5,"1216746704_499395_15542_1-512.jpg"],[5,"1216746704_619374_15543_1-512.jpg"],[5,"1216746704_719508_15544_1-512.jpg"],[5,"1216746704_834479_15545_1-512.jpg"],[5,"1216746704_944745_15546_1-512.jpg"],[5,"1216746705_054486_15547_1-512.jpg"],[1,"1216746705_054486_15547_1-512.jpg"],[5,"1216746705_164701_15548_1-512.jpg"],[5,"1216746705_274357_15549_1-512.jpg"],[1,"1216746705_274357_15549_1-512.jpg"],[5,"1216746705_379540_15550_1-512.jpg"],[5,"1216746705_484461_15551_1-512.jpg"],[5,"1216746705_589472_15552_1-512.jpg"],[5,"1216746705_694463_15553_1-512.jpg"],[5,"1216746705_799494_15554_1-512.jpg"],[5,"1216746706_224625_15556_1-512.jpg"],[5,"1216746706_424669_15557_1-512.jpg"],[5,"1216746706_624675_15558_1-512.jpg"],[5,"1216746706_824900_15559_1-512.jpg"],[5,"1216746707_024705_15560_1-512.jpg"],[5,"1216746707_219690_15561_1-512.jpg"],[5,"1216746707_389493_15562_1-512.jpg"],[5,"1216746707_789430_15564_1-512.jpg"],[2,"1216746707_789430_15564_1-512.jpg"],[5,"1216746707_959571_15565_1-512.jpg"],[2,"1216746707_959571_15565_1-512.jpg"],[5,"1216746708_064549_15566_1-512.jpg"],[2,"1216746708_064549_15566_1-512.jpg"],[5,"1216746708_169564_15567_1-512.jpg"],[2,"1216746708_169564_15567_1-512.jpg"],[5,"1216746708_279543_15568_1-512.jpg"],[5,"1216746708_384790_15569_1-512.jpg"],[5,"1216746708_444514_15570_1-512.jpg"],[5,"1216746708_554443_15571_1-512.jpg"],[5,"1216746708_664220_15572_1-512.jpg"],[5,"1216746708_664220_15572_1-512.jpg"],[5,"1216746708_664220_15572_1-512.jpg"],[5,"1216746708_779441_15573_1-512.jpg"],[5,"1216746708_899508_15574_1-512.jpg"],[5,"1216746709_019476_15575_1-512.jpg"],[5,"1216746709_144476_15576_1-512.jpg"],[5,"1216746709_299496_15577_1-512.jpg"],[5,"1216746709_429415_15578_1-512.jpg"],[5,"1216746709_569393_15579_1-512.jpg"],[5,"1216746709_714669_15580_1-512.jpg"],[5,"1216746709_869460_15581_1-512.jpg"],[5,"1216746710_029441_15582_1-512.jpg"],[5,"1216746710_199440_15583_1-512.jpg"]],"material_ml":"painted","preds_construction":[[2,"1216740910_269230_1095_1-512.jpg"],[2,"1216740910_844449_1096_1-512.jpg"],[2,"1216740911_629222_1097_1-512.jpg"],[2,"1216740911_629222_1097_1-512.jpg"],[2,"1216740912_444218_1098_1-512.jpg"],[2,"1216740912_444218_1098_1-512.jpg"],[2,"1216740913_279226_1099_1-512.jpg"],[2,"1216740913_279226_1099_1-512.jpg"],[2,"1216740913_984245_1100_1-512.jpg"],[2,"1216740914_624453_1101_1-512.jpg"],[2,"1216740915_169205_1102_1-512.jpg"],[2,"1216740915_649217_1103_1-512.jpg"],[2,"1216740916_144279_1104_1-512.jpg"],[2,"1216740916_604203_1105_1-512.jpg"],[1,"1216745788_819142_12307_1-512.jpg"],[1,"1216745788_944169_12308_1-512.jpg"],[1,"1216745789_069179_12309_1-512.jpg"],[2,"1216746702_504539_15527_1-512.jpg"],[2,"1216746702_634542_15528_1-512.jpg"],[2,"1216746702_789513_15529_1-512.jpg"],[1,"1216746702_789513_15529_1-512.jpg"],[2,"1216746702_914808_15530_1-512.jpg"],[2,"1216746703_849576_15537_1-512.jpg"],[2,"1216746703_974628_15538_1-512.jpg"],[2,"1216746704_124553_15539_1-512.jpg"],[2,"1216746704_374625_15541_1-512.jpg"],[2,"1216746704_499395_15542_1-512.jpg"],[2,"1216746704_499395_15542_1-512.jpg"],[2,"1216746704_619374_15543_1-512.jpg"],[2,"1216746704_719508_15544_1-512.jpg"],[1,"1216746704_719508_15544_1-512.jpg"],[2,"1216746704_834479_15545_1-512.jpg"],[2,"1216746704_944745_15546_1-512.jpg"],[2,"1216746705_054486_15547_1-512.jpg"],[2,"1216746705_164701_15548_1-512.jpg"],[2,"1216746705_274357_15549_1-512.jpg"],[2,"1216746705_484461_15551_1-512.jpg"],[2,"1216746705_589472_15552_1-512.jpg"],[2,"1216746705_694463_15553_1-512.jpg"],[2,"1216746705_799494_15554_1-512.jpg"],[2,"1216746706_224625_15556_1-512.jpg"],[2,"1216746706_424669_15557_1-512.jpg"],[2,"1216746706_624675_15558_1-512.jpg"],[2,"1216746706_824900_15559_1-512.jpg"],[2,"1216746707_024705_15560_1-512.jpg"],[2,"1216746707_219690_15561_1-512.jpg"],[2,"1216746707_389493_15562_1-512.jpg"],[2,"1216746707_789430_15564_1-512.jpg"],[2,"1216746707_959571_15565_1-512.jpg"],[2,"1216746708_064549_15566_1-512.jpg"],[2,"1216746708_169564_15567_1-512.jpg"],[2,"1216746708_279543_15568_1-512.jpg"],[2,"1216746708_384790_15569_1-512.jpg"],[2,"1216746708_444514_15570_1-512.jpg"],[2,"1216746708_554443_15571_1-512.jpg"],[2,"1216746708_664220_15572_1-512.jpg"],[2,"1216746708_664220_15572_1-512.jpg"],[2,"1216746708_779441_15573_1-512.jpg"],[2,"1216746708_899508_15574_1-512.jpg"],[2,"1216746709_019476_15575_1-512.jpg"],[2,"1216746709_144476_15576_1-512.jpg"],[2,"1216746709_299496_15577_1-512.jpg"],[2,"1216746709_429415_15578_1-512.jpg"],[2,"1216746709_569393_15579_1-512.jpg"],[2,"1216746709_714669_15580_1-512.jpg"],[2,"1216746709_869460_15581_1-512.jpg"],[2,"1216746710_029441_15582_1-512.jpg"],[2,"1216746710_199440_15583_1-512.jpg"]],"construction_ml":"complete",