{"MATERIAL":"corrugated metal - new","AVG_SLOPE":3.06640198878,"AVG_HEIGHT":10.7792217847,"TERAIN_SLP":7.14207895542,"AREA":79.2338471876,"VOLUME":854,"FLOORS":3,"INT_ZONE":null,"FLOOD":2,"LANDSLIDE":"Amenaza Media","LEGAL_ID":"1481","LEGAL_NAME":"EL EDEN SECTOR EL PARAISO","LEGAL_AREA":0,"LEGAL_LOTS":0,"LEGAL_POP":0,"LEGAL_DENS":0,"LEGALIZING":"No viable","BLOCK_ID_":"204106001","BLOCK_POP":831,"BLOCK_BLD":212,"BLOCK_RISK":2.4658778,"BLOCK_EDU":0,"BLOCK_HLTH":9.9786768,"BLOCK_TRAN":91.102531,"BLOCK_CULT":0,"BLOCK_PARK":90.285126,"BLOCK_SEC":55.59795,"BLOCK_CENT":0,"BLOCK_DEF":64.6226415094,"BLD_INHAB":4,"OBJECTID":1,"AO_225":0.16,"id":3260,"preds_material":[[1,"1216740908_459280_1091_1-512.jpg"],[5,"1216740908_954242_1092_1-512.jpg"],[1,"1216740908_954242_1092_1-512.jpg"],[1,"1216740909_389247_1093_1-512.jpg"],[5,"1216740909_389247_1093_1-512.jpg"],[1,"1216740909_779218_1094_1-512.jpg"],[2,"1216740909_779218_1094_1-512.jpg"],[5,"1216740909_779218_1094_1-512.jpg"],[2,"1216740910_269230_1095_1-512.jpg"],[1,"1216740910_269230_1095_1-512.jpg"],[1,"1216740910_844449_1096_1-512.jpg"],[1,"1216740911_629222_1097_1-512.jpg"],[1,"1216740912_444218_1098_1-512.jpg"],[1,"1216740913_279226_1099_1-512.jpg"],[2,"1216740913_984245_1100_1-512.jpg"],[1,"1216745784_544366_12278_1-512.jpg"],[1,"1216745784_714351_12279_1-512.jpg"],[1,"1216745784_884417_12280_1-512.jpg"],[1,"1216745785_084229_12281_1-512.jpg"],[1,"1216745785_259056_12282_1-512.jpg"],[1,"1216745785_424067_12283_1-512.jpg"],[1,"1216745785_589053_12284_1-512.jpg"],[1,"1216745785_769332_12285_1-512.jpg"],[1,"1216745785_929347_12286_1-512.jpg"],[1,"1216745786_089373_12287_1-512.jpg"],[1,"1216745786_244386_12288_1-512.jpg"],[1,"1216745786_389368_12289_1-512.jpg"],[1,"1216745786_534428_12290_1-512.jpg"],[1,"1216745786_684408_12291_1-512.jpg"],[5,"1216745786_994278_12293_1-512.jpg"],[5,"1216745787_134287_12294_1-512.jpg"],[1,"1216745787_414168_12296_1-512.jpg"],[1,"1216745787_529306_12297_1-512.jpg"],[1,"1216745788_309363_12303_1-512.jpg"],[1,"1216745788_434310_12304_1-512.jpg"],[1,"1216745788_559413_12305_1-512.jpg"],[1,"1216745788_694215_12306_1-512.jpg"],[1,"1216745788_819142_12307_1-512.jpg"],[1,"1216745788_944169_12308_1-512.jpg"],[1,"1216745789_069179_12309_1-512.jpg"],[1,"1216745789_194087_12310_1-512.jpg"],[5,"1216746694_774682_15468_1-512.jpg"],[5,"1216746694_964526_15469_1-512.jpg"],[5,"1216746695_179550_15470_1-512.jpg"],[5,"1216746695_344767_15471_1-512.jpg"],[5,"1216746695_499660_15472_1-512.jpg"],[5,"1216746696_209688_15477_1-512.jpg"],[5,"1216746696_339780_15478_1-512.jpg"],[5,"1216746696_464687_15479_1-512.jpg"],[5,"1216746696_664690_15481_1-512.jpg"],[5,"1216746696_784640_15482_1-512.jpg"],[5,"1216746696_899709_15483_1-512.jpg"],[5,"1216746697_009653_15484_1-512.jpg"],[5,"1216746697_009653_15484_1-512.jpg"],[5,"1216746697_119524_15485_1-512.jpg"],[5,"1216746697_229553_15486_1-512.jpg"],[5,"1216746697_229553_15486_1-512.jpg"],[5,"1216746697_339454_15487_1-512.jpg"],[5,"1216746697_339454_15487_1-512.jpg"],[5,"1216746697_449482_15488_1-512.jpg"],[5,"1216746697_559515_15489_1-512.jpg"],[5,"1216746697_664486_15490_1-512.jpg"],[5,"1216746697_664486_15490_1-512.jpg"],[5,"1216746697_769561_15491_1-512.jpg"],[5,"1216746697_874506_15492_1-512.jpg"],[5,"1216746698_084714_15494_1-512.jpg"],[5,"1216746698_609621_15499_1-512.jpg"],[5,"1216746698_714571_15500_1-512.jpg"],[5,"1216746698_819596_15501_1-512.jpg"],[5,"1216746699_019606_15502_1-512.jpg"],[1,"1216746699_019606_15502_1-512.jpg"],[5,"1216746699_224472_15503_1-512.jpg"],[2,"1216746699_424509_15504_1-512.jpg"],[6,"1216746699_424509_15504_1-512.jpg"],[2,"1216746699_624523_15505_1-512.jpg"],[6,"1216746699_624523_15505_1-512.jpg"],[1,"1216746699_624523_15505_1-512.jpg"],[5,"1216746699_624523_15505_1-512.jpg"],[6,"1216746699_824509_15506_1-512.jpg"],[2,"1216746699_824509_15506_1-512.jpg"],[1,"1216746699_824509_15506_1-512.jpg"],[1,"1216746699_824509_15506_1-512.jpg"],[2,"1216746699_824509_15506_1-512.jpg"],[6,"1216746700_024747_15507_1-512.jpg"],[2,"1216746700_024747_15507_1-512.jpg"],[5,"1216746700_024747_15507_1-512.jpg"],[1,"1216746700_224692_15508_1-512.jpg"],[6,"1216746700_224692_15508_1-512.jpg"],[5,"1216746700_424706_15509_1-512.jpg"],[5,"1216746700_654563_15510_1-512.jpg"],[5,"1216746700_759516_15511_1-512.jpg"],[5,"1216746700_864533_15512_1-512.jpg"],[5,"1216746700_969523_15513_1-512.jpg"],[5,"1216746701_074631_15514_1-512.jpg"],[5,"1216746701_284419_15516_1-512.jpg"],[5,"1216746701_454528_15518_1-512.jpg"],[5,"1216746701_454528_15518_1-512.jpg"],[5,"1216746701_559581_15519_1-512.jpg"],[5,"1216746701_669513_15520_1-512.jpg"],[5,"1216746701_784743_15521_1-512.jpg"],[5,"1216746702_129542_15524_1-512.jpg"],[5,"1216746702_249708_15525_1-512.jpg"],[1,"1216746702_249708_15525_1-512.jpg"],[5,"1216746702_374555_15526_1-512.jpg"],[5,"1216746702_504539_15527_1-512.jpg"],[5,"1216746702_634542_15528_1-512.jpg"],[1,"1216746702_914808_15530_1-512.jpg"],[5,"1216746702_914808_15530_1-512.jpg"],[5,"1216746702_914808_15530_1-512.jpg"],[1,"1216746703_044433_15531_1-512.jpg"],[5,"1216746703_044433_15531_1-512.jpg"],[5,"1216746703_044433_15531_1-512.jpg"],[1,"1216746703_174355_15532_1-512.jpg"],[5,"1216746703_174355_15532_1-512.jpg"],[1,"1216746703_299367_15533_1-512.jpg"],[1,"1216746703_464544_15534_1-512.jpg"],[1,"1216746703_589533_15535_1-512.jpg"],[5,"1216746703_589533_15535_1-512.jpg"],[1,"1216746703_719514_15536_1-512.jpg"],[5,"1216746703_719514_15536_1-512.jpg"],[5,"1216746703_849576_15537_1-512.jpg"],[1,"1216746703_849576_15537_1-512.jpg"],[5,"1216746704_249377_15540_1-512.jpg"],[5,"1216746704_374625_15541_1-512.jpg"],[5,"1216746704_499395_15542_1-512.jpg"],[5,"1216746704_619374_15543_1-512.jpg"],[5,"1216746704_719508_15544_1-512.jpg"],[5,"1216746704_834479_15545_1-512.jpg"],[5,"1216746704_944745_15546_1-512.jpg"],[5,"1216746705_054486_15547_1-512.jpg"],[5,"1216746705_164701_15548_1-512.jpg"],[5,"1216746705_274357_15549_1-512.jpg"],[5,"1216746705_379540_15550_1-512.jpg"],[5,"1216746705_379540_15550_1-512.jpg"],[1,"1216746705_379540_15550_1-512.jpg"],[5,"1216746705_484461_15551_1-512.jpg"],[5,"1216746705_589472_15552_1-512.jpg"],[1,"1216746705_589472_15552_1-512.jpg"],[5,"1216746705_694463_15553_1-512.jpg"],[5,"1216746705_799494_15554_1-512.jpg"],[1,"1216746705_799494_15554_1-512.jpg"],[5,"1216746706_024698_15555_1-512.jpg"],[5,"1216746706_224625_15556_1-512.jpg"],[6,"1216746706_424669_15557_1-512.jpg"],[5,"1216746706_424669_15557_1-512.jpg"],[5,"1216746706_824900_15559_1-512.jpg"],[5,"1216746707_024705_15560_1-512.jpg"],[5,"1216746707_589712_15563_1-512.jpg"],[5,"1216746707_789430_15564_1-512.jpg"],[5,"1216746708_444514_15570_1-512.jpg"],[5,"1216746708_554443_15571_1-512.jpg"]],"material_ml":"painted",