{"MATERIAL":"corrugated metal","AVG_SLOPE":6.36305544599,"AVG_HEIGHT":4.8949438856,"TERAIN_SLP":9.26104194538,"AREA":65.035495265,"VOLUME":318,"FLOORS":2,"INT_ZONE":null,"FLOOD":2,"LANDSLIDE":"Amenaza Media","LEGAL_ID":"1481","LEGAL_NAME":"EL EDEN SECTOR EL PARAISO","LEGAL_AREA":0,"LEGAL_LOTS":0,"LEGAL_POP":0,"LEGAL_DENS":0,"LEGALIZING":"No viable","BLOCK_ID_":"204106001","BLOCK_POP":831,"BLOCK_BLD":212,"BLOCK_RISK":2.4658778,"BLOCK_EDU":0,"BLOCK_HLTH":9.9786768,"BLOCK_TRAN":91.102531,"BLOCK_CULT":0,"BLOCK_PARK":90.285126,"BLOCK_SEC":55.59795,"BLOCK_CENT":0,"BLOCK_DEF":64.6226415094,"BLD_INHAB":4,"OBJECTID":1,"AO_225":0.16,"id":3261,"preds_material":[[1,"1216740913_984245_1100_1-512.jpg"],[1,"1216740914_624453_1101_1-512.jpg"],[1,"1216740915_169205_1102_1-512.jpg"],[1,"1216740915_169205_1102_1-512.jpg"],[1,"1216740915_649217_1103_1-512.jpg"],[1,"1216740915_649217_1103_1-512.jpg"],[1,"1216740916_144279_1104_1-512.jpg"],[1,"1216740916_604203_1105_1-512.jpg"],[1,"1216740917_029349_1106_1-512.jpg"],[1,"1216740917_449228_1107_1-512.jpg"],[1,"1216740917_894209_1108_1-512.jpg"],[1,"1216740918_364229_1109_1-512.jpg"],[1,"1216740918_884274_1110_1-512.jpg"],[1,"1216740919_489206_1111_1-512.jpg"],[1,"1216745792_024203_12334_1-512.jpg"],[5,"1216746706_024698_15555_1-512.jpg"],[5,"1216746706_624675_15558_1-512.jpg"],[2,"1216746707_389493_15562_1-512.jpg"],[5,"1216746707_389493_15562_1-512.jpg"],[2,"1216746707_589712_15563_1-512.jpg"],[5,"1216746707_589712_15563_1-512.jpg"],[5,"1216746707_959571_15565_1-512.jpg"],[5,"1216746708_064549_15566_1-512.jpg"],[5,"1216746708_169564_15567_1-512.jpg"],[5,"1216746708_279543_15568_1-512.jpg"],[5,"1216746708_384790_15569_1-512.jpg"],[5,"1216746708_384790_15569_1-512.jpg"],[5,"1216746708_444514_15570_1-512.jpg"],[5,"1216746708_444514_15570_1-512.jpg"],[5,"1216746708_444514_15570_1-512.jpg"],[5,"1216746708_554443_15571_1-512.jpg"],[5,"1216746708_664220_15572_1-512.jpg"],[5,"1216746708_779441_15573_1-512.jpg"],[5,"1216746708_899508_15574_1-512.jpg"],[5,"1216746709_019476_15575_1-512.jpg"],[5,"1216746709_144476_15576_1-512.jpg"],[5,"1216746709_299496_15577_1-512.jpg"],[6,"1216746709_714669_15580_1-512.jpg"],[1,"1216746709_714669_15580_1-512.jpg"],[5,"1216746709_714669_15580_1-512.jpg"],[6,"1216746709_869460_15581_1-512.jpg"],[1,"1216746709_869460_15581_1-512.jpg"],[5,"1216746709_869460_15581_1-512.jpg"],[2,"1216746710_029441_15582_1-512.jpg"],[5,"1216746710_029441_15582_1-512.jpg"],[1,"1216746710_029441_15582_1-512.jpg"],[2,"1216746710_199440_15583_1-512.jpg"],[1,"1216746710_199440_15583_1-512.jpg"],[2,"1216746710_374464_15584_1-512.jpg"],[1,"1216746710_374464_15584_1-512.jpg"],[2,"1216746710_579493_15585_1-512.jpg"],[2,"1216746710_754445_15586_1-512.jpg"],[2,"1216746710_929684_15587_1-512.jpg"],[2,"1216746711_099503_15588_1-512.jpg"],[2,"1216746711_279334_15589_1-512.jpg"],[1,"1216746711_399486_15590_1-512.jpg"],[6,"1216746711_399486_15590_1-512.jpg"],[2,"1216746711_399486_15590_1-512.jpg"]],"material_ml":"painted","preds_construction":[[2,"1216740913_984245_1100_1-512.jpg"],[2,"1216740914_624453_1101_1-512.jpg"],[2,"1216740915_169205_1102_1-512.jpg"],[2,"1216740915_169205_1102_1-512.jpg"],[2,"1216740915_649217_1103_1-512.jpg"],[2,"1216740915_649217_1103_1-512.jpg"],[2,"1216740915_649217_1103_1-512.jpg"],[2,"1216740916_144279_1104_1-512.jpg"],[2,"1216740916_604203_1105_1-512.jpg"],[2,"1216740917_029349_1106_1-512.jpg"],[2,"1216740917_449228_1107_1-512.jpg"],[2,"1216740917_894209_1108_1-512.jpg"],[2,"1216740918_364229_1109_1-512.jpg"],[2,"1216740918_884274_1110_1-512.jpg"],[1,"1216745793_059299_12343_1-512.jpg"],[2,"1216746704_619374_15543_1-512.jpg"],[2,"1216746705_274357_15549_1-512.jpg"],[2,"1216746706_024698_15555_1-512.jpg"],[2,"1216746706_624675_15558_1-512.jpg"],[2,"1216746707_389493_15562_1-512.jpg"],[2,"1216746707_589712_15563_1-512.jpg"],[2,"1216746707_959571_15565_1-512.jpg"],[2,"1216746708_064549_15566_1-512.jpg"],[2,"1216746708_169564_15567_1-512.jpg"],[2,"1216746708_279543_15568_1-512.jpg"],[2,"1216746708_384790_15569_1-512.jpg"],[2,"1216746708_444514_15570_1-512.jpg"],[2,"1216746708_554443_15571_1-512.jpg"],[2,"1216746708_664220_15572_1-512.jpg"],[2,"1216746708_779441_15573_1-512.jpg"],[2,"1216746708_899508_15574_1-512.jpg"],[2,"1216746709_019476_15575_1-512.jpg"],[2,"1216746709_144476_15576_1-512.jpg"],[2,"1216746709_299496_15577_1-512.jpg"],[2,"1216746709_714669_15580_1-512.jpg"],[2,"1216746709_869460_15581_1-512.jpg"],[2,"1216746710_029441_15582_1-512.jpg"],[2,"1216746710_199440_15583_1-512.jpg"],[2,"1216746710_374464_15584_1-512.jpg"],[2,"1216746710_579493_15585_1-512.jpg"],[2,"1216746710_754445_15586_1-512.jpg"],[2,"1216746710_929684_15587_1-512.jpg"],[2,"1216746711_099503_15588_1-512.jpg"],[2,"1216746711_279334_15589_1-512.jpg"],[1,"1216746711_279334_15589_1-512.jpg"],[2,"1216746711_399486_15590_1-512.jpg"]],"construction_ml":"complete","preds_design":[[2,"1216740913_984245_1100_1-512.jpg"],[2,"1216740914_624453_1101_1-512.jpg"],[2,"1216740915_169205_1102_1-512.jpg"],[2,"1216740915_169205_1102_1-512.jpg"],[2,"1216740915_649217_1103_1-512.jpg"],[2,"1216740915_649217_1103_1-512.jpg"],[2,"1216740916_144279_1104_1-512.jpg"],[2,"1216740916_604203_1105_1-512.jpg"],[2,"1216740917_029349_1106_1-512.jpg"],[2,"1216740917_449228_1107_1-512.jpg"],[2,"1216740917_894209_1108_1-512.jpg"],[2,"1216740918_364229_1109_1-512.jpg"],[2,"1216740918_884274_1110_1-512.jpg"],[2,"1216740919_489206_1111_1-512.jpg"],[1,"1216746704_619374_15543_1-512.jpg"],[2,"1216746706_024698_15555_1-512.jpg"],[1,"1216746706_624675_15558_1-512.jpg"],[1,"1216746707_389493_15562_1-512.jpg"],[2,"1216746707_389493_15562_1-512.jpg"],[1,"1216746707_589712_15563_1-512.jpg"],[2,"1216746707_959571_15565_1-512.jpg"],[2,"1216746708_064549_15566_1-512.jpg"],[2,"1216746708_169564_15567_1-512.jpg"],[2,"1216746708_279543_15568_1-512.jpg"],[2,"1216746708_384790_15569_1-512.jpg"],[2,"1216746708_444514_15570_1-512.jpg"],[2,"1216746708_554443_15571_1-512.jpg"],[2,"1216746708_664220_15572_1-512.jpg"],[2,"1216746708_779441_15573_1-512.jpg"],[2,"1216746708_899508_15574_1-512.jpg"],[2,"1216746709_019476_15575_1-512.jpg"],[2,"1216746709_144476_15576_1-512.jpg"],[2,"1216746709_299496_15577_1-512.jpg"],[1,"1216746709_714669_15580_1-512.jpg"],[1,"1216746709_869460_15581_1-512.jpg"],[1,"1216746710_029441_15582_1-512.jpg"],[1,"1216746710_199440_15583_1-512.jpg"],[1,"1216746710_199440_15583_1-512.jpg"],[1,"1216746710_374464_15584_1-512.jpg"],[1,"1216746710_374464_15584_1-512.jpg"],[1,"1216746710_579493_15585_1-512.jpg"],[1,"1216746710_754445_15586_1-512.jpg"],[1,"1216746710_929684_15587_1-512.jpg"],[1,"1216746711_099503_15588_1-512.jpg"],[1,"1216746711_279334_15589_1-512.jpg"],[2,"1216746711_279334_15589_1-512.jpg"],[2,"1216746711_399486_15590_1-512.jpg"],[2,"1216746711_554408_15591_1-512.jpg"]],"design_ml":"designed","images":[]}
