{"MATERIAL":"concrete","AVG_SLOPE":9.18603162367,"AVG_HEIGHT":4.84722310912,"TERAIN_SLP":5.31357491823,"AREA":173.76324112,"VOLUME":842,"FLOORS":2,"INT_ZONE":null,"FLOOD":2,"LANDSLIDE":"Amenaza Media","LEGAL_ID":null,"LEGAL_NAME":null,"LEGAL_AREA":0,"LEGAL_LOTS":0,"LEGAL_POP":0,"LEGAL_DENS":0,"LEGALIZING":"No viable","BLOCK_ID_":"204106001","BLOCK_POP":831,"BLOCK_BLD":212,"BLOCK_RISK":2.4658778,"BLOCK_EDU":0,"BLOCK_HLTH":9.9786768,"BLOCK_TRAN":91.102531,"BLOCK_CULT":0,"BLOCK_PARK":90.285126,"BLOCK_SEC":55.59795,"BLOCK_CENT":0,"BLOCK_DEF":64.6226415094,"BLD_INHAB":4,"OBJECTID":1,"AO_225":0.16,"id":3478,"preds_material":[[1,"1216745763_569474_12131_1-512.jpg"],[1,"1216745763_979469_12134_1-512.jpg"],[1,"1216745764_109445_12135_1-512.jpg"],[1,"1216745764_239501_12136_1-512.jpg"],[1,"1216745764_404357_12137_1-512.jpg"],[1,"1216745764_534344_12138_1-512.jpg"],[1,"1216745764_619465_12139_1-512.jpg"],[1,"1216745764_744503_12140_1-512.jpg"],[1,"1216745764_829477_12141_1-512.jpg"],[1,"1216745765_374571_12146_1-512.jpg"],[1,"1216745765_459491_12147_1-512.jpg"],[1,"1216745765_584511_12148_1-512.jpg"],[1,"1216745765_669460_12149_1-512.jpg"],[1,"1216746658_349979_15239_1-512.jpg"],[1,"1216746658_614718_15241_1-512.jpg"],[5,"1216746658_769782_15242_1-512.jpg"],[1,"1216746658_769782_15242_1-512.jpg"],[5,"1216746658_874698_15243_1-512.jpg"],[1,"1216746658_874698_15243_1-512.jpg"],[5,"1216746659_024957_15244_1-512.jpg"],[1,"1216746659_024957_15244_1-512.jpg"],[1,"1216746659_024957_15244_1-512.jpg"],[1,"1216746659_129938_15245_1-512.jpg"],[1,"1216746659_129938_15245_1-512.jpg"],[5,"1216746659_129938_15245_1-512.jpg"],[1,"1216746659_275071_15246_1-512.jpg"],[1,"1216746659_385183_15247_1-512.jpg"],[1,"1216746659_529785_15248_1-512.jpg"],[1,"1216746660_079758_15253_1-512.jpg"],[1,"1216746660_384808_15256_1-512.jpg"],[5,"1216746660_384808_15256_1-512.jpg"],[1,"1216746660_494845_15257_1-512.jpg"],[1,"1216746660_604879_15258_1-512.jpg"],[5,"1216746660_604879_15258_1-512.jpg"],[1,"1216746660_719793_15259_1-512.jpg"],[1,"1216746660_829842_15260_1-512.jpg"]],"material_ml":"brick","preds_construction":[[1,"1216745763_699500_12132_1-512.jpg"],[1,"1216745764_109445_12135_1-512.jpg"],[1,"1216745764_239501_12136_1-512.jpg"],[1,"1216745764_239501_12136_1-512.jpg"],[1,"1216745764_404357_12137_1-512.jpg"],[1,"1216745764_534344_12138_1-512.jpg"],[1,"1216745764_619465_12139_1-512.jpg"],[1,"1216745764_744503_12140_1-512.jpg"],[1,"1216745765_039919_12143_1-512.jpg"],[1,"1216745765_249459_12145_1-512.jpg"],[1,"1216745765_374571_12146_1-512.jpg"],[1,"1216745765_459491_12147_1-512.jpg"],[1,"1216745765_669460_12149_1-512.jpg"],[1,"1216746658_244823_15238_1-512.jpg"],[1,"1216746658_349979_15239_1-512.jpg"],[1,"1216746658_509775_15240_1-512.jpg"],[1,"1216746658_614718_15241_1-512.jpg"],[1,"1216746658_769782_15242_1-512.jpg"],[1,"1216746658_874698_15243_1-512.jpg"],[1,"1216746659_024957_15244_1-512.jpg"],[1,"1216746659_275071_15246_1-512.jpg"],[1,"1216746659_794828_15250_1-512.jpg"],[1,"1216746659_904903_15251_1-512.jpg"],[1,"1216746660_014884_15252_1-512.jpg"],[1,"1216746660_079758_15253_1-512.jpg"],[1,"1216746660_189774_15254_1-512.jpg"],[1,"1216746660_299802_15255_1-512.jpg"],[1,"1216746660_494845_15257_1-512.jpg"],[1,"1216746660_604879_15258_1-512.jpg"],[1,"1216746660_719793_15259_1-512.jpg"],[1,"1216746660_829842_15260_1-512.jpg"],[1,"1216746661_449953_15265_1-512.jpg"],[1,"1216746661_589780_15266_1-512.jpg"]],"construction_ml":"incomplete","preds_design":[[1,"1216745764_109445_12135_1-512.jpg"],[1,"1216745764_239501_12136_1-512.jpg"],[1,"1216745764_404357_12137_1-512.jpg"],[1,"1216745764_534344_12138_1-512.jpg"],[1,"1216745764_619465_12139_1-512.jpg"],[1,"1216745764_744503_12140_1-512.jpg"],[1,"1216745764_829477_12141_1-512.jpg"],[1,"1216745764_954268_12142_1-512.jpg"],[1,"1216745765_039919_12143_1-512.jpg"],[1,"1216745765_159996_12144_1-512.jpg"],[1,"1216745765_249459_12145_1-512.jpg"],[1,"1216745765_669460_12149_1-512.jpg"],[1,"1216745765_794406_12150_1-512.jpg"],[1,"1216746658_089843_15237_1-512.jpg"],[1,"1216746658_244823_15238_1-512.jpg"],[1,"1216746658_349979_15239_1-512.jpg"],[1,"1216746658_509775_15240_1-512.jpg"],[1,"1216746658_614718_15241_1-512.jpg"],[1,"1216746658_769782_15242_1-512.jpg"],[1,"1216746658_874698_15243_1-512.jpg"],[1,"1216746659_024957_15244_1-512.jpg"],[1,"1216746659_129938_15245_1-512.jpg"],[1,"1216746659_275071_15246_1-512.jpg"],[1,"1216746659_639896_15249_1-512.jpg"],[1,"1216746659_794828_15250_1-512.jpg"],[1,"1216746659_904903_15251_1-512.jpg"],[1,"1216746660_014884_15252_1-512.jpg"],[1,"1216746660_604879_15258_1-512.jpg"],[1,"1216746660_719793_15259_1-512.jpg"],[1,"1216746660_829842_15260_1-512.jpg"],[1,"1216746660_944869_15261_1-512.jpg"]],"design_ml":"undesigned","images":[]}
