{"MATERIAL":"corrugated metal","AVG_SLOPE":14.3564129511,"AVG_HEIGHT":2.54814064382,"TERAIN_SLP":5.15113725802,"AREA":45.3246071717,"VOLUME":115,"FLOORS":1,"INT_ZONE":null,"FLOOD":2,"LANDSLIDE":"Amenaza Media","LEGAL_ID":null,"LEGAL_NAME":null,"LEGAL_AREA":0,"LEGAL_LOTS":0,"LEGAL_POP":0,"LEGAL_DENS":0,"LEGALIZING":"No viable","BLOCK_ID_":"204106001","BLOCK_POP":831,"BLOCK_BLD":212,"BLOCK_RISK":2.4658778,"BLOCK_EDU":0,"BLOCK_HLTH":9.9786768,"BLOCK_TRAN":91.102531,"BLOCK_CULT":0,"BLOCK_PARK":90.285126,"BLOCK_SEC":55.59795,"BLOCK_CENT":0,"BLOCK_DEF":64.6226415094,"BLD_INHAB":4,"OBJECTID":1,"AO_225":0.16,"id":3479,"preds_material":[[1,"1216745742_086202_12014_1-512.jpg"],[1,"1216745761_784496_12115_1-512.jpg"],[1,"1216745761_884340_12116_1-512.jpg"],[1,"1216745761_999598_12117_1-512.jpg"],[1,"1216745762_099462_12118_1-512.jpg"],[1,"1216745762_219497_12119_1-512.jpg"],[1,"1216745762_314364_12120_1-512.jpg"],[1,"1216745762_434393_12121_1-512.jpg"],[1,"1216745762_524348_12122_1-512.jpg"],[1,"1216745762_649416_12123_1-512.jpg"],[1,"1216745762_734441_12124_1-512.jpg"],[1,"1216745762_859537_12125_1-512.jpg"],[6,"1216746523_919317_14896_1-512.jpg"],[5,"1216746535_264045_14928_1-512.jpg"],[6,"1216746539_294075_14933_1-512.jpg"],[5,"1216746555_513588_14951_1-512.jpg"],[1,"1216746556_453640_14954_1-512.jpg"],[5,"1216746559_253616_14959_1-512.jpg"],[6,"1216746559_253616_14959_1-512.jpg"],[6,"1216746559_893697_14960_1-512.jpg"],[5,"1216746565_488443_14967_1-512.jpg"],[5,"1216746573_098256_14977_1-512.jpg"],[5,"1216746573_773176_14978_1-512.jpg"],[1,"1216746578_268120_14985_1-512.jpg"],[5,"1216746580_607972_14991_1-512.jpg"],[1,"1216746585_712886_15003_1-512.jpg"],[5,"1216746585_712886_15003_1-512.jpg"],[5,"1216746586_152904_15004_1-512.jpg"],[1,"1216746587_117953_15006_1-512.jpg"],[5,"1216746601_522868_15029_1-512.jpg"],[5,"1216746603_302811_15033_1-512.jpg"],[5,"1216746613_752848_15042_1-512.jpg"],[1,"1216746613_752848_15042_1-512.jpg"],[1,"1216746615_442518_15049_1-512.jpg"],[5,"1216746616_667353_15055_1-512.jpg"],[6,"1216746620_482271_15073_1-512.jpg"],[2,"1216746621_787242_15079_1-512.jpg"],[5,"1216746621_787242_15079_1-512.jpg"],[5,"1216746623_402249_15085_1-512.jpg"],[1,"1216746625_232035_15092_1-512.jpg"],[5,"1216746625_232035_15092_1-512.jpg"],[2,"1216746628_332197_15105_1-512.jpg"]],"material_ml":"brick","images":[]}
