{"MATERIAL":"corrugated metal/heavily patched","AVG_SLOPE":6.45188861013,"AVG_HEIGHT":2.65000734636,"TERAIN_SLP":5.60310903822,"AREA":31.5082052713,"VOLUME":83,"FLOORS":1,"INT_ZONE":null,"FLOOD":2,"LANDSLIDE":"Amenaza Media","LEGAL_ID":null,"LEGAL_NAME":null,"LEGAL_AREA":0,"LEGAL_LOTS":0,"LEGAL_POP":0,"LEGAL_DENS":0,"LEGALIZING":"No viable","BLOCK_ID_":"204106001","BLOCK_POP":831,"BLOCK_BLD":212,"BLOCK_RISK":2.4658778,"BLOCK_EDU":0,"BLOCK_HLTH":9.9786768,"BLOCK_TRAN":91.102531,"BLOCK_CULT":0,"BLOCK_PARK":90.285126,"BLOCK_SEC":55.59795,"BLOCK_CENT":0,"BLOCK_DEF":64.6226415094,"BLD_INHAB":4,"OBJECTID":1,"AO_225":0.16,"id":3480,"preds_material":[[1,"1216745760_199319_12101_1-512.jpg"],[1,"1216745760_319493_12102_1-512.jpg"],[1,"1216745760_439498_12103_1-512.jpg"],[1,"1216745760_554391_12104_1-512.jpg"],[1,"1216745760_674407_12105_1-512.jpg"],[1,"1216745760_784359_12106_1-512.jpg"],[1,"1216745760_904381_12107_1-512.jpg"],[1,"1216745761_009585_12108_1-512.jpg"],[1,"1216745761_129506_12109_1-512.jpg"],[1,"1216745761_229558_12110_1-512.jpg"],[1,"1216745761_344564_12111_1-512.jpg"],[1,"1216745761_449476_12112_1-512.jpg"],[1,"1216745761_564533_12113_1-512.jpg"],[1,"1216745761_669466_12114_1-512.jpg"],[1,"1216746556_898638_14955_1-512.jpg"],[5,"1216746580_887959_14992_1-512.jpg"],[5,"1216746581_142930_14993_1-512.jpg"],[5,"1216746601_967876_15030_1-512.jpg"],[1,"1216746614_027547_15043_1-512.jpg"],[5,"1216746614_027547_15043_1-512.jpg"],[5,"1216746616_867373_15056_1-512.jpg"],[5,"1216746623_687218_15086_1-512.jpg"],[1,"1216746625_466978_15093_1-512.jpg"],[5,"1216746625_466978_15093_1-512.jpg"],[2,"1216746628_612103_15106_1-512.jpg"],[2,"1216746628_891973_15107_1-512.jpg"]],"material_ml":"brick","images":[]}
