{"MATERIAL":"corrugated metal","AVG_SLOPE":6.55224608922,"AVG_HEIGHT":9.96679624428,"TERAIN_SLP":4.82292651395,"AREA":70.0939725389,"VOLUME":699,"FLOORS":3,"INT_ZONE":null,"FLOOD":1,"LANDSLIDE":"Amenaza Media","LEGAL_ID":"358","LEGAL_NAME":"EL PARAISO","LEGAL_AREA":26.04,"LEGAL_LOTS":2077,"LEGAL_POP":11215.8,"LEGAL_DENS":79.76190476,"LEGALIZING":null,"BLOCK_ID_":"002565077","BLOCK_POP":223,"BLOCK_BLD":55,"BLOCK_RISK":10.298139,"BLOCK_EDU":0.70024371,"BLOCK_HLTH":22.415354,"BLOCK_TRAN":69.848991,"BLOCK_CULT":0,"BLOCK_PARK":66.626373,"BLOCK_SEC":100,"BLOCK_CENT":0,"BLOCK_DEF":38.1818181818,"BLD_INHAB":4,"OBJECTID":1,"AO_225":0.16,"id":3483,"preds_material":[[5,"1216740714_775336_623_3-512.jpg"],[5,"1216740715_000419_624_3-512.jpg"],[5,"1216740715_220347_625_3-512.jpg"],[5,"1216740715_430286_626_3-512.jpg"],[5,"1216740715_635328_627_3-512.jpg"],[1,"1216740715_635328_627_3-512.jpg"],[5,"1216740715_840590_628_3-512.jpg"],[1,"1216740715_840590_628_3-512.jpg"],[5,"1216740716_040431_629_3-512.jpg"],[5,"1216740716_240553_630_3-512.jpg"],[5,"1216745766_104325_12153_3-512.jpg"],[5,"1216745766_234288_12154_3-512.jpg"],[5,"1216745766_324322_12155_3-512.jpg"],[5,"1216745766_454312_12156_3-512.jpg"],[5,"1216745766_539420_12157_3-512.jpg"],[5,"1216745766_674345_12158_3-512.jpg"],[5,"1216745766_809332_12159_3-512.jpg"],[5,"1216745766_964326_12160_3-512.jpg"],[5,"1216745767_104379_12161_3-512.jpg"],[5,"1216745767_249284_12162_3-512.jpg"],[5,"1216745767_379446_12163_3-512.jpg"],[5,"1216745767_529471_12164_3-512.jpg"],[5,"1216745767_679461_12165_3-512.jpg"],[5,"1216745767_789428_12166_3-512.jpg"],[5,"1216745767_994373_12167_3-512.jpg"],[5,"1216745768_204326_12168_3-512.jpg"],[5,"1216745768_364276_12169_3-512.jpg"],[5,"1216746660_189774_15254_3-512.jpg"],[5,"1216746660_299802_15255_3-512.jpg"],[5,"1216746660_384808_15256_3-512.jpg"],[5,"1216746660_494845_15257_3-512.jpg"],[5,"1216746660_604879_15258_3-512.jpg"],[5,"1216746660_719793_15259_3-512.jpg"],[1,"1216746660_829842_15260_3-512.jpg"],[1,"1216746660_944869_15261_3-512.jpg"],[1,"1216746661_104825_15262_3-512.jpg"],[1,"1216746661_219934_15263_3-512.jpg"],[5,"1216746661_219934_15263_3-512.jpg"],[1,"1216746661_334950_15264_3-512.jpg"],[5,"1216746661_334950_15264_3-512.jpg"],[1,"1216746661_449953_15265_3-512.jpg"],[5,"1216746661_449953_15265_3-512.jpg"],[5,"1216746661_449953_15265_3-512.jpg"],[1,"1216746661_589780_15266_3-512.jpg"],[5,"1216746661_589780_15266_3-512.jpg"],[5,"1216746661_709831_15267_3-512.jpg"],[5,"1216746661_829837_15268_3-512.jpg"],[5,"1216746661_949841_15269_3-512.jpg"],[5,"1216746662_064915_15270_3-512.jpg"],[5,"1216746662_224786_15271_3-512.jpg"],[5,"1216746662_339836_15272_3-512.jpg"],[5,"1216746662_454748_15273_3-512.jpg"],[5,"1216746662_574769_15274_3-512.jpg"],[5,"1216746662_694745_15275_3-512.jpg"],[5,"1216746662_829759_15276_3-512.jpg"],[5,"1216746663_944869_15286_3-512.jpg"],[1,"1216746663_944869_15286_3-512.jpg"],[1,"1216746664_055124_15287_3-512.jpg"],[5,"1216746664_055124_15287_3-512.jpg"],[5,"1216746664_164892_15288_3-512.jpg"],[1,"1216746664_164892_15288_3-512.jpg"],[5,"1216746664_294793_15289_3-512.jpg"],[1,"1216746664_294793_15289_3-512.jpg"],[5,"1216746664_399796_15290_3-512.jpg"],[1,"1216746664_399796_15290_3-512.jpg"],[1,"1216746664_504862_15291_3-512.jpg"],[5,"1216746664_504862_15291_3-512.jpg"],[5,"1216746664_609801_15292_3-512.jpg"],[1,"1216746664_609801_15292_3-512.jpg"],[5,"1216746664_714988_15293_3-512.jpg"],[1,"1216746664_714988_15293_3-512.jpg"],[5,"1216746664_819766_15294_3-512.jpg"],[5,"1216746664_954782_15295_3-512.jpg"],[5,"1216746665_059757_15296_3-512.jpg"],[5,"1216746665_059757_15296_3-512.jpg"],[5,"1216746665_164839_15297_3-512.jpg"],[5,"1216746665_164839_15297_3-512.jpg"],[5,"1216746665_269693_15298_3-512.jpg"],[5,"1216746665_269693_15298_3-512.jpg"],[5,"1216746665_374811_15299_3-512.jpg"],[5,"1216746665_374811_15299_3-512.jpg"],[5,"1216746665_479778_15300_3-512.jpg"],[5,"1216746665_584795_15301_3-512.jpg"],[5,"1216746665_689750_15302_3-512.jpg"],[5,"1216746665_799819_15303_3-512.jpg"],[5,"1216746665_799819_15303_3-512.jpg"],[5,"1216746665_909787_15304_3-512.jpg"],[5,"1216746666_019842_15305_3-512.jpg"],[5,"1216746666_129811_15306_3-512.jpg"],[5,"1216746666_239821_15307_3-512.jpg"],[5,"1216746666_394764_15308_3-512.jpg"],[5,"1216746666_509747_15309_3-512.jpg"],[5,"1216746666_624816_15310_3-512.jpg"],[5,"1216746666_739722_15311_3-512.jpg"],[5,"1216746666_854825_15312_3-512.jpg"],[5,"1216746666_969733_15313_3-512.jpg"],[1,"1216746666_969733_15313_3-512.jpg"],[5,"1216746666_969733_15313_3-512.jpg"],[5,"1216746667_084832_15314_3-512.jpg"],[1,"1216746667_084832_15314_3-512.jpg"],[5,"1216746667_199738_15315_3-512.jpg"],[6,"1216746667_199738_15315_3-512.jpg"],[1,"1216746667_199738_15315_3-512.jpg"],[5,"1216746667_514843_15318_3-512.jpg"],[5,"1216746667_634880_15319_3-512.jpg"],[6,"1216746667_634880_15319_3-512.jpg"]],"material_ml":"painted",