{"MATERIAL":"corrugated metal","AVG_SLOPE":6.62445080237,"AVG_HEIGHT":2.52160857002,"TERAIN_SLP":3.84820266908,"AREA":37.917824962,"VOLUME":96,"FLOORS":1,"INT_ZONE":null,"FLOOD":1,"LANDSLIDE":"Amenaza Media","LEGAL_ID":"358","LEGAL_NAME":"EL PARAISO","LEGAL_AREA":26.04,"LEGAL_LOTS":2077,"LEGAL_POP":11215.8,"LEGAL_DENS":79.76190476,"LEGALIZING":null,"BLOCK_ID_":"002565077","BLOCK_POP":223,"BLOCK_BLD":55,"BLOCK_RISK":10.298139,"BLOCK_EDU":0.70024371,"BLOCK_HLTH":22.415354,"BLOCK_TRAN":69.848991,"BLOCK_CULT":0,"BLOCK_PARK":66.626373,"BLOCK_SEC":100,"BLOCK_CENT":0,"BLOCK_DEF":38.1818181818,"BLD_INHAB":4,"OBJECTID":1,"AO_225":0.16,"id":3487,"preds_material":[[5,"1216740687_615499_595_3-512.jpg"],[5,"1216740687_935506_596_3-512.jpg"],[5,"1216740688_260498_597_1-512.jpg"],[5,"1216740688_260498_597_3-512.jpg"],[5,"1216740688_260498_597_3-512.jpg"],[5,"1216740688_590443_598_1-512.jpg"],[5,"1216740688_590443_598_3-512.jpg"],[5,"1216740688_945484_599_1-512.jpg"],[5,"1216740688_945484_599_1-512.jpg"],[5,"1216740688_945484_599_3-512.jpg"],[5,"1216740688_945484_599_3-512.jpg"],[5,"1216740689_305476_600_1-512.jpg"],[5,"1216740689_305476_600_1-512.jpg"],[5,"1216740689_305476_600_3-512.jpg"],[5,"1216740689_305476_600_3-512.jpg"],[5,"1216740689_680423_601_1-512.jpg"],[5,"1216740689_680423_601_3-512.jpg"],[5,"1216740690_065494_602_3-512.jpg"]],"material_ml":"painted","preds_construction":[[2,"1216740687_615499_595_3-512.jpg"],[2,"1216740687_935506_596_3-512.jpg"],[2,"1216740688_260498_597_1-512.jpg"],[2,"1216740688_260498_597_3-512.jpg"],[2,"1216740688_260498_597_3-512.jpg"],[2,"1216740688_590443_598_1-512.jpg"],[2,"1216740688_590443_598_1-512.jpg"],[2,"1216740688_590443_598_3-512.jpg"],[2,"1216740688_590443_598_3-512.jpg"],[2,"1216740688_945484_599_1-512.jpg"],[2,"1216740688_945484_599_1-512.jpg"],[2,"1216740688_945484_599_3-512.jpg"],[2,"1216740688_945484_599_3-512.jpg"],[2,"1216740689_305476_600_1-512.jpg"],[2,"1216740689_305476_600_1-512.jpg"],[2,"1216740689_305476_600_3-512.jpg"],[2,"1216740689_305476_600_3-512.jpg"],[2,"1216740689_680423_601_1-512.jpg"],[2,"1216740689_680423_601_3-512.jpg"],[2,"1216740690_065494_602_3-512.jpg"]],"construction_ml":"complete","preds_design":[[1,"1216740687_615499_595_3-512.jpg"],[1,"1216740687_935506_596_3-512.jpg"],[2,"1216740688_260498_597_1-512.jpg"],[1,"1216740688_260498_597_3-512.jpg"],[1,"1216740688_260498_597_3-512.jpg"],[2,"1216740688_260498_597_3-512.jpg"],[2,"1216740688_590443_598_1-512.jpg"],[1,"1216740688_590443_598_3-512.jpg"],[2,"1216740688_945484_599_1-512.jpg"],[2,"1216740688_945484_599_1-512.jpg"],[1,"1216740688_945484_599_3-512.jpg"],[1,"1216740688_945484_599_3-512.jpg"],[2,"1216740689_305476_600_1-512.jpg"],[2,"1216740689_305476_600_1-512.jpg"],[1,"1216740689_305476_600_3-512.jpg"],[1,"1216740689_305476_600_3-512.jpg"],[1,"1216740689_305476_600_3-512.jpg"],[2,"1216740689_680423_601_1-512.jpg"],[1,"1216740689_680423_601_3-512.jpg"],[1,"1216740689_680423_601_3-512.jpg"],[1,"1216740690_065494_602_3-512.jpg"]],"design_ml":"undesigned","images":[]}
