{"MATERIAL":"corrugated metal","AVG_SLOPE":4.55540503801,"AVG_HEIGHT":9.54253414344,"TERAIN_SLP":1.87440647443,"AREA":35.9262482913,"VOLUME":343,"FLOORS":3,"INT_ZONE":null,"FLOOD":1,"LANDSLIDE":"Amenaza Media","LEGAL_ID":"358","LEGAL_NAME":"EL PARAISO","LEGAL_AREA":26.04,"LEGAL_LOTS":2077,"LEGAL_POP":11215.8,"LEGAL_DENS":79.76190476,"LEGALIZING":null,"BLOCK_ID_":"002565077","BLOCK_POP":223,"BLOCK_BLD":55,"BLOCK_RISK":10.298139,"BLOCK_EDU":0.70024371,"BLOCK_HLTH":22.415354,"BLOCK_TRAN":69.848991,"BLOCK_CULT":0,"BLOCK_PARK":66.626373,"BLOCK_SEC":100,"BLOCK_CENT":0,"BLOCK_DEF":38.1818181818,"BLD_INHAB":4,"OBJECTID":1,"AO_225":0.16,"id":3488,"preds_material":[[5,"1216740692_005683_606_3-512.jpg"],[2,"1216740692_715466_607_1-512.jpg"],[5,"1216740692_715466_607_1-512.jpg"],[5,"1216740692_715466_607_3-512.jpg"],[5,"1216740692_715466_607_3-512.jpg"],[2,"1216740693_445452_608_1-512.jpg"],[5,"1216740693_445452_608_3-512.jpg"],[2,"1216740694_275468_609_1-512.jpg"],[5,"1216740694_275468_609_3-512.jpg"],[2,"1216740700_215418_610_1-512.jpg"],[5,"1216740700_215418_610_3-512.jpg"]],"material_ml":"painted","preds_construction":[[2,"1216740692_005683_606_3-512.jpg"],[2,"1216740692_715466_607_1-512.jpg"],[2,"1216740692_715466_607_1-512.jpg"],[2,"1216740692_715466_607_3-512.jpg"],[2,"1216740692_715466_607_3-512.jpg"],[2,"1216740693_445452_608_1-512.jpg"],[2,"1216740693_445452_608_3-512.jpg"],[2,"1216740694_275468_609_1-512.jpg"],[2,"1216740694_275468_609_3-512.jpg"],[2,"1216740700_215418_610_1-512.jpg"],[2,"1216740700_215418_610_3-512.jpg"],[2,"1216746657_659527_15233_3-512.jpg"],[1,"1216746657_659527_15233_3-512.jpg"],[2,"1216746657_769377_15234_3-512.jpg"],[2,"1216746657_879453_15235_3-512.jpg"],[2,"1216746657_979778_15236_3-512.jpg"],[2,"1216746659_385183_15247_3-512.jpg"]],"construction_ml":"complete","preds_design":[[2,"1216740692_005683_606_3-512.jpg"],[2,"1216740692_715466_607_1-512.jpg"],[1,"1216740692_715466_607_1-512.jpg"],[2,"1216740692_715466_607_3-512.jpg"],[1,"1216740692_715466_607_3-512.jpg"],[2,"1216740693_445452_608_1-512.jpg"],[2,"1216740693_445452_608_3-512.jpg"],[2,"1216740694_275468_609_1-512.jpg"],[2,"1216740694_275468_609_3-512.jpg"],[2,"1216740700_215418_610_1-512.jpg"],[2,"1216740700_215418_610_3-512.jpg"],[2,"1216746657_659527_15233_3-512.jpg"],[2,"1216746657_769377_15234_3-512.jpg"],[2,"1216746657_879453_15235_3-512.jpg"],[2,"1216746657_979778_15236_3-512.jpg"]],"design_ml":"designed","images":[]}
