{"MATERIAL":"corrugated metal - dark","AVG_SLOPE":11.457600475,"AVG_HEIGHT":1.53515009959,"TERAIN_SLP":23.0956537475,"AREA":72.9042797074,"VOLUME":112,"FLOORS":1,"INT_ZONE":null,"FLOOD":1,"LANDSLIDE":"Amenaza Media","LEGAL_ID":"358","LEGAL_NAME":"EL PARAISO","LEGAL_AREA":26.04,"LEGAL_LOTS":2077,"LEGAL_POP":11215.8,"LEGAL_DENS":79.76190476,"LEGALIZING":null,"BLOCK_ID_":"002565077","BLOCK_POP":223,"BLOCK_BLD":55,"BLOCK_RISK":10.298139,"BLOCK_EDU":0.70024371,"BLOCK_HLTH":22.415354,"BLOCK_TRAN":69.848991,"BLOCK_CULT":0,"BLOCK_PARK":66.626373,"BLOCK_SEC":100,"BLOCK_CENT":0,"BLOCK_DEF":38.1818181818,"BLD_INHAB":4,"OBJECTID":1,"AO_225":0.16,"id":3490,"preds_material":[[5,"1216740717_125313_634_3-512.jpg"],[5,"1216740717_385350_635_3-512.jpg"],[5,"1216740717_660305_636_3-512.jpg"],[5,"1216740717_940531_637_3-512.jpg"],[5,"1216740717_940531_637_3-512.jpg"],[5,"1216740718_240278_638_3-512.jpg"],[5,"1216740718_240278_638_3-512.jpg"],[5,"1216740718_615349_639_3-512.jpg"],[5,"1216740718_615349_639_3-512.jpg"],[5,"1216740719_120519_640_3-512.jpg"],[5,"1216740719_120519_640_3-512.jpg"],[5,"1216740719_760287_641_3-512.jpg"],[5,"1216740719_760287_641_3-512.jpg"],[1,"1216740719_760287_641_3-512.jpg"],[5,"1216740720_550267_642_3-512.jpg"],[5,"1216740720_550267_642_3-512.jpg"],[1,"1216740720_550267_642_3-512.jpg"],[5,"1216740721_505301_643_3-512.jpg"],[5,"1216740721_505301_643_3-512.jpg"],[5,"1216740722_395540_644_3-512.jpg"],[5,"1216740722_395540_644_3-512.jpg"],[5,"1216740723_115300_645_3-512.jpg"],[5,"1216740723_115300_645_3-512.jpg"],[5,"1216740724_410266_647_3-512.jpg"],[5,"1216740724_975306_648_3-512.jpg"],[5,"1216740724_975306_648_3-512.jpg"],[5,"1216740725_465280_649_3-512.jpg"],[5,"1216740725_465280_649_3-512.jpg"],[5,"1216740725_895279_650_3-512.jpg"],[5,"1216740725_895279_650_3-512.jpg"],[5,"1216740726_270238_651_3-512.jpg"],[5,"1216740726_595291_652_3-512.jpg"],[5,"1216740726_900237_653_3-512.jpg"],[5,"1216740727_170253_654_3-512.jpg"],[5,"1216740727_430249_655_3-512.jpg"],[5,"1216740727_670229_656_3-512.jpg"],[5,"1216740727_900253_657_3-512.jpg"],[5,"1216740728_115258_658_3-512.jpg"],[5,"1216740728_325255_659_3-512.jpg"],[5,"1216740728_535266_660_3-512.jpg"],[1,"1216740728_535266_660_3-512.jpg"],[1,"1216740728_740239_661_3-512.jpg"],[5,"1216740728_740239_661_3-512.jpg"],[5,"1216740728_935259_662_3-512.jpg"],[1,"1216740728_935259_662_3-512.jpg"],[5,"1216740729_120216_663_3-512.jpg"],[1,"1216740729_120216_663_3-512.jpg"],[5,"1216740729_310227_664_3-512.jpg"],[2,"1216745768_654328_12171_3-512.jpg"],[1,"1216745768_814182_12172_3-512.jpg"],[1,"1216745768_969248_12173_3-512.jpg"],[1,"1216745769_149462_12174_3-512.jpg"],[5,"1216745769_149462_12174_3-512.jpg"],[1,"1216745769_299470_12175_3-512.jpg"],[1,"1216745769_419436_12176_3-512.jpg"],[1,"1216745769_564344_12177_3-512.jpg"],[5,"1216745769_564344_12177_3-512.jpg"],[1,"1216745769_709438_12178_3-512.jpg"],[1,"1216745769_844466_12179_3-512.jpg"],[5,"1216745769_844466_12179_3-512.jpg"],[2,"1216745769_844466_12179_3-512.jpg"],[1,"1216745769_979436_12180_3-512.jpg"],[2,"1216745769_979436_12180_3-512.jpg"],[1,"1216745770_109519_12181_3-512.jpg"],[2,"1216745770_109519_12181_3-512.jpg"],[1,"1216745770_239453_12182_3-512.jpg"],[2,"1216745770_239453_12182_3-512.jpg"],[2,"1216745770_414338_12183_3-512.jpg"],[1,"1216745770_414338_12183_3-512.jpg"],[5,"1216745770_414338_12183_3-512.jpg"],[2,"1216745770_544625_12184_3-512.jpg"],[1,"1216745770_544625_12184_3-512.jpg"],[5,"1216745770_544625_12184_3-512.jpg"],[2,"1216745770_669391_12185_3-512.jpg"],[5,"1216745770_669391_12185_3-512.jpg"],[1,"1216745770_669391_12185_3-512.jpg"],[5,"1216745770_794230_12186_3-512.jpg"],[1,"1216745770_794230_12186_3-512.jpg"],[2,"1216745770_794230_12186_3-512.jpg"],[5,"1216745770_939390_12187_3-512.jpg"],[2,"1216745770_939390_12187_3-512.jpg"],[1,"1216745770_939390_12187_3-512.jpg"],[2,"1216745771_059425_12188_3-512.jpg"],[5,"1216745771_059425_12188_3-512.jpg"],[2,"1216745771_179407_12189_3-512.jpg"],[5,"1216745771_179407_12189_3-512.jpg"],[2,"1216745771_294379_12190_3-512.jpg"],[5,"1216745771_294379_12190_3-512.jpg"],[2,"1216745771_409441_12191_3-512.jpg"],[5,"1216745771_409441_12191_3-512.jpg"],[2,"1216745771_524408_12192_3-512.jpg"],[5,"1216745771_524408_12192_3-512.jpg"],[5,"1216745771_634411_12193_3-512.jpg"],[2,"1216745771_634411_12193_3-512.jpg"],[5,"1216745771_634411_12193_3-512.jpg"],[5,"1216745771_719419_12194_3-512.jpg"],[2,"1216745771_719419_12194_3-512.jpg"],[5,"1216745771_829484_12195_3-512.jpg"],[5,"1216745771_939417_12196_3-512.jpg"],[5,"1216745772_044486_12197_3-512.jpg"],[5,"1216745772_149499_12198_3-512.jpg"],[5,"1216745772_254519_12199_3-512.jpg"],[1,"1216745772_359446_12200_3-512.jpg"],[1,"1216745772_484299_12201_3-512.jpg"],[1,"1216745772_684229_12202_3-512.jpg"],[1,"1216745772_884113_12203_3-512.jpg"],[1,"1216745774_234313_12210_3-512.jpg"],[1,"1216745774_424336_12211_3-512.jpg"],[1,"1216745774_639429_12212_3-512.jpg"],[1,"1216745774_829429_12213_3-512.jpg"],[5,"1216745775_009521_12214_3-512.jpg"],[5,"1216745775_199541_12215_3-512.jpg"],[5,"1216745775_389498_12216_3-512.jpg"],[1,"1216745775_769794_12218_3-512.jpg"],[1,"1216745775_934375_12219_3-512.jpg"],[1,"1216746669_279954_15331_3-512.jpg"],[5,"1216746670_159956_15337_3-512.jpg"],[1,"1216746670_609854_15340_3-512.jpg"],[5,"1216746675_624819_15357_3-512.jpg"],[5,"1216746675_624819_15357_3-512.jpg"],[5,"1216746675_984786_15358_3-512.jpg"],[5,"1216746676_289858_15359_3-512.jpg"],[5,"1216746676_579703_15360_3-512.jpg"],[5,"1216746676_844655_15361_3-512.jpg"],[5,"1216746677_109804_15362_3-512.jpg"],[5,"1216746678_014649_15366_3-512.jpg"],[5,"1216746679_099762_15372_3-512.jpg"],[5,"1216746679_259659_15373_3-512.jpg"],[5,"1216746679_399653_15374_3-512.jpg"],[5,"1216746679_554605_15375_3-512.jpg"],[5,"1216746679_704627_15376_3-512.jpg"],[5,"1216746681_929695_15392_3-512.jpg"],[5,"1216746682_059704_15393_3-512.jpg"],[5,"1216746682_189695_15394_3-512.jpg"],[5,"1216746682_284696_15395_3-512.jpg"],[5,"1216746682_414704_15396_3-512.jpg"],[5,"1216746682_544767_15397_3-512.jpg"],[5,"1216746682_834683_15399_3-512.jpg"],[5,"1216746682_964739_15400_3-512.jpg"],[5,"1216746683_094800_15401_3-512.jpg"],[5,"1216746683_219684_15402_3-512.jpg"],[5,"1216746683_324689_15403_3-512.jpg"],[1,"1216746684_694782_15413_3-512.jpg"],[1,"1216746684_879618_15414_3-512.jpg"]],"material_ml":"painted",