{"MATERIAL":"corrugated metal","AVG_SLOPE":5.16420577825,"AVG_HEIGHT":3.38086320445,"TERAIN_SLP":2.43073951891,"AREA":59.5392397784,"VOLUME":201,"FLOORS":2,"INT_ZONE":null,"FLOOD":1,"LANDSLIDE":"Amenaza Media","LEGAL_ID":"358","LEGAL_NAME":"EL PARAISO","LEGAL_AREA":26.04,"LEGAL_LOTS":2077,"LEGAL_POP":11215.8,"LEGAL_DENS":79.76190476,"LEGALIZING":null,"BLOCK_ID_":"002565076","BLOCK_POP":190,"BLOCK_BLD":51,"BLOCK_RISK":4.6172566,"BLOCK_EDU":0.61687934,"BLOCK_HLTH":20.015526,"BLOCK_TRAN":70.551773,"BLOCK_CULT":0,"BLOCK_PARK":60.184933,"BLOCK_SEC":100,"BLOCK_CENT":0,"BLOCK_DEF":33.3333333333,"BLD_INHAB":4,"OBJECTID":1,"AO_225":0.16,"id":3496,"preds_material":[[1,"1216740480_426745_206_1-512.jpg"],[1,"1216740480_636690_207_1-512.jpg"],[5,"1216740480_636690_207_1-512.jpg"],[1,"1216740480_636690_207_3-512.jpg"],[1,"1216740480_846799_208_1-512.jpg"],[1,"1216740480_846799_208_3-512.jpg"],[1,"1216740480_846799_208_3-512.jpg"],[1,"1216740481_056744_209_1-512.jpg"],[1,"1216740481_056744_209_1-512.jpg"],[1,"1216740481_056744_209_3-512.jpg"],[6,"1216740481_056744_209_3-512.jpg"],[1,"1216740481_261724_210_1-512.jpg"],[1,"1216740481_261724_210_1-512.jpg"],[1,"1216740481_261724_210_3-512.jpg"],[3,"1216740481_261724_210_3-512.jpg"],[1,"1216740481_461674_211_1-512.jpg"],[1,"1216740481_461674_211_1-512.jpg"],[5,"1216740481_461674_211_3-512.jpg"],[1,"1216740481_461674_211_3-512.jpg"],[1,"1216740481_461674_211_3-512.jpg"],[3,"1216740481_461674_211_3-512.jpg"]],"material_ml":"brick","preds_construction":[[2,"1216740480_426745_206_1-512.jpg"],[2,"1216740480_636690_207_1-512.jpg"],[2,"1216740480_636690_207_1-512.jpg"],[2,"1216740480_636690_207_3-512.jpg"],[1,"1216740480_636690_207_3-512.jpg"],[2,"1216740480_636690_207_3-512.jpg"],[2,"1216740480_846799_208_1-512.jpg"],[1,"1216740480_846799_208_3-512.jpg"],[2,"1216740480_846799_208_3-512.jpg"],[2,"1216740480_846799_208_3-512.jpg"],[2,"1216740481_056744_209_1-512.jpg"],[2,"1216740481_056744_209_1-512.jpg"],[1,"1216740481_056744_209_3-512.jpg"],[2,"1216740481_056744_209_3-512.jpg"],[2,"1216740481_056744_209_3-512.jpg"],[1,"1216740481_056744_209_3-512.jpg"],[2,"1216740481_261724_210_1-512.jpg"],[2,"1216740481_261724_210_1-512.jpg"],[2,"1216740481_261724_210_3-512.jpg"],[1,"1216740481_261724_210_3-512.jpg"],[2,"1216740481_261724_210_3-512.jpg"],[2,"1216740481_461674_211_1-512.jpg"],[2,"1216740481_461674_211_1-512.jpg"],[2,"1216740481_461674_211_3-512.jpg"],[1,"1216740481_461674_211_3-512.jpg"]],"construction_ml":"complete","preds_design":[[2,"1216740480_426745_206_1-512.jpg"],[2,"1216740480_636690_207_1-512.jpg"],[2,"1216740480_636690_207_1-512.jpg"],[2,"1216740480_636690_207_3-512.jpg"],[1,"1216740480_636690_207_3-512.jpg"],[2,"1216740480_846799_208_1-512.jpg"],[2,"1216740480_846799_208_3-512.jpg"],[1,"1216740480_846799_208_3-512.jpg"],[2,"1216740481_056744_209_1-512.jpg"],[1,"1216740481_056744_209_1-512.jpg"],[2,"1216740481_056744_209_3-512.jpg"],[1,"1216740481_056744_209_3-512.jpg"],[1,"1216740481_056744_209_3-512.jpg"],[1,"1216740481_261724_210_1-512.jpg"],[2,"1216740481_261724_210_1-512.jpg"],[2,"1216740481_261724_210_3-512.jpg"],[1,"1216740481_261724_210_3-512.jpg"],[1,"1216740481_261724_210_3-512.jpg"],[1,"1216740481_261724_210_3-512.jpg"],[1,"1216740481_461674_211_1-512.jpg"],[2,"1216740481_461674_211_1-512.jpg"],[1,"1216740481_461674_211_3-512.jpg"],[1,"1216740481_461674_211_3-512.jpg"]],"design_ml":"undesigned","images":[]}
