{"MATERIAL":"corrugated metal/heavily patched","AVG_SLOPE":10.6209197975,"AVG_HEIGHT":2.46900218536,"TERAIN_SLP":3.28677850902,"AREA":62.6004760044,"VOLUME":155,"FLOORS":1,"INT_ZONE":null,"FLOOD":1,"LANDSLIDE":"Amenaza Media","LEGAL_ID":"358","LEGAL_NAME":"EL PARAISO","LEGAL_AREA":26.04,"LEGAL_LOTS":2077,"LEGAL_POP":11215.8,"LEGAL_DENS":79.76190476,"LEGALIZING":null,"BLOCK_ID_":"002565077","BLOCK_POP":223,"BLOCK_BLD":55,"BLOCK_RISK":10.298139,"BLOCK_EDU":0.70024371,"BLOCK_HLTH":22.415354,"BLOCK_TRAN":69.848991,"BLOCK_CULT":0,"BLOCK_PARK":66.626373,"BLOCK_SEC":100,"BLOCK_CENT":0,"BLOCK_DEF":38.1818181818,"BLD_INHAB":4,"OBJECTID":1,"AO_225":0.16,"id":3497,"preds_material":[[5,"1216740689_680423_601_3-512.jpg"],[5,"1216740690_065494_602_1-512.jpg"],[5,"1216740690_065494_602_1-512.jpg"],[5,"1216740690_065494_602_3-512.jpg"],[5,"1216740690_475464_603_1-512.jpg"],[5,"1216740690_475464_603_3-512.jpg"],[5,"1216740690_475464_603_3-512.jpg"],[5,"1216740690_920438_604_1-512.jpg"],[2,"1216740690_920438_604_1-512.jpg"],[5,"1216740690_920438_604_3-512.jpg"],[5,"1216740690_920438_604_3-512.jpg"],[5,"1216740691_390431_605_1-512.jpg"],[2,"1216740691_390431_605_1-512.jpg"],[5,"1216740691_390431_605_3-512.jpg"],[5,"1216740691_390431_605_3-512.jpg"],[5,"1216740692_005683_606_1-512.jpg"],[2,"1216740692_005683_606_1-512.jpg"],[5,"1216740692_005683_606_3-512.jpg"],[1,"1216746661_709831_15267_3-512.jpg"],[5,"1216746661_709831_15267_3-512.jpg"]],"material_ml":"painted","preds_construction":[[2,"1216740689_680423_601_3-512.jpg"],[2,"1216740690_065494_602_1-512.jpg"],[2,"1216740690_065494_602_1-512.jpg"],[2,"1216740690_065494_602_3-512.jpg"],[2,"1216740690_475464_603_1-512.jpg"],[2,"1216740690_475464_603_3-512.jpg"],[2,"1216740690_920438_604_1-512.jpg"],[2,"1216740690_920438_604_1-512.jpg"],[2,"1216740690_920438_604_3-512.jpg"],[2,"1216740690_920438_604_3-512.jpg"],[2,"1216740691_390431_605_1-512.jpg"],[2,"1216740691_390431_605_1-512.jpg"],[2,"1216740691_390431_605_3-512.jpg"],[2,"1216740691_390431_605_3-512.jpg"],[2,"1216740692_005683_606_1-512.jpg"],[2,"1216740692_005683_606_1-512.jpg"],[2,"1216740692_005683_606_3-512.jpg"]],"construction_ml":"complete","preds_design":[[1,"1216740689_680423_601_3-512.jpg"],[2,"1216740690_065494_602_1-512.jpg"],[2,"1216740690_065494_602_1-512.jpg"],[1,"1216740690_065494_602_3-512.jpg"],[2,"1216740690_475464_603_1-512.jpg"],[1,"1216740690_475464_603_3-512.jpg"],[2,"1216740690_475464_603_3-512.jpg"],[2,"1216740690_920438_604_1-512.jpg"],[2,"1216740690_920438_604_1-512.jpg"],[1,"1216740690_920438_604_3-512.jpg"],[2,"1216740690_920438_604_3-512.jpg"],[2,"1216740691_390431_605_1-512.jpg"],[2,"1216740691_390431_605_1-512.jpg"],[2,"1216740691_390431_605_3-512.jpg"],[1,"1216740691_390431_605_3-512.jpg"],[2,"1216740692_005683_606_1-512.jpg"],[2,"1216740692_005683_606_1-512.jpg"],[1,"1216740692_005683_606_3-512.jpg"]],"design_ml":"designed","images":[]}
