{"MATERIAL":"corrugated metal/heavily patched","AVG_SLOPE":5.26176586167,"AVG_HEIGHT":0.95226557664,"TERAIN_SLP":19.7953956838,"AREA":57.7565493093,"VOLUME":55,"FLOORS":1,"INT_ZONE":null,"FLOOD":1,"LANDSLIDE":"Amenaza Media","LEGAL_ID":"358","LEGAL_NAME":"EL PARAISO","LEGAL_AREA":26.04,"LEGAL_LOTS":2077,"LEGAL_POP":11215.8,"LEGAL_DENS":79.76190476,"LEGALIZING":null,"BLOCK_ID_":"002565077","BLOCK_POP":223,"BLOCK_BLD":55,"BLOCK_RISK":10.298139,"BLOCK_EDU":0.70024371,"BLOCK_HLTH":22.415354,"BLOCK_TRAN":69.848991,"BLOCK_CULT":0,"BLOCK_PARK":66.626373,"BLOCK_SEC":100,"BLOCK_CENT":0,"BLOCK_DEF":38.1818181818,"BLD_INHAB":4,"OBJECTID":1,"AO_225":0.16,"id":3499,"preds_material":[[5,"1216740681_620514_579_3-512.jpg"],[5,"1216740682_005694_580_3-512.jpg"],[5,"1216740682_395553_581_3-512.jpg"],[5,"1216740682_795518_582_3-512.jpg"],[5,"1216740682_795518_582_3-512.jpg"],[5,"1216740683_240536_583_3-512.jpg"],[5,"1216740683_240536_583_3-512.jpg"],[5,"1216740683_675537_584_3-512.jpg"],[5,"1216740683_675537_584_3-512.jpg"],[5,"1216740684_080504_585_3-512.jpg"],[5,"1216740684_470495_586_3-512.jpg"],[6,"1216740685_945493_590_3-512.jpg"],[5,"1216740685_945493_590_3-512.jpg"]],"material_ml":"painted","preds_construction":[[2,"1216740681_620514_579_3-512.jpg"],[2,"1216740682_005694_580_3-512.jpg"],[2,"1216740682_395553_581_3-512.jpg"],[2,"1216740682_795518_582_3-512.jpg"],[2,"1216740682_795518_582_3-512.jpg"],[2,"1216740683_240536_583_3-512.jpg"],[2,"1216740683_240536_583_3-512.jpg"],[2,"1216740683_675537_584_3-512.jpg"],[2,"1216740683_675537_584_3-512.jpg"],[2,"1216740684_080504_585_3-512.jpg"],[2,"1216740685_945493_590_3-512.jpg"]],"construction_ml":"complete","preds_design":[[1,"1216740681_620514_579_3-512.jpg"],[1,"1216740682_005694_580_3-512.jpg"],[1,"1216740682_395553_581_3-512.jpg"],[1,"1216740682_795518_582_3-512.jpg"],[2,"1216740682_795518_582_3-512.jpg"],[2,"1216740683_240536_583_3-512.jpg"],[1,"1216740683_240536_583_3-512.jpg"],[2,"1216740683_240536_583_3-512.jpg"],[2,"1216740683_675537_584_3-512.jpg"],[1,"1216740683_675537_584_3-512.jpg"],[2,"1216740683_675537_584_3-512.jpg"],[1,"1216740684_080504_585_3-512.jpg"],[1,"1216740684_470495_586_3-512.jpg"],[2,"1216740685_945493_590_3-512.jpg"]],"design_ml":"undesigned","images":[]}
