{"MATERIAL":"corrugated metal/heavily patched","AVG_SLOPE":5.96240378319,"AVG_HEIGHT":5.94214160993,"TERAIN_SLP":1.99522822634,"AREA":57.5754223168,"VOLUME":342,"FLOORS":2,"INT_ZONE":null,"FLOOD":1,"LANDSLIDE":"Amenaza Media","LEGAL_ID":"358","LEGAL_NAME":"EL PARAISO","LEGAL_AREA":26.04,"LEGAL_LOTS":2077,"LEGAL_POP":11215.8,"LEGAL_DENS":79.76190476,"LEGALIZING":null,"BLOCK_ID_":"002565076","BLOCK_POP":190,"BLOCK_BLD":51,"BLOCK_RISK":4.6172566,"BLOCK_EDU":0.61687934,"BLOCK_HLTH":20.015526,"BLOCK_TRAN":70.551773,"BLOCK_CULT":0,"BLOCK_PARK":60.184933,"BLOCK_SEC":100,"BLOCK_CENT":0,"BLOCK_DEF":33.3333333333,"BLD_INHAB":4,"OBJECTID":1,"AO_225":0.16,"id":3502,"preds_material":[[1,"1216740464_876788_166_3-512.jpg"],[1,"1216740465_476787_167_3-512.jpg"],[1,"1216740466_141775_168_3-512.jpg"],[5,"1216740477_336732_193_1-512.jpg"],[5,"1216740477_611663_194_1-512.jpg"],[5,"1216740477_881659_195_1-512.jpg"],[5,"1216740477_881659_195_1-512.jpg"],[5,"1216740478_141649_196_1-512.jpg"],[5,"1216740478_401743_197_1-512.jpg"],[5,"1216740478_401743_197_1-512.jpg"],[5,"1216740478_401743_197_3-512.jpg"],[5,"1216740478_401743_197_3-512.jpg"],[5,"1216740478_651684_198_1-512.jpg"],[5,"1216740478_651684_198_1-512.jpg"],[5,"1216740478_651684_198_3-512.jpg"],[5,"1216740478_651684_198_3-512.jpg"],[5,"1216740478_891672_199_1-512.jpg"],[5,"1216740478_891672_199_1-512.jpg"],[5,"1216740478_891672_199_3-512.jpg"],[5,"1216740478_891672_199_3-512.jpg"],[5,"1216740479_121647_200_1-512.jpg"]],"material_ml":"painted","preds_construction":[[2,"1216740477_336732_193_1-512.jpg"],[2,"1216740477_611663_194_1-512.jpg"],[2,"1216740477_881659_195_1-512.jpg"],[2,"1216740477_881659_195_1-512.jpg"],[2,"1216740478_141649_196_1-512.jpg"],[2,"1216740478_401743_197_1-512.jpg"],[2,"1216740478_401743_197_1-512.jpg"],[2,"1216740478_401743_197_3-512.jpg"],[2,"1216740478_401743_197_3-512.jpg"],[2,"1216740478_651684_198_1-512.jpg"],[2,"1216740478_651684_198_1-512.jpg"],[2,"1216740478_651684_198_3-512.jpg"],[2,"1216740478_651684_198_3-512.jpg"],[2,"1216740478_891672_199_1-512.jpg"],[2,"1216740478_891672_199_1-512.jpg"],[2,"1216740478_891672_199_3-512.jpg"],[2,"1216740478_891672_199_3-512.jpg"],[2,"1216740479_121647_200_1-512.jpg"]],"construction_ml":"complete","preds_design":[[2,"1216740477_336732_193_1-512.jpg"],[2,"1216740477_611663_194_1-512.jpg"],[2,"1216740477_881659_195_1-512.jpg"],[2,"1216740477_881659_195_1-512.jpg"],[2,"1216740478_141649_196_1-512.jpg"],[2,"1216740478_401743_197_1-512.jpg"],[2,"1216740478_401743_197_1-512.jpg"],[2,"1216740478_401743_197_3-512.jpg"],[2,"1216740478_401743_197_3-512.jpg"],[2,"1216740478_651684_198_1-512.jpg"],[2,"1216740478_651684_198_1-512.jpg"],[2,"1216740478_651684_198_3-512.jpg"],[2,"1216740478_651684_198_3-512.jpg"],[2,"1216740478_891672_199_1-512.jpg"],[2,"1216740478_891672_199_1-512.jpg"],[2,"1216740478_891672_199_3-512.jpg"],[2,"1216740478_891672_199_3-512.jpg"],[2,"1216740479_121647_200_1-512.jpg"]],"design_ml":"designed","images":[]}
