{"MATERIAL":"corrugated metal","AVG_SLOPE":5.2515340319,"AVG_HEIGHT":5.1342286131,"TERAIN_SLP":11.0857104211,"AREA":56.9509322516,"VOLUME":292,"FLOORS":2,"INT_ZONE":null,"FLOOD":2,"LANDSLIDE":"Amenaza Media","LEGAL_ID":"358","LEGAL_NAME":"EL PARAISO","LEGAL_AREA":26.04,"LEGAL_LOTS":2077,"LEGAL_POP":11215.8,"LEGAL_DENS":79.76190476,"LEGALIZING":null,"BLOCK_ID_":"002565077","BLOCK_POP":223,"BLOCK_BLD":55,"BLOCK_RISK":10.298139,"BLOCK_EDU":0.70024371,"BLOCK_HLTH":22.415354,"BLOCK_TRAN":69.848991,"BLOCK_CULT":0,"BLOCK_PARK":66.626373,"BLOCK_SEC":100,"BLOCK_CENT":0,"BLOCK_DEF":38.1818181818,"BLD_INHAB":4,"OBJECTID":1,"AO_225":0.16,"id":3506,"preds_material":[[5,"1216740679_295558_573_3-512.jpg"],[5,"1216740679_680512_574_1-512.jpg"],[5,"1216740679_680512_574_1-512.jpg"],[5,"1216740679_680512_574_3-512.jpg"],[2,"1216740679_680512_574_3-512.jpg"],[5,"1216740679_680512_574_3-512.jpg"],[5,"1216740680_040695_575_1-512.jpg"],[5,"1216740680_040695_575_3-512.jpg"],[2,"1216740680_040695_575_3-512.jpg"],[1,"1216740680_040695_575_3-512.jpg"],[5,"1216740680_405525_576_1-512.jpg"],[5,"1216740680_405525_576_3-512.jpg"],[1,"1216740680_405525_576_3-512.jpg"],[2,"1216740680_405525_576_3-512.jpg"],[5,"1216740680_800512_577_1-512.jpg"],[5,"1216740680_800512_577_1-512.jpg"],[5,"1216740680_800512_577_3-512.jpg"],[1,"1216740680_800512_577_3-512.jpg"],[5,"1216740680_800512_577_3-512.jpg"],[2,"1216740680_800512_577_3-512.jpg"],[5,"1216740681_210520_578_1-512.jpg"],[5,"1216740681_210520_578_1-512.jpg"],[5,"1216740681_210520_578_3-512.jpg"],[2,"1216740681_210520_578_3-512.jpg"],[1,"1216740681_210520_578_3-512.jpg"],[1,"1216740681_620514_579_3-512.jpg"],[1,"1216740682_005694_580_3-512.jpg"],[6,"1216740740_170164_702_3-512.jpg"]],"material_ml":"painted","preds_construction":[[2,"1216740679_295558_573_3-512.jpg"],[2,"1216740679_680512_574_1-512.jpg"],[2,"1216740679_680512_574_1-512.jpg"],[2,"1216740679_680512_574_3-512.jpg"],[2,"1216740679_680512_574_3-512.jpg"],[2,"1216740679_680512_574_3-512.jpg"],[2,"1216740680_040695_575_1-512.jpg"],[2,"1216740680_040695_575_3-512.jpg"],[2,"1216740680_040695_575_3-512.jpg"],[2,"1216740680_405525_576_1-512.jpg"],[2,"1216740680_405525_576_3-512.jpg"],[2,"1216740680_405525_576_3-512.jpg"],[2,"1216740680_800512_577_1-512.jpg"],[2,"1216740680_800512_577_1-512.jpg"],[2,"1216740680_800512_577_3-512.jpg"],[2,"1216740680_800512_577_3-512.jpg"],[2,"1216740680_800512_577_3-512.jpg"],[2,"1216740681_210520_578_1-512.jpg"],[2,"1216740681_210520_578_1-512.jpg"],[2,"1216740681_210520_578_3-512.jpg"],[2,"1216740681_210520_578_3-512.jpg"],[2,"1216740681_620514_579_3-512.jpg"]],"construction_ml":"complete","preds_design":[[2,"1216740679_295558_573_3-512.jpg"],[2,"1216740679_680512_574_1-512.jpg"],[1,"1216740679_680512_574_1-512.jpg"],[2,"1216740679_680512_574_3-512.jpg"],[2,"1216740679_680512_574_3-512.jpg"],[2,"1216740679_680512_574_3-512.jpg"],[2,"1216740680_040695_575_1-512.jpg"],[2,"1216740680_040695_575_3-512.jpg"],[2,"1216740680_040695_575_3-512.jpg"],[2,"1216740680_405525_576_1-512.jpg"],[2,"1216740680_405525_576_3-512.jpg"],[2,"1216740680_405525_576_3-512.jpg"],[2,"1216740680_800512_577_1-512.jpg"],[2,"1216740680_800512_577_1-512.jpg"],[2,"1216740680_800512_577_3-512.jpg"],[1,"1216740680_800512_577_3-512.jpg"],[2,"1216740680_800512_577_3-512.jpg"],[2,"1216740681_210520_578_1-512.jpg"],[2,"1216740681_210520_578_1-512.jpg"],[2,"1216740681_210520_578_3-512.jpg"],[1,"1216740681_210520_578_3-512.jpg"],[2,"1216740681_620514_579_3-512.jpg"]],"design_ml":"designed","images":[]}
