{"MATERIAL":"corrugated metal","AVG_SLOPE":3.89719728428,"AVG_HEIGHT":3.1199629599,"TERAIN_SLP":25.3623004108,"AREA":36.0721844246,"VOLUME":113,"FLOORS":2,"INT_ZONE":null,"FLOOD":1,"LANDSLIDE":"Amenaza Media","LEGAL_ID":"358","LEGAL_NAME":"EL PARAISO","LEGAL_AREA":26.04,"LEGAL_LOTS":2077,"LEGAL_POP":11215.8,"LEGAL_DENS":79.76190476,"LEGALIZING":null,"BLOCK_ID_":"002565077","BLOCK_POP":223,"BLOCK_BLD":55,"BLOCK_RISK":10.298139,"BLOCK_EDU":0.70024371,"BLOCK_HLTH":22.415354,"BLOCK_TRAN":69.848991,"BLOCK_CULT":0,"BLOCK_PARK":66.626373,"BLOCK_SEC":100,"BLOCK_CENT":0,"BLOCK_DEF":38.1818181818,"BLD_INHAB":4,"OBJECTID":1,"AO_225":0.16,"id":3509,"preds_material":[[1,"1216740743_445169_712_3-512.jpg"],[1,"1216740743_915169_713_3-512.jpg"],[1,"1216740744_370162_714_3-512.jpg"],[1,"1216740744_830151_715_3-512.jpg"],[1,"1216740744_830151_715_3-512.jpg"],[5,"1216740744_830151_715_3-512.jpg"],[1,"1216740745_265511_716_3-512.jpg"],[5,"1216740745_265511_716_3-512.jpg"],[4,"1216740745_265511_716_3-512.jpg"],[1,"1216740745_640155_717_3-512.jpg"],[1,"1216740746_000159_718_3-512.jpg"],[1,"1216740746_335150_719_3-512.jpg"],[1,"1216740746_655163_720_3-512.jpg"],[1,"1216740746_965141_721_3-512.jpg"],[1,"1216740747_250085_722_3-512.jpg"],[1,"1216740747_520123_723_3-512.jpg"],[2,"1216740747_520123_723_3-512.jpg"],[2,"1216740747_790155_724_3-512.jpg"]],"material_ml":"brick","preds_construction":[[2,"1216740743_010251_711_3-512.jpg"],[2,"1216740743_445169_712_3-512.jpg"],[2,"1216740743_915169_713_3-512.jpg"],[2,"1216740744_370162_714_3-512.jpg"],[2,"1216740744_830151_715_3-512.jpg"],[2,"1216740744_830151_715_3-512.jpg"],[2,"1216740745_265511_716_3-512.jpg"],[2,"1216740745_640155_717_3-512.jpg"],[2,"1216740746_000159_718_3-512.jpg"],[2,"1216740746_335150_719_3-512.jpg"],[2,"1216740746_655163_720_3-512.jpg"],[2,"1216740746_965141_721_3-512.jpg"],[1,"1216740746_965141_721_3-512.jpg"],[2,"1216740747_250085_722_3-512.jpg"],[2,"1216740747_520123_723_3-512.jpg"],[2,"1216740747_790155_724_3-512.jpg"]],"construction_ml":"complete","preds_design":[[2,"1216740743_010251_711_3-512.jpg"],[2,"1216740743_445169_712_3-512.jpg"],[1,"1216740743_915169_713_3-512.jpg"],[2,"1216740743_915169_713_3-512.jpg"],[1,"1216740744_370162_714_3-512.jpg"],[2,"1216740744_830151_715_3-512.jpg"],[1,"1216740744_830151_715_3-512.jpg"],[2,"1216740745_265511_716_3-512.jpg"],[1,"1216740745_265511_716_3-512.jpg"],[2,"1216740745_640155_717_3-512.jpg"],[1,"1216740745_640155_717_3-512.jpg"],[1,"1216740746_000159_718_3-512.jpg"],[2,"1216740746_000159_718_3-512.jpg"],[1,"1216740746_335150_719_3-512.jpg"],[2,"1216740746_335150_719_3-512.jpg"],[1,"1216740746_655163_720_3-512.jpg"],[2,"1216740746_965141_721_3-512.jpg"],[2,"1216740747_250085_722_3-512.jpg"],[2,"1216740747_520123_723_3-512.jpg"],[2,"1216740747_790155_724_3-512.jpg"]],"design_ml":"designed","images":[]}
