{"MATERIAL":"corrugated metal/heavily patched","AVG_SLOPE":7.73129190937,"AVG_HEIGHT":0.93947957471,"TERAIN_SLP":24.4993635638,"AREA":59.6788034595,"VOLUME":56,"FLOORS":1,"INT_ZONE":null,"FLOOD":3,"LANDSLIDE":"Amenaza Media","LEGAL_ID":"358","LEGAL_NAME":"EL PARAISO","LEGAL_AREA":26.04,"LEGAL_LOTS":2077,"LEGAL_POP":11215.8,"LEGAL_DENS":79.76190476,"LEGALIZING":null,"BLOCK_ID_":"002565077","BLOCK_POP":223,"BLOCK_BLD":55,"BLOCK_RISK":10.298139,"BLOCK_EDU":0.70024371,"BLOCK_HLTH":22.415354,"BLOCK_TRAN":69.848991,"BLOCK_CULT":0,"BLOCK_PARK":66.626373,"BLOCK_SEC":100,"BLOCK_CENT":0,"BLOCK_DEF":38.1818181818,"BLD_INHAB":4,"OBJECTID":1,"AO_225":0.16,"id":3511,"preds_material":[[5,"1216740583_851077_544_3-512.jpg"],[5,"1216740584_666017_545_1-512.jpg"],[5,"1216740584_666017_545_3-512.jpg"],[5,"1216740586_421050_546_1-512.jpg"],[2,"1216740586_421050_546_1-512.jpg"],[5,"1216740586_421050_546_3-512.jpg"],[5,"1216740596_775980_547_1-512.jpg"],[2,"1216740596_775980_547_1-512.jpg"],[5,"1216740596_775980_547_3-512.jpg"],[5,"1216740596_775980_547_3-512.jpg"],[5,"1216740604_520956_548_1-512.jpg"],[2,"1216740604_520956_548_1-512.jpg"],[5,"1216740604_520956_548_3-512.jpg"],[5,"1216740604_520956_548_3-512.jpg"],[5,"1216740609_810925_549_1-512.jpg"],[2,"1216740609_810925_549_1-512.jpg"],[5,"1216740609_810925_549_3-512.jpg"],[5,"1216740609_810925_549_3-512.jpg"],[5,"1216740614_605872_550_1-512.jpg"],[2,"1216740614_605872_550_1-512.jpg"],[5,"1216740614_605872_550_3-512.jpg"],[5,"1216740614_605872_550_3-512.jpg"],[5,"1216740619_365849_551_1-512.jpg"],[2,"1216740619_365849_551_1-512.jpg"],[5,"1216740619_365849_551_3-512.jpg"],[5,"1216740619_365849_551_3-512.jpg"],[5,"1216740624_590837_552_1-512.jpg"],[2,"1216740624_590837_552_1-512.jpg"],[5,"1216740624_590837_552_3-512.jpg"],[5,"1216740624_590837_552_3-512.jpg"],[5,"1216740631_110806_553_1-512.jpg"],[2,"1216740631_110806_553_1-512.jpg"],[5,"1216740631_110806_553_3-512.jpg"],[5,"1216740631_110806_553_3-512.jpg"],[6,"1216740631_110806_553_3-512.jpg"],[6,"1216740631_110806_553_3-512.jpg"],[5,"1216740638_985753_554_1-512.jpg"],[2,"1216740638_985753_554_1-512.jpg"],[5,"1216740638_985753_554_3-512.jpg"],[5,"1216740638_985753_554_3-512.jpg"],[5,"1216740671_565582_555_1-512.jpg"],[2,"1216740671_565582_555_1-512.jpg"],[5,"1216740671_565582_555_3-512.jpg"],[5,"1216740671_565582_555_3-512.jpg"]],"material_ml":"painted","preds_construction":[[2,"1216740583_851077_544_3-512.jpg"],[2,"1216740584_666017_545_1-512.jpg"],[2,"1216740584_666017_545_1-512.jpg"],[2,"1216740584_666017_545_3-512.jpg"],[2,"1216740584_666017_545_3-512.jpg"],[2,"1216740586_421050_546_1-512.jpg"],[2,"1216740586_421050_546_3-512.jpg"],[2,"1216740596_775980_547_1-512.jpg"],[1,"1216740596_775980_547_1-512.jpg"],[2,"1216740596_775980_547_3-512.jpg"],[2,"1216740596_775980_547_3-512.jpg"],[2,"1216740604_520956_548_1-512.jpg"],[1,"1216740604_520956_548_1-512.jpg"],[2,"1216740604_520956_548_3-512.jpg"],[2,"1216740604_520956_548_3-512.jpg"],[2,"1216740609_810925_549_1-512.jpg"],[1,"1216740609_810925_549_1-512.jpg"],[2,"1216740609_810925_549_3-512.jpg"],[2,"1216740609_810925_549_3-512.jpg"],[2,"1216740614_605872_550_1-512.jpg"],[1,"1216740614_605872_550_1-512.jpg"],[2,"1216740614_605872_550_3-512.jpg"],[2,"1216740614_605872_550_3-512.jpg"],[2,"1216740619_365849_551_1-512.jpg"],[1,"1216740619_365849_551_1-512.jpg"],[2,"1216740619_365849_551_3-512.jpg"],[2,"1216740619_365849_551_3-512.jpg"],[2,"1216740624_590837_552_1-512.jpg"],[1,"1216740624_590837_552_1-512.jpg"],[2,"1216740624_590837_552_3-512.jpg"],[2,"1216740624_590837_552_3-512.jpg"],[2,"1216740631_110806_553_1-512.jpg"],[1,"1216740631_110806_553_1-512.jpg"],[2,"1216740631_110806_553_3-512.jpg"],[2,"1216740631_110806_553_3-512.jpg"],[2,"1216740631_110806_553_3-512.jpg"],[2,"1216740638_985753_554_1-512.jpg"],[1,"1216740638_985753_554_1-512.jpg"],[2,"1216740638_985753_554_3-512.jpg"],[2,"1216740638_985753_554_3-512.jpg"],[2,"1216740671_565582_555_1-512.jpg"],[1,"1216740671_565582_555_1-512.jpg"],[2,"1216740671_565582_555_3-512.jpg"],[2,"1216740671_565582_555_3-512.jpg"]],"construction_ml":"complete","preds_design":[[1,"1216740583_851077_544_3-512.jpg"],[2,"1216740584_666017_545_1-512.jpg"],[1,"1216740584_666017_545_3-512.jpg"],[1,"1216740584_666017_545_3-512.jpg"],[2,"1216740586_421050_546_1-512.jpg"],[1,"1216740586_421050_546_3-512.jpg"],[2,"1216740586_421050_546_3-512.jpg"],[2,"1216740596_775980_547_1-512.jpg"],[2,"1216740596_775980_547_1-512.jpg"],[1,"1216740596_775980_547_3-512.jpg"],[1,"1216740596_775980_547_3-512.jpg"],[2,"1216740596_775980_547_3-512.jpg"],[2,"1216740596_775980_547_3-512.jpg"],[2,"1216740604_520956_548_1-512.jpg"],[2,"1216740604_520956_548_1-512.jpg"],[1,"1216740604_520956_548_3-512.jpg"],[1,"1216740604_520956_548_3-512.jpg"],[2,"1216740604_520956_548_3-512.jpg"],[2,"1216740604_520956_548_3-512.jpg"],[2,"1216740609_810925_549_1-512.jpg"],[2,"1216740609_810925_549_1-512.jpg"],[1,"1216740609_810925_549_3-512.jpg"],[1,"1216740609_810925_549_3-512.jpg"],[2,"1216740609_810925_549_3-512.jpg"],[2,"1216740609_810925_549_3-512.jpg"],[2,"1216740614_605872_550_1-512.jpg"],[2,"1216740614_605872_550_1-512.jpg"],[1,"1216740614_605872_550_3-512.jpg"],[1,"1216740614_605872_550_3-512.jpg"],[2,"1216740614_605872_550_3-512.jpg"],[2,"1216740614_605872_550_3-512.jpg"],[2,"1216740619_365849_551_1-512.jpg"],[2,"1216740619_365849_551_1-512.jpg"],[1,"1216740619_365849_551_3-512.jpg"],[1,"1216740619_365849_551_3-512.jpg"],[2,"1216740619_365849_551_3-512.jpg"],[2,"1216740619_365849_551_3-512.jpg"],[2,"1216740624_590837_552_1-512.jpg"],[2,"1216740624_590837_552_1-512.jpg"],[1,"1216740624_590837_552_3-512.jpg"],[1,"1216740624_590837_552_3-512.jpg"],[2,"1216740624_590837_552_3-512.jpg"],[2,"1216740631_110806_553_1-512.jpg"],[2,"1216740631_110806_553_1-512.jpg"],[1,"1216740631_110806_553_3-512.jpg"],[1,"1216740631_110806_553_3-512.jpg"],[2,"1216740631_110806_553_3-512.jpg"],[1,"1216740631_110806_553_3-512.jpg"],[2,"1216740638_985753_554_1-512.jpg"],[2,"1216740638_985753_554_1-512.jpg"],[1,"1216740638_985753_554_3-512.jpg"],[1,"1216740638_985753_554_3-512.jpg"],[2,"1216740638_985753_554_3-512.jpg"],[2,"1216740671_565582_555_1-512.jpg"],[2,"1216740671_565582_555_1-512.jpg"],[2,"1216740671_565582_555_3-512.jpg"],[2,"1216740671_565582_555_3-512.jpg"],[1,"1216740671_565582_555_3-512.jpg"],[1,"1216740671_565582_555_3-512.jpg"]],"design_ml":"designed","images":[]}
