{"MATERIAL":"concrete","AVG_SLOPE":6.36308914791,"AVG_HEIGHT":1.91204066286,"TERAIN_SLP":25.383259916,"AREA":65.8599016496,"VOLUME":126,"FLOORS":1,"INT_ZONE":null,"FLOOD":1,"LANDSLIDE":"Amenaza Media","LEGAL_ID":"358","LEGAL_NAME":"EL PARAISO","LEGAL_AREA":26.04,"LEGAL_LOTS":2077,"LEGAL_POP":11215.8,"LEGAL_DENS":79.76190476,"LEGALIZING":null,"BLOCK_ID_":"002565077","BLOCK_POP":223,"BLOCK_BLD":55,"BLOCK_RISK":10.298139,"BLOCK_EDU":0.70024371,"BLOCK_HLTH":22.415354,"BLOCK_TRAN":69.848991,"BLOCK_CULT":0,"BLOCK_PARK":66.626373,"BLOCK_SEC":100,"BLOCK_CENT":0,"BLOCK_DEF":38.1818181818,"BLD_INHAB":4,"OBJECTID":1,"AO_225":0.16,"id":3515,"preds_material":[[6,"1216740736_935224_695_3-512.jpg"],[6,"1216740737_580183_696_3-512.jpg"],[1,"1216740737_580183_696_3-512.jpg"],[1,"1216740739_820204_701_3-512.jpg"],[5,"1216740740_170164_702_3-512.jpg"],[5,"1216740740_500154_703_3-512.jpg"],[6,"1216740740_500154_703_3-512.jpg"],[5,"1216740740_820165_704_3-512.jpg"],[2,"1216740740_820165_704_3-512.jpg"],[5,"1216740741_115202_705_3-512.jpg"],[5,"1216740741_410162_706_3-512.jpg"],[5,"1216740741_700160_707_3-512.jpg"],[5,"1216740742_000182_708_3-512.jpg"],[5,"1216740742_305178_709_3-512.jpg"],[1,"1216740742_640175_710_3-512.jpg"],[5,"1216740742_640175_710_3-512.jpg"]],"material_ml":"painted","preds_construction":[[2,"1216740739_820204_701_3-512.jpg"],[2,"1216740740_170164_702_3-512.jpg"],[2,"1216740740_500154_703_3-512.jpg"],[2,"1216740740_820165_704_3-512.jpg"],[2,"1216740741_115202_705_3-512.jpg"],[2,"1216740741_410162_706_3-512.jpg"],[2,"1216740741_700160_707_3-512.jpg"],[2,"1216740742_000182_708_3-512.jpg"],[2,"1216740742_305178_709_3-512.jpg"],[2,"1216740742_640175_710_3-512.jpg"],[1,"1216740742_640175_710_3-512.jpg"]],"construction_ml":"complete","preds_design":[[2,"1216740739_820204_701_3-512.jpg"],[2,"1216740740_170164_702_3-512.jpg"],[2,"1216740740_500154_703_3-512.jpg"],[2,"1216740740_820165_704_3-512.jpg"],[2,"1216740741_115202_705_3-512.jpg"],[2,"1216740741_410162_706_3-512.jpg"],[2,"1216740741_700160_707_3-512.jpg"],[2,"1216740742_000182_708_3-512.jpg"],[2,"1216740742_305178_709_3-512.jpg"],[2,"1216740742_640175_710_3-512.jpg"]],"design_ml":"designed","images":[]}
