{"MATERIAL":"corrugated metal","AVG_SLOPE":5.56654789988,"AVG_HEIGHT":5.56363142582,"TERAIN_SLP":7.89700557793,"AREA":69.5255090448,"VOLUME":387,"FLOORS":2,"INT_ZONE":null,"FLOOD":1,"LANDSLIDE":"Amenaza Media","LEGAL_ID":"358","LEGAL_NAME":"EL PARAISO","LEGAL_AREA":26.04,"LEGAL_LOTS":2077,"LEGAL_POP":11215.8,"LEGAL_DENS":79.76190476,"LEGALIZING":null,"BLOCK_ID_":"002565077","BLOCK_POP":223,"BLOCK_BLD":55,"BLOCK_RISK":10.298139,"BLOCK_EDU":0.70024371,"BLOCK_HLTH":22.415354,"BLOCK_TRAN":69.848991,"BLOCK_CULT":0,"BLOCK_PARK":66.626373,"BLOCK_SEC":100,"BLOCK_CENT":0,"BLOCK_DEF":38.1818181818,"BLD_INHAB":4,"OBJECTID":1,"AO_225":0.16,"id":3521,"preds_material":[[6,"1216740577_301104_527_1-512.jpg"],[6,"1216740577_301104_527_3-512.jpg"],[6,"1216740577_596066_528_1-512.jpg"],[6,"1216740577_596066_528_3-512.jpg"],[6,"1216740577_881109_529_1-512.jpg"],[6,"1216740577_881109_529_3-512.jpg"],[6,"1216740578_186065_530_1-512.jpg"],[5,"1216740578_186065_530_1-512.jpg"],[6,"1216740578_186065_530_3-512.jpg"],[1,"1216740578_186065_530_3-512.jpg"],[6,"1216740578_491103_531_1-512.jpg"],[5,"1216740578_491103_531_1-512.jpg"],[6,"1216740578_491103_531_3-512.jpg"],[5,"1216740578_491103_531_3-512.jpg"],[5,"1216740578_491103_531_3-512.jpg"],[1,"1216740578_491103_531_3-512.jpg"],[3,"1216740578_491103_531_3-512.jpg"],[5,"1216740578_786053_532_1-512.jpg"],[6,"1216740578_786053_532_1-512.jpg"],[6,"1216740578_786053_532_3-512.jpg"],[5,"1216740578_786053_532_3-512.jpg"],[6,"1216740579_076048_533_1-512.jpg"],[6,"1216740579_076048_533_3-512.jpg"]],"material_ml":"other/unclear","preds_construction":[[2,"1216740577_301104_527_1-512.jpg"],[2,"1216740577_301104_527_3-512.jpg"],[2,"1216740577_596066_528_1-512.jpg"],[2,"1216740577_596066_528_1-512.jpg"],[2,"1216740577_596066_528_3-512.jpg"],[2,"1216740577_881109_529_1-512.jpg"],[2,"1216740577_881109_529_1-512.jpg"],[2,"1216740577_881109_529_3-512.jpg"],[2,"1216740578_186065_530_1-512.jpg"],[2,"1216740578_186065_530_1-512.jpg"],[2,"1216740578_186065_530_3-512.jpg"],[2,"1216740578_491103_531_1-512.jpg"],[2,"1216740578_491103_531_1-512.jpg"],[2,"1216740578_491103_531_3-512.jpg"],[2,"1216740578_491103_531_3-512.jpg"],[2,"1216740578_786053_532_1-512.jpg"],[2,"1216740578_786053_532_1-512.jpg"],[2,"1216740578_786053_532_3-512.jpg"],[2,"1216740578_786053_532_3-512.jpg"],[2,"1216740579_076048_533_1-512.jpg"],[2,"1216740579_076048_533_3-512.jpg"]],"construction_ml":"complete","preds_design":[[2,"1216740577_301104_527_1-512.jpg"],[2,"1216740577_301104_527_3-512.jpg"],[2,"1216740577_596066_528_1-512.jpg"],[2,"1216740577_596066_528_3-512.jpg"],[2,"1216740577_881109_529_1-512.jpg"],[2,"1216740577_881109_529_1-512.jpg"],[2,"1216740577_881109_529_3-512.jpg"],[2,"1216740578_186065_530_1-512.jpg"],[2,"1216740578_186065_530_1-512.jpg"],[2,"1216740578_186065_530_3-512.jpg"],[2,"1216740578_491103_531_1-512.jpg"],[2,"1216740578_491103_531_1-512.jpg"],[2,"1216740578_491103_531_3-512.jpg"],[1,"1216740578_491103_531_3-512.jpg"],[2,"1216740578_786053_532_1-512.jpg"],[2,"1216740578_786053_532_1-512.jpg"],[2,"1216740578_786053_532_3-512.jpg"],[1,"1216740578_786053_532_3-512.jpg"],[2,"1216740579_076048_533_1-512.jpg"],[2,"1216740579_076048_533_3-512.jpg"]],"design_ml":"designed","images":[]}
