{"MATERIAL":"corrugated metal","AVG_SLOPE":7.89310047639,"AVG_HEIGHT":4.83107417907,"TERAIN_SLP":16.8025220509,"AREA":47.5431752047,"VOLUME":230,"FLOORS":2,"INT_ZONE":null,"FLOOD":1,"LANDSLIDE":"Amenaza Media","LEGAL_ID":"358","LEGAL_NAME":"EL PARAISO","LEGAL_AREA":26.04,"LEGAL_LOTS":2077,"LEGAL_POP":11215.8,"LEGAL_DENS":79.76190476,"LEGALIZING":null,"BLOCK_ID_":"002565077","BLOCK_POP":223,"BLOCK_BLD":55,"BLOCK_RISK":10.298139,"BLOCK_EDU":0.70024371,"BLOCK_HLTH":22.415354,"BLOCK_TRAN":69.848991,"BLOCK_CULT":0,"BLOCK_PARK":66.626373,"BLOCK_SEC":100,"BLOCK_CENT":0,"BLOCK_DEF":38.1818181818,"BLD_INHAB":4,"OBJECTID":1,"AO_225":0.16,"id":3525,"preds_material":[[6,"1216740566_556132_491_3-512.jpg"],[6,"1216740566_916156_492_3-512.jpg"],[6,"1216740567_261166_493_3-512.jpg"],[1,"1216740567_616135_494_3-512.jpg"],[6,"1216740567_616135_494_3-512.jpg"],[1,"1216740568_016192_495_3-512.jpg"],[5,"1216743807_408893_8416_1-512.jpg"],[5,"1216743808_228942_8417_1-512.jpg"],[5,"1216743808_678826_8418_1-512.jpg"]],"material_ml":"other/unclear","preds_construction":[[2,"1216740566_916156_492_3-512.jpg"],[2,"1216740567_261166_493_3-512.jpg"],[2,"1216740567_616135_494_3-512.jpg"],[2,"1216740568_016192_495_3-512.jpg"],[2,"1216743807_408893_8416_1-512.jpg"],[2,"1216743808_228942_8417_1-512.jpg"],[2,"1216743808_678826_8418_1-512.jpg"]],"construction_ml":"complete","preds_design":[[1,"1216740567_261166_493_3-512.jpg"],[1,"1216740567_616135_494_3-512.jpg"],[1,"1216740568_016192_495_3-512.jpg"],[2,"1216743807_408893_8416_1-512.jpg"],[2,"1216743808_228942_8417_1-512.jpg"],[2,"1216743808_678826_8418_1-512.jpg"]],"design_ml":"undesigned","images":[]}
