{"MATERIAL":"corrugated metal - dark","AVG_SLOPE":11.6041298261,"AVG_HEIGHT":2.13154665406,"TERAIN_SLP":17.9184151256,"AREA":67.9430236963,"VOLUME":145,"FLOORS":1,"INT_ZONE":null,"FLOOD":1,"LANDSLIDE":"Amenaza Media","LEGAL_ID":"358","LEGAL_NAME":"EL PARAISO","LEGAL_AREA":26.04,"LEGAL_LOTS":2077,"LEGAL_POP":11215.8,"LEGAL_DENS":79.76190476,"LEGALIZING":null,"BLOCK_ID_":"002565077","BLOCK_POP":223,"BLOCK_BLD":55,"BLOCK_RISK":10.298139,"BLOCK_EDU":0.70024371,"BLOCK_HLTH":22.415354,"BLOCK_TRAN":69.848991,"BLOCK_CULT":0,"BLOCK_PARK":66.626373,"BLOCK_SEC":100,"BLOCK_CENT":0,"BLOCK_DEF":38.1818181818,"BLD_INHAB":4,"OBJECTID":1,"AO_225":0.16,"id":3526,"preds_material":[[5,"1216740575_866082_522_1-512.jpg"],[1,"1216740575_866082_522_1-512.jpg"],[1,"1216740575_866082_522_3-512.jpg"],[5,"1216740576_156074_523_1-512.jpg"],[1,"1216740576_156074_523_3-512.jpg"],[5,"1216740576_441158_524_1-512.jpg"],[6,"1216740576_441158_524_1-512.jpg"],[1,"1216740576_441158_524_3-512.jpg"],[5,"1216740576_441158_524_3-512.jpg"],[5,"1216740576_721091_525_1-512.jpg"],[6,"1216740576_721091_525_1-512.jpg"],[1,"1216740576_721091_525_3-512.jpg"],[5,"1216740576_721091_525_3-512.jpg"],[6,"1216740576_721091_525_3-512.jpg"],[6,"1216740577_011232_526_1-512.jpg"],[5,"1216740577_011232_526_1-512.jpg"],[2,"1216740577_011232_526_1-512.jpg"],[1,"1216740577_011232_526_3-512.jpg"],[6,"1216740577_011232_526_3-512.jpg"],[5,"1216740577_011232_526_3-512.jpg"],[5,"1216740577_011232_526_3-512.jpg"],[5,"1216740577_301104_527_1-512.jpg"],[1,"1216740577_301104_527_3-512.jpg"]],"material_ml":"painted","preds_construction":[[2,"1216740575_866082_522_1-512.jpg"],[2,"1216740575_866082_522_1-512.jpg"],[2,"1216740575_866082_522_3-512.jpg"],[1,"1216740575_866082_522_3-512.jpg"],[2,"1216740575_866082_522_3-512.jpg"],[2,"1216740576_156074_523_1-512.jpg"],[2,"1216740576_156074_523_3-512.jpg"],[1,"1216740576_156074_523_3-512.jpg"],[2,"1216740576_441158_524_1-512.jpg"],[2,"1216740576_441158_524_1-512.jpg"],[2,"1216740576_441158_524_3-512.jpg"],[1,"1216740576_441158_524_3-512.jpg"],[2,"1216740576_441158_524_3-512.jpg"],[2,"1216740576_721091_525_1-512.jpg"],[2,"1216740576_721091_525_1-512.jpg"],[2,"1216740576_721091_525_3-512.jpg"],[2,"1216740576_721091_525_3-512.jpg"],[1,"1216740576_721091_525_3-512.jpg"],[2,"1216740577_011232_526_1-512.jpg"],[2,"1216740577_011232_526_1-512.jpg"],[2,"1216740577_011232_526_3-512.jpg"],[2,"1216740577_011232_526_3-512.jpg"],[2,"1216740577_301104_527_1-512.jpg"],[2,"1216740577_301104_527_3-512.jpg"],[1,"1216740577_301104_527_3-512.jpg"]],"construction_ml":"complete","preds_design":[[1,"1216740575_866082_522_1-512.jpg"],[1,"1216740575_866082_522_1-512.jpg"],[1,"1216740575_866082_522_3-512.jpg"],[2,"1216740575_866082_522_3-512.jpg"],[1,"1216740576_156074_523_1-512.jpg"],[1,"1216740576_156074_523_3-512.jpg"],[2,"1216740576_156074_523_3-512.jpg"],[1,"1216740576_441158_524_1-512.jpg"],[2,"1216740576_441158_524_1-512.jpg"],[2,"1216740576_441158_524_3-512.jpg"],[1,"1216740576_441158_524_3-512.jpg"],[2,"1216740576_721091_525_1-512.jpg"],[1,"1216740576_721091_525_1-512.jpg"],[2,"1216740576_721091_525_3-512.jpg"],[2,"1216740576_721091_525_3-512.jpg"],[1,"1216740576_721091_525_3-512.jpg"],[2,"1216740577_011232_526_1-512.jpg"],[1,"1216740577_011232_526_1-512.jpg"],[2,"1216740577_011232_526_3-512.jpg"],[2,"1216740577_011232_526_3-512.jpg"],[1,"1216740577_011232_526_3-512.jpg"],[1,"1216740577_301104_527_1-512.jpg"],[1,"1216740577_301104_527_3-512.jpg"]],"design_ml":"undesigned","images":[]}
