{"MATERIAL":"corrugated metal/heavily patched","AVG_SLOPE":4.97180545286,"AVG_HEIGHT":5.76420821075,"TERAIN_SLP":16.5788630249,"AREA":59.5602803519,"VOLUME":343,"FLOORS":2,"INT_ZONE":null,"FLOOD":1,"LANDSLIDE":"Amenaza Media","LEGAL_ID":"358","LEGAL_NAME":"EL PARAISO","LEGAL_AREA":26.04,"LEGAL_LOTS":2077,"LEGAL_POP":11215.8,"LEGAL_DENS":79.76190476,"LEGALIZING":null,"BLOCK_ID_":"002565077","BLOCK_POP":223,"BLOCK_BLD":55,"BLOCK_RISK":10.298139,"BLOCK_EDU":0.70024371,"BLOCK_HLTH":22.415354,"BLOCK_TRAN":69.848991,"BLOCK_CULT":0,"BLOCK_PARK":66.626373,"BLOCK_SEC":100,"BLOCK_CENT":0,"BLOCK_DEF":38.1818181818,"BLD_INHAB":4,"OBJECTID":2,"AO_225":0.2,"id":3527,"preds_material":[[5,"1216740750_780066_736_3-512.jpg"],[1,"1216740750_780066_736_3-512.jpg"],[5,"1216740751_015169_737_3-512.jpg"],[5,"1216740751_245186_738_3-512.jpg"],[5,"1216740751_475131_739_3-512.jpg"],[1,"1216740751_475131_739_3-512.jpg"],[5,"1216740751_705129_740_3-512.jpg"],[1,"1216740751_705129_740_3-512.jpg"],[5,"1216740751_940170_741_3-512.jpg"],[1,"1216740751_940170_741_3-512.jpg"],[5,"1216740752_175125_742_3-512.jpg"],[5,"1216740752_415113_743_3-512.jpg"],[5,"1216740752_655144_744_3-512.jpg"],[5,"1216740752_895111_745_3-512.jpg"],[5,"1216740753_140054_746_3-512.jpg"],[5,"1216740753_390050_747_3-512.jpg"]],"material_ml":"painted","preds_construction":[[2,"1216740750_540074_735_3-512.jpg"],[2,"1216740750_780066_736_3-512.jpg"],[2,"1216740751_015169_737_3-512.jpg"],[2,"1216740751_245186_738_3-512.jpg"],[2,"1216740751_475131_739_3-512.jpg"],[2,"1216740751_705129_740_3-512.jpg"],[2,"1216740751_940170_741_3-512.jpg"],[2,"1216740752_175125_742_3-512.jpg"],[2,"1216740752_415113_743_3-512.jpg"],[2,"1216740752_655144_744_3-512.jpg"],[2,"1216740752_895111_745_3-512.jpg"],[2,"1216740753_140054_746_3-512.jpg"],[2,"1216740753_390050_747_3-512.jpg"]],"construction_ml":"complete","preds_design":[[2,"1216740750_780066_736_3-512.jpg"],[2,"1216740751_015169_737_3-512.jpg"],[2,"1216740751_245186_738_3-512.jpg"],[2,"1216740751_475131_739_3-512.jpg"],[2,"1216740751_705129_740_3-512.jpg"],[2,"1216740751_940170_741_3-512.jpg"],[2,"1216740752_175125_742_3-512.jpg"],[2,"1216740752_415113_743_3-512.jpg"],[2,"1216740752_655144_744_3-512.jpg"],[2,"1216740752_895111_745_3-512.jpg"],[2,"1216740753_140054_746_3-512.jpg"],[2,"1216740753_390050_747_3-512.jpg"]],"design_ml":"designed","images":[]}
