{"MATERIAL":"corrugated metal/heavily patched","AVG_SLOPE":9.75957017431,"AVG_HEIGHT":1.86334985169,"TERAIN_SLP":11.2517787981,"AREA":45.5022647817,"VOLUME":85,"FLOORS":1,"INT_ZONE":null,"FLOOD":1,"LANDSLIDE":"Amenaza Media","LEGAL_ID":"358","LEGAL_NAME":"EL PARAISO","LEGAL_AREA":26.04,"LEGAL_LOTS":2077,"LEGAL_POP":11215.8,"LEGAL_DENS":79.76190476,"LEGALIZING":null,"BLOCK_ID_":"002565077","BLOCK_POP":223,"BLOCK_BLD":55,"BLOCK_RISK":10.298139,"BLOCK_EDU":0.70024371,"BLOCK_HLTH":22.415354,"BLOCK_TRAN":69.848991,"BLOCK_CULT":0,"BLOCK_PARK":66.626373,"BLOCK_SEC":100,"BLOCK_CENT":0,"BLOCK_DEF":38.1818181818,"BLD_INHAB":4,"OBJECTID":1,"AO_225":0.16,"id":3529,"preds_material":[[1,"1216740573_401126_513_1-512.jpg"],[5,"1216740573_401126_513_3-512.jpg"],[3,"1216740573_401126_513_3-512.jpg"],[1,"1216740573_641123_514_1-512.jpg"],[1,"1216740573_641123_514_1-512.jpg"],[5,"1216740573_641123_514_3-512.jpg"],[3,"1216740573_641123_514_3-512.jpg"],[1,"1216740573_901115_515_1-512.jpg"],[1,"1216740573_901115_515_1-512.jpg"],[3,"1216740573_901115_515_3-512.jpg"],[5,"1216740573_901115_515_3-512.jpg"],[1,"1216740574_166066_516_1-512.jpg"],[1,"1216740574_166066_516_1-512.jpg"],[3,"1216740574_166066_516_3-512.jpg"],[1,"1216740574_441217_517_1-512.jpg"],[3,"1216740574_441217_517_3-512.jpg"],[1,"1216740574_716092_518_1-512.jpg"],[6,"1216740574_716092_518_1-512.jpg"],[3,"1216740574_716092_518_1-512.jpg"],[3,"1216740574_716092_518_3-512.jpg"],[1,"1216740574_991127_519_1-512.jpg"],[6,"1216740574_991127_519_1-512.jpg"],[1,"1216740574_991127_519_3-512.jpg"],[3,"1216740574_991127_519_3-512.jpg"],[5,"1216740574_991127_519_3-512.jpg"],[1,"1216740575_271122_520_1-512.jpg"],[6,"1216740575_271122_520_1-512.jpg"],[5,"1216740575_271122_520_1-512.jpg"],[1,"1216740575_271122_520_3-512.jpg"],[3,"1216740575_271122_520_3-512.jpg"],[5,"1216740575_271122_520_3-512.jpg"],[1,"1216740575_576074_521_1-512.jpg"],[5,"1216740575_576074_521_1-512.jpg"],[1,"1216740575_576074_521_3-512.jpg"],[3,"1216740575_576074_521_3-512.jpg"],[5,"1216740575_576074_521_3-512.jpg"],[5,"1216743804_823868_8413_1-512.jpg"]],"material_ml":"brick","preds_construction":[[2,"1216740573_401126_513_1-512.jpg"],[2,"1216740573_641123_514_1-512.jpg"],[2,"1216740573_641123_514_1-512.jpg"],[2,"1216740573_641123_514_3-512.jpg"],[2,"1216740573_901115_515_1-512.jpg"],[2,"1216740573_901115_515_1-512.jpg"],[2,"1216740573_901115_515_3-512.jpg"],[2,"1216740573_901115_515_3-512.jpg"],[2,"1216740574_166066_516_1-512.jpg"],[2,"1216740574_166066_516_1-512.jpg"],[2,"1216740574_166066_516_3-512.jpg"],[2,"1216740574_441217_517_1-512.jpg"],[2,"1216740574_441217_517_3-512.jpg"],[2,"1216740574_716092_518_1-512.jpg"],[2,"1216740574_716092_518_3-512.jpg"],[1,"1216740574_716092_518_3-512.jpg"],[2,"1216740574_991127_519_1-512.jpg"],[2,"1216740574_991127_519_1-512.jpg"],[2,"1216740574_991127_519_3-512.jpg"],[2,"1216740574_991127_519_3-512.jpg"],[1,"1216740574_991127_519_3-512.jpg"],[2,"1216740575_271122_520_1-512.jpg"],[2,"1216740575_271122_520_1-512.jpg"],[2,"1216740575_271122_520_3-512.jpg"],[2,"1216740575_271122_520_3-512.jpg"],[1,"1216740575_271122_520_3-512.jpg"],[2,"1216740575_576074_521_1-512.jpg"],[2,"1216740575_576074_521_1-512.jpg"],[2,"1216740575_576074_521_3-512.jpg"],[2,"1216740575_576074_521_3-512.jpg"],[1,"1216740575_576074_521_3-512.jpg"]],"construction_ml":"complete","preds_design":[[1,"1216740573_401126_513_1-512.jpg"],[2,"1216740573_641123_514_1-512.jpg"],[1,"1216740573_641123_514_1-512.jpg"],[1,"1216740573_641123_514_3-512.jpg"],[1,"1216740573_901115_515_1-512.jpg"],[2,"1216740573_901115_515_1-512.jpg"],[1,"1216740573_901115_515_3-512.jpg"],[1,"1216740574_166066_516_1-512.jpg"],[2,"1216740574_166066_516_1-512.jpg"],[1,"1216740574_166066_516_3-512.jpg"],[1,"1216740574_441217_517_1-512.jpg"],[1,"1216740574_441217_517_3-512.jpg"],[1,"1216740574_716092_518_1-512.jpg"],[1,"1216740574_716092_518_1-512.jpg"],[1,"1216740574_716092_518_3-512.jpg"],[1,"1216740574_991127_519_1-512.jpg"],[1,"1216740574_991127_519_1-512.jpg"],[1,"1216740574_991127_519_3-512.jpg"],[2,"1216740574_991127_519_3-512.jpg"],[1,"1216740574_991127_519_3-512.jpg"],[1,"1216740575_271122_520_1-512.jpg"],[1,"1216740575_271122_520_1-512.jpg"],[1,"1216740575_271122_520_3-512.jpg"],[2,"1216740575_271122_520_3-512.jpg"],[1,"1216740575_271122_520_3-512.jpg"],[1,"1216740575_576074_521_1-512.jpg"],[1,"1216740575_576074_521_1-512.jpg"],[1,"1216740575_576074_521_3-512.jpg"],[1,"1216740575_576074_521_3-512.jpg"],[2,"1216740575_576074_521_3-512.jpg"]],"design_ml":"undesigned","images":[]}
