{"MATERIAL":"corrugated metal - painted","AVG_SLOPE":5.4823443437,"AVG_HEIGHT":7.3245209337,"TERAIN_SLP":6.24848637951,"AREA":53.5389190108,"VOLUME":392,"FLOORS":2,"INT_ZONE":null,"FLOOD":1,"LANDSLIDE":"Amenaza Media","LEGAL_ID":"358","LEGAL_NAME":"EL PARAISO","LEGAL_AREA":26.04,"LEGAL_LOTS":2077,"LEGAL_POP":11215.8,"LEGAL_DENS":79.76190476,"LEGALIZING":null,"BLOCK_ID_":"002565072","BLOCK_POP":17,"BLOCK_BLD":5,"BLOCK_RISK":2.6135838,"BLOCK_EDU":0.14473598,"BLOCK_HLTH":12.972186,"BLOCK_TRAN":76.868973,"BLOCK_CULT":0,"BLOCK_PARK":60.024136,"BLOCK_SEC":100,"BLOCK_CENT":0,"BLOCK_DEF":20,"BLD_INHAB":3,"OBJECTID":1,"AO_225":0.16,"id":3538,"preds_material":[[1,"1216740453_466881_120_1-512.jpg"],[1,"1216740453_611867_121_1-512.jpg"],[1,"1216740453_756869_122_1-512.jpg"],[1,"1216740453_901842_123_1-512.jpg"],[1,"1216740454_051994_124_1-512.jpg"],[1,"1216740454_201831_125_1-512.jpg"],[1,"1216740454_356859_126_1-512.jpg"],[1,"1216740454_511844_127_1-512.jpg"],[1,"1216740454_671836_128_1-512.jpg"],[1,"1216740454_836856_129_1-512.jpg"],[1,"1216740455_006993_130_1-512.jpg"],[1,"1216740455_181835_131_1-512.jpg"],[1,"1216740455_361826_132_1-512.jpg"],[1,"1216740455_541861_133_1-512.jpg"]],"material_ml":"brick","preds_construction":[[2,"1216740453_466881_120_1-512.jpg"],[2,"1216740453_611867_121_1-512.jpg"],[2,"1216740453_756869_122_1-512.jpg"],[2,"1216740453_901842_123_1-512.jpg"],[2,"1216740454_051994_124_1-512.jpg"],[2,"1216740454_201831_125_1-512.jpg"],[2,"1216740454_356859_126_1-512.jpg"],[2,"1216740454_511844_127_1-512.jpg"],[2,"1216740454_671836_128_1-512.jpg"],[2,"1216740454_836856_129_1-512.jpg"],[2,"1216740455_006993_130_1-512.jpg"],[2,"1216740455_181835_131_1-512.jpg"],[2,"1216740455_361826_132_1-512.jpg"],[2,"1216740455_541861_133_1-512.jpg"]],"construction_ml":"complete","preds_design":[[2,"1216740453_466881_120_1-512.jpg"],[2,"1216740453_611867_121_1-512.jpg"],[2,"1216740453_756869_122_1-512.jpg"],[2,"1216740453_901842_123_1-512.jpg"],[2,"1216740454_051994_124_1-512.jpg"],[2,"1216740454_201831_125_1-512.jpg"],[2,"1216740454_356859_126_1-512.jpg"],[2,"1216740454_511844_127_1-512.jpg"],[2,"1216740454_671836_128_1-512.jpg"],[2,"1216740454_836856_129_1-512.jpg"],[2,"1216740455_006993_130_1-512.jpg"],[2,"1216740455_181835_131_1-512.jpg"],[2,"1216740455_361826_132_1-512.jpg"],[2,"1216740455_541861_133_1-512.jpg"]],"design_ml":"designed","images":[]}
