{"MATERIAL":"corrugated metal","AVG_SLOPE":3.84044103691,"AVG_HEIGHT":3.17846324112,"TERAIN_SLP":6.94107105177,"AREA":63.889657259,"VOLUME":203,"FLOORS":2,"INT_ZONE":null,"FLOOD":1,"LANDSLIDE":"Amenaza Media","LEGAL_ID":"358","LEGAL_NAME":"EL PARAISO","LEGAL_AREA":26.04,"LEGAL_LOTS":2077,"LEGAL_POP":11215.8,"LEGAL_DENS":79.76190476,"LEGALIZING":null,"BLOCK_ID_":"002565072","BLOCK_POP":17,"BLOCK_BLD":5,"BLOCK_RISK":2.6135838,"BLOCK_EDU":0.14473598,"BLOCK_HLTH":12.972186,"BLOCK_TRAN":76.868973,"BLOCK_CULT":0,"BLOCK_PARK":60.024136,"BLOCK_SEC":100,"BLOCK_CENT":0,"BLOCK_DEF":20,"BLD_INHAB":3,"OBJECTID":1,"AO_225":0.16,"id":3539,"preds_material":[[5,"1216740452_436893_113_1-512.jpg"],[5,"1216740452_586883_114_1-512.jpg"],[5,"1216740452_736892_115_1-512.jpg"],[5,"1216740452_881912_116_1-512.jpg"],[5,"1216740453_032002_117_1-512.jpg"],[5,"1216740453_176951_118_1-512.jpg"],[5,"1216740453_321875_119_1-512.jpg"],[5,"1216740453_466881_120_1-512.jpg"],[5,"1216740453_611867_121_1-512.jpg"],[5,"1216740453_756869_122_1-512.jpg"],[5,"1216740453_901842_123_1-512.jpg"],[5,"1216740454_051994_124_1-512.jpg"],[5,"1216740454_201831_125_1-512.jpg"],[5,"1216740454_356859_126_1-512.jpg"],[5,"1216740454_511844_127_1-512.jpg"],[5,"1216740454_671836_128_1-512.jpg"]],"material_ml":"painted","preds_construction":[[2,"1216740452_436893_113_1-512.jpg"],[2,"1216740452_586883_114_1-512.jpg"],[2,"1216740452_736892_115_1-512.jpg"],[2,"1216740452_881912_116_1-512.jpg"],[2,"1216740453_032002_117_1-512.jpg"],[2,"1216740453_176951_118_1-512.jpg"],[2,"1216740453_321875_119_1-512.jpg"],[2,"1216740453_466881_120_1-512.jpg"],[2,"1216740453_611867_121_1-512.jpg"],[2,"1216740453_756869_122_1-512.jpg"],[2,"1216740453_901842_123_1-512.jpg"],[2,"1216740454_051994_124_1-512.jpg"],[2,"1216740454_201831_125_1-512.jpg"],[2,"1216740454_356859_126_1-512.jpg"],[2,"1216740454_511844_127_1-512.jpg"]],"construction_ml":"complete","preds_design":[[1,"1216740452_436893_113_1-512.jpg"],[1,"1216740452_586883_114_1-512.jpg"],[1,"1216740452_736892_115_1-512.jpg"],[1,"1216740452_881912_116_1-512.jpg"],[1,"1216740453_032002_117_1-512.jpg"],[1,"1216740453_176951_118_1-512.jpg"],[1,"1216740453_321875_119_1-512.jpg"],[1,"1216740453_466881_120_1-512.jpg"],[1,"1216740453_611867_121_1-512.jpg"],[1,"1216740453_756869_122_1-512.jpg"],[1,"1216740453_901842_123_1-512.jpg"],[1,"1216740454_051994_124_1-512.jpg"],[1,"1216740454_201831_125_1-512.jpg"],[1,"1216740454_356859_126_1-512.jpg"],[1,"1216740454_511844_127_1-512.jpg"]],"design_ml":"undesigned","images":[]}
