{"MATERIAL":"corrugated metal","AVG_SLOPE":4.78297471868,"AVG_HEIGHT":5.2843659066,"TERAIN_SLP":9.72301747189,"AREA":79.7767526932,"VOLUME":422,"FLOORS":2,"INT_ZONE":null,"FLOOD":1,"LANDSLIDE":"Amenaza Media","LEGAL_ID":"358","LEGAL_NAME":"EL PARAISO","LEGAL_AREA":26.04,"LEGAL_LOTS":2077,"LEGAL_POP":11215.8,"LEGAL_DENS":79.76190476,"LEGALIZING":null,"BLOCK_ID_":"002565071","BLOCK_POP":36,"BLOCK_BLD":9,"BLOCK_RISK":5.1812506,"BLOCK_EDU":0.1458959,"BLOCK_HLTH":11.989448,"BLOCK_TRAN":56.171688,"BLOCK_CULT":0,"BLOCK_PARK":63.089943,"BLOCK_SEC":100,"BLOCK_CENT":0,"BLOCK_DEF":55.5555555556,"BLD_INHAB":4,"OBJECTID":2,"AO_225":0.2,"id":3540,"preds_material":[[5,"1216740451_256911_105_1-512.jpg"],[5,"1216740451_401838_106_1-512.jpg"],[5,"1216740451_551859_107_1-512.jpg"],[5,"1216740451_701862_108_1-512.jpg"],[5,"1216740451_851869_109_1-512.jpg"],[5,"1216740451_996869_110_1-512.jpg"],[5,"1216740452_141862_111_1-512.jpg"],[5,"1216740452_286846_112_1-512.jpg"],[2,"1216740452_286846_112_1-512.jpg"],[5,"1216740452_436893_113_1-512.jpg"],[2,"1216740452_436893_113_1-512.jpg"],[5,"1216740452_586883_114_1-512.jpg"],[2,"1216740452_586883_114_1-512.jpg"],[5,"1216740452_736892_115_1-512.jpg"],[2,"1216740452_736892_115_1-512.jpg"],[5,"1216740452_881912_116_1-512.jpg"],[5,"1216740453_032002_117_1-512.jpg"],[5,"1216740453_176951_118_1-512.jpg"],[5,"1216740453_321875_119_1-512.jpg"],[5,"1216740453_466881_120_1-512.jpg"],[5,"1216740453_611867_121_1-512.jpg"],[5,"1216740453_756869_122_1-512.jpg"]],"material_ml":"painted","preds_construction":[[2,"1216740451_256911_105_1-512.jpg"],[2,"1216740451_401838_106_1-512.jpg"],[2,"1216740451_551859_107_1-512.jpg"],[2,"1216740451_701862_108_1-512.jpg"],[2,"1216740451_851869_109_1-512.jpg"],[2,"1216740451_996869_110_1-512.jpg"],[2,"1216740452_141862_111_1-512.jpg"],[2,"1216740452_286846_112_1-512.jpg"],[2,"1216740452_286846_112_1-512.jpg"],[2,"1216740452_436893_113_1-512.jpg"],[2,"1216740452_436893_113_1-512.jpg"],[2,"1216740452_586883_114_1-512.jpg"],[2,"1216740452_586883_114_1-512.jpg"],[2,"1216740452_736892_115_1-512.jpg"],[2,"1216740452_736892_115_1-512.jpg"],[2,"1216740452_881912_116_1-512.jpg"],[2,"1216740453_032002_117_1-512.jpg"],[2,"1216740453_176951_118_1-512.jpg"],[2,"1216740453_321875_119_1-512.jpg"],[2,"1216740453_466881_120_1-512.jpg"],[2,"1216740453_611867_121_1-512.jpg"],[2,"1216740453_756869_122_1-512.jpg"]],"construction_ml":"complete","preds_design":[[2,"1216740451_256911_105_1-512.jpg"],[2,"1216740451_401838_106_1-512.jpg"],[2,"1216740451_551859_107_1-512.jpg"],[2,"1216740451_701862_108_1-512.jpg"],[2,"1216740451_851869_109_1-512.jpg"],[2,"1216740451_996869_110_1-512.jpg"],[2,"1216740452_141862_111_1-512.jpg"],[2,"1216740452_286846_112_1-512.jpg"],[2,"1216740452_286846_112_1-512.jpg"],[2,"1216740452_436893_113_1-512.jpg"],[2,"1216740452_436893_113_1-512.jpg"],[2,"1216740452_586883_114_1-512.jpg"],[2,"1216740452_586883_114_1-512.jpg"],[2,"1216740452_736892_115_1-512.jpg"],[2,"1216740452_736892_115_1-512.jpg"],[2,"1216740452_881912_116_1-512.jpg"],[2,"1216740452_881912_116_1-512.jpg"],[2,"1216740453_032002_117_1-512.jpg"],[2,"1216740453_176951_118_1-512.jpg"],[2,"1216740453_321875_119_1-512.jpg"],[2,"1216740453_466881_120_1-512.jpg"],[2,"1216740453_611867_121_1-512.jpg"],[2,"1216740453_756869_122_1-512.jpg"]],"design_ml":"designed","images":[]}
