{"MATERIAL":"corrugated metal/heavily patched","AVG_SLOPE":5.51958717284,"AVG_HEIGHT":3.10932898279,"TERAIN_SLP":8.35795684132,"AREA":47.4281302637,"VOLUME":147,"FLOORS":2,"INT_ZONE":"Borde Rural","FLOOD":1,"LANDSLIDE":"Amenaza Media","LEGAL_ID":"1688","LEGAL_NAME":"MIRADOR PARADERO","LEGAL_AREA":0.49,"LEGAL_LOTS":29,"LEGAL_POP":157,"LEGAL_DENS":59.18,"LEGALIZING":"Legalizado","BLOCK_ID_":"002570030","BLOCK_POP":78,"BLOCK_BLD":22,"BLOCK_RISK":3.9780786,"BLOCK_EDU":0,"BLOCK_HLTH":0,"BLOCK_TRAN":80.541908,"BLOCK_CULT":0,"BLOCK_PARK":0,"BLOCK_SEC":100,"BLOCK_CENT":0,"BLOCK_DEF":36.3636363636,"BLD_INHAB":4,"OBJECTID":1,"AO_225":0.16,"id":362,"preds_material":[[5,"1216742307_261769_4819_3-512.jpg"],[5,"1216742307_476635_4820_3-512.jpg"],[5,"1216742307_696707_4821_3-512.jpg"],[5,"1216742307_916637_4822_3-512.jpg"],[5,"1216742308_136679_4823_3-512.jpg"],[5,"1216742308_336690_4824_3-512.jpg"],[5,"1216742308_566772_4825_3-512.jpg"],[5,"1216742308_791844_4826_3-512.jpg"],[5,"1216742309_006917_4827_3-512.jpg"],[5,"1216742309_456762_4829_3-512.jpg"],[5,"1216742309_676738_4830_3-512.jpg"],[5,"1216742309_941643_4831_3-512.jpg"],[5,"1216742310_171714_4832_3-512.jpg"]],"material_ml":"painted","images":[]}
