{"MATERIAL":"corrugated metal - dark","AVG_SLOPE":11.1048547822,"AVG_HEIGHT":8.67023979551,"TERAIN_SLP":3.19647828153,"AREA":153.283899861,"VOLUME":1329,"FLOORS":3,"INT_ZONE":"Borde Rural","FLOOD":1,"LANDSLIDE":"Amenaza Media","LEGAL_ID":"311","LEGAL_NAME":"EL MIRADOR","LEGAL_AREA":11.06,"LEGAL_LOTS":989,"LEGAL_POP":5340.6,"LEGAL_DENS":89.42,"LEGALIZING":null,"BLOCK_ID_":"002570037","BLOCK_POP":96,"BLOCK_BLD":29,"BLOCK_RISK":21.027153,"BLOCK_EDU":0,"BLOCK_HLTH":8.9394245,"BLOCK_TRAN":88.032272,"BLOCK_CULT":0,"BLOCK_PARK":0,"BLOCK_SEC":42.651928,"BLOCK_CENT":0,"BLOCK_DEF":31.0344827586,"BLD_INHAB":3,"OBJECTID":1,"AO_225":0.16,"id":364,"preds_material":[[1,"1216744364_230773_9544_1-512.jpg"],[1,"1216744364_516229_9545_1-512.jpg"],[1,"1216744364_770968_9546_1-512.jpg"],[1,"1216744365_031021_9547_1-512.jpg"],[1,"1216744365_296028_9548_1-512.jpg"],[1,"1216744365_571002_9549_1-512.jpg"],[5,"1216744365_916019_9550_1-512.jpg"],[1,"1216744365_916019_9550_1-512.jpg"],[1,"1216744365_916019_9550_1-512.jpg"],[5,"1216744366_240864_9551_1-512.jpg"],[1,"1216744366_240864_9551_1-512.jpg"],[1,"1216744366_240864_9551_1-512.jpg"],[5,"1216744366_626066_9552_1-512.jpg"],[1,"1216744366_626066_9552_1-512.jpg"],[1,"1216744366_626066_9552_1-512.jpg"],[5,"1216744367_020915_9553_1-512.jpg"],[1,"1216744367_020915_9553_1-512.jpg"],[1,"1216744367_020915_9553_1-512.jpg"],[5,"1216744367_430829_9554_1-512.jpg"],[1,"1216744367_430829_9554_1-512.jpg"],[5,"1216744367_835815_9555_1-512.jpg"],[1,"1216744367_835815_9555_1-512.jpg"],[1,"1216744368_215910_9556_1-512.jpg"],[5,"1216744368_215910_9556_1-512.jpg"],[1,"1216744368_571005_9557_1-512.jpg"],[5,"1216744368_571005_9557_1-512.jpg"],[1,"1216744368_930801_9558_1-512.jpg"],[1,"1216744369_265773_9559_1-512.jpg"],[5,"1216744369_265773_9559_1-512.jpg"],[1,"1216744369_615819_9560_1-512.jpg"],[5,"1216744369_615819_9560_1-512.jpg"],[1,"1216744369_950850_9561_1-512.jpg"],[5,"1216744369_950850_9561_1-512.jpg"],[1,"1216744370_270971_9562_1-512.jpg"],[5,"1216744370_270971_9562_1-512.jpg"],[5,"1216744370_595875_9563_1-512.jpg"],[1,"1216744370_595875_9563_1-512.jpg"],[5,"1216744370_925762_9564_1-512.jpg"],[1,"1216744370_925762_9564_1-512.jpg"],[5,"1216744371_275769_9565_1-512.jpg"],[1,"1216744371_275769_9565_1-512.jpg"],[5,"1216744371_630768_9566_1-512.jpg"],[1,"1216744371_630768_9566_1-512.jpg"],[5,"1216744372_016026_9567_1-512.jpg"],[1,"1216744372_016026_9567_1-512.jpg"],[5,"1216744372_361037_9568_1-512.jpg"],[1,"1216744372_361037_9568_1-512.jpg"],[5,"1216744372_715968_9569_1-512.jpg"],[5,"1216744373_055800_9570_1-512.jpg"],[6,"1216744373_055800_9570_1-512.jpg"],[6,"1216744373_395873_9571_1-512.jpg"],[6,"1216744373_760820_9572_1-512.jpg"],[6,"1216744374_135826_9573_1-512.jpg"],[6,"1216744374_505924_9574_1-512.jpg"],[6,"1216744374_885799_9575_1-512.jpg"],[6,"1216744398_890848_9622_1-512.jpg"],[6,"1216744399_490629_9623_1-512.jpg"],[5,"1216744399_490629_9623_1-512.jpg"],[1,"1216744399_490629_9623_1-512.jpg"],[6,"1216744400_185470_9624_1-512.jpg"],[5,"1216744400_185470_9624_1-512.jpg"],[6,"1216744400_855520_9625_1-512.jpg"],[6,"1216744401_535847_9626_1-512.jpg"],[6,"1216744402_075681_9627_1-512.jpg"],[6,"1216744402_570860_9628_1-512.jpg"],[6,"1216744403_050968_9629_1-512.jpg"],[6,"1216744403_635881_9630_1-512.jpg"]],"material_ml":"brick","preds_construction":[[2,"1216744364_230773_9544_1-512.jpg"],[2,"1216744364_516229_9545_1-512.jpg"],[2,"1216744364_770968_9546_1-512.jpg"],[2,"1216744365_031021_9547_1-512.jpg"],[2,"1216744365_296028_9548_1-512.jpg"],[2,"1216744365_571002_9549_1-512.jpg"],[2,"1216744365_916019_9550_1-512.jpg"],[2,"1216744365_916019_9550_1-512.jpg"],[2,"1216744365_916019_9550_1-512.jpg"],[2,"1216744366_240864_9551_1-512.jpg"],[2,"1216744366_240864_9551_1-512.jpg"],[2,"1216744366_240864_9551_1-512.jpg"],[2,"1216744366_626066_9552_1-512.jpg"],[2,"1216744366_626066_9552_1-512.jpg"],[2,"1216744366_626066_9552_1-512.jpg"],[2,"1216744367_020915_9553_1-512.jpg"],[2,"1216744367_020915_9553_1-512.jpg"],[2,"1216744367_020915_9553_1-512.jpg"],[2,"1216744367_430829_9554_1-512.jpg"],[2,"1216744367_430829_9554_1-512.jpg"],[2,"1216744367_835815_9555_1-512.jpg"],[2,"1216744367_835815_9555_1-512.jpg"],[2,"1216744368_215910_9556_1-512.jpg"],[2,"1216744368_215910_9556_1-512.jpg"],[2,"1216744368_571005_9557_1-512.jpg"],[2,"1216744368_571005_9557_1-512.jpg"],[2,"1216744368_930801_9558_1-512.jpg"],[2,"1216744368_930801_9558_1-512.jpg"],[2,"1216744369_265773_9559_1-512.jpg"],[2,"1216744369_265773_9559_1-512.jpg"],[2,"1216744369_615819_9560_1-512.jpg"],[2,"1216744369_615819_9560_1-512.jpg"],[2,"1216744369_950850_9561_1-512.jpg"],[2,"1216744369_950850_9561_1-512.jpg"],[2,"1216744370_270971_9562_1-512.jpg"],[2,"1216744370_270971_9562_1-512.jpg"],[2,"1216744370_595875_9563_1-512.jpg"],[2,"1216744370_595875_9563_1-512.jpg"],[2,"1216744370_925762_9564_1-512.jpg"],[2,"1216744370_925762_9564_1-512.jpg"],[2,"1216744371_275769_9565_1-512.jpg"],[2,"1216744371_275769_9565_1-512.jpg"],[2,"1216744371_630768_9566_1-512.jpg"],[2,"1216744371_630768_9566_1-512.jpg"],[2,"1216744372_016026_9567_1-512.jpg"],[2,"1216744372_016026_9567_1-512.jpg"],[2,"1216744372_361037_9568_1-512.jpg"],[2,"1216744372_361037_9568_1-512.jpg"],[2,"1216744372_715968_9569_1-512.jpg"],[2,"1216744372_715968_9569_1-512.jpg"],[2,"1216744372_715968_9569_1-512.jpg"],[2,"1216744373_055800_9570_1-512.jpg"],[2,"1216744373_055800_9570_1-512.jpg"],[2,"1216744373_395873_9571_1-512.jpg"],[2,"1216744373_760820_9572_1-512.jpg"],[2,"1216744374_135826_9573_1-512.jpg"],[2,"1216744374_505924_9574_1-512.jpg"],[2,"1216744374_885799_9575_1-512.jpg"],[2,"1216744398_890848_9622_1-512.jpg"],[2,"1216744399_490629_9623_1-512.jpg"],[2,"1216744400_185470_9624_1-512.jpg"],[2,"1216744400_185470_9624_1-512.jpg"],[2,"1216744400_855520_9625_1-512.jpg"],[2,"1216744400_855520_9625_1-512.jpg"],[2,"1216744401_535847_9626_1-512.jpg"],[2,"1216744402_075681_9627_1-512.jpg"],[2,"1216744402_570860_9628_1-512.jpg"],[2,"1216744403_050968_9629_1-512.jpg"],[2,"1216744403_635881_9630_1-512.jpg"]],"construction_ml":"complete",