{"MATERIAL":"corrugated metal","AVG_SLOPE":4.47835055984,"AVG_HEIGHT":3.252053684,"TERAIN_SLP":5.66685308446,"AREA":61.559390163,"VOLUME":200,"FLOORS":2,"INT_ZONE":"Borde Rural","FLOOD":3,"LANDSLIDE":"Amenaza Media","LEGAL_ID":"1682","LEGAL_NAME":"MIRADOR 3","LEGAL_AREA":0,"LEGAL_LOTS":0,"LEGAL_POP":0,"LEGAL_DENS":0,"LEGALIZING":"Consultoria","BLOCK_ID_":"002570037","BLOCK_POP":96,"BLOCK_BLD":29,"BLOCK_RISK":21.027153,"BLOCK_EDU":0,"BLOCK_HLTH":8.9394245,"BLOCK_TRAN":88.032272,"BLOCK_CULT":0,"BLOCK_PARK":0,"BLOCK_SEC":42.651928,"BLOCK_CENT":0,"BLOCK_DEF":31.0344827586,"BLD_INHAB":3,"OBJECTID":1,"AO_225":0.16,"id":370,"preds_material":[[1,"1216744386_650841_9600_1-512.jpg"],[1,"1216744387_190760_9601_1-512.jpg"],[1,"1216744387_670773_9602_1-512.jpg"],[1,"1216744388_155905_9603_1-512.jpg"],[1,"1216744388_735902_9604_1-512.jpg"],[1,"1216744389_270738_9605_1-512.jpg"],[5,"1216744391_650739_9609_1-512.jpg"],[5,"1216744392_265738_9610_1-512.jpg"],[5,"1216744392_890692_9611_1-512.jpg"],[5,"1216744393_400663_9612_1-512.jpg"],[5,"1216744393_955715_9613_1-512.jpg"],[5,"1216744394_495765_9614_1-512.jpg"]],"material_ml":"brick","preds_construction":[[2,"1216744386_650841_9600_1-512.jpg"],[2,"1216744387_190760_9601_1-512.jpg"],[2,"1216744387_670773_9602_1-512.jpg"],[2,"1216744388_155905_9603_1-512.jpg"],[2,"1216744388_735902_9604_1-512.jpg"],[2,"1216744389_270738_9605_1-512.jpg"],[2,"1216744391_650739_9609_1-512.jpg"],[2,"1216744392_265738_9610_1-512.jpg"],[2,"1216744392_890692_9611_1-512.jpg"],[2,"1216744393_400663_9612_1-512.jpg"],[2,"1216744393_955715_9613_1-512.jpg"],[2,"1216744394_495765_9614_1-512.jpg"]],"construction_ml":"complete","preds_design":[[1,"1216744386_650841_9600_1-512.jpg"],[1,"1216744387_190760_9601_1-512.jpg"],[1,"1216744387_670773_9602_1-512.jpg"],[1,"1216744388_155905_9603_1-512.jpg"],[1,"1216744388_735902_9604_1-512.jpg"],[1,"1216744389_270738_9605_1-512.jpg"],[2,"1216744391_650739_9609_1-512.jpg"],[2,"1216744392_265738_9610_1-512.jpg"],[2,"1216744392_890692_9611_1-512.jpg"],[2,"1216744393_400663_9612_1-512.jpg"],[2,"1216744393_955715_9613_1-512.jpg"],[2,"1216744394_495765_9614_1-512.jpg"]],"design_ml":"undesigned","images":[]}
