{"MATERIAL":"corrugated metal","AVG_SLOPE":3.9248632842,"AVG_HEIGHT":7.86945048431,"TERAIN_SLP":7.36201393138,"AREA":65.865827261,"VOLUME":518,"FLOORS":2,"INT_ZONE":null,"FLOOD":2,"LANDSLIDE":"Amenaza Media","LEGAL_ID":"1481","LEGAL_NAME":"EL EDEN SECTOR EL PARAISO","LEGAL_AREA":0,"LEGAL_LOTS":0,"LEGAL_POP":0,"LEGAL_DENS":0,"LEGALIZING":"No viable","BLOCK_ID_":"204106001","BLOCK_POP":831,"BLOCK_BLD":212,"BLOCK_RISK":2.4658778,"BLOCK_EDU":0,"BLOCK_HLTH":9.9786768,"BLOCK_TRAN":91.102531,"BLOCK_CULT":0,"BLOCK_PARK":90.285126,"BLOCK_SEC":55.59795,"BLOCK_CENT":0,"BLOCK_DEF":64.6226415094,"BLD_INHAB":4,"OBJECTID":2,"AO_225":0.2,"id":3747,"preds_mat":[[1,"1216741250_512414_2118_1-512.jpg"],[1,"1216741251_067350_2119_1-512.jpg"],[1,"1216741251_757299_2120_1-512.jpg"],[1,"1216741252_292418_2121_1-512.jpg"],[1,"1216741252_697325_2122_1-512.jpg"],[1,"1216741253_027486_2123_1-512.jpg"],[1,"1216741253_312434_2124_1-512.jpg"],[1,"1216741253_562491_2125_1-512.jpg"],[1,"1216746734_189622_15692_1-512.jpg"],[1,"1216746734_189622_15692_1-512.jpg"],[1,"1216746735_239709_15693_1-512.jpg"],[1,"1216746736_014526_15694_1-512.jpg"],[1,"1216746736_649552_15695_1-512.jpg"],[1,"1216746738_694454_15699_1-512.jpg"],[1,"1216746739_149579_15700_1-512.jpg"],[1,"1216746739_604610_15701_1-512.jpg"],[1,"1216746739_604610_15701_1-512.jpg"],[1,"1216746740_014346_15702_1-512.jpg"],[5,"1216746742_319267_15709_1-512.jpg"],[5,"1216746742_604383_15710_1-512.jpg"]],"material_ml":"brick","images":[]}
