{"MATERIAL":"corrugated metal","AVG_SLOPE":5.27410706442,"AVG_HEIGHT":7.40306317375,"TERAIN_SLP":8.15199778007,"AREA":58.7778839697,"VOLUME":435,"FLOORS":2,"INT_ZONE":null,"FLOOD":2,"LANDSLIDE":"Amenaza Media","LEGAL_ID":"1481","LEGAL_NAME":"EL EDEN SECTOR EL PARAISO","LEGAL_AREA":0,"LEGAL_LOTS":0,"LEGAL_POP":0,"LEGAL_DENS":0,"LEGALIZING":"No viable","BLOCK_ID_":"204106001","BLOCK_POP":831,"BLOCK_BLD":212,"BLOCK_RISK":2.4658778,"BLOCK_EDU":0,"BLOCK_HLTH":9.9786768,"BLOCK_TRAN":91.102531,"BLOCK_CULT":0,"BLOCK_PARK":90.285126,"BLOCK_SEC":55.59795,"BLOCK_CENT":0,"BLOCK_DEF":64.6226415094,"BLD_INHAB":4,"OBJECTID":1,"AO_225":0.16,"id":3756,"preds_material":[[5,"1216741253_312434_2124_1-512.jpg"],[5,"1216741253_562491_2125_1-512.jpg"],[5,"1216741253_787301_2126_1-512.jpg"],[5,"1216741253_997398_2127_1-512.jpg"],[5,"1216741254_207293_2128_1-512.jpg"],[5,"1216741254_417285_2129_1-512.jpg"],[5,"1216741254_617291_2130_1-512.jpg"],[5,"1216741254_817323_2131_1-512.jpg"],[1,"1216741254_817323_2131_1-512.jpg"],[5,"1216741255_012553_2132_1-512.jpg"],[1,"1216741255_012553_2132_1-512.jpg"],[5,"1216741255_207287_2133_1-512.jpg"],[1,"1216741255_207287_2133_1-512.jpg"],[5,"1216741255_402403_2134_1-512.jpg"],[5,"1216741255_597290_2135_1-512.jpg"],[5,"1216741255_792377_2136_1-512.jpg"],[3,"1216745816_299222_12461_1-512.jpg"],[5,"1216745816_299222_12461_1-512.jpg"],[3,"1216745816_459207_12462_1-512.jpg"],[5,"1216745816_459207_12462_1-512.jpg"],[3,"1216745816_619253_12463_1-512.jpg"],[5,"1216745816_619253_12463_1-512.jpg"],[3,"1216745816_779250_12464_1-512.jpg"],[5,"1216745816_779250_12464_1-512.jpg"],[5,"1216745816_939266_12465_1-512.jpg"],[3,"1216745816_939266_12465_1-512.jpg"],[5,"1216745817_099199_12466_1-512.jpg"],[3,"1216745817_099199_12466_1-512.jpg"],[3,"1216745817_259199_12467_1-512.jpg"],[3,"1216745817_414095_12468_1-512.jpg"]],"material_ml":"painted","preds_construction":[[2,"1216741253_312434_2124_1-512.jpg"],[2,"1216741253_562491_2125_1-512.jpg"],[2,"1216741253_787301_2126_1-512.jpg"],[2,"1216741253_997398_2127_1-512.jpg"],[2,"1216741254_207293_2128_1-512.jpg"],[2,"1216741254_417285_2129_1-512.jpg"],[2,"1216741254_617291_2130_1-512.jpg"],[2,"1216741254_817323_2131_1-512.jpg"],[1,"1216741254_817323_2131_1-512.jpg"],[2,"1216741255_012553_2132_1-512.jpg"],[1,"1216741255_012553_2132_1-512.jpg"],[2,"1216741255_207287_2133_1-512.jpg"],[1,"1216741255_207287_2133_1-512.jpg"],[2,"1216741255_207287_2133_1-512.jpg"],[2,"1216741255_402403_2134_1-512.jpg"],[2,"1216741255_402403_2134_1-512.jpg"],[2,"1216741255_597290_2135_1-512.jpg"],[2,"1216741255_792377_2136_1-512.jpg"],[2,"1216745816_459207_12462_1-512.jpg"],[2,"1216745816_619253_12463_1-512.jpg"],[2,"1216745816_619253_12463_1-512.jpg"],[2,"1216745816_779250_12464_1-512.jpg"],[2,"1216745816_939266_12465_1-512.jpg"],[2,"1216745817_099199_12466_1-512.jpg"],[2,"1216745817_259199_12467_1-512.jpg"],[2,"1216745817_724081_12470_1-512.jpg"]],"construction_ml":"complete","preds_design":[[2,"1216741253_562491_2125_1-512.jpg"],[2,"1216741253_787301_2126_1-512.jpg"],[2,"1216741253_997398_2127_1-512.jpg"],[2,"1216741254_207293_2128_1-512.jpg"],[2,"1216741254_417285_2129_1-512.jpg"],[2,"1216741254_617291_2130_1-512.jpg"],[2,"1216741254_817323_2131_1-512.jpg"],[2,"1216741254_817323_2131_1-512.jpg"],[2,"1216741255_012553_2132_1-512.jpg"],[2,"1216741255_012553_2132_1-512.jpg"],[2,"1216741255_207287_2133_1-512.jpg"],[2,"1216741255_207287_2133_1-512.jpg"],[2,"1216741255_402403_2134_1-512.jpg"],[2,"1216741255_402403_2134_1-512.jpg"],[2,"1216741255_597290_2135_1-512.jpg"],[2,"1216741255_792377_2136_1-512.jpg"],[1,"1216745816_939266_12465_1-512.jpg"],[1,"1216745817_099199_12466_1-512.jpg"],[1,"1216745817_259199_12467_1-512.jpg"]],"design_ml":"designed","images":[]}
