{"MATERIAL":"extreme haphazard","AVG_SLOPE":7.36004119314,"AVG_HEIGHT":4.73423380438,"TERAIN_SLP":2.87395600188,"AREA":32.3071322636,"VOLUME":153,"FLOORS":2,"INT_ZONE":"Borde Rural","FLOOD":1,"LANDSLIDE":"Amenaza Media","LEGAL_ID":"311","LEGAL_NAME":"EL MIRADOR","LEGAL_AREA":11.06,"LEGAL_LOTS":989,"LEGAL_POP":5340.6,"LEGAL_DENS":89.42,"LEGALIZING":"Prediagnosticado","BLOCK_ID_":"002570037","BLOCK_POP":96,"BLOCK_BLD":29,"BLOCK_RISK":21.027153,"BLOCK_EDU":0,"BLOCK_HLTH":8.9394245,"BLOCK_TRAN":88.032272,"BLOCK_CULT":0,"BLOCK_PARK":0,"BLOCK_SEC":42.651928,"BLOCK_CENT":0,"BLOCK_DEF":31.0344827586,"BLD_INHAB":3,"OBJECTID":1,"AO_225":0.16,"id":383,"preds_material":[[1,"1216744384_450865_9597_1-512.jpg"],[1,"1216744385_235778_9598_1-512.jpg"],[1,"1216744386_040730_9599_1-512.jpg"],[5,"1216744388_155905_9603_1-512.jpg"],[5,"1216744388_735902_9604_1-512.jpg"],[5,"1216744389_270738_9605_1-512.jpg"],[5,"1216744389_845872_9606_1-512.jpg"],[5,"1216744390_520749_9607_1-512.jpg"],[5,"1216744391_100760_9608_1-512.jpg"],[5,"1216744394_495765_9614_1-512.jpg"],[5,"1216744395_060693_9615_1-512.jpg"],[5,"1216744395_690567_9616_1-512.jpg"]],"material_ml":"painted","preds_construction":[[2,"1216744384_450865_9597_1-512.jpg"],[2,"1216744385_235778_9598_1-512.jpg"],[2,"1216744386_040730_9599_1-512.jpg"],[2,"1216744388_155905_9603_1-512.jpg"],[2,"1216744388_735902_9604_1-512.jpg"],[2,"1216744389_270738_9605_1-512.jpg"],[2,"1216744389_845872_9606_1-512.jpg"],[2,"1216744390_520749_9607_1-512.jpg"],[2,"1216744391_100760_9608_1-512.jpg"],[2,"1216744394_495765_9614_1-512.jpg"],[1,"1216744394_495765_9614_1-512.jpg"],[2,"1216744395_060693_9615_1-512.jpg"],[2,"1216744395_690567_9616_1-512.jpg"],[1,"1216744395_690567_9616_1-512.jpg"]],"construction_ml":"complete","preds_design":[[1,"1216744384_450865_9597_1-512.jpg"],[1,"1216744385_235778_9598_1-512.jpg"],[1,"1216744386_040730_9599_1-512.jpg"],[2,"1216744388_155905_9603_1-512.jpg"],[2,"1216744388_735902_9604_1-512.jpg"],[2,"1216744389_270738_9605_1-512.jpg"],[2,"1216744389_845872_9606_1-512.jpg"],[2,"1216744390_520749_9607_1-512.jpg"],[2,"1216744391_100760_9608_1-512.jpg"],[2,"1216744394_495765_9614_1-512.jpg"],[2,"1216744395_060693_9615_1-512.jpg"],[2,"1216744395_690567_9616_1-512.jpg"]],"design_ml":"designed","images":[]}
