{"MATERIAL":"other","AVG_SLOPE":23.1028647312,"AVG_HEIGHT":8.27764583333,"TERAIN_SLP":3.11815795591,"AREA":4.70700073655,"VOLUME":39,"FLOORS":3,"INT_ZONE":"Borde Rural","FLOOD":2,"LANDSLIDE":"Amenaza Media","LEGAL_ID":"311","LEGAL_NAME":"EL MIRADOR","LEGAL_AREA":11.06,"LEGAL_LOTS":989,"LEGAL_POP":5340.6,"LEGAL_DENS":89.42,"LEGALIZING":null,"BLOCK_ID_":"002570082","BLOCK_POP":69,"BLOCK_BLD":18,"BLOCK_RISK":9.0461216,"BLOCK_EDU":0,"BLOCK_HLTH":0,"BLOCK_TRAN":99.816589,"BLOCK_CULT":0,"BLOCK_PARK":90.255318,"BLOCK_SEC":38.319687,"BLOCK_CENT":0,"BLOCK_DEF":38.8888888889,"BLD_INHAB":4,"OBJECTID":1,"AO_225":0.16,"id":3836,"preds_material":[[5,"1216742546_800480_5393_1-512.jpg"],[5,"1216742547_040644_5394_1-512.jpg"],[5,"1216742547_265483_5395_1-512.jpg"]],"material_ml":"painted","images":[]}
