{"MATERIAL":"corrugated metal/heavily patched","AVG_SLOPE":4.04781540552,"AVG_HEIGHT":3.0239257509,"TERAIN_SLP":4.89305651114,"AREA":51.4609483595,"VOLUME":156,"FLOORS":2,"INT_ZONE":"Borde Rural","FLOOD":2,"LANDSLIDE":"Amenaza Media","LEGAL_ID":"311","LEGAL_NAME":"EL MIRADOR","LEGAL_AREA":11.06,"LEGAL_LOTS":989,"LEGAL_POP":5340.6,"LEGAL_DENS":89.42,"LEGALIZING":null,"BLOCK_ID_":"002570087","BLOCK_POP":79,"BLOCK_BLD":18,"BLOCK_RISK":16.195917,"BLOCK_EDU":0,"BLOCK_HLTH":0,"BLOCK_TRAN":99.607368,"BLOCK_CULT":0,"BLOCK_PARK":97.599113,"BLOCK_SEC":38.319687,"BLOCK_CENT":0,"BLOCK_DEF":44.4444444444,"BLD_INHAB":4,"OBJECTID":1,"AO_225":0.16,"id":3839,"preds_material":[[5,"1216742536_390633_5338_1-512.jpg"],[5,"1216742536_675581_5339_1-512.jpg"],[6,"1216742538_120499_5346_1-512.jpg"],[5,"1216742539_155545_5352_1-512.jpg"],[5,"1216742539_345558_5353_1-512.jpg"]],"material_ml":"painted","images":[]}
