{"MATERIAL":"concrete","AVG_SLOPE":3.9020077048,"AVG_HEIGHT":6.40427060497,"TERAIN_SLP":8.50199677054,"AREA":56.0006057704,"VOLUME":359,"FLOORS":2,"INT_ZONE":null,"FLOOD":2,"LANDSLIDE":"Amenaza Media","LEGAL_ID":"1480","LEGAL_NAME":"PUERTA DEL PARAISO","LEGAL_AREA":0,"LEGAL_LOTS":0,"LEGAL_POP":0,"LEGAL_DENS":0,"LEGALIZING":"No viable","BLOCK_ID_":"204107012","BLOCK_POP":4,"BLOCK_BLD":1,"BLOCK_RISK":7.112607,"BLOCK_EDU":0,"BLOCK_HLTH":0,"BLOCK_TRAN":99.607826,"BLOCK_CULT":0,"BLOCK_PARK":97.904274,"BLOCK_SEC":42.33535,"BLOCK_CENT":0,"BLOCK_DEF":100,"BLD_INHAB":4,"OBJECTID":1,"AO_225":0.16,"id":3848,"preds_material":[[2,"1216741620_135402_3196_1-512.jpg"],[2,"1216741620_380404_3197_1-512.jpg"],[1,"1216741620_380404_3197_1-512.jpg"],[2,"1216741620_380404_3197_1-512.jpg"],[2,"1216741620_630449_3198_1-512.jpg"],[1,"1216741620_630449_3198_1-512.jpg"],[2,"1216741620_630449_3198_1-512.jpg"],[2,"1216741620_885425_3199_1-512.jpg"],[2,"1216741621_150405_3200_1-512.jpg"],[2,"1216741621_425408_3201_1-512.jpg"],[2,"1216741621_720437_3202_1-512.jpg"],[2,"1216741622_030569_3203_1-512.jpg"],[2,"1216741622_355407_3204_1-512.jpg"],[2,"1216741622_665401_3205_1-512.jpg"],[5,"1216742538_980463_5351_3-512.jpg"],[5,"1216742539_155545_5352_3-512.jpg"]],"material_ml":"concrete","preds_construction":[[2,"1216741620_135402_3196_1-512.jpg"],[2,"1216741620_380404_3197_1-512.jpg"],[2,"1216741620_380404_3197_1-512.jpg"],[2,"1216741620_630449_3198_1-512.jpg"],[2,"1216741620_630449_3198_1-512.jpg"],[2,"1216741620_885425_3199_1-512.jpg"],[2,"1216741621_150405_3200_1-512.jpg"],[2,"1216741621_425408_3201_1-512.jpg"],[2,"1216741621_720437_3202_1-512.jpg"],[2,"1216741622_030569_3203_1-512.jpg"],[2,"1216741622_355407_3204_1-512.jpg"],[2,"1216741622_665401_3205_1-512.jpg"],[2,"1216742538_980463_5351_3-512.jpg"]],"construction_ml":"complete","preds_design":[[2,"1216741620_135402_3196_1-512.jpg"],[2,"1216741620_380404_3197_1-512.jpg"],[2,"1216741620_380404_3197_1-512.jpg"],[2,"1216741620_630449_3198_1-512.jpg"],[2,"1216741620_630449_3198_1-512.jpg"],[2,"1216741620_885425_3199_1-512.jpg"],[2,"1216741621_150405_3200_1-512.jpg"],[2,"1216741621_425408_3201_1-512.jpg"],[2,"1216741621_720437_3202_1-512.jpg"],[2,"1216741622_030569_3203_1-512.jpg"],[2,"1216741622_355407_3204_1-512.jpg"],[2,"1216741622_665401_3205_1-512.jpg"],[2,"1216741622_960426_3206_1-512.jpg"],[2,"1216742538_980463_5351_3-512.jpg"],[2,"1216742539_155545_5352_3-512.jpg"]],"design_ml":"designed","images":[]}
