{"MATERIAL":"concrete","AVG_SLOPE":6.90650445425,"AVG_HEIGHT":6.6104489759,"TERAIN_SLP":7.99609487221,"AREA":71.019844395,"VOLUME":469,"FLOORS":2,"INT_ZONE":null,"FLOOD":2,"LANDSLIDE":"Amenaza Media","LEGAL_ID":"1480","LEGAL_NAME":"PUERTA DEL PARAISO","LEGAL_AREA":0,"LEGAL_LOTS":0,"LEGAL_POP":0,"LEGAL_DENS":0,"LEGALIZING":"No viable","BLOCK_ID_":"204107012","BLOCK_POP":4,"BLOCK_BLD":1,"BLOCK_RISK":7.112607,"BLOCK_EDU":0,"BLOCK_HLTH":0,"BLOCK_TRAN":99.607826,"BLOCK_CULT":0,"BLOCK_PARK":97.904274,"BLOCK_SEC":42.33535,"BLOCK_CENT":0,"BLOCK_DEF":100,"BLD_INHAB":4,"OBJECTID":1,"AO_225":0.16,"id":3849,"preds_material":[[1,"1216741620_885425_3199_1-512.jpg"],[1,"1216741621_150405_3200_1-512.jpg"],[1,"1216741621_425408_3201_1-512.jpg"],[1,"1216741621_720437_3202_1-512.jpg"],[1,"1216741622_030569_3203_1-512.jpg"],[2,"1216741622_030569_3203_1-512.jpg"],[1,"1216741622_355407_3204_1-512.jpg"],[2,"1216741622_355407_3204_1-512.jpg"],[1,"1216741622_665401_3205_1-512.jpg"],[2,"1216741622_665401_3205_1-512.jpg"],[1,"1216741622_960426_3206_1-512.jpg"],[2,"1216741622_960426_3206_1-512.jpg"],[1,"1216741623_250413_3207_1-512.jpg"],[2,"1216741623_250413_3207_1-512.jpg"],[1,"1216741623_535391_3208_1-512.jpg"],[1,"1216741623_820459_3209_1-512.jpg"],[1,"1216741624_115389_3210_1-512.jpg"],[1,"1216741624_430413_3211_1-512.jpg"],[5,"1216742533_290579_5326_3-512.jpg"],[5,"1216742533_525488_5327_3-512.jpg"],[5,"1216742534_220551_5330_3-512.jpg"],[6,"1216742534_220551_5330_3-512.jpg"],[5,"1216742534_220551_5330_3-512.jpg"],[3,"1216742534_220551_5330_3-512.jpg"],[5,"1216742534_220551_5330_3-512.jpg"],[5,"1216742534_465499_5331_3-512.jpg"],[5,"1216742534_720527_5332_3-512.jpg"],[5,"1216742534_995510_5333_3-512.jpg"],[6,"1216742534_995510_5333_3-512.jpg"],[5,"1216742535_280613_5334_3-512.jpg"],[6,"1216742535_280613_5334_3-512.jpg"],[5,"1216742535_590526_5335_3-512.jpg"],[6,"1216742535_590526_5335_3-512.jpg"],[5,"1216742535_855566_5336_3-512.jpg"],[5,"1216742536_130629_5337_3-512.jpg"],[5,"1216742536_390633_5338_3-512.jpg"],[5,"1216742536_675581_5339_3-512.jpg"],[5,"1216742536_910588_5340_3-512.jpg"],[5,"1216742537_095506_5341_3-512.jpg"],[5,"1216742537_315606_5342_3-512.jpg"],[5,"1216742537_565491_5343_3-512.jpg"],[5,"1216742537_765521_5344_3-512.jpg"],[5,"1216742537_960671_5345_3-512.jpg"],[5,"1216742538_120499_5346_3-512.jpg"],[5,"1216742538_305593_5347_3-512.jpg"],[5,"1216742538_485600_5348_3-512.jpg"],[5,"1216742538_660562_5349_3-512.jpg"],[5,"1216742538_805472_5350_3-512.jpg"],[5,"1216742538_980463_5351_3-512.jpg"],[5,"1216742539_155545_5352_3-512.jpg"],[5,"1216742539_345558_5353_3-512.jpg"],[5,"1216742539_510448_5354_3-512.jpg"],[5,"1216742539_685508_5355_3-512.jpg"],[5,"1216742539_850699_5356_3-512.jpg"],[5,"1216742539_970509_5357_3-512.jpg"]],"material_ml":"painted","preds_construction":[[2,"1216741620_885425_3199_1-512.jpg"],[2,"1216741621_150405_3200_1-512.jpg"],[2,"1216741621_425408_3201_1-512.jpg"],[2,"1216741621_720437_3202_1-512.jpg"],[2,"1216741622_030569_3203_1-512.jpg"],[2,"1216741622_030569_3203_1-512.jpg"],[2,"1216741622_355407_3204_1-512.jpg"],[2,"1216741622_355407_3204_1-512.jpg"],[2,"1216741622_665401_3205_1-512.jpg"],[2,"1216741622_665401_3205_1-512.jpg"],[2,"1216741622_960426_3206_1-512.jpg"],[2,"1216741622_960426_3206_1-512.jpg"],[2,"1216741623_250413_3207_1-512.jpg"],[2,"1216741623_250413_3207_1-512.jpg"],[2,"1216741623_535391_3208_1-512.jpg"],[2,"1216741623_820459_3209_1-512.jpg"],[2,"1216741624_115389_3210_1-512.jpg"],[2,"1216741624_430413_3211_1-512.jpg"],[2,"1216742533_290579_5326_3-512.jpg"],[2,"1216742533_525488_5327_3-512.jpg"],[2,"1216742533_755524_5328_3-512.jpg"],[2,"1216742533_755524_5328_3-512.jpg"],[2,"1216742533_985511_5329_3-512.jpg"],[2,"1216742534_220551_5330_3-512.jpg"],[2,"1216742534_220551_5330_3-512.jpg"],[2,"1216742534_220551_5330_3-512.jpg"],[2,"1216742534_465499_5331_3-512.jpg"],[2,"1216742534_465499_5331_3-512.jpg"],[2,"1216742534_720527_5332_3-512.jpg"],[2,"1216742534_720527_5332_3-512.jpg"],[2,"1216742534_995510_5333_3-512.jpg"],[2,"1216742534_995510_5333_3-512.jpg"],[2,"1216742534_995510_5333_3-512.jpg"],[2,"1216742535_280613_5334_3-512.jpg"],[2,"1216742535_280613_5334_3-512.jpg"],[1,"1216742535_280613_5334_3-512.jpg"],[2,"1216742535_590526_5335_3-512.jpg"],[2,"1216742535_590526_5335_3-512.jpg"],[2,"1216742535_855566_5336_3-512.jpg"],[2,"1216742536_130629_5337_3-512.jpg"],[2,"1216742536_390633_5338_3-512.jpg"],[2,"1216742536_675581_5339_3-512.jpg"],[2,"1216742536_910588_5340_3-512.jpg"],[2,"1216742537_095506_5341_3-512.jpg"],[2,"1216742537_315606_5342_3-512.jpg"],[2,"1216742537_565491_5343_3-512.jpg"],[2,"1216742537_765521_5344_3-512.jpg"],[2,"1216742537_960671_5345_3-512.jpg"],[2,"1216742538_120499_5346_3-512.jpg"],[2,"1216742538_305593_5347_3-512.jpg"],[2,"1216742538_485600_5348_3-512.jpg"],[2,"1216742538_660562_5349_3-512.jpg"],[2,"1216742538_805472_5350_3-512.jpg"],[2,"1216742538_980463_5351_3-512.jpg"],[2,"1216742539_155545_5352_3-512.jpg"],[2,"1216742539_155545_5352_3-512.jpg"],[2,"1216742539_345558_5353_3-512.jpg"],[2,"1216742539_510448_5354_3-512.jpg"],[2,"1216742539_685508_5355_3-512.jpg"],[1,"1216742539_685508_5355_3-512.jpg"],[2,"1216742539_850699_5356_3-512.jpg"],[2,"1216742539_970509_5357_3-512.jpg"]],"construction_ml":"complete","preds_design":[[2,"1216741620_885425_3199_1-512.jpg"],[2,"1216741621_150405_3200_1-512.jpg"],[2,"1216741621_425408_3201_1-512.jpg"],[2,"1216741621_720437_3202_1-512.jpg"],[2,"1216741622_030569_3203_1-512.jpg"],[2,"1216741622_030569_3203_1-512.jpg"],[2,"1216741622_355407_3204_1-512.jpg"],[2,"1216741622_355407_3204_1-512.jpg"],[2,"1216741622_665401_3205_1-512.jpg"],[2,"1216741622_665401_3205_1-512.jpg"],[2,"1216741622_960426_3206_1-512.jpg"],[2,"1216741622_960426_3206_1-512.jpg"],[2,"1216741623_250413_3207_1-512.jpg"],[2,"1216741623_250413_3207_1-512.jpg"],[2,"1216741623_535391_3208_1-512.jpg"],[2,"1216741623_820459_3209_1-512.jpg"],[2,"1216741624_115389_3210_1-512.jpg"],[2,"1216741624_430413_3211_1-512.jpg"],[1,"1216742533_525488_5327_3-512.jpg"],[1,"1216742533_755524_5328_3-512.jpg"],[1,"1216742533_985511_5329_3-512.jpg"],[1,"1216742534_220551_5330_3-512.jpg"],[2,"1216742534_220551_5330_3-512.jpg"],[2,"1216742534_220551_5330_3-512.jpg"],[2,"1216742534_465499_5331_3-512.jpg"],[2,"1216742534_465499_5331_3-512.jpg"],[1,"1216742534_465499_5331_3-512.jpg"],[2,"1216742534_720527_5332_3-512.jpg"],[2,"1216742534_720527_5332_3-512.jpg"],[2,"1216742534_995510_5333_3-512.jpg"],[2,"1216742534_995510_5333_3-512.jpg"],[2,"1216742535_280613_5334_3-512.jpg"],[2,"1216742535_280613_5334_3-512.jpg"],[2,"1216742535_590526_5335_3-512.jpg"],[2,"1216742535_590526_5335_3-512.jpg"],[2,"1216742535_855566_5336_3-512.jpg"],[2,"1216742535_855566_5336_3-512.jpg"],[2,"1216742536_130629_5337_3-512.jpg"],[2,"1216742536_390633_5338_3-512.jpg"],[2,"1216742536_675581_5339_3-512.jpg"],[2,"1216742536_910588_5340_3-512.jpg"],[2,"1216742537_095506_5341_3-512.jpg"],[2,"1216742537_315606_5342_3-512.jpg"],[2,"1216742537_565491_5343_3-512.jpg"],[2,"1216742537_765521_5344_3-512.jpg"],[2,"1216742537_960671_5345_3-512.jpg"],[2,"1216742538_120499_5346_3-512.jpg"],[2,"1216742538_305593_5347_3-512.jpg"],[2,"1216742538_485600_5348_3-512.jpg"],[2,"1216742538_660562_5349_3-512.jpg"],[2,"1216742538_805472_5350_3-512.jpg"],[2,"1216742538_980463_5351_3-512.jpg"],[2,"1216742539_345558_5353_3-512.jpg"],[2,"1216742539_510448_5354_3-512.jpg"],[2,"1216742539_685508_5355_3-512.jpg"],[2,"1216742539_850699_5356_3-512.jpg"],[2,"1216742539_970509_5357_3-512.jpg"]],"design_ml":"designed","images":[]}
