{"MATERIAL":"corrugated metal","AVG_SLOPE":5.1049045216,"AVG_HEIGHT":5.98844470368,"TERAIN_SLP":7.0126813664,"AREA":55.5863260986,"VOLUME":333,"FLOORS":2,"INT_ZONE":"Borde Rural","FLOOD":2,"LANDSLIDE":"Amenaza Media","LEGAL_ID":"311","LEGAL_NAME":"EL MIRADOR","LEGAL_AREA":11.06,"LEGAL_LOTS":989,"LEGAL_POP":5340.6,"LEGAL_DENS":89.42,"LEGALIZING":null,"BLOCK_ID_":"002570086","BLOCK_POP":176,"BLOCK_BLD":52,"BLOCK_RISK":11.817173,"BLOCK_EDU":0,"BLOCK_HLTH":0,"BLOCK_TRAN":99.996521,"BLOCK_CULT":0,"BLOCK_PARK":95.616646,"BLOCK_SEC":41.020988,"BLOCK_CENT":0,"BLOCK_DEF":32.6923076923,"BLD_INHAB":3,"OBJECTID":1,"AO_225":0.16,"id":3853,"preds_material":[[5,"1216741620_135402_3196_3-512.jpg"],[5,"1216741620_380404_3197_3-512.jpg"],[5,"1216741620_630449_3198_3-512.jpg"],[5,"1216741620_885425_3199_3-512.jpg"],[5,"1216741621_150405_3200_3-512.jpg"],[5,"1216741621_425408_3201_3-512.jpg"],[5,"1216741621_720437_3202_3-512.jpg"],[5,"1216741622_030569_3203_3-512.jpg"],[5,"1216741622_355407_3204_3-512.jpg"],[5,"1216741622_665401_3205_3-512.jpg"],[5,"1216742537_565491_5343_3-512.jpg"],[5,"1216742537_765521_5344_3-512.jpg"],[5,"1216742538_660562_5349_3-512.jpg"],[5,"1216742538_805472_5350_3-512.jpg"],[5,"1216742538_980463_5351_3-512.jpg"]],"material_ml":"painted","preds_construction":[[2,"1216741620_135402_3196_3-512.jpg"],[2,"1216741620_380404_3197_3-512.jpg"],[2,"1216741620_630449_3198_3-512.jpg"],[2,"1216741620_885425_3199_3-512.jpg"],[2,"1216741621_150405_3200_3-512.jpg"],[2,"1216741621_425408_3201_3-512.jpg"],[2,"1216741621_720437_3202_3-512.jpg"],[2,"1216741622_030569_3203_3-512.jpg"],[2,"1216741622_355407_3204_3-512.jpg"],[2,"1216741622_665401_3205_3-512.jpg"],[2,"1216742538_660562_5349_3-512.jpg"],[2,"1216742538_805472_5350_3-512.jpg"]],"construction_ml":"complete","preds_design":[[2,"1216741620_135402_3196_3-512.jpg"],[2,"1216741620_380404_3197_3-512.jpg"],[2,"1216741620_630449_3198_3-512.jpg"],[2,"1216741620_885425_3199_3-512.jpg"],[2,"1216741620_885425_3199_3-512.jpg"],[2,"1216741621_150405_3200_3-512.jpg"],[2,"1216741621_425408_3201_3-512.jpg"],[2,"1216741621_720437_3202_3-512.jpg"],[2,"1216741622_030569_3203_3-512.jpg"],[2,"1216741622_355407_3204_3-512.jpg"],[2,"1216741622_665401_3205_3-512.jpg"],[2,"1216742538_660562_5349_3-512.jpg"],[2,"1216742538_805472_5350_3-512.jpg"]],"design_ml":"designed","images":[]}
