{"MATERIAL":"corrugated metal/heavily patched","AVG_SLOPE":3.18837211589,"AVG_HEIGHT":5.68898031849,"TERAIN_SLP":6.86617379573,"AREA":70.7002473472,"VOLUME":402,"FLOORS":2,"INT_ZONE":"Borde Rural","FLOOD":2,"LANDSLIDE":"Amenaza Media","LEGAL_ID":"311","LEGAL_NAME":"EL MIRADOR","LEGAL_AREA":11.06,"LEGAL_LOTS":989,"LEGAL_POP":5340.6,"LEGAL_DENS":89.42,"LEGALIZING":null,"BLOCK_ID_":"002570086","BLOCK_POP":176,"BLOCK_BLD":52,"BLOCK_RISK":11.817173,"BLOCK_EDU":0,"BLOCK_HLTH":0,"BLOCK_TRAN":99.996521,"BLOCK_CULT":0,"BLOCK_PARK":95.616646,"BLOCK_SEC":41.020988,"BLOCK_CENT":0,"BLOCK_DEF":32.6923076923,"BLD_INHAB":3,"OBJECTID":1,"AO_225":0.16,"id":3855,"preds_material":[[5,"1216741620_885425_3199_3-512.jpg"],[5,"1216741621_150405_3200_3-512.jpg"],[5,"1216741621_425408_3201_3-512.jpg"],[5,"1216741621_720437_3202_3-512.jpg"],[5,"1216741622_030569_3203_3-512.jpg"],[5,"1216741622_355407_3204_3-512.jpg"],[5,"1216741622_665401_3205_3-512.jpg"],[5,"1216741622_960426_3206_3-512.jpg"],[5,"1216741623_250413_3207_3-512.jpg"],[5,"1216741623_535391_3208_3-512.jpg"],[5,"1216741623_820459_3209_3-512.jpg"],[5,"1216741624_115389_3210_3-512.jpg"],[5,"1216741624_430413_3211_3-512.jpg"],[5,"1216741624_770436_3212_3-512.jpg"],[5,"1216741625_140423_3213_3-512.jpg"],[5,"1216741625_140423_3213_3-512.jpg"],[5,"1216741625_560417_3214_3-512.jpg"],[5,"1216741625_560417_3214_3-512.jpg"],[5,"1216741626_060651_3215_3-512.jpg"],[5,"1216741626_665394_3216_3-512.jpg"],[5,"1216741627_320399_3217_3-512.jpg"],[5,"1216741627_880406_3218_3-512.jpg"],[5,"1216741628_330407_3219_3-512.jpg"],[5,"1216741628_710376_3220_3-512.jpg"],[5,"1216741629_045516_3221_3-512.jpg"],[5,"1216741629_340420_3222_3-512.jpg"],[5,"1216741629_620450_3223_3-512.jpg"],[5,"1216741629_875359_3224_3-512.jpg"],[5,"1216741630_120373_3225_3-512.jpg"],[5,"1216741630_370377_3226_3-512.jpg"],[5,"1216741630_625371_3227_3-512.jpg"],[5,"1216741630_890412_3228_3-512.jpg"],[5,"1216741631_170411_3229_3-512.jpg"],[5,"1216741631_465371_3230_3-512.jpg"],[5,"1216741631_775387_3231_3-512.jpg"],[5,"1216741632_105357_3232_3-512.jpg"],[5,"1216741632_460363_3233_3-512.jpg"],[5,"1216742538_485600_5348_3-512.jpg"],[5,"1216742540_135539_5358_3-512.jpg"],[5,"1216742540_300502_5359_3-512.jpg"],[5,"1216742540_460497_5360_3-512.jpg"],[5,"1216742540_620508_5361_3-512.jpg"],[5,"1216742540_760509_5362_3-512.jpg"],[5,"1216742540_925494_5363_3-512.jpg"],[5,"1216742541_085522_5364_3-512.jpg"],[5,"1216742541_210502_5365_3-512.jpg"],[5,"1216742541_380516_5366_3-512.jpg"],[5,"1216742541_550387_5367_3-512.jpg"],[5,"1216742541_550387_5367_3-512.jpg"],[5,"1216742541_665550_5368_3-512.jpg"],[5,"1216742541_665550_5368_3-512.jpg"],[5,"1216742541_830624_5369_3-512.jpg"],[5,"1216742541_990652_5370_3-512.jpg"],[5,"1216742542_110506_5371_3-512.jpg"],[5,"1216742542_110506_5371_3-512.jpg"],[5,"1216742542_275527_5372_3-512.jpg"],[5,"1216742542_275527_5372_3-512.jpg"],[5,"1216742542_440564_5373_3-512.jpg"],[5,"1216742542_440564_5373_3-512.jpg"],[5,"1216742542_555553_5374_3-512.jpg"],[5,"1216742542_555553_5374_3-512.jpg"],[5,"1216742542_725623_5375_3-512.jpg"],[5,"1216742542_725623_5375_3-512.jpg"],[5,"1216742542_900692_5376_3-512.jpg"],[5,"1216742542_900692_5376_3-512.jpg"],[5,"1216742543_080715_5377_3-512.jpg"],[5,"1216742543_080715_5377_3-512.jpg"],[5,"1216742543_260498_5378_3-512.jpg"],[5,"1216742543_260498_5378_3-512.jpg"],[5,"1216742543_455495_5379_3-512.jpg"],[5,"1216742543_455495_5379_3-512.jpg"],[5,"1216742543_650437_5380_3-512.jpg"],[5,"1216742543_845568_5381_3-512.jpg"],[5,"1216742544_040644_5382_3-512.jpg"],[5,"1216742544_250686_5383_3-512.jpg"],[5,"1216742544_475740_5384_3-512.jpg"]],"material_ml":"painted","preds_construction":[[2,"1216741620_885425_3199_3-512.jpg"],[2,"1216741621_150405_3200_3-512.jpg"],[2,"1216741621_425408_3201_3-512.jpg"],[2,"1216741621_720437_3202_3-512.jpg"],[2,"1216741622_030569_3203_3-512.jpg"],[2,"1216741622_355407_3204_3-512.jpg"],[2,"1216741622_665401_3205_3-512.jpg"],[2,"1216741622_665401_3205_3-512.jpg"],[2,"1216741622_960426_3206_3-512.jpg"],[2,"1216741623_250413_3207_3-512.jpg"],[2,"1216741623_535391_3208_3-512.jpg"],[2,"1216741623_820459_3209_3-512.jpg"],[2,"1216741624_115389_3210_3-512.jpg"],[2,"1216741624_430413_3211_3-512.jpg"],[2,"1216741624_770436_3212_3-512.jpg"],[2,"1216741625_140423_3213_3-512.jpg"],[2,"1216741625_140423_3213_3-512.jpg"],[2,"1216741625_560417_3214_3-512.jpg"],[2,"1216741625_560417_3214_3-512.jpg"],[2,"1216741626_060651_3215_3-512.jpg"],[2,"1216741626_665394_3216_3-512.jpg"],[2,"1216741627_320399_3217_3-512.jpg"],[2,"1216741627_880406_3218_3-512.jpg"],[2,"1216741628_330407_3219_3-512.jpg"],[2,"1216741628_710376_3220_3-512.jpg"],[2,"1216741629_045516_3221_3-512.jpg"],[2,"1216741629_340420_3222_3-512.jpg"],[2,"1216741629_620450_3223_3-512.jpg"],[2,"1216741629_875359_3224_3-512.jpg"],[2,"1216741630_120373_3225_3-512.jpg"],[2,"1216741630_370377_3226_3-512.jpg"],[2,"1216741630_625371_3227_3-512.jpg"],[2,"1216741630_890412_3228_3-512.jpg"],[2,"1216741631_170411_3229_3-512.jpg"],[2,"1216741631_465371_3230_3-512.jpg"],[2,"1216741631_775387_3231_3-512.jpg"],[2,"1216741632_105357_3232_3-512.jpg"],[2,"1216741632_460363_3233_3-512.jpg"],[2,"1216741632_825368_3234_3-512.jpg"],[2,"1216742540_300502_5359_3-512.jpg"],[2,"1216742540_460497_5360_3-512.jpg"],[2,"1216742540_620508_5361_3-512.jpg"],[2,"1216742540_760509_5362_3-512.jpg"],[2,"1216742540_925494_5363_3-512.jpg"],[2,"1216742541_085522_5364_3-512.jpg"],[2,"1216742541_210502_5365_3-512.jpg"],[2,"1216742541_380516_5366_3-512.jpg"],[2,"1216742541_550387_5367_3-512.jpg"],[2,"1216742541_665550_5368_3-512.jpg"],[2,"1216742541_830624_5369_3-512.jpg"],[2,"1216742541_990652_5370_3-512.jpg"],[2,"1216742542_110506_5371_3-512.jpg"],[2,"1216742542_110506_5371_3-512.jpg"],[2,"1216742542_275527_5372_3-512.jpg"],[2,"1216742542_275527_5372_3-512.jpg"],[2,"1216742542_440564_5373_3-512.jpg"],[2,"1216742542_440564_5373_3-512.jpg"],[2,"1216742542_555553_5374_3-512.jpg"],[2,"1216742542_555553_5374_3-512.jpg"],[2,"1216742542_725623_5375_3-512.jpg"],[2,"1216742542_725623_5375_3-512.jpg"],[2,"1216742542_900692_5376_3-512.jpg"],[2,"1216742542_900692_5376_3-512.jpg"],[2,"1216742543_080715_5377_3-512.jpg"],[2,"1216742543_080715_5377_3-512.jpg"],[2,"1216742543_260498_5378_3-512.jpg"],[2,"1216742543_260498_5378_3-512.jpg"],[2,"1216742543_455495_5379_3-512.jpg"],[2,"1216742543_455495_5379_3-512.jpg"],[2,"1216742543_650437_5380_3-512.jpg"],[2,"1216742543_845568_5381_3-512.jpg"],[2,"1216742544_040644_5382_3-512.jpg"],[2,"1216742544_250686_5383_3-512.jpg"],[2,"1216742544_475740_5384_3-512.jpg"]],"construction_ml":"complete",