{"MATERIAL":"concrete","AVG_SLOPE":7.77829228946,"AVG_HEIGHT":3.82824212828,"TERAIN_SLP":6.71587296603,"AREA":72.4462527425,"VOLUME":277,"FLOORS":2,"INT_ZONE":"Borde Rural","FLOOD":2,"LANDSLIDE":"Amenaza Media","LEGAL_ID":"311","LEGAL_NAME":"EL MIRADOR","LEGAL_AREA":11.06,"LEGAL_LOTS":989,"LEGAL_POP":5340.6,"LEGAL_DENS":89.42,"LEGALIZING":null,"BLOCK_ID_":"002570083","BLOCK_POP":103,"BLOCK_BLD":23,"BLOCK_RISK":10.631834,"BLOCK_EDU":0,"BLOCK_HLTH":8.7628555,"BLOCK_TRAN":99.984314,"BLOCK_CULT":0,"BLOCK_PARK":94.559967,"BLOCK_SEC":100,"BLOCK_CENT":0,"BLOCK_DEF":30.4347826087,"BLD_INHAB":4,"OBJECTID":1,"AO_225":0.16,"id":3870,"preds_material":[[5,"1216741639_485388_3244_3-512.jpg"],[5,"1216741641_995291_3245_3-512.jpg"],[5,"1216741642_875288_3246_3-512.jpg"],[5,"1216741643_570304_3247_3-512.jpg"],[5,"1216741644_120300_3248_3-512.jpg"],[5,"1216741644_560335_3249_3-512.jpg"],[5,"1216741644_920325_3250_3-512.jpg"],[5,"1216741645_240353_3251_3-512.jpg"],[5,"1216741645_535262_3252_3-512.jpg"],[5,"1216741645_810314_3253_3-512.jpg"],[5,"1216741646_065264_3254_3-512.jpg"],[5,"1216741646_315258_3255_3-512.jpg"],[5,"1216741646_555277_3256_3-512.jpg"],[5,"1216741646_790326_3257_3-512.jpg"],[5,"1216741647_020530_3258_3-512.jpg"],[5,"1216741647_250401_3259_3-512.jpg"],[5,"1216741647_475263_3260_3-512.jpg"],[5,"1216741647_700278_3261_3-512.jpg"],[5,"1216741647_925220_3262_3-512.jpg"],[5,"1216741648_150278_3263_3-512.jpg"],[1,"1216741648_150278_3263_3-512.jpg"],[5,"1216741648_380296_3264_3-512.jpg"],[5,"1216741648_615249_3265_3-512.jpg"],[2,"1216741648_615249_3265_3-512.jpg"],[5,"1216742547_265483_5395_3-512.jpg"],[5,"1216742547_480486_5396_3-512.jpg"],[5,"1216742547_690479_5397_3-512.jpg"],[5,"1216742547_895484_5398_3-512.jpg"],[5,"1216742548_095522_5399_3-512.jpg"],[5,"1216742548_290496_5400_3-512.jpg"],[5,"1216742548_485505_5401_3-512.jpg"],[5,"1216742548_485505_5401_3-512.jpg"],[1,"1216742548_485505_5401_3-512.jpg"],[5,"1216742548_675512_5402_3-512.jpg"],[5,"1216742548_675512_5402_3-512.jpg"],[1,"1216742548_675512_5402_3-512.jpg"],[5,"1216742548_860495_5403_3-512.jpg"],[5,"1216742548_860495_5403_3-512.jpg"],[1,"1216742548_860495_5403_3-512.jpg"],[5,"1216742549_040880_5404_3-512.jpg"],[1,"1216742549_040880_5404_3-512.jpg"],[5,"1216742549_040880_5404_3-512.jpg"],[5,"1216742549_220671_5405_3-512.jpg"],[1,"1216742549_220671_5405_3-512.jpg"],[5,"1216742549_220671_5405_3-512.jpg"],[5,"1216742549_400452_5406_3-512.jpg"],[1,"1216742549_400452_5406_3-512.jpg"],[5,"1216742549_580467_5407_3-512.jpg"],[1,"1216742549_580467_5407_3-512.jpg"],[5,"1216742549_760455_5408_3-512.jpg"],[1,"1216742549_760455_5408_3-512.jpg"],[5,"1216742549_940446_5409_3-512.jpg"],[1,"1216742549_940446_5409_3-512.jpg"],[5,"1216742550_120451_5410_3-512.jpg"],[5,"1216742550_300505_5411_3-512.jpg"]],"material_ml":"painted","preds_construction":[[2,"1216741641_995291_3245_3-512.jpg"],[2,"1216741642_875288_3246_3-512.jpg"],[1,"1216741642_875288_3246_3-512.jpg"],[1,"1216741643_570304_3247_3-512.jpg"],[2,"1216741643_570304_3247_3-512.jpg"],[1,"1216741644_120300_3248_3-512.jpg"],[1,"1216741644_560335_3249_3-512.jpg"],[2,"1216741644_560335_3249_3-512.jpg"],[2,"1216741644_920325_3250_3-512.jpg"],[1,"1216741644_920325_3250_3-512.jpg"],[2,"1216741645_240353_3251_3-512.jpg"],[2,"1216741645_535262_3252_3-512.jpg"],[2,"1216741645_810314_3253_3-512.jpg"],[2,"1216741646_065264_3254_3-512.jpg"],[2,"1216741646_315258_3255_3-512.jpg"],[2,"1216741646_555277_3256_3-512.jpg"],[2,"1216741646_790326_3257_3-512.jpg"],[1,"1216741646_790326_3257_3-512.jpg"],[2,"1216741647_020530_3258_3-512.jpg"],[1,"1216741647_020530_3258_3-512.jpg"],[2,"1216741647_250401_3259_3-512.jpg"],[1,"1216741647_250401_3259_3-512.jpg"],[2,"1216741647_475263_3260_3-512.jpg"],[1,"1216741647_475263_3260_3-512.jpg"],[1,"1216741647_700278_3261_3-512.jpg"],[2,"1216741647_700278_3261_3-512.jpg"],[2,"1216741647_925220_3262_3-512.jpg"],[1,"1216741647_925220_3262_3-512.jpg"],[2,"1216741648_150278_3263_3-512.jpg"],[2,"1216742547_265483_5395_3-512.jpg"],[2,"1216742547_480486_5396_3-512.jpg"],[2,"1216742547_690479_5397_3-512.jpg"],[2,"1216742547_895484_5398_3-512.jpg"],[2,"1216742548_095522_5399_3-512.jpg"],[2,"1216742548_290496_5400_3-512.jpg"],[2,"1216742548_485505_5401_3-512.jpg"],[2,"1216742548_485505_5401_3-512.jpg"],[2,"1216742548_485505_5401_3-512.jpg"],[2,"1216742548_675512_5402_3-512.jpg"],[2,"1216742548_675512_5402_3-512.jpg"],[2,"1216742548_675512_5402_3-512.jpg"],[2,"1216742548_860495_5403_3-512.jpg"],[2,"1216742548_860495_5403_3-512.jpg"],[2,"1216742548_860495_5403_3-512.jpg"],[2,"1216742549_040880_5404_3-512.jpg"],[2,"1216742549_040880_5404_3-512.jpg"],[2,"1216742549_040880_5404_3-512.jpg"],[2,"1216742549_220671_5405_3-512.jpg"],[2,"1216742549_220671_5405_3-512.jpg"],[2,"1216742549_220671_5405_3-512.jpg"],[2,"1216742549_400452_5406_3-512.jpg"],[2,"1216742549_400452_5406_3-512.jpg"],[2,"1216742549_580467_5407_3-512.jpg"],[2,"1216742549_580467_5407_3-512.jpg"],[2,"1216742549_760455_5408_3-512.jpg"],[2,"1216742549_760455_5408_3-512.jpg"],[2,"1216742549_940446_5409_3-512.jpg"],[2,"1216742549_940446_5409_3-512.jpg"],[2,"1216742550_120451_5410_3-512.jpg"],[2,"1216742550_300505_5411_3-512.jpg"]],"construction_ml":"complete","preds_design":[[2,"1216741641_995291_3245_3-512.jpg"],[2,"1216741642_875288_3246_3-512.jpg"],[1,"1216741643_570304_3247_3-512.jpg"],[2,"1216741643_570304_3247_3-512.jpg"],[1,"1216741644_120300_3248_3-512.jpg"],[1,"1216741644_560335_3249_3-512.jpg"],[1,"1216741644_920325_3250_3-512.jpg"],[1,"1216741645_240353_3251_3-512.jpg"],[1,"1216741645_535262_3252_3-512.jpg"],[1,"1216741645_810314_3253_3-512.jpg"],[1,"1216741646_065264_3254_3-512.jpg"],[1,"1216741646_315258_3255_3-512.jpg"],[1,"1216741646_555277_3256_3-512.jpg"],[2,"1216741646_555277_3256_3-512.jpg"],[1,"1216741646_790326_3257_3-512.jpg"],[2,"1216741646_790326_3257_3-512.jpg"],[1,"1216741647_020530_3258_3-512.jpg"],[2,"1216741647_020530_3258_3-512.jpg"],[1,"1216741647_250401_3259_3-512.jpg"],[2,"1216741647_250401_3259_3-512.jpg"],[1,"1216741647_475263_3260_3-512.jpg"],[2,"1216741648_150278_3263_3-512.jpg"],[2,"1216741648_615249_3265_3-512.jpg"],[2,"1216742547_265483_5395_3-512.jpg"],[2,"1216742547_480486_5396_3-512.jpg"],[2,"1216742547_690479_5397_3-512.jpg"],[2,"1216742547_895484_5398_3-512.jpg"],[2,"1216742548_095522_5399_3-512.jpg"],[2,"1216742548_290496_5400_3-512.jpg"],[2,"1216742548_485505_5401_3-512.jpg"],[2,"1216742548_485505_5401_3-512.jpg"],[1,"1216742548_485505_5401_3-512.jpg"],[2,"1216742548_675512_5402_3-512.jpg"],[2,"1216742548_675512_5402_3-512.jpg"],[2,"1216742548_675512_5402_3-512.jpg"],[2,"1216742548_860495_5403_3-512.jpg"],[2,"1216742548_860495_5403_3-512.jpg"],[2,"1216742548_860495_5403_3-512.jpg"],[2,"1216742549_040880_5404_3-512.jpg"],[2,"1216742549_040880_5404_3-512.jpg"],[2,"1216742549_040880_5404_3-512.jpg"],[1,"1216742549_040880_5404_3-512.jpg"],[2,"1216742549_220671_5405_3-512.jpg"],[2,"1216742549_220671_5405_3-512.jpg"],[2,"1216742549_220671_5405_3-512.jpg"],[2,"1216742549_400452_5406_3-512.jpg"],[2,"1216742549_400452_5406_3-512.jpg"],[2,"1216742549_580467_5407_3-512.jpg"],[2,"1216742549_580467_5407_3-512.jpg"],[2,"1216742549_760455_5408_3-512.jpg"],[2,"1216742549_760455_5408_3-512.jpg"],[2,"1216742549_940446_5409_3-512.jpg"],[2,"1216742549_940446_5409_3-512.jpg"],[2,"1216742550_120451_5410_3-512.jpg"],[2,"1216742550_300505_5411_3-512.jpg"]],"design_ml":"designed","images":[]}
