{"MATERIAL":"corrugated metal - new","AVG_SLOPE":4.89310510535,"AVG_HEIGHT":5.11386927536,"TERAIN_SLP":12.3418650723,"AREA":63.1748790108,"VOLUME":323,"FLOORS":2,"INT_ZONE":"Borde Rural","FLOOD":2,"LANDSLIDE":"Amenaza Media","LEGAL_ID":"311","LEGAL_NAME":"EL MIRADOR","LEGAL_AREA":11.06,"LEGAL_LOTS":989,"LEGAL_POP":5340.6,"LEGAL_DENS":89.42,"LEGALIZING":null,"BLOCK_ID_":"002570083","BLOCK_POP":103,"BLOCK_BLD":23,"BLOCK_RISK":10.631834,"BLOCK_EDU":0,"BLOCK_HLTH":8.7628555,"BLOCK_TRAN":99.984314,"BLOCK_CULT":0,"BLOCK_PARK":94.559967,"BLOCK_SEC":100,"BLOCK_CENT":0,"BLOCK_DEF":30.4347826087,"BLD_INHAB":4,"OBJECTID":1,"AO_225":0.16,"id":3874,"preds_material":[[5,"1216741659_575184_3298_3-512.jpg"],[5,"1216741659_815165_3299_3-512.jpg"],[5,"1216741660_040385_3300_3-512.jpg"],[5,"1216741660_285197_3301_3-512.jpg"],[5,"1216741660_525154_3302_3-512.jpg"],[5,"1216741660_760218_3303_3-512.jpg"],[5,"1216741660_985198_3304_3-512.jpg"],[5,"1216741661_225360_3305_3-512.jpg"],[5,"1216741661_445172_3306_3-512.jpg"],[5,"1216741661_670165_3307_3-512.jpg"],[5,"1216741661_890192_3308_3-512.jpg"],[5,"1216741662_100183_3309_3-512.jpg"],[5,"1216741662_100183_3309_3-512.jpg"],[5,"1216741662_310207_3310_3-512.jpg"],[5,"1216741662_310207_3310_3-512.jpg"],[5,"1216741662_520241_3311_3-512.jpg"],[5,"1216741662_520241_3311_3-512.jpg"],[5,"1216741662_735146_3312_3-512.jpg"],[5,"1216741662_735146_3312_3-512.jpg"],[5,"1216741662_955191_3313_3-512.jpg"],[5,"1216741663_195146_3314_3-512.jpg"]],"material_ml":"painted","preds_construction":[[2,"1216741659_575184_3298_3-512.jpg"],[2,"1216741659_815165_3299_3-512.jpg"],[2,"1216741660_040385_3300_3-512.jpg"],[2,"1216741660_285197_3301_3-512.jpg"],[2,"1216741660_525154_3302_3-512.jpg"],[2,"1216741660_760218_3303_3-512.jpg"],[2,"1216741660_985198_3304_3-512.jpg"],[2,"1216741661_225360_3305_3-512.jpg"],[2,"1216741661_445172_3306_3-512.jpg"],[2,"1216741661_670165_3307_3-512.jpg"],[2,"1216741661_890192_3308_3-512.jpg"],[2,"1216741662_100183_3309_3-512.jpg"],[2,"1216741662_100183_3309_3-512.jpg"],[2,"1216741662_310207_3310_3-512.jpg"],[2,"1216741662_310207_3310_3-512.jpg"],[2,"1216741662_520241_3311_3-512.jpg"],[2,"1216741662_735146_3312_3-512.jpg"],[2,"1216741662_955191_3313_3-512.jpg"],[2,"1216741663_195146_3314_3-512.jpg"]],"construction_ml":"complete","preds_design":[[1,"1216741659_815165_3299_3-512.jpg"],[2,"1216741659_815165_3299_3-512.jpg"],[2,"1216741660_040385_3300_3-512.jpg"],[1,"1216741660_040385_3300_3-512.jpg"],[2,"1216741660_285197_3301_3-512.jpg"],[2,"1216741660_525154_3302_3-512.jpg"],[2,"1216741660_760218_3303_3-512.jpg"],[2,"1216741660_985198_3304_3-512.jpg"],[2,"1216741661_225360_3305_3-512.jpg"],[2,"1216741661_445172_3306_3-512.jpg"],[2,"1216741661_670165_3307_3-512.jpg"],[2,"1216741661_670165_3307_3-512.jpg"],[2,"1216741661_890192_3308_3-512.jpg"],[2,"1216741662_100183_3309_3-512.jpg"],[2,"1216741662_100183_3309_3-512.jpg"],[2,"1216741662_310207_3310_3-512.jpg"],[2,"1216741662_310207_3310_3-512.jpg"],[2,"1216741662_520241_3311_3-512.jpg"],[2,"1216741662_520241_3311_3-512.jpg"],[2,"1216741662_735146_3312_3-512.jpg"],[2,"1216741662_735146_3312_3-512.jpg"],[2,"1216741662_955191_3313_3-512.jpg"],[2,"1216741663_195146_3314_3-512.jpg"]],"design_ml":"designed","images":[]}
