{"MATERIAL":"corrugated metal - painted","AVG_SLOPE":7.63230569671,"AVG_HEIGHT":6.26946257619,"TERAIN_SLP":18.9522642984,"AREA":63.6425002186,"VOLUME":399,"FLOORS":2,"INT_ZONE":"Borde Rural","FLOOD":2,"LANDSLIDE":"Amenaza Media","LEGAL_ID":"311","LEGAL_NAME":"EL MIRADOR","LEGAL_AREA":11.06,"LEGAL_LOTS":989,"LEGAL_POP":5340.6,"LEGAL_DENS":89.42,"LEGALIZING":null,"BLOCK_ID_":"002570083","BLOCK_POP":103,"BLOCK_BLD":23,"BLOCK_RISK":10.631834,"BLOCK_EDU":0,"BLOCK_HLTH":8.7628555,"BLOCK_TRAN":99.984314,"BLOCK_CULT":0,"BLOCK_PARK":94.559967,"BLOCK_SEC":100,"BLOCK_CENT":0,"BLOCK_DEF":30.4347826087,"BLD_INHAB":4,"OBJECTID":1,"AO_225":0.16,"id":3880,"preds_material":[[5,"1216741670_735172_3342_3-512.jpg"],[2,"1216741670_735172_3342_3-512.jpg"],[1,"1216742431_811063_5146_3-512.jpg"],[1,"1216742432_041230_5147_3-512.jpg"],[1,"1216742432_276078_5148_3-512.jpg"],[5,"1216742432_276078_5148_3-512.jpg"],[1,"1216742432_511075_5149_3-512.jpg"],[5,"1216742432_511075_5149_3-512.jpg"],[1,"1216742432_746084_5150_3-512.jpg"],[1,"1216742432_986088_5151_3-512.jpg"],[5,"1216742432_986088_5151_3-512.jpg"],[1,"1216742433_226266_5152_3-512.jpg"],[5,"1216742433_226266_5152_3-512.jpg"],[1,"1216742433_461099_5153_3-512.jpg"],[1,"1216742433_686075_5154_3-512.jpg"],[1,"1216742433_911088_5155_3-512.jpg"],[1,"1216742434_131062_5156_3-512.jpg"]],"material_ml":"brick","preds_construction":[[1,"1216742431_811063_5146_3-512.jpg"],[2,"1216742431_811063_5146_3-512.jpg"],[1,"1216742432_041230_5147_3-512.jpg"],[2,"1216742432_041230_5147_3-512.jpg"],[2,"1216742432_276078_5148_3-512.jpg"],[1,"1216742432_276078_5148_3-512.jpg"],[1,"1216742432_511075_5149_3-512.jpg"],[2,"1216742432_511075_5149_3-512.jpg"],[2,"1216742432_746084_5150_3-512.jpg"],[1,"1216742432_746084_5150_3-512.jpg"],[2,"1216742432_986088_5151_3-512.jpg"],[1,"1216742432_986088_5151_3-512.jpg"],[2,"1216742433_226266_5152_3-512.jpg"],[1,"1216742433_226266_5152_3-512.jpg"],[2,"1216742433_461099_5153_3-512.jpg"],[2,"1216742433_686075_5154_3-512.jpg"],[1,"1216742433_686075_5154_3-512.jpg"],[2,"1216742433_911088_5155_3-512.jpg"],[1,"1216742433_911088_5155_3-512.jpg"],[2,"1216742434_131062_5156_3-512.jpg"],[1,"1216742434_131062_5156_3-512.jpg"]],"construction_ml":"complete","preds_design":[[2,"1216742431_811063_5146_3-512.jpg"],[2,"1216742432_041230_5147_3-512.jpg"],[2,"1216742432_276078_5148_3-512.jpg"],[2,"1216742432_511075_5149_3-512.jpg"],[2,"1216742432_746084_5150_3-512.jpg"],[2,"1216742432_986088_5151_3-512.jpg"],[2,"1216742433_226266_5152_3-512.jpg"],[2,"1216742433_461099_5153_3-512.jpg"],[2,"1216742433_686075_5154_3-512.jpg"],[2,"1216742433_911088_5155_3-512.jpg"],[2,"1216742434_131062_5156_3-512.jpg"]],"design_ml":"designed","images":[]}
