{"MATERIAL":"corrugated metal","AVG_SLOPE":5.36073848346,"AVG_HEIGHT":3.48916089661,"TERAIN_SLP":7.42590999673,"AREA":69.9054177151,"VOLUME":244,"FLOORS":2,"INT_ZONE":"Borde Rural","FLOOD":2,"LANDSLIDE":"Amenaza Media","LEGAL_ID":"311","LEGAL_NAME":"EL MIRADOR","LEGAL_AREA":11.06,"LEGAL_LOTS":989,"LEGAL_POP":5340.6,"LEGAL_DENS":89.42,"LEGALIZING":null,"BLOCK_ID_":"002570083","BLOCK_POP":103,"BLOCK_BLD":23,"BLOCK_RISK":10.631834,"BLOCK_EDU":0,"BLOCK_HLTH":8.7628555,"BLOCK_TRAN":99.984314,"BLOCK_CULT":0,"BLOCK_PARK":94.559967,"BLOCK_SEC":100,"BLOCK_CENT":0,"BLOCK_DEF":30.4347826087,"BLD_INHAB":4,"OBJECTID":1,"AO_225":0.16,"id":3882,"preds_material":[[5,"1216741647_250401_3259_3-512.jpg"],[5,"1216741647_475263_3260_3-512.jpg"],[5,"1216741647_700278_3261_3-512.jpg"],[5,"1216741647_925220_3262_3-512.jpg"],[5,"1216741648_150278_3263_3-512.jpg"],[5,"1216741648_380296_3264_3-512.jpg"],[5,"1216741648_615249_3265_3-512.jpg"],[5,"1216741648_615249_3265_3-512.jpg"],[5,"1216741648_865282_3266_3-512.jpg"],[5,"1216741648_865282_3266_3-512.jpg"],[5,"1216741649_130283_3267_3-512.jpg"],[5,"1216741649_415282_3268_3-512.jpg"],[5,"1216741649_735350_3269_3-512.jpg"],[5,"1216741650_100299_3270_3-512.jpg"],[5,"1216741650_100299_3270_3-512.jpg"],[5,"1216741650_550275_3271_3-512.jpg"],[5,"1216741651_115199_3272_3-512.jpg"],[5,"1216741651_665260_3273_3-512.jpg"],[5,"1216741652_200311_3274_3-512.jpg"],[5,"1216741652_825191_3275_3-512.jpg"],[5,"1216741653_445207_3276_3-512.jpg"],[5,"1216741653_970329_3277_3-512.jpg"],[5,"1216741654_395206_3278_3-512.jpg"],[5,"1216741654_760320_3279_3-512.jpg"],[5,"1216741654_760320_3279_3-512.jpg"],[5,"1216741655_090208_3280_3-512.jpg"],[5,"1216741655_390273_3281_3-512.jpg"],[5,"1216741655_690223_3282_3-512.jpg"],[5,"1216741655_995178_3283_3-512.jpg"],[5,"1216741656_295196_3284_3-512.jpg"],[5,"1216741656_295196_3284_3-512.jpg"],[5,"1216741656_575178_3285_3-512.jpg"],[5,"1216741656_825183_3286_3-512.jpg"],[5,"1216741657_060258_3287_3-512.jpg"],[5,"1216741657_290311_3288_3-512.jpg"],[1,"1216742550_120451_5410_3-512.jpg"],[1,"1216742550_300505_5411_3-512.jpg"],[1,"1216742550_485512_5412_3-512.jpg"],[1,"1216742550_670477_5413_3-512.jpg"],[1,"1216742550_920515_5414_3-512.jpg"],[1,"1216742551_225613_5415_3-512.jpg"],[1,"1216742551_225613_5415_3-512.jpg"],[1,"1216742551_515743_5416_3-512.jpg"],[1,"1216742551_515743_5416_3-512.jpg"],[1,"1216742551_780459_5417_3-512.jpg"],[1,"1216742551_780459_5417_3-512.jpg"],[1,"1216742552_065341_5418_3-512.jpg"],[1,"1216742552_340436_5419_3-512.jpg"],[5,"1216742552_340436_5419_3-512.jpg"],[1,"1216742552_635486_5420_3-512.jpg"],[5,"1216742552_635486_5420_3-512.jpg"],[5,"1216742552_980538_5421_3-512.jpg"],[1,"1216742552_980538_5421_3-512.jpg"]],"material_ml":"painted","preds_construction":[[2,"1216741647_250401_3259_3-512.jpg"],[2,"1216741647_475263_3260_3-512.jpg"],[1,"1216741647_475263_3260_3-512.jpg"],[2,"1216741647_700278_3261_3-512.jpg"],[1,"1216741647_700278_3261_3-512.jpg"],[2,"1216741647_925220_3262_3-512.jpg"],[1,"1216741647_925220_3262_3-512.jpg"],[2,"1216741648_150278_3263_3-512.jpg"],[1,"1216741648_150278_3263_3-512.jpg"],[2,"1216741648_380296_3264_3-512.jpg"],[2,"1216741648_380296_3264_3-512.jpg"],[1,"1216741648_380296_3264_3-512.jpg"],[2,"1216741648_615249_3265_3-512.jpg"],[2,"1216741648_615249_3265_3-512.jpg"],[2,"1216741648_865282_3266_3-512.jpg"],[2,"1216741649_130283_3267_3-512.jpg"],[2,"1216741649_415282_3268_3-512.jpg"],[2,"1216741649_735350_3269_3-512.jpg"],[2,"1216741650_100299_3270_3-512.jpg"],[2,"1216741650_550275_3271_3-512.jpg"],[2,"1216741651_115199_3272_3-512.jpg"],[2,"1216741651_665260_3273_3-512.jpg"],[2,"1216741652_200311_3274_3-512.jpg"],[2,"1216741652_825191_3275_3-512.jpg"],[2,"1216741653_445207_3276_3-512.jpg"],[2,"1216741653_970329_3277_3-512.jpg"],[2,"1216741654_395206_3278_3-512.jpg"],[2,"1216741654_760320_3279_3-512.jpg"],[2,"1216741655_090208_3280_3-512.jpg"],[2,"1216741655_390273_3281_3-512.jpg"],[2,"1216741655_690223_3282_3-512.jpg"],[2,"1216741655_995178_3283_3-512.jpg"],[2,"1216741656_295196_3284_3-512.jpg"],[2,"1216741656_295196_3284_3-512.jpg"],[2,"1216741656_575178_3285_3-512.jpg"],[2,"1216741656_575178_3285_3-512.jpg"],[2,"1216741656_825183_3286_3-512.jpg"],[2,"1216741657_060258_3287_3-512.jpg"],[2,"1216741657_290311_3288_3-512.jpg"],[2,"1216742550_120451_5410_3-512.jpg"],[2,"1216742550_300505_5411_3-512.jpg"],[2,"1216742550_485512_5412_3-512.jpg"],[2,"1216742550_670477_5413_3-512.jpg"],[2,"1216742550_920515_5414_3-512.jpg"],[2,"1216742551_225613_5415_3-512.jpg"],[2,"1216742551_515743_5416_3-512.jpg"],[2,"1216742551_515743_5416_3-512.jpg"],[2,"1216742551_780459_5417_3-512.jpg"],[2,"1216742551_780459_5417_3-512.jpg"],[2,"1216742552_065341_5418_3-512.jpg"],[2,"1216742552_340436_5419_3-512.jpg"],[2,"1216742552_635486_5420_3-512.jpg"],[2,"1216742552_980538_5421_3-512.jpg"]],"construction_ml":"complete","preds_design":[[1,"1216741647_250401_3259_3-512.jpg"],[1,"1216741647_700278_3261_3-512.jpg"],[1,"1216741647_925220_3262_3-512.jpg"],[1,"1216741647_925220_3262_3-512.jpg"],[1,"1216741648_150278_3263_3-512.jpg"],[1,"1216741648_380296_3264_3-512.jpg"],[1,"1216741648_615249_3265_3-512.jpg"],[1,"1216741648_865282_3266_3-512.jpg"],[1,"1216741648_865282_3266_3-512.jpg"],[1,"1216741649_130283_3267_3-512.jpg"],[1,"1216741649_415282_3268_3-512.jpg"],[1,"1216741649_735350_3269_3-512.jpg"],[1,"1216741650_100299_3270_3-512.jpg"],[1,"1216741650_100299_3270_3-512.jpg"],[1,"1216741650_550275_3271_3-512.jpg"],[1,"1216741650_550275_3271_3-512.jpg"],[1,"1216741651_115199_3272_3-512.jpg"],[1,"1216741651_115199_3272_3-512.jpg"],[1,"1216741651_665260_3273_3-512.jpg"],[1,"1216741651_665260_3273_3-512.jpg"],[1,"1216741652_200311_3274_3-512.jpg"],[1,"1216741652_825191_3275_3-512.jpg"],[1,"1216741653_445207_3276_3-512.jpg"],[1,"1216741653_970329_3277_3-512.jpg"],[2,"1216741653_970329_3277_3-512.jpg"],[1,"1216741654_395206_3278_3-512.jpg"],[1,"1216741654_395206_3278_3-512.jpg"],[2,"1216741654_395206_3278_3-512.jpg"],[1,"1216741654_760320_3279_3-512.jpg"],[1,"1216741654_760320_3279_3-512.jpg"],[1,"1216741655_090208_3280_3-512.jpg"],[1,"1216741655_390273_3281_3-512.jpg"],[1,"1216741655_690223_3282_3-512.jpg"],[1,"1216741655_995178_3283_3-512.jpg"],[1,"1216741656_295196_3284_3-512.jpg"],[1,"1216741656_295196_3284_3-512.jpg"],[1,"1216741656_575178_3285_3-512.jpg"],[1,"1216741656_825183_3286_3-512.jpg"],[1,"1216741657_060258_3287_3-512.jpg"],[2,"1216742550_120451_5410_3-512.jpg"],[2,"1216742550_300505_5411_3-512.jpg"],[2,"1216742550_485512_5412_3-512.jpg"],[2,"1216742550_670477_5413_3-512.jpg"],[2,"1216742550_920515_5414_3-512.jpg"],[2,"1216742551_225613_5415_3-512.jpg"],[2,"1216742551_225613_5415_3-512.jpg"],[2,"1216742551_515743_5416_3-512.jpg"],[2,"1216742551_515743_5416_3-512.jpg"],[2,"1216742551_780459_5417_3-512.jpg"],[2,"1216742551_780459_5417_3-512.jpg"],[2,"1216742552_065341_5418_3-512.jpg"],[1,"1216742552_065341_5418_3-512.jpg"],[2,"1216742552_340436_5419_3-512.jpg"],[2,"1216742552_635486_5420_3-512.jpg"],[2,"1216742552_980538_5421_3-512.jpg"]],"design_ml":"undesigned","images":[]}
