{"MATERIAL":"corrugated metal - painted","AVG_SLOPE":17.304578478,"AVG_HEIGHT":12.2002236197,"TERAIN_SLP":4.09949270218,"AREA":142.235149291,"VOLUME":1735,"FLOORS":3,"INT_ZONE":"Borde Rural","FLOOD":2,"LANDSLIDE":"Amenaza Media","LEGAL_ID":"311","LEGAL_NAME":"EL MIRADOR","LEGAL_AREA":11.06,"LEGAL_LOTS":989,"LEGAL_POP":5340.6,"LEGAL_DENS":89.42,"LEGALIZING":null,"BLOCK_ID_":"002570084","BLOCK_POP":144,"BLOCK_BLD":31,"BLOCK_RISK":15.754363,"BLOCK_EDU":0,"BLOCK_HLTH":10.311659,"BLOCK_TRAN":99.934776,"BLOCK_CULT":0,"BLOCK_PARK":86.283821,"BLOCK_SEC":43.87785,"BLOCK_CENT":0,"BLOCK_DEF":41.935483871,"BLD_INHAB":5,"OBJECTID":1,"AO_225":0.16,"id":3889,"preds_material":[[5,"1216741675_630107_3350_3-512.jpg"],[5,"1216741676_030302_3351_3-512.jpg"],[5,"1216741676_405093_3352_3-512.jpg"],[5,"1216741676_775096_3353_3-512.jpg"],[5,"1216741677_125097_3354_3-512.jpg"],[5,"1216741677_465095_3355_3-512.jpg"],[5,"1216741677_740118_3356_3-512.jpg"],[5,"1216741678_005266_3357_3-512.jpg"],[5,"1216741678_245100_3358_3-512.jpg"],[1,"1216741680_205085_3369_3-512.jpg"],[1,"1216741680_355087_3370_3-512.jpg"],[5,"1216741680_355087_3370_3-512.jpg"],[1,"1216741680_505080_3371_3-512.jpg"],[1,"1216741680_650089_3372_3-512.jpg"],[1,"1216741680_940081_3374_3-512.jpg"],[1,"1216741681_085085_3375_3-512.jpg"],[1,"1216741681_225323_3376_3-512.jpg"],[1,"1216741681_365099_3377_3-512.jpg"],[1,"1216741681_505084_3378_3-512.jpg"],[1,"1216741681_645109_3379_3-512.jpg"],[1,"1216741681_780095_3380_3-512.jpg"]],"material_ml":"brick","preds_construction":[[2,"1216741677_465095_3355_3-512.jpg"],[2,"1216741680_205085_3369_3-512.jpg"],[1,"1216741680_205085_3369_3-512.jpg"],[2,"1216741680_355087_3370_3-512.jpg"],[2,"1216741680_505080_3371_3-512.jpg"],[2,"1216741680_650089_3372_3-512.jpg"],[2,"1216741680_795089_3373_3-512.jpg"],[2,"1216741680_940081_3374_3-512.jpg"],[2,"1216741681_085085_3375_3-512.jpg"],[2,"1216741681_225323_3376_3-512.jpg"],[2,"1216741681_365099_3377_3-512.jpg"],[2,"1216741681_505084_3378_3-512.jpg"],[2,"1216741681_645109_3379_3-512.jpg"],[2,"1216741681_780095_3380_3-512.jpg"],[1,"1216741681_780095_3380_3-512.jpg"],[2,"1216741681_915068_3381_3-512.jpg"],[2,"1216741682_050281_3382_3-512.jpg"]],"construction_ml":"complete","preds_design":[[2,"1216741680_205085_3369_3-512.jpg"],[2,"1216741680_355087_3370_3-512.jpg"],[2,"1216741680_505080_3371_3-512.jpg"],[2,"1216741680_650089_3372_3-512.jpg"],[2,"1216741680_795089_3373_3-512.jpg"],[2,"1216741680_940081_3374_3-512.jpg"],[2,"1216741681_085085_3375_3-512.jpg"],[2,"1216741681_225323_3376_3-512.jpg"],[2,"1216741681_365099_3377_3-512.jpg"],[2,"1216741681_505084_3378_3-512.jpg"],[2,"1216741681_645109_3379_3-512.jpg"],[2,"1216741681_780095_3380_3-512.jpg"],[2,"1216741681_915068_3381_3-512.jpg"]],"design_ml":"designed","images":[]}
