{"MATERIAL":"corrugated metal","AVG_SLOPE":6.01561191284,"AVG_HEIGHT":10.094473559,"TERAIN_SLP":3.22766742811,"AREA":132.576071692,"VOLUME":1338,"FLOORS":3,"INT_ZONE":"Borde Rural","FLOOD":2,"LANDSLIDE":"Amenaza Media","LEGAL_ID":"311","LEGAL_NAME":"EL MIRADOR","LEGAL_AREA":11.06,"LEGAL_LOTS":989,"LEGAL_POP":5340.6,"LEGAL_DENS":89.42,"LEGALIZING":null,"BLOCK_ID_":"002570084","BLOCK_POP":144,"BLOCK_BLD":31,"BLOCK_RISK":15.754363,"BLOCK_EDU":0,"BLOCK_HLTH":10.311659,"BLOCK_TRAN":99.934776,"BLOCK_CULT":0,"BLOCK_PARK":86.283821,"BLOCK_SEC":43.87785,"BLOCK_CENT":0,"BLOCK_DEF":41.935483871,"BLD_INHAB":5,"OBJECTID":1,"AO_225":0.16,"id":3890,"preds_material":[[5,"1216742433_461099_5153_1-512.jpg"],[5,"1216742433_686075_5154_1-512.jpg"],[5,"1216742433_911088_5155_1-512.jpg"],[5,"1216742434_131062_5156_1-512.jpg"]],"material_ml":"painted","preds_construction":[[2,"1216742432_511075_5149_1-512.jpg"],[2,"1216742432_746084_5150_1-512.jpg"],[2,"1216742432_986088_5151_1-512.jpg"],[2,"1216742433_226266_5152_1-512.jpg"],[2,"1216742433_461099_5153_1-512.jpg"],[2,"1216742433_686075_5154_1-512.jpg"],[2,"1216742433_911088_5155_1-512.jpg"]],"construction_ml":"complete","preds_design":[[2,"1216742432_276078_5148_1-512.jpg"],[1,"1216742432_511075_5149_1-512.jpg"],[1,"1216742432_746084_5150_1-512.jpg"],[1,"1216742433_226266_5152_1-512.jpg"],[1,"1216742433_461099_5153_1-512.jpg"],[1,"1216742433_686075_5154_1-512.jpg"],[1,"1216742433_911088_5155_1-512.jpg"]],"design_ml":"undesigned","images":[]}
