{"MATERIAL":"corrugated metal","AVG_SLOPE":5.22799270487,"AVG_HEIGHT":5.43331291604,"TERAIN_SLP":4.86954880797,"AREA":67.7517144386,"VOLUME":368,"FLOORS":2,"INT_ZONE":"Borde Rural","FLOOD":2,"LANDSLIDE":"Amenaza Media","LEGAL_ID":"311","LEGAL_NAME":"EL MIRADOR","LEGAL_AREA":11.06,"LEGAL_LOTS":989,"LEGAL_POP":5340.6,"LEGAL_DENS":89.42,"LEGALIZING":null,"BLOCK_ID_":"002570084","BLOCK_POP":144,"BLOCK_BLD":31,"BLOCK_RISK":15.754363,"BLOCK_EDU":0,"BLOCK_HLTH":10.311659,"BLOCK_TRAN":99.934776,"BLOCK_CULT":0,"BLOCK_PARK":86.283821,"BLOCK_SEC":43.87785,"BLOCK_CENT":0,"BLOCK_DEF":41.935483871,"BLD_INHAB":5,"OBJECTID":1,"AO_225":0.16,"id":3894,"preds_material":[[1,"1216741680_795089_3373_3-512.jpg"],[6,"1216741681_365099_3377_3-512.jpg"],[5,"1216741681_365099_3377_3-512.jpg"],[5,"1216741681_505084_3378_3-512.jpg"],[6,"1216741681_505084_3378_3-512.jpg"],[5,"1216741681_645109_3379_3-512.jpg"],[5,"1216741681_780095_3380_3-512.jpg"],[1,"1216741681_780095_3380_3-512.jpg"],[5,"1216741681_915068_3381_3-512.jpg"],[1,"1216741682_050281_3382_3-512.jpg"],[5,"1216741682_050281_3382_3-512.jpg"],[6,"1216741682_050281_3382_3-512.jpg"],[6,"1216741682_185160_3383_3-512.jpg"],[1,"1216741682_185160_3383_3-512.jpg"],[6,"1216741682_320094_3384_3-512.jpg"],[5,"1216741682_320094_3384_3-512.jpg"],[1,"1216741682_320094_3384_3-512.jpg"],[5,"1216741682_455079_3385_3-512.jpg"],[1,"1216741682_455079_3385_3-512.jpg"],[6,"1216741682_455079_3385_3-512.jpg"],[1,"1216741682_590082_3386_3-512.jpg"]],"material_ml":"painted","preds_construction":[[2,"1216741680_940081_3374_3-512.jpg"],[2,"1216741681_085085_3375_3-512.jpg"],[2,"1216741681_225323_3376_3-512.jpg"],[2,"1216741681_365099_3377_3-512.jpg"],[2,"1216741681_505084_3378_3-512.jpg"],[2,"1216741681_645109_3379_3-512.jpg"],[2,"1216741681_780095_3380_3-512.jpg"],[2,"1216741681_915068_3381_3-512.jpg"],[2,"1216741682_050281_3382_3-512.jpg"],[2,"1216741682_185160_3383_3-512.jpg"],[2,"1216741682_320094_3384_3-512.jpg"],[2,"1216741682_455079_3385_3-512.jpg"],[2,"1216741682_590082_3386_3-512.jpg"]],"construction_ml":"complete","preds_design":[[1,"1216741680_940081_3374_3-512.jpg"],[1,"1216741681_085085_3375_3-512.jpg"],[1,"1216741681_225323_3376_3-512.jpg"],[1,"1216741681_365099_3377_3-512.jpg"],[1,"1216741681_505084_3378_3-512.jpg"],[1,"1216741681_645109_3379_3-512.jpg"],[1,"1216741681_780095_3380_3-512.jpg"],[1,"1216741681_915068_3381_3-512.jpg"],[1,"1216741682_050281_3382_3-512.jpg"],[1,"1216741682_185160_3383_3-512.jpg"],[1,"1216741682_320094_3384_3-512.jpg"],[1,"1216741682_455079_3385_3-512.jpg"],[1,"1216741682_590082_3386_3-512.jpg"],[1,"1216741682_725073_3387_3-512.jpg"]],"design_ml":"undesigned","images":[]}
