{"MATERIAL":"corrugated metal/heavily patched","AVG_SLOPE":4.92769102116,"AVG_HEIGHT":0.86816542997,"TERAIN_SLP":20.3289405578,"AREA":55.9193044252,"VOLUME":49,"FLOORS":1,"INT_ZONE":"Borde Rural","FLOOD":2,"LANDSLIDE":"Amenaza Media","LEGAL_ID":"311","LEGAL_NAME":"EL MIRADOR","LEGAL_AREA":11.06,"LEGAL_LOTS":989,"LEGAL_POP":5340.6,"LEGAL_DENS":89.42,"LEGALIZING":null,"BLOCK_ID_":"002570084","BLOCK_POP":144,"BLOCK_BLD":31,"BLOCK_RISK":15.754363,"BLOCK_EDU":0,"BLOCK_HLTH":10.311659,"BLOCK_TRAN":99.934776,"BLOCK_CULT":0,"BLOCK_PARK":86.283821,"BLOCK_SEC":43.87785,"BLOCK_CENT":0,"BLOCK_DEF":41.935483871,"BLD_INHAB":5,"OBJECTID":1,"AO_225":0.16,"id":3901,"preds_material":[[5,"1216741683_400118_3392_3-512.jpg"],[2,"1216741683_400118_3392_3-512.jpg"],[5,"1216741683_535061_3393_3-512.jpg"],[1,"1216741683_535061_3393_3-512.jpg"],[5,"1216741683_670063_3394_3-512.jpg"],[1,"1216741683_670063_3394_3-512.jpg"],[5,"1216741683_805052_3395_3-512.jpg"],[1,"1216741683_805052_3395_3-512.jpg"],[5,"1216741683_940062_3396_3-512.jpg"],[5,"1216741684_075041_3397_3-512.jpg"],[5,"1216741684_210061_3398_3-512.jpg"],[5,"1216741684_345052_3399_3-512.jpg"],[5,"1216741684_485070_3400_3-512.jpg"],[5,"1216741684_625117_3401_3-512.jpg"],[5,"1216741684_765048_3402_3-512.jpg"],[5,"1216741684_905043_3403_3-512.jpg"],[5,"1216741685_045180_3404_3-512.jpg"]],"material_ml":"painted","preds_construction":[[2,"1216741683_400118_3392_3-512.jpg"],[2,"1216741683_535061_3393_3-512.jpg"],[2,"1216741683_670063_3394_3-512.jpg"],[2,"1216741683_805052_3395_3-512.jpg"],[2,"1216741683_940062_3396_3-512.jpg"],[2,"1216741684_075041_3397_3-512.jpg"],[2,"1216741684_210061_3398_3-512.jpg"],[2,"1216741684_345052_3399_3-512.jpg"],[2,"1216741684_485070_3400_3-512.jpg"],[2,"1216741684_625117_3401_3-512.jpg"],[2,"1216741684_765048_3402_3-512.jpg"],[2,"1216741684_905043_3403_3-512.jpg"],[2,"1216741685_045180_3404_3-512.jpg"]],"construction_ml":"complete","preds_design":[[1,"1216741683_400118_3392_3-512.jpg"],[2,"1216741683_400118_3392_3-512.jpg"],[2,"1216741683_535061_3393_3-512.jpg"],[2,"1216741683_670063_3394_3-512.jpg"],[2,"1216741683_805052_3395_3-512.jpg"],[2,"1216741683_940062_3396_3-512.jpg"],[2,"1216741684_075041_3397_3-512.jpg"],[2,"1216741684_210061_3398_3-512.jpg"],[2,"1216741684_345052_3399_3-512.jpg"],[2,"1216741684_485070_3400_3-512.jpg"],[2,"1216741684_625117_3401_3-512.jpg"],[2,"1216741684_765048_3402_3-512.jpg"],[2,"1216741684_905043_3403_3-512.jpg"],[1,"1216741684_905043_3403_3-512.jpg"],[1,"1216741685_045180_3404_3-512.jpg"],[2,"1216741685_045180_3404_3-512.jpg"]],"design_ml":"designed","images":[]}
