{"MATERIAL":"corrugated metal","AVG_SLOPE":6.26993753226,"AVG_HEIGHT":4.51137670871,"TERAIN_SLP":6.76418686588,"AREA":64.6814765227,"VOLUME":292,"FLOORS":2,"INT_ZONE":"Borde Rural","FLOOD":2,"LANDSLIDE":"Amenaza Media","LEGAL_ID":"311","LEGAL_NAME":"EL MIRADOR","LEGAL_AREA":11.06,"LEGAL_LOTS":989,"LEGAL_POP":5340.6,"LEGAL_DENS":89.42,"LEGALIZING":null,"BLOCK_ID_":"002570084","BLOCK_POP":144,"BLOCK_BLD":31,"BLOCK_RISK":15.754363,"BLOCK_EDU":0,"BLOCK_HLTH":10.311659,"BLOCK_TRAN":99.934776,"BLOCK_CULT":0,"BLOCK_PARK":86.283821,"BLOCK_SEC":43.87785,"BLOCK_CENT":0,"BLOCK_DEF":41.935483871,"BLD_INHAB":5,"OBJECTID":1,"AO_225":0.16,"id":3912,"preds_material":[[5,"1216741685_185049_3405_3-512.jpg"],[5,"1216741685_325033_3406_3-512.jpg"],[5,"1216741685_465043_3407_3-512.jpg"],[5,"1216741685_610043_3408_3-512.jpg"],[5,"1216741685_755058_3409_3-512.jpg"],[5,"1216741685_905038_3410_3-512.jpg"],[5,"1216741686_055064_3411_3-512.jpg"],[5,"1216741686_210050_3412_3-512.jpg"],[5,"1216741686_365057_3413_3-512.jpg"],[5,"1216741686_520057_3414_3-512.jpg"],[5,"1216741686_675054_3415_3-512.jpg"],[6,"1216741686_675054_3415_3-512.jpg"],[5,"1216741686_835027_3416_3-512.jpg"]],"material_ml":"painted","preds_construction":[[2,"1216741685_045180_3404_3-512.jpg"],[2,"1216741685_185049_3405_3-512.jpg"],[2,"1216741685_325033_3406_3-512.jpg"],[2,"1216741685_465043_3407_3-512.jpg"],[2,"1216741685_610043_3408_3-512.jpg"],[2,"1216741685_755058_3409_3-512.jpg"],[2,"1216741685_905038_3410_3-512.jpg"],[2,"1216741686_055064_3411_3-512.jpg"],[2,"1216741686_210050_3412_3-512.jpg"],[2,"1216741686_365057_3413_3-512.jpg"],[2,"1216741686_520057_3414_3-512.jpg"],[2,"1216741686_675054_3415_3-512.jpg"],[2,"1216741686_835027_3416_3-512.jpg"]],"construction_ml":"complete","preds_design":[[2,"1216741685_045180_3404_3-512.jpg"],[2,"1216741685_185049_3405_3-512.jpg"],[2,"1216741685_325033_3406_3-512.jpg"],[2,"1216741685_465043_3407_3-512.jpg"],[2,"1216741685_610043_3408_3-512.jpg"],[2,"1216741685_755058_3409_3-512.jpg"],[2,"1216741685_905038_3410_3-512.jpg"],[2,"1216741686_055064_3411_3-512.jpg"],[2,"1216741686_210050_3412_3-512.jpg"],[2,"1216741686_365057_3413_3-512.jpg"],[2,"1216741686_520057_3414_3-512.jpg"],[2,"1216741686_520057_3414_3-512.jpg"],[2,"1216741686_675054_3415_3-512.jpg"],[2,"1216741686_835027_3416_3-512.jpg"]],"design_ml":"designed","images":[]}
