{"MATERIAL":"corrugated metal","AVG_SLOPE":10.90322909,"AVG_HEIGHT":7.87465262495,"TERAIN_SLP":5.49034127817,"AREA":56.5881653685,"VOLUME":446,"FLOORS":2,"INT_ZONE":"Borde Rural","FLOOD":2,"LANDSLIDE":"Amenaza Media","LEGAL_ID":"311","LEGAL_NAME":"EL MIRADOR","LEGAL_AREA":11.06,"LEGAL_LOTS":989,"LEGAL_POP":5340.6,"LEGAL_DENS":89.42,"LEGALIZING":null,"BLOCK_ID_":"002570085","BLOCK_POP":138,"BLOCK_BLD":37,"BLOCK_RISK":15.786442,"BLOCK_EDU":0,"BLOCK_HLTH":9.8353148,"BLOCK_TRAN":100,"BLOCK_CULT":0,"BLOCK_PARK":95.363976,"BLOCK_SEC":43.92403,"BLOCK_CENT":0,"BLOCK_DEF":18.9189189189,"BLD_INHAB":4,"OBJECTID":1,"AO_225":0.16,"id":3925,"preds_material":[[2,"1216741594_190555_3093_3-512.jpg"],[5,"1216741594_190555_3093_3-512.jpg"],[5,"1216741594_375531_3094_3-512.jpg"],[5,"1216741594_565523_3095_3-512.jpg"],[2,"1216741594_565523_3095_3-512.jpg"],[5,"1216741594_565523_3095_3-512.jpg"],[5,"1216741594_755558_3096_3-512.jpg"],[2,"1216741594_755558_3096_3-512.jpg"],[2,"1216741594_940583_3097_3-512.jpg"],[2,"1216741595_125542_3098_3-512.jpg"],[5,"1216741595_305521_3099_3-512.jpg"],[5,"1216741595_485536_3100_3-512.jpg"],[5,"1216745837_234151_12586_3-512.jpg"]],"material_ml":"painted","preds_construction":[[2,"1216741594_190555_3093_3-512.jpg"],[2,"1216741594_190555_3093_3-512.jpg"],[2,"1216741594_375531_3094_3-512.jpg"],[2,"1216741594_565523_3095_3-512.jpg"],[2,"1216741594_565523_3095_3-512.jpg"],[2,"1216741594_755558_3096_3-512.jpg"],[2,"1216741594_755558_3096_3-512.jpg"],[2,"1216741594_940583_3097_3-512.jpg"],[2,"1216741595_125542_3098_3-512.jpg"],[2,"1216741595_305521_3099_3-512.jpg"],[2,"1216741595_485536_3100_3-512.jpg"],[2,"1216745836_069095_12579_3-512.jpg"],[2,"1216745837_234151_12586_3-512.jpg"]],"construction_ml":"complete","preds_design":[[2,"1216741594_190555_3093_3-512.jpg"],[2,"1216741594_190555_3093_3-512.jpg"],[2,"1216741594_375531_3094_3-512.jpg"],[2,"1216741594_375531_3094_3-512.jpg"],[2,"1216741594_565523_3095_3-512.jpg"],[2,"1216741594_565523_3095_3-512.jpg"],[2,"1216741594_755558_3096_3-512.jpg"],[2,"1216741594_755558_3096_3-512.jpg"],[2,"1216741594_940583_3097_3-512.jpg"],[2,"1216741595_125542_3098_3-512.jpg"],[2,"1216741595_305521_3099_3-512.jpg"],[2,"1216741595_485536_3100_3-512.jpg"],[1,"1216745836_564131_12582_3-512.jpg"],[1,"1216745836_729107_12583_3-512.jpg"],[1,"1216745836_894108_12584_3-512.jpg"],[2,"1216745836_894108_12584_3-512.jpg"],[1,"1216745837_059122_12585_3-512.jpg"]],"design_ml":"designed","images":[]}
