{"MATERIAL":"corrugated metal","AVG_SLOPE":6.54797858846,"AVG_HEIGHT":5.24540090987,"TERAIN_SLP":3.98051736413,"AREA":57.7006226206,"VOLUME":303,"FLOORS":2,"INT_ZONE":"Borde Rural","FLOOD":2,"LANDSLIDE":"Amenaza Media","LEGAL_ID":"311","LEGAL_NAME":"EL MIRADOR","LEGAL_AREA":11.06,"LEGAL_LOTS":989,"LEGAL_POP":5340.6,"LEGAL_DENS":89.42,"LEGALIZING":null,"BLOCK_ID_":"002570085","BLOCK_POP":138,"BLOCK_BLD":37,"BLOCK_RISK":15.786442,"BLOCK_EDU":0,"BLOCK_HLTH":9.8353148,"BLOCK_TRAN":100,"BLOCK_CULT":0,"BLOCK_PARK":95.363976,"BLOCK_SEC":43.92403,"BLOCK_CENT":0,"BLOCK_DEF":18.9189189189,"BLD_INHAB":4,"OBJECTID":1,"AO_225":0.16,"id":3926,"preds_material":[[5,"1216741596_015619_3103_3-512.jpg"],[5,"1216741596_190546_3104_3-512.jpg"],[5,"1216741596_360567_3105_3-512.jpg"],[5,"1216741596_360567_3105_3-512.jpg"],[5,"1216741596_530529_3106_3-512.jpg"],[5,"1216741596_530529_3106_3-512.jpg"],[5,"1216741596_705512_3107_3-512.jpg"],[5,"1216741596_705512_3107_3-512.jpg"],[5,"1216741596_880566_3108_3-512.jpg"],[5,"1216741596_880566_3108_3-512.jpg"],[5,"1216741597_055548_3109_3-512.jpg"],[5,"1216741597_055548_3109_3-512.jpg"],[5,"1216741597_235542_3110_3-512.jpg"],[5,"1216741597_420566_3111_3-512.jpg"],[5,"1216741597_610563_3112_3-512.jpg"]],"material_ml":"painted","preds_construction":[[2,"1216741596_015619_3103_3-512.jpg"],[2,"1216741596_190546_3104_3-512.jpg"],[2,"1216741596_360567_3105_3-512.jpg"],[2,"1216741596_360567_3105_3-512.jpg"],[2,"1216741596_530529_3106_3-512.jpg"],[2,"1216741596_530529_3106_3-512.jpg"],[2,"1216741596_705512_3107_3-512.jpg"],[2,"1216741596_705512_3107_3-512.jpg"],[2,"1216741596_880566_3108_3-512.jpg"],[2,"1216741596_880566_3108_3-512.jpg"],[2,"1216741597_055548_3109_3-512.jpg"],[2,"1216741597_055548_3109_3-512.jpg"],[2,"1216741597_235542_3110_3-512.jpg"],[2,"1216741597_420566_3111_3-512.jpg"],[2,"1216741597_610563_3112_3-512.jpg"],[2,"1216741597_610563_3112_3-512.jpg"]],"construction_ml":"complete","preds_design":[[2,"1216741596_015619_3103_3-512.jpg"],[2,"1216741596_190546_3104_3-512.jpg"],[2,"1216741596_360567_3105_3-512.jpg"],[2,"1216741596_360567_3105_3-512.jpg"],[2,"1216741596_530529_3106_3-512.jpg"],[2,"1216741596_530529_3106_3-512.jpg"],[2,"1216741596_705512_3107_3-512.jpg"],[2,"1216741596_705512_3107_3-512.jpg"],[2,"1216741596_880566_3108_3-512.jpg"],[2,"1216741596_880566_3108_3-512.jpg"],[2,"1216741597_055548_3109_3-512.jpg"],[2,"1216741597_055548_3109_3-512.jpg"],[2,"1216741597_235542_3110_3-512.jpg"],[2,"1216741597_420566_3111_3-512.jpg"],[2,"1216741597_610563_3112_3-512.jpg"],[1,"1216745839_294057_12597_3-512.jpg"],[2,"1216746770_434291_15849_3-512.jpg"]],"design_ml":"designed","images":[]}
