{"MATERIAL":"concrete","AVG_SLOPE":11.1087123024,"AVG_HEIGHT":9.56976248963,"TERAIN_SLP":4.78547093455,"AREA":163.13656563,"VOLUME":1561,"FLOORS":3,"INT_ZONE":"Borde Rural","FLOOD":2,"LANDSLIDE":"Amenaza Media","LEGAL_ID":"311","LEGAL_NAME":"EL MIRADOR","LEGAL_AREA":11.06,"LEGAL_LOTS":989,"LEGAL_POP":5340.6,"LEGAL_DENS":89.42,"LEGALIZING":null,"BLOCK_ID_":"002570085","BLOCK_POP":138,"BLOCK_BLD":37,"BLOCK_RISK":15.786442,"BLOCK_EDU":0,"BLOCK_HLTH":9.8353148,"BLOCK_TRAN":100,"BLOCK_CULT":0,"BLOCK_PARK":95.363976,"BLOCK_SEC":43.92403,"BLOCK_CENT":0,"BLOCK_DEF":18.9189189189,"BLD_INHAB":4,"OBJECTID":1,"AO_225":0.16,"id":3928,"preds_material":[[5,"1216742435_006187_5160_1-512.jpg"],[5,"1216742435_226074_5161_1-512.jpg"],[5,"1216742435_441056_5162_1-512.jpg"],[5,"1216742435_661116_5163_1-512.jpg"],[5,"1216742435_881037_5164_1-512.jpg"],[5,"1216742436_630991_5167_1-512.jpg"],[5,"1216742437_001114_5168_1-512.jpg"],[5,"1216742437_335575_5169_1-512.jpg"],[5,"1216742437_671027_5170_1-512.jpg"],[5,"1216742437_996107_5171_1-512.jpg"],[5,"1216742438_346036_5172_1-512.jpg"],[5,"1216742438_676068_5173_1-512.jpg"],[5,"1216742439_026171_5174_1-512.jpg"],[5,"1216742439_355971_5175_1-512.jpg"],[5,"1216742439_671010_5176_1-512.jpg"]],"material_ml":"painted","preds_construction":[[2,"1216742435_006187_5160_1-512.jpg"],[2,"1216742435_226074_5161_1-512.jpg"],[2,"1216742435_441056_5162_1-512.jpg"],[2,"1216742435_661116_5163_1-512.jpg"],[2,"1216742435_881037_5164_1-512.jpg"],[2,"1216742436_630991_5167_1-512.jpg"],[2,"1216742437_001114_5168_1-512.jpg"],[2,"1216742437_335575_5169_1-512.jpg"],[2,"1216742437_671027_5170_1-512.jpg"],[2,"1216742437_996107_5171_1-512.jpg"],[2,"1216742438_346036_5172_1-512.jpg"],[2,"1216742438_676068_5173_1-512.jpg"],[2,"1216742439_026171_5174_1-512.jpg"],[2,"1216742439_355971_5175_1-512.jpg"],[2,"1216742439_671010_5176_1-512.jpg"]],"construction_ml":"complete","preds_design":[[2,"1216742435_006187_5160_1-512.jpg"],[2,"1216742435_226074_5161_1-512.jpg"],[2,"1216742435_441056_5162_1-512.jpg"],[2,"1216742435_661116_5163_1-512.jpg"],[2,"1216742435_881037_5164_1-512.jpg"],[2,"1216742436_630991_5167_1-512.jpg"],[2,"1216742437_001114_5168_1-512.jpg"],[2,"1216742437_335575_5169_1-512.jpg"],[2,"1216742437_671027_5170_1-512.jpg"],[2,"1216742437_996107_5171_1-512.jpg"],[2,"1216742438_346036_5172_1-512.jpg"],[2,"1216742438_676068_5173_1-512.jpg"],[2,"1216742439_026171_5174_1-512.jpg"],[2,"1216742439_355971_5175_1-512.jpg"],[1,"1216742439_671010_5176_1-512.jpg"]],"design_ml":"designed","images":[]}
