{"MATERIAL":"corrugated metal - dark","AVG_SLOPE":5.77553536306,"AVG_HEIGHT":6.04008787005,"TERAIN_SLP":4.31061582497,"AREA":56.8454403684,"VOLUME":343,"FLOORS":2,"INT_ZONE":"Borde Rural","FLOOD":2,"LANDSLIDE":"Amenaza Media","LEGAL_ID":"311","LEGAL_NAME":"EL MIRADOR","LEGAL_AREA":11.06,"LEGAL_LOTS":989,"LEGAL_POP":5340.6,"LEGAL_DENS":89.42,"LEGALIZING":null,"BLOCK_ID_":"002570085","BLOCK_POP":138,"BLOCK_BLD":37,"BLOCK_RISK":15.786442,"BLOCK_EDU":0,"BLOCK_HLTH":9.8353148,"BLOCK_TRAN":100,"BLOCK_CULT":0,"BLOCK_PARK":95.363976,"BLOCK_SEC":43.92403,"BLOCK_CENT":0,"BLOCK_DEF":18.9189189189,"BLD_INHAB":4,"OBJECTID":1,"AO_225":0.16,"id":3931,"preds_material":[[5,"1216741598_615511_3117_3-512.jpg"],[5,"1216741605_410527_3138_3-512.jpg"],[5,"1216741605_720517_3139_3-512.jpg"],[5,"1216741606_015531_3140_3-512.jpg"],[5,"1216745841_139131_12609_3-512.jpg"]],"material_ml":"painted","preds_construction":[[2,"1216741598_615511_3117_3-512.jpg"],[2,"1216741605_085474_3137_3-512.jpg"],[2,"1216741605_410527_3138_3-512.jpg"],[2,"1216741605_720517_3139_3-512.jpg"],[2,"1216741606_015531_3140_3-512.jpg"]],"construction_ml":"complete","preds_design":[[2,"1216741605_410527_3138_3-512.jpg"],[2,"1216741605_720517_3139_3-512.jpg"],[2,"1216741606_015531_3140_3-512.jpg"]],"design_ml":"designed","images":[]}
