{"MATERIAL":"corrugated metal - painted","AVG_SLOPE":3.90649561412,"AVG_HEIGHT":5.27590511856,"TERAIN_SLP":2.06717857375,"AREA":62.1854395881,"VOLUME":328,"FLOORS":2,"INT_ZONE":"Borde Rural","FLOOD":2,"LANDSLIDE":"Amenaza Media","LEGAL_ID":"311","LEGAL_NAME":"EL MIRADOR","LEGAL_AREA":11.06,"LEGAL_LOTS":989,"LEGAL_POP":5340.6,"LEGAL_DENS":89.42,"LEGALIZING":null,"BLOCK_ID_":"002570085","BLOCK_POP":138,"BLOCK_BLD":37,"BLOCK_RISK":15.786442,"BLOCK_EDU":0,"BLOCK_HLTH":9.8353148,"BLOCK_TRAN":100,"BLOCK_CULT":0,"BLOCK_PARK":95.363976,"BLOCK_SEC":43.92403,"BLOCK_CENT":0,"BLOCK_DEF":18.9189189189,"BLD_INHAB":4,"OBJECTID":1,"AO_225":0.16,"id":3932,"preds_material":[[5,"1216741592_175621_3082_3-512.jpg"],[5,"1216741592_350593_3083_3-512.jpg"],[5,"1216741592_350593_3083_3-512.jpg"],[5,"1216741592_525562_3084_3-512.jpg"],[5,"1216741592_525562_3084_3-512.jpg"],[5,"1216741592_700579_3085_3-512.jpg"],[5,"1216741592_700579_3085_3-512.jpg"],[5,"1216741592_880585_3086_3-512.jpg"],[5,"1216741592_880585_3086_3-512.jpg"],[5,"1216741593_060573_3087_3-512.jpg"],[3,"1216745834_274033_12568_3-512.jpg"],[3,"1216745834_434031_12569_3-512.jpg"],[3,"1216745834_594041_12570_3-512.jpg"],[3,"1216745834_754025_12571_3-512.jpg"],[3,"1216745834_914125_12572_3-512.jpg"],[5,"1216746767_189195_15832_3-512.jpg"],[5,"1216746767_359157_15833_3-512.jpg"],[1,"1216746767_524218_15834_3-512.jpg"],[1,"1216746767_684201_15835_3-512.jpg"],[5,"1216746767_839135_15836_3-512.jpg"],[1,"1216746767_839135_15836_3-512.jpg"],[1,"1216746767_989157_15837_3-512.jpg"]],"material_ml":"painted","preds_construction":[[2,"1216741592_175621_3082_3-512.jpg"],[2,"1216741592_350593_3083_3-512.jpg"],[2,"1216741592_350593_3083_3-512.jpg"],[2,"1216741592_525562_3084_3-512.jpg"],[2,"1216741592_525562_3084_3-512.jpg"],[2,"1216741592_700579_3085_3-512.jpg"],[2,"1216741592_700579_3085_3-512.jpg"],[2,"1216741592_880585_3086_3-512.jpg"],[2,"1216741592_880585_3086_3-512.jpg"],[2,"1216741593_060573_3087_3-512.jpg"],[1,"1216745834_434031_12569_3-512.jpg"],[2,"1216745834_754025_12571_3-512.jpg"],[2,"1216746767_359157_15833_3-512.jpg"],[2,"1216746767_359157_15833_3-512.jpg"],[2,"1216746767_524218_15834_3-512.jpg"],[2,"1216746767_684201_15835_3-512.jpg"],[2,"1216746767_839135_15836_3-512.jpg"],[2,"1216746767_989157_15837_3-512.jpg"]],"construction_ml":"complete","preds_design":[[2,"1216741592_175621_3082_3-512.jpg"],[2,"1216741592_350593_3083_3-512.jpg"],[2,"1216741592_350593_3083_3-512.jpg"],[2,"1216741592_525562_3084_3-512.jpg"],[2,"1216741592_525562_3084_3-512.jpg"],[2,"1216741592_700579_3085_3-512.jpg"],[2,"1216741592_700579_3085_3-512.jpg"],[2,"1216741592_880585_3086_3-512.jpg"],[2,"1216741592_880585_3086_3-512.jpg"],[2,"1216741593_060573_3087_3-512.jpg"],[2,"1216741593_245556_3088_3-512.jpg"],[1,"1216745833_804110_12565_3-512.jpg"],[1,"1216745834_274033_12568_3-512.jpg"],[1,"1216745834_434031_12569_3-512.jpg"],[1,"1216745834_594041_12570_3-512.jpg"],[1,"1216745834_754025_12571_3-512.jpg"],[1,"1216745834_914125_12572_3-512.jpg"],[2,"1216746767_189195_15832_3-512.jpg"],[2,"1216746767_359157_15833_3-512.jpg"],[1,"1216746767_524218_15834_3-512.jpg"]],"design_ml":"designed","images":[]}
