{"MATERIAL":"concrete","AVG_SLOPE":18.7980795763,"AVG_HEIGHT":8.34842897879,"TERAIN_SLP":4.55949916384,"AREA":66.7954070039,"VOLUME":558,"FLOORS":3,"INT_ZONE":"Borde Rural","FLOOD":2,"LANDSLIDE":"Amenaza Media","LEGAL_ID":"311","LEGAL_NAME":"EL MIRADOR","LEGAL_AREA":11.06,"LEGAL_LOTS":989,"LEGAL_POP":5340.6,"LEGAL_DENS":89.42,"LEGALIZING":null,"BLOCK_ID_":"002570085","BLOCK_POP":138,"BLOCK_BLD":37,"BLOCK_RISK":15.786442,"BLOCK_EDU":0,"BLOCK_HLTH":9.8353148,"BLOCK_TRAN":100,"BLOCK_CULT":0,"BLOCK_PARK":95.363976,"BLOCK_SEC":43.92403,"BLOCK_CENT":0,"BLOCK_DEF":18.9189189189,"BLD_INHAB":4,"OBJECTID":1,"AO_225":0.16,"id":3934,"preds_material":[[6,"1216741598_615511_3117_3-512.jpg"],[6,"1216741598_820544_3118_3-512.jpg"],[5,"1216741598_820544_3118_3-512.jpg"],[6,"1216741599_030658_3119_3-512.jpg"],[5,"1216741599_240558_3120_3-512.jpg"],[6,"1216741599_240558_3120_3-512.jpg"],[5,"1216741599_455510_3121_3-512.jpg"],[6,"1216741599_455510_3121_3-512.jpg"],[5,"1216741599_455510_3121_3-512.jpg"],[5,"1216741599_675514_3122_3-512.jpg"],[6,"1216741599_675514_3122_3-512.jpg"],[5,"1216741599_675514_3122_3-512.jpg"],[5,"1216741599_900551_3123_3-512.jpg"],[5,"1216741599_900551_3123_3-512.jpg"],[6,"1216741599_900551_3123_3-512.jpg"],[5,"1216741600_135500_3124_3-512.jpg"],[6,"1216741600_135500_3124_3-512.jpg"],[5,"1216741600_135500_3124_3-512.jpg"],[5,"1216741600_380514_3125_3-512.jpg"],[6,"1216741600_380514_3125_3-512.jpg"],[5,"1216741600_645507_3126_3-512.jpg"],[6,"1216741600_645507_3126_3-512.jpg"],[5,"1216741600_930534_3127_3-512.jpg"],[6,"1216741600_930534_3127_3-512.jpg"],[5,"1216741601_235525_3128_3-512.jpg"],[5,"1216741601_585516_3129_3-512.jpg"],[6,"1216741601_585516_3129_3-512.jpg"],[5,"1216741601_990530_3130_3-512.jpg"],[6,"1216741601_990530_3130_3-512.jpg"],[1,"1216741601_990530_3130_3-512.jpg"],[5,"1216741602_465502_3131_3-512.jpg"],[6,"1216741602_465502_3131_3-512.jpg"],[5,"1216741602_985502_3132_3-512.jpg"],[5,"1216741603_565482_3133_3-512.jpg"],[1,"1216741603_565482_3133_3-512.jpg"],[5,"1216741604_030697_3134_3-512.jpg"],[1,"1216741604_030697_3134_3-512.jpg"],[5,"1216741604_395504_3135_3-512.jpg"],[6,"1216741604_395504_3135_3-512.jpg"],[5,"1216741604_740526_3136_3-512.jpg"],[6,"1216741604_740526_3136_3-512.jpg"],[5,"1216741605_085474_3137_3-512.jpg"],[5,"1216742439_671010_5176_1-512.jpg"],[5,"1216742440_031251_5177_1-512.jpg"],[5,"1216742440_416063_5178_1-512.jpg"],[5,"1216742440_781037_5179_1-512.jpg"],[5,"1216742441_141011_5180_1-512.jpg"],[5,"1216742441_491039_5181_1-512.jpg"],[5,"1216742441_781047_5182_1-512.jpg"],[5,"1216742442_041194_5183_1-512.jpg"],[5,"1216742443_381023_5189_1-512.jpg"],[5,"1216742443_601093_5190_1-512.jpg"],[5,"1216745844_024604_12628_3-512.jpg"],[3,"1216745844_024604_12628_3-512.jpg"],[5,"1216745844_133963_12629_3-512.jpg"],[3,"1216745844_133963_12629_3-512.jpg"],[5,"1216745844_424033_12631_3-512.jpg"],[3,"1216745844_573985_12632_3-512.jpg"],[5,"1216745844_573985_12632_3-512.jpg"],[3,"1216745844_724043_12633_3-512.jpg"],[5,"1216745844_843985_12634_3-512.jpg"],[5,"1216745844_843985_12634_3-512.jpg"],[3,"1216745844_843985_12634_3-512.jpg"],[5,"1216745844_999062_12635_3-512.jpg"],[2,"1216745844_999062_12635_3-512.jpg"],[2,"1216745845_173970_12636_3-512.jpg"],[1,"1216745845_173970_12636_3-512.jpg"],[5,"1216745845_173970_12636_3-512.jpg"],[6,"1216745845_173970_12636_3-512.jpg"],[1,"1216745845_324035_12637_3-512.jpg"],[6,"1216745845_324035_12637_3-512.jpg"],[3,"1216745845_324035_12637_3-512.jpg"],[5,"1216745845_324035_12637_3-512.jpg"],[2,"1216745845_324035_12637_3-512.jpg"],[6,"1216745845_474058_12638_3-512.jpg"],[1,"1216745845_474058_12638_3-512.jpg"],[2,"1216745845_474058_12638_3-512.jpg"],[5,"1216745845_474058_12638_3-512.jpg"],[1,"1216745845_624039_12639_3-512.jpg"],[1,"1216745845_779191_12640_3-512.jpg"],[1,"1216745845_934054_12641_3-512.jpg"],[5,"1216745845_934054_12641_3-512.jpg"],[1,"1216745846_059066_12642_3-512.jpg"],[5,"1216745846_059066_12642_3-512.jpg"],[5,"1216745846_219080_12643_3-512.jpg"],[1,"1216745846_379121_12644_3-512.jpg"],[1,"1216745846_539143_12645_3-512.jpg"],[1,"1216745846_699398_12646_3-512.jpg"],[1,"1216745846_863957_12647_3-512.jpg"],[1,"1216745847_028988_12648_3-512.jpg"],[1,"1216745847_204018_12649_3-512.jpg"],[5,"1216746776_564255_15893_3-512.jpg"],[5,"1216746776_724175_15894_3-512.jpg"],[5,"1216746776_849174_15895_3-512.jpg"],[5,"1216746776_974218_15896_3-512.jpg"],[5,"1216746777_459209_15900_3-512.jpg"]],"material_ml":"painted",