{"MATERIAL":"corrugated metal","AVG_SLOPE":9.65944959323,"AVG_HEIGHT":2.89382848798,"TERAIN_SLP":6.04632412477,"AREA":30.5437409703,"VOLUME":88,"FLOORS":1,"INT_ZONE":"Borde Rural","FLOOD":2,"LANDSLIDE":"Amenaza Media","LEGAL_ID":"311","LEGAL_NAME":"EL MIRADOR","LEGAL_AREA":11.06,"LEGAL_LOTS":989,"LEGAL_POP":5340.6,"LEGAL_DENS":89.42,"LEGALIZING":null,"BLOCK_ID_":"002570085","BLOCK_POP":138,"BLOCK_BLD":37,"BLOCK_RISK":15.786442,"BLOCK_EDU":0,"BLOCK_HLTH":9.8353148,"BLOCK_TRAN":100,"BLOCK_CULT":0,"BLOCK_PARK":95.363976,"BLOCK_SEC":43.92403,"BLOCK_CENT":0,"BLOCK_DEF":18.9189189189,"BLD_INHAB":4,"OBJECTID":1,"AO_225":0.16,"id":3935,"preds_material":[[5,"1216741589_965567_3069_3-512.jpg"],[5,"1216741589_965567_3069_3-512.jpg"],[5,"1216741590_130605_3070_3-512.jpg"],[6,"1216741590_130605_3070_3-512.jpg"],[5,"1216741590_295541_3071_3-512.jpg"],[5,"1216741590_295541_3071_3-512.jpg"],[5,"1216741590_460631_3072_3-512.jpg"],[5,"1216741590_460631_3072_3-512.jpg"],[5,"1216741590_625555_3073_3-512.jpg"],[5,"1216741590_625555_3073_3-512.jpg"],[5,"1216741590_795567_3074_3-512.jpg"],[5,"1216741590_795567_3074_3-512.jpg"],[5,"1216741590_965609_3075_3-512.jpg"],[5,"1216741591_135544_3076_3-512.jpg"],[5,"1216741591_305519_3077_3-512.jpg"],[5,"1216741591_480596_3078_3-512.jpg"],[6,"1216741591_480596_3078_3-512.jpg"],[5,"1216741591_650584_3079_3-512.jpg"],[6,"1216741591_650584_3079_3-512.jpg"],[4,"1216745833_029248_12560_3-512.jpg"],[5,"1216745833_184025_12561_3-512.jpg"]],"material_ml":"painted","preds_construction":[[2,"1216741589_965567_3069_3-512.jpg"],[1,"1216741589_965567_3069_3-512.jpg"],[2,"1216741590_130605_3070_3-512.jpg"],[2,"1216741590_295541_3071_3-512.jpg"],[2,"1216741590_295541_3071_3-512.jpg"],[1,"1216741590_295541_3071_3-512.jpg"],[2,"1216741590_460631_3072_3-512.jpg"],[2,"1216741590_460631_3072_3-512.jpg"],[1,"1216741590_460631_3072_3-512.jpg"],[2,"1216741590_625555_3073_3-512.jpg"],[2,"1216741590_625555_3073_3-512.jpg"],[1,"1216741590_625555_3073_3-512.jpg"],[2,"1216741590_795567_3074_3-512.jpg"],[2,"1216741590_795567_3074_3-512.jpg"],[1,"1216741590_795567_3074_3-512.jpg"],[2,"1216741590_965609_3075_3-512.jpg"],[1,"1216741590_965609_3075_3-512.jpg"],[2,"1216741591_135544_3076_3-512.jpg"],[2,"1216741591_305519_3077_3-512.jpg"],[2,"1216741591_480596_3078_3-512.jpg"],[2,"1216741591_650584_3079_3-512.jpg"],[1,"1216741591_650584_3079_3-512.jpg"],[1,"1216745832_724130_12558_3-512.jpg"],[1,"1216745832_874023_12559_3-512.jpg"],[1,"1216745833_029248_12560_3-512.jpg"],[2,"1216745833_029248_12560_3-512.jpg"],[2,"1216745833_184025_12561_3-512.jpg"],[1,"1216745833_339129_12562_3-512.jpg"]],"construction_ml":"complete","preds_design":[[1,"1216741589_965567_3069_3-512.jpg"],[2,"1216741589_965567_3069_3-512.jpg"],[1,"1216741590_130605_3070_3-512.jpg"],[1,"1216741590_295541_3071_3-512.jpg"],[1,"1216741590_295541_3071_3-512.jpg"],[1,"1216741590_460631_3072_3-512.jpg"],[1,"1216741590_460631_3072_3-512.jpg"],[1,"1216741590_625555_3073_3-512.jpg"],[1,"1216741590_625555_3073_3-512.jpg"],[1,"1216741590_795567_3074_3-512.jpg"],[1,"1216741590_795567_3074_3-512.jpg"],[1,"1216741590_965609_3075_3-512.jpg"],[1,"1216741591_135544_3076_3-512.jpg"],[1,"1216741591_305519_3077_3-512.jpg"],[1,"1216741591_480596_3078_3-512.jpg"],[1,"1216741591_650584_3079_3-512.jpg"],[1,"1216745832_424103_12556_3-512.jpg"],[1,"1216745832_574013_12557_3-512.jpg"],[1,"1216745832_724130_12558_3-512.jpg"],[1,"1216745832_874023_12559_3-512.jpg"],[1,"1216745833_029248_12560_3-512.jpg"],[1,"1216745833_029248_12560_3-512.jpg"],[1,"1216745833_184025_12561_3-512.jpg"],[1,"1216745833_339129_12562_3-512.jpg"]],"design_ml":"undesigned","images":[]}
