{"MATERIAL":"corrugated metal/heavily patched","AVG_SLOPE":7.34202534869,"AVG_HEIGHT":7.32914305015,"TERAIN_SLP":6.02563032861,"AREA":36.4190984503,"VOLUME":267,"FLOORS":2,"INT_ZONE":"Borde Rural","FLOOD":2,"LANDSLIDE":"Amenaza Media","LEGAL_ID":"311","LEGAL_NAME":"EL MIRADOR","LEGAL_AREA":11.06,"LEGAL_LOTS":989,"LEGAL_POP":5340.6,"LEGAL_DENS":89.42,"LEGALIZING":null,"BLOCK_ID_":"002570085","BLOCK_POP":138,"BLOCK_BLD":37,"BLOCK_RISK":15.786442,"BLOCK_EDU":0,"BLOCK_HLTH":9.8353148,"BLOCK_TRAN":100,"BLOCK_CULT":0,"BLOCK_PARK":95.363976,"BLOCK_SEC":43.92403,"BLOCK_CENT":0,"BLOCK_DEF":18.9189189189,"BLD_INHAB":4,"OBJECTID":1,"AO_225":0.16,"id":3937,"preds_material":[[5,"1216741586_750594_3049_3-512.jpg"],[5,"1216741586_915589_3050_3-512.jpg"],[5,"1216741587_080615_3051_3-512.jpg"],[5,"1216741587_240618_3052_3-512.jpg"],[5,"1216741587_240618_3052_3-512.jpg"],[5,"1216741587_400593_3053_3-512.jpg"],[5,"1216741587_560666_3054_3-512.jpg"],[5,"1216741587_560666_3054_3-512.jpg"],[5,"1216741587_720594_3055_3-512.jpg"],[5,"1216741587_720594_3055_3-512.jpg"],[5,"1216741587_880591_3056_3-512.jpg"],[5,"1216741587_880591_3056_3-512.jpg"],[5,"1216741588_040799_3057_3-512.jpg"],[5,"1216741588_040799_3057_3-512.jpg"],[5,"1216741588_195612_3058_3-512.jpg"],[5,"1216741588_350590_3059_3-512.jpg"],[5,"1216741588_350590_3059_3-512.jpg"],[5,"1216741588_510588_3060_3-512.jpg"],[5,"1216741588_670582_3061_3-512.jpg"],[4,"1216745829_519132_12537_3-512.jpg"],[1,"1216745830_464152_12543_3-512.jpg"],[5,"1216745830_774049_12545_3-512.jpg"],[5,"1216745830_924119_12546_3-512.jpg"],[5,"1216745831_074023_12547_3-512.jpg"],[5,"1216746380_466402_14875_1-512.jpg"]],"material_ml":"painted","preds_construction":[[2,"1216741586_750594_3049_3-512.jpg"],[2,"1216741586_915589_3050_3-512.jpg"],[2,"1216741587_080615_3051_3-512.jpg"],[2,"1216741587_240618_3052_3-512.jpg"],[2,"1216741587_240618_3052_3-512.jpg"],[2,"1216741587_400593_3053_3-512.jpg"],[2,"1216741587_560666_3054_3-512.jpg"],[2,"1216741587_560666_3054_3-512.jpg"],[2,"1216741587_720594_3055_3-512.jpg"],[2,"1216741587_720594_3055_3-512.jpg"],[2,"1216741587_880591_3056_3-512.jpg"],[2,"1216741587_880591_3056_3-512.jpg"],[2,"1216741588_040799_3057_3-512.jpg"],[2,"1216741588_040799_3057_3-512.jpg"],[2,"1216741588_195612_3058_3-512.jpg"],[2,"1216741588_350590_3059_3-512.jpg"],[2,"1216741588_350590_3059_3-512.jpg"],[2,"1216741588_350590_3059_3-512.jpg"],[2,"1216741588_510588_3060_3-512.jpg"],[2,"1216741588_670582_3061_3-512.jpg"],[2,"1216745829_519132_12537_3-512.jpg"],[2,"1216745829_679143_12538_3-512.jpg"],[2,"1216745829_834041_12539_3-512.jpg"],[2,"1216745829_994040_12540_3-512.jpg"],[2,"1216745830_154127_12541_3-512.jpg"],[2,"1216745830_309120_12542_3-512.jpg"],[2,"1216745830_619153_12544_3-512.jpg"],[2,"1216745830_774049_12545_3-512.jpg"],[2,"1216745830_924119_12546_3-512.jpg"],[2,"1216745830_924119_12546_3-512.jpg"],[2,"1216745831_074023_12547_3-512.jpg"],[1,"1216746761_404248_15803_3-512.jpg"],[1,"1216746761_599177_15804_3-512.jpg"],[1,"1216746761_794261_15805_3-512.jpg"],[1,"1216746761_989237_15806_3-512.jpg"],[1,"1216746762_179156_15807_3-512.jpg"],[2,"1216746762_179156_15807_3-512.jpg"]],"construction_ml":"complete","preds_design":[[2,"1216741586_750594_3049_3-512.jpg"],[2,"1216741586_915589_3050_3-512.jpg"],[2,"1216741587_080615_3051_3-512.jpg"],[2,"1216741587_240618_3052_3-512.jpg"],[2,"1216741587_240618_3052_3-512.jpg"],[2,"1216741587_400593_3053_3-512.jpg"],[2,"1216741587_560666_3054_3-512.jpg"],[2,"1216741587_560666_3054_3-512.jpg"],[2,"1216741587_720594_3055_3-512.jpg"],[2,"1216741587_720594_3055_3-512.jpg"],[2,"1216741587_880591_3056_3-512.jpg"],[2,"1216741587_880591_3056_3-512.jpg"],[2,"1216741588_040799_3057_3-512.jpg"],[2,"1216741588_040799_3057_3-512.jpg"],[2,"1216741588_195612_3058_3-512.jpg"],[2,"1216741588_350590_3059_3-512.jpg"],[2,"1216741588_350590_3059_3-512.jpg"],[2,"1216741588_510588_3060_3-512.jpg"],[2,"1216741588_670582_3061_3-512.jpg"],[1,"1216745829_189123_12535_3-512.jpg"],[1,"1216745829_354045_12536_3-512.jpg"],[1,"1216745829_519132_12537_3-512.jpg"],[1,"1216745829_679143_12538_3-512.jpg"],[1,"1216745829_834041_12539_3-512.jpg"],[1,"1216745829_994040_12540_3-512.jpg"],[1,"1216745829_994040_12540_3-512.jpg"],[1,"1216745830_309120_12542_3-512.jpg"],[1,"1216745830_464152_12543_3-512.jpg"],[1,"1216745830_619153_12544_3-512.jpg"],[1,"1216745830_774049_12545_3-512.jpg"],[1,"1216745830_924119_12546_3-512.jpg"],[1,"1216745831_074023_12547_3-512.jpg"],[2,"1216746380_466402_14875_1-512.jpg"]],"design_ml":"designed","images":[]}
