{"MATERIAL":"corrugated metal/heavily patched","AVG_SLOPE":7.87142200393,"AVG_HEIGHT":2.3256427203,"TERAIN_SLP":5.12422159529,"AREA":103.883814651,"VOLUME":242,"FLOORS":1,"INT_ZONE":"Borde Rural","FLOOD":2,"LANDSLIDE":"Amenaza Media","LEGAL_ID":"1481","LEGAL_NAME":"EL EDEN SECTOR EL PARAISO","LEGAL_AREA":0,"LEGAL_LOTS":0,"LEGAL_POP":0,"LEGAL_DENS":0,"LEGALIZING":"No viable","BLOCK_ID_":"204106001","BLOCK_POP":831,"BLOCK_BLD":212,"BLOCK_RISK":2.4658778,"BLOCK_EDU":0,"BLOCK_HLTH":9.9786768,"BLOCK_TRAN":91.102531,"BLOCK_CULT":0,"BLOCK_PARK":90.285126,"BLOCK_SEC":55.59795,"BLOCK_CENT":0,"BLOCK_DEF":64.6226415094,"BLD_INHAB":4,"OBJECTID":1,"AO_225":0.16,"id":3939,"preds_material":[[1,"1216741583_530658_3035_1-512.jpg"],[1,"1216741583_950634_3036_1-512.jpg"],[2,"1216741585_295572_3041_1-512.jpg"],[2,"1216741585_500598_3042_1-512.jpg"],[2,"1216741585_700587_3043_1-512.jpg"],[2,"1216741585_890626_3044_1-512.jpg"],[2,"1216741586_070624_3045_1-512.jpg"],[5,"1216745822_974123_12501_1-512.jpg"],[5,"1216745823_159139_12502_1-512.jpg"],[5,"1216745823_343925_12503_1-512.jpg"],[5,"1216745823_494069_12504_1-512.jpg"],[5,"1216745823_679163_12505_1-512.jpg"],[5,"1216745823_864151_12506_1-512.jpg"],[1,"1216745823_864151_12506_1-512.jpg"],[1,"1216745823_864151_12506_1-512.jpg"],[1,"1216745824_049400_12507_1-512.jpg"],[5,"1216745824_049400_12507_1-512.jpg"],[1,"1216745824_199171_12508_1-512.jpg"],[1,"1216745824_609063_12510_1-512.jpg"],[1,"1216745824_794105_12511_1-512.jpg"],[1,"1216745824_978928_12512_1-512.jpg"],[1,"1216745825_158951_12513_1-512.jpg"],[1,"1216745825_314062_12514_1-512.jpg"],[1,"1216745825_524136_12515_1-512.jpg"],[1,"1216745825_729162_12516_1-512.jpg"],[1,"1216745825_929155_12517_1-512.jpg"],[1,"1216745826_129193_12518_1-512.jpg"],[1,"1216745826_324047_12519_1-512.jpg"],[5,"1216745826_519153_12520_1-512.jpg"],[5,"1216745826_709131_12521_1-512.jpg"],[1,"1216746753_379244_15750_1-512.jpg"],[1,"1216746753_514259_15751_1-512.jpg"],[1,"1216746753_654307_15752_1-512.jpg"],[1,"1216746753_784328_15753_1-512.jpg"],[1,"1216746753_924289_15754_1-512.jpg"],[1,"1216746754_059425_15755_1-512.jpg"],[1,"1216746754_184286_15756_1-512.jpg"],[1,"1216746754_319172_15757_1-512.jpg"],[1,"1216746754_439195_15758_1-512.jpg"],[1,"1216746754_569186_15759_1-512.jpg"],[1,"1216746754_684278_15760_1-512.jpg"],[5,"1216746755_049172_15763_1-512.jpg"],[5,"1216746755_159207_15764_1-512.jpg"],[5,"1216746755_284419_15765_1-512.jpg"],[5,"1216746755_389199_15766_1-512.jpg"],[5,"1216746755_514274_15767_1-512.jpg"],[5,"1216746755_619323_15768_1-512.jpg"],[3,"1216746755_734355_15769_1-512.jpg"],[5,"1216746755_734355_15769_1-512.jpg"],[3,"1216746755_849246_15770_1-512.jpg"],[1,"1216746755_849246_15770_1-512.jpg"],[3,"1216746755_964075_15771_1-512.jpg"],[2,"1216746755_964075_15771_1-512.jpg"],[3,"1216746756_074287_15772_1-512.jpg"],[1,"1216746756_074287_15772_1-512.jpg"],[2,"1216746756_074287_15772_1-512.jpg"],[4,"1216746756_074287_15772_1-512.jpg"],[2,"1216746756_189145_15773_1-512.jpg"],[1,"1216746756_189145_15773_1-512.jpg"],[3,"1216746756_189145_15773_1-512.jpg"],[2,"1216746756_299241_15774_1-512.jpg"],[1,"1216746756_299241_15774_1-512.jpg"],[2,"1216746756_409284_15775_1-512.jpg"],[1,"1216746756_409284_15775_1-512.jpg"],[2,"1216746756_524273_15776_1-512.jpg"],[1,"1216746756_524273_15776_1-512.jpg"],[2,"1216746756_629338_15777_1-512.jpg"],[1,"1216746756_629338_15777_1-512.jpg"],[2,"1216746756_754276_15778_1-512.jpg"],[2,"1216746756_859506_15779_1-512.jpg"]],"material_ml":"brick","preds_construction":[[2,"1216741583_530658_3035_1-512.jpg"],[2,"1216741585_700587_3043_1-512.jpg"],[2,"1216741585_890626_3044_1-512.jpg"],[2,"1216741586_070624_3045_1-512.jpg"],[1,"1216745824_609063_12510_1-512.jpg"],[1,"1216745824_794105_12511_1-512.jpg"],[1,"1216745824_794105_12511_1-512.jpg"],[1,"1216745825_158951_12513_1-512.jpg"],[1,"1216745825_314062_12514_1-512.jpg"],[1,"1216745825_524136_12515_1-512.jpg"],[1,"1216745825_524136_12515_1-512.jpg"],[1,"1216745825_729162_12516_1-512.jpg"],[1,"1216745825_929155_12517_1-512.jpg"],[1,"1216745826_129193_12518_1-512.jpg"],[2,"1216746755_284419_15765_1-512.jpg"],[2,"1216746755_389199_15766_1-512.jpg"],[2,"1216746755_514274_15767_1-512.jpg"],[2,"1216746755_619323_15768_1-512.jpg"],[2,"1216746755_734355_15769_1-512.jpg"],[2,"1216746755_849246_15770_1-512.jpg"],[2,"1216746755_964075_15771_1-512.jpg"],[2,"1216746756_074287_15772_1-512.jpg"],[2,"1216746756_189145_15773_1-512.jpg"],[2,"1216746756_299241_15774_1-512.jpg"],[2,"1216746756_409284_15775_1-512.jpg"],[2,"1216746756_524273_15776_1-512.jpg"],[2,"1216746756_629338_15777_1-512.jpg"],[2,"1216746756_754276_15778_1-512.jpg"],[2,"1216746756_859506_15779_1-512.jpg"]],"construction_ml":"complete","preds_design":[[1,"1216741583_530658_3035_1-512.jpg"],[1,"1216741583_950634_3036_1-512.jpg"],[1,"1216741584_850622_3039_1-512.jpg"],[1,"1216741585_080641_3040_1-512.jpg"],[1,"1216741585_700587_3043_1-512.jpg"],[1,"1216741585_890626_3044_1-512.jpg"],[1,"1216741586_070624_3045_1-512.jpg"],[1,"1216745825_314062_12514_1-512.jpg"],[1,"1216745825_524136_12515_1-512.jpg"],[2,"1216745825_729162_12516_1-512.jpg"],[1,"1216745825_729162_12516_1-512.jpg"],[2,"1216745825_929155_12517_1-512.jpg"],[2,"1216745826_129193_12518_1-512.jpg"],[1,"1216745826_519153_12520_1-512.jpg"],[1,"1216745826_709131_12521_1-512.jpg"],[2,"1216746754_819271_15761_1-512.jpg"],[2,"1216746754_924273_15762_1-512.jpg"],[2,"1216746755_049172_15763_1-512.jpg"],[2,"1216746755_159207_15764_1-512.jpg"],[2,"1216746755_284419_15765_1-512.jpg"],[2,"1216746755_389199_15766_1-512.jpg"],[2,"1216746755_514274_15767_1-512.jpg"],[2,"1216746755_619323_15768_1-512.jpg"],[2,"1216746755_734355_15769_1-512.jpg"],[2,"1216746755_849246_15770_1-512.jpg"],[2,"1216746755_964075_15771_1-512.jpg"],[2,"1216746756_074287_15772_1-512.jpg"],[2,"1216746756_189145_15773_1-512.jpg"],[2,"1216746756_299241_15774_1-512.jpg"],[2,"1216746756_409284_15775_1-512.jpg"],[2,"1216746756_524273_15776_1-512.jpg"],[2,"1216746756_629338_15777_1-512.jpg"],[2,"1216746756_754276_15778_1-512.jpg"],[2,"1216746756_859506_15779_1-512.jpg"]],"design_ml":"designed","images":[]}
