{"MATERIAL":"corrugated metal","AVG_SLOPE":5.97265436774,"AVG_HEIGHT":8.03888278799,"TERAIN_SLP":5.49895813181,"AREA":66.7002748687,"VOLUME":536,"FLOORS":3,"INT_ZONE":null,"FLOOD":2,"LANDSLIDE":"Amenaza Media","LEGAL_ID":"1481","LEGAL_NAME":"EL EDEN SECTOR EL PARAISO","LEGAL_AREA":0,"LEGAL_LOTS":0,"LEGAL_POP":0,"LEGAL_DENS":0,"LEGALIZING":"No viable","BLOCK_ID_":"204106001","BLOCK_POP":831,"BLOCK_BLD":212,"BLOCK_RISK":2.4658778,"BLOCK_EDU":0,"BLOCK_HLTH":9.9786768,"BLOCK_TRAN":91.102531,"BLOCK_CULT":0,"BLOCK_PARK":90.285126,"BLOCK_SEC":55.59795,"BLOCK_CENT":0,"BLOCK_DEF":64.6226415094,"BLD_INHAB":4,"OBJECTID":1,"AO_225":0.16,"id":3942,"preds_mat":[[5,"1216746392_626301_14877_3-512.jpg"],[1,"1216746753_094289_15748_1-512.jpg"],[1,"1216746753_229279_15749_1-512.jpg"]],"material_ml":"brick","images":[]}
