{"MATERIAL":"corrugated metal","AVG_SLOPE":5.97265436774,"AVG_HEIGHT":8.03888278799,"TERAIN_SLP":5.49895813181,"AREA":66.7002748687,"VOLUME":536,"FLOORS":3,"INT_ZONE":null,"FLOOD":2,"LANDSLIDE":"Amenaza Media","LEGAL_ID":"1481","LEGAL_NAME":"EL EDEN SECTOR EL PARAISO","LEGAL_AREA":0,"LEGAL_LOTS":0,"LEGAL_POP":0,"LEGAL_DENS":0,"LEGALIZING":"No viable","BLOCK_ID_":"204106001","BLOCK_POP":831,"BLOCK_BLD":212,"BLOCK_RISK":2.4658778,"BLOCK_EDU":0,"BLOCK_HLTH":9.9786768,"BLOCK_TRAN":91.102531,"BLOCK_CULT":0,"BLOCK_PARK":90.285126,"BLOCK_SEC":55.59795,"BLOCK_CENT":0,"BLOCK_DEF":64.6226415094,"BLD_INHAB":4,"OBJECTID":1,"AO_225":0.16,"id":3942,"preds_material":[[5,"1216746392_626301_14877_3-512.jpg"],[1,"1216746753_094289_15748_1-512.jpg"],[1,"1216746753_229279_15749_1-512.jpg"]],"material_ml":"brick","preds_construction":[[1,"1216745824_049400_12507_1-512.jpg"],[2,"1216746392_626301_14877_3-512.jpg"],[2,"1216746751_199506_15735_1-512.jpg"],[2,"1216746751_354523_15736_1-512.jpg"],[2,"1216746751_479215_15737_1-512.jpg"],[2,"1216746751_629224_15738_1-512.jpg"],[2,"1216746751_774265_15739_1-512.jpg"],[2,"1216746751_964327_15740_1-512.jpg"],[2,"1216746751_964327_15740_1-512.jpg"],[2,"1216746752_104169_15741_1-512.jpg"],[2,"1216746752_104169_15741_1-512.jpg"],[2,"1216746752_239239_15742_1-512.jpg"],[2,"1216746752_389272_15743_1-512.jpg"],[2,"1216746752_524316_15744_1-512.jpg"],[2,"1216746752_659352_15745_1-512.jpg"],[2,"1216746752_659352_15745_1-512.jpg"],[2,"1216746752_809214_15746_1-512.jpg"],[2,"1216746752_809214_15746_1-512.jpg"],[2,"1216746752_949412_15747_1-512.jpg"],[2,"1216746753_094289_15748_1-512.jpg"],[2,"1216746753_094289_15748_1-512.jpg"],[2,"1216746753_229279_15749_1-512.jpg"],[2,"1216746753_229279_15749_1-512.jpg"],[2,"1216746753_229279_15749_1-512.jpg"],[2,"1216746753_379244_15750_1-512.jpg"],[2,"1216746753_379244_15750_1-512.jpg"],[2,"1216746753_514259_15751_1-512.jpg"],[2,"1216746753_654307_15752_1-512.jpg"],[2,"1216746753_654307_15752_1-512.jpg"],[2,"1216746753_784328_15753_1-512.jpg"],[2,"1216746753_784328_15753_1-512.jpg"]],"construction_ml":"complete","preds_design":[[1,"1216745822_974123_12501_1-512.jpg"],[1,"1216745823_864151_12506_1-512.jpg"],[1,"1216745824_049400_12507_1-512.jpg"],[2,"1216746392_626301_14877_3-512.jpg"],[1,"1216746752_104169_15741_1-512.jpg"],[1,"1216746752_239239_15742_1-512.jpg"],[1,"1216746752_389272_15743_1-512.jpg"],[1,"1216746752_389272_15743_1-512.jpg"],[1,"1216746752_524316_15744_1-512.jpg"],[2,"1216746752_949412_15747_1-512.jpg"],[2,"1216746753_094289_15748_1-512.jpg"],[2,"1216746753_229279_15749_1-512.jpg"],[2,"1216746753_379244_15750_1-512.jpg"],[2,"1216746753_514259_15751_1-512.jpg"],[2,"1216746753_654307_15752_1-512.jpg"],[2,"1216746753_784328_15753_1-512.jpg"]],"design_ml":"undesigned","images":[]}
