{"MATERIAL":"corrugated metal","AVG_SLOPE":4.52899326454,"AVG_HEIGHT":8.11026448864,"TERAIN_SLP":6.75372142759,"AREA":60.6457712182,"VOLUME":492,"FLOORS":3,"INT_ZONE":null,"FLOOD":2,"LANDSLIDE":"Amenaza Media","LEGAL_ID":"1481","LEGAL_NAME":"EL EDEN SECTOR EL PARAISO","LEGAL_AREA":0,"LEGAL_LOTS":0,"LEGAL_POP":0,"LEGAL_DENS":0,"LEGALIZING":"No viable","BLOCK_ID_":"204106001","BLOCK_POP":831,"BLOCK_BLD":212,"BLOCK_RISK":2.4658778,"BLOCK_EDU":0,"BLOCK_HLTH":9.9786768,"BLOCK_TRAN":91.102531,"BLOCK_CULT":0,"BLOCK_PARK":90.285126,"BLOCK_SEC":55.59795,"BLOCK_CENT":0,"BLOCK_DEF":64.6226415094,"BLD_INHAB":4,"OBJECTID":1,"AO_225":0.16,"id":3944,"preds_material":[[5,"1216741261_817270_2148_1-512.jpg"],[1,"1216745820_189228_12486_1-512.jpg"],[1,"1216745820_344074_12487_1-512.jpg"],[1,"1216745820_344074_12487_1-512.jpg"],[1,"1216745820_499182_12488_1-512.jpg"],[1,"1216745820_499182_12488_1-512.jpg"],[1,"1216745820_659178_12489_1-512.jpg"],[1,"1216745820_659178_12489_1-512.jpg"],[1,"1216745820_819179_12490_1-512.jpg"],[1,"1216745820_984074_12491_1-512.jpg"],[1,"1216745821_154070_12492_1-512.jpg"],[1,"1216745821_329168_12493_1-512.jpg"]],"material_ml":"brick","preds_construction":[[2,"1216741261_817270_2148_1-512.jpg"],[1,"1216745820_984074_12491_1-512.jpg"],[1,"1216745821_154070_12492_1-512.jpg"],[1,"1216745821_329168_12493_1-512.jpg"],[2,"1216746748_884306_15724_1-512.jpg"],[2,"1216746750_074113_15729_1-512.jpg"],[2,"1216746750_464125_15731_1-512.jpg"]],"construction_ml":"complete","preds_design":[[2,"1216741261_817270_2148_1-512.jpg"],[1,"1216745820_344074_12487_1-512.jpg"],[1,"1216745820_499182_12488_1-512.jpg"],[1,"1216745820_659178_12489_1-512.jpg"],[1,"1216745820_819179_12490_1-512.jpg"],[1,"1216745821_154070_12492_1-512.jpg"],[1,"1216746750_074113_15729_1-512.jpg"],[1,"1216746750_274100_15730_1-512.jpg"],[1,"1216746750_464125_15731_1-512.jpg"]],"design_ml":"undesigned","images":[]}
