{"MATERIAL":"corrugated metal/heavily patched","AVG_SLOPE":3.94725812142,"AVG_HEIGHT":2.76005949797,"TERAIN_SLP":2.76830043803,"AREA":27.0430349745,"VOLUME":75,"FLOORS":1,"INT_ZONE":null,"FLOOD":2,"LANDSLIDE":"Amenaza Media","LEGAL_ID":"358","LEGAL_NAME":"EL PARAISO","LEGAL_AREA":26.04,"LEGAL_LOTS":2077,"LEGAL_POP":11215.8,"LEGAL_DENS":79.76190476,"LEGALIZING":null,"BLOCK_ID_":"002565082","BLOCK_POP":170,"BLOCK_BLD":50,"BLOCK_RISK":15.152835,"BLOCK_EDU":0,"BLOCK_HLTH":13.620973,"BLOCK_TRAN":97.737358,"BLOCK_CULT":0,"BLOCK_PARK":60.822239,"BLOCK_SEC":100,"BLOCK_CENT":0,"BLOCK_DEF":24,"BLD_INHAB":3,"OBJECTID":2,"AO_225":0.2,"id":3949,"preds_material":[[1,"1216741263_432337_2150_1-512.jpg"],[1,"1216741263_952425_2151_1-512.jpg"],[1,"1216741264_372342_2152_1-512.jpg"],[1,"1216741264_722352_2153_1-512.jpg"],[1,"1216741265_032512_2154_1-512.jpg"],[1,"1216741265_322341_2155_1-512.jpg"],[1,"1216741265_592340_2156_1-512.jpg"],[1,"1216745820_189228_12486_3-512.jpg"],[1,"1216745820_344074_12487_3-512.jpg"],[1,"1216745820_499182_12488_3-512.jpg"],[1,"1216745820_659178_12489_3-512.jpg"]],"material_ml":"brick","preds_construction":[[1,"1216741263_432337_2150_1-512.jpg"],[1,"1216741263_432337_2150_1-512.jpg"],[1,"1216741263_952425_2151_1-512.jpg"],[2,"1216741263_952425_2151_1-512.jpg"],[1,"1216741264_372342_2152_1-512.jpg"],[1,"1216741264_722352_2153_1-512.jpg"],[1,"1216741265_032512_2154_1-512.jpg"],[1,"1216741265_322341_2155_1-512.jpg"],[1,"1216741265_592340_2156_1-512.jpg"],[1,"1216745820_039314_12485_3-512.jpg"],[2,"1216745820_189228_12486_3-512.jpg"],[2,"1216745820_344074_12487_3-512.jpg"],[2,"1216745820_499182_12488_3-512.jpg"],[1,"1216745820_499182_12488_3-512.jpg"],[2,"1216745820_659178_12489_3-512.jpg"],[1,"1216745820_659178_12489_3-512.jpg"],[1,"1216746750_074113_15729_3-512.jpg"],[1,"1216746750_464125_15731_3-512.jpg"],[1,"1216746750_604301_15732_3-512.jpg"]],"construction_ml":"incomplete","preds_design":[[1,"1216741263_432337_2150_1-512.jpg"],[1,"1216741263_952425_2151_1-512.jpg"],[1,"1216741264_372342_2152_1-512.jpg"],[1,"1216741264_722352_2153_1-512.jpg"],[1,"1216741265_032512_2154_1-512.jpg"],[1,"1216741265_322341_2155_1-512.jpg"],[1,"1216741265_592340_2156_1-512.jpg"],[1,"1216745820_499182_12488_3-512.jpg"],[2,"1216746749_164258_15725_3-512.jpg"],[2,"1216746750_464125_15731_3-512.jpg"],[1,"1216746750_604301_15732_3-512.jpg"]],"design_ml":"undesigned","images":[]}
