{"MATERIAL":"corrugated metal/heavily patched","AVG_SLOPE":3.51557655889,"AVG_HEIGHT":3.18197060376,"TERAIN_SLP":4.82446580188,"AREA":20.4578460869,"VOLUME":65,"FLOORS":2,"INT_ZONE":null,"FLOOD":2,"LANDSLIDE":"Amenaza Media","LEGAL_ID":"358","LEGAL_NAME":"EL PARAISO","LEGAL_AREA":26.04,"LEGAL_LOTS":2077,"LEGAL_POP":11215.8,"LEGAL_DENS":79.76190476,"LEGALIZING":null,"BLOCK_ID_":"002565082","BLOCK_POP":170,"BLOCK_BLD":50,"BLOCK_RISK":15.152835,"BLOCK_EDU":0,"BLOCK_HLTH":13.620973,"BLOCK_TRAN":97.737358,"BLOCK_CULT":0,"BLOCK_PARK":60.822239,"BLOCK_SEC":100,"BLOCK_CENT":0,"BLOCK_DEF":24,"BLD_INHAB":3,"OBJECTID":1,"AO_225":0.16,"id":3950,"preds_material":[[5,"1216745463_415272_11583_1-512.jpg"],[5,"1216745463_415272_11583_1-512.jpg"],[1,"1216745824_049400_12507_3-512.jpg"],[1,"1216745824_199171_12508_3-512.jpg"],[5,"1216745824_794105_12511_3-512.jpg"],[1,"1216746753_924289_15754_3-512.jpg"],[1,"1216746754_059425_15755_3-512.jpg"],[1,"1216746754_184286_15756_3-512.jpg"]],"material_ml":"brick","preds_construction":[[2,"1216745463_415272_11583_1-512.jpg"],[2,"1216745824_049400_12507_3-512.jpg"],[2,"1216745824_199171_12508_3-512.jpg"],[2,"1216745824_429135_12509_3-512.jpg"],[1,"1216746753_924289_15754_3-512.jpg"],[1,"1216746754_059425_15755_3-512.jpg"],[1,"1216746754_184286_15756_3-512.jpg"],[1,"1216746754_319172_15757_3-512.jpg"],[1,"1216746754_439195_15758_3-512.jpg"],[1,"1216746754_569186_15759_3-512.jpg"]],"construction_ml":"incomplete","preds_design":[[2,"1216745463_415272_11583_1-512.jpg"],[1,"1216745822_109186_12497_3-512.jpg"],[1,"1216745823_494069_12504_3-512.jpg"],[1,"1216745823_679163_12505_3-512.jpg"],[1,"1216745824_199171_12508_3-512.jpg"],[1,"1216745824_429135_12509_3-512.jpg"],[1,"1216745825_314062_12514_3-512.jpg"]],"design_ml":"undesigned","images":[]}
