{"MATERIAL":"corrugated metal","AVG_SLOPE":4.94137757437,"AVG_HEIGHT":5.60111504998,"TERAIN_SLP":4.27259961437,"AREA":67.4882496807,"VOLUME":378,"FLOORS":2,"INT_ZONE":null,"FLOOD":2,"LANDSLIDE":"Amenaza Media","LEGAL_ID":"358","LEGAL_NAME":"EL PARAISO","LEGAL_AREA":26.04,"LEGAL_LOTS":2077,"LEGAL_POP":11215.8,"LEGAL_DENS":79.76190476,"LEGALIZING":null,"BLOCK_ID_":"002565082","BLOCK_POP":170,"BLOCK_BLD":50,"BLOCK_RISK":15.152835,"BLOCK_EDU":0,"BLOCK_HLTH":13.620973,"BLOCK_TRAN":97.737358,"BLOCK_CULT":0,"BLOCK_PARK":60.822239,"BLOCK_SEC":100,"BLOCK_CENT":0,"BLOCK_DEF":24,"BLD_INHAB":3,"OBJECTID":1,"AO_225":0.16,"id":3951,"preds_material":[[1,"1216745822_109186_12497_3-512.jpg"],[1,"1216745822_324048_12498_3-512.jpg"],[2,"1216745822_554088_12499_3-512.jpg"],[2,"1216745822_789187_12500_3-512.jpg"],[5,"1216745822_974123_12501_3-512.jpg"],[2,"1216745822_974123_12501_3-512.jpg"],[5,"1216745823_159139_12502_3-512.jpg"],[2,"1216745823_159139_12502_3-512.jpg"],[5,"1216745823_343925_12503_3-512.jpg"],[5,"1216745823_494069_12504_3-512.jpg"],[5,"1216746392_626301_14877_1-512.jpg"],[1,"1216746753_094289_15748_3-512.jpg"],[1,"1216746753_229279_15749_3-512.jpg"],[1,"1216746753_379244_15750_3-512.jpg"],[1,"1216746753_514259_15751_3-512.jpg"],[1,"1216746753_654307_15752_3-512.jpg"],[1,"1216746753_784328_15753_3-512.jpg"]],"material_ml":"brick","preds_construction":[[2,"1216745821_904093_12496_3-512.jpg"],[2,"1216745822_109186_12497_3-512.jpg"],[2,"1216745822_109186_12497_3-512.jpg"],[2,"1216745822_324048_12498_3-512.jpg"],[2,"1216745822_554088_12499_3-512.jpg"],[2,"1216745822_789187_12500_3-512.jpg"],[2,"1216745822_974123_12501_3-512.jpg"],[2,"1216745823_159139_12502_3-512.jpg"],[2,"1216745823_343925_12503_3-512.jpg"],[2,"1216745823_494069_12504_3-512.jpg"],[2,"1216745823_679163_12505_3-512.jpg"],[2,"1216746392_626301_14877_1-512.jpg"],[1,"1216746752_104169_15741_3-512.jpg"],[1,"1216746752_239239_15742_3-512.jpg"],[1,"1216746752_389272_15743_3-512.jpg"],[1,"1216746752_524316_15744_3-512.jpg"],[1,"1216746752_659352_15745_3-512.jpg"],[1,"1216746752_809214_15746_3-512.jpg"],[1,"1216746752_949412_15747_3-512.jpg"],[1,"1216746753_094289_15748_3-512.jpg"],[1,"1216746753_229279_15749_3-512.jpg"],[1,"1216746753_379244_15750_3-512.jpg"],[1,"1216746753_514259_15751_3-512.jpg"],[1,"1216746753_654307_15752_3-512.jpg"],[1,"1216746753_784328_15753_3-512.jpg"]],"construction_ml":"incomplete","preds_design":[[1,"1216745822_324048_12498_3-512.jpg"],[1,"1216745822_974123_12501_3-512.jpg"],[1,"1216745823_159139_12502_3-512.jpg"],[1,"1216745823_159139_12502_3-512.jpg"],[1,"1216745823_343925_12503_3-512.jpg"],[1,"1216745823_679163_12505_3-512.jpg"],[2,"1216746392_626301_14877_1-512.jpg"],[1,"1216746392_626301_14877_1-512.jpg"],[1,"1216746753_094289_15748_3-512.jpg"]],"design_ml":"undesigned","images":[]}
