{"MATERIAL":"corrugated metal - rusty","AVG_SLOPE":5.85202540288,"AVG_HEIGHT":4.63856813702,"TERAIN_SLP":5.72075082582,"AREA":67.351060053,"VOLUME":312,"FLOORS":2,"INT_ZONE":"Borde Rural","FLOOD":1,"LANDSLIDE":"Amenaza Media","LEGAL_ID":"311","LEGAL_NAME":"EL MIRADOR","LEGAL_AREA":11.06,"LEGAL_LOTS":989,"LEGAL_POP":5340.6,"LEGAL_DENS":89.42,"LEGALIZING":null,"BLOCK_ID_":"002570038","BLOCK_POP":78,"BLOCK_BLD":22,"BLOCK_RISK":14.326711,"BLOCK_EDU":0,"BLOCK_HLTH":9.413763,"BLOCK_TRAN":88.122253,"BLOCK_CULT":0,"BLOCK_PARK":0,"BLOCK_SEC":100,"BLOCK_CENT":0,"BLOCK_DEF":31.8181818182,"BLD_INHAB":4,"OBJECTID":1,"AO_225":0.16,"id":398,"preds_material":[[1,"1216742737_499371_5834_3-512.jpg"],[1,"1216742738_014282_5835_3-512.jpg"],[1,"1216742738_459300_5836_3-512.jpg"],[5,"1216742738_459300_5836_3-512.jpg"],[1,"1216742738_459300_5836_3-512.jpg"],[1,"1216742738_869367_5837_3-512.jpg"],[1,"1216742739_254466_5838_3-512.jpg"],[1,"1216742739_634253_5839_3-512.jpg"],[1,"1216742740_019296_5840_3-512.jpg"],[1,"1216742740_389338_5841_3-512.jpg"],[1,"1216742740_739355_5842_3-512.jpg"],[5,"1216742741_664276_5845_3-512.jpg"],[5,"1216742741_944288_5846_3-512.jpg"],[5,"1216742742_214259_5847_3-512.jpg"],[5,"1216742742_474267_5848_3-512.jpg"],[1,"1216742743_634298_5853_3-512.jpg"],[1,"1216742743_849162_5854_3-512.jpg"],[5,"1216742743_849162_5854_3-512.jpg"],[5,"1216742744_054172_5855_3-512.jpg"],[5,"1216742744_259190_5856_3-512.jpg"],[1,"1216742744_259190_5856_3-512.jpg"],[5,"1216742744_464186_5857_3-512.jpg"],[1,"1216742744_464186_5857_3-512.jpg"],[5,"1216742744_464186_5857_3-512.jpg"],[1,"1216742744_664236_5858_3-512.jpg"],[1,"1216742744_859226_5859_3-512.jpg"],[5,"1216742744_859226_5859_3-512.jpg"],[5,"1216742745_054271_5860_3-512.jpg"],[5,"1216742745_249264_5861_3-512.jpg"],[5,"1216742745_439267_5862_3-512.jpg"],[5,"1216742745_629278_5863_3-512.jpg"],[5,"1216742745_824179_5864_3-512.jpg"],[5,"1216742746_019148_5865_3-512.jpg"],[5,"1216742746_399162_5867_3-512.jpg"],[5,"1216742746_589171_5868_3-512.jpg"],[5,"1216742746_779160_5869_3-512.jpg"],[5,"1216742746_969181_5870_3-512.jpg"],[5,"1216742747_164176_5871_3-512.jpg"],[5,"1216742747_364166_5872_3-512.jpg"],[5,"1216742747_569206_5873_3-512.jpg"],[5,"1216742747_764222_5874_3-512.jpg"],[5,"1216742747_964097_5875_3-512.jpg"],[5,"1216742748_169121_5876_3-512.jpg"],[5,"1216742748_374120_5877_3-512.jpg"],[5,"1216742748_784107_5879_3-512.jpg"],[5,"1216742748_999158_5880_3-512.jpg"],[5,"1216742749_219167_5881_3-512.jpg"],[5,"1216742749_449160_5882_3-512.jpg"],[5,"1216742749_684157_5883_3-512.jpg"],[6,"1216742749_684157_5883_3-512.jpg"],[5,"1216742752_183936_5891_3-512.jpg"],[5,"1216742752_783914_5892_3-512.jpg"],[5,"1216742753_548905_5893_3-512.jpg"],[5,"1216743113_967507_6869_3-512.jpg"],[5,"1216743120_372438_6885_1-512.jpg"],[5,"1216743121_022361_6886_1-512.jpg"]],"material_ml":"painted","preds_construction":[[2,"1216742737_499371_5834_3-512.jpg"],[2,"1216742738_014282_5835_3-512.jpg"],[2,"1216742738_459300_5836_3-512.jpg"],[2,"1216742738_459300_5836_3-512.jpg"],[2,"1216742738_869367_5837_3-512.jpg"],[1,"1216742738_869367_5837_3-512.jpg"],[2,"1216742739_254466_5838_3-512.jpg"],[2,"1216742739_634253_5839_3-512.jpg"],[2,"1216742740_019296_5840_3-512.jpg"],[2,"1216742740_389338_5841_3-512.jpg"],[1,"1216742740_389338_5841_3-512.jpg"],[2,"1216742740_739355_5842_3-512.jpg"],[1,"1216742740_739355_5842_3-512.jpg"],[2,"1216742741_664276_5845_3-512.jpg"],[2,"1216742741_944288_5846_3-512.jpg"],[2,"1216742742_214259_5847_3-512.jpg"],[2,"1216742742_474267_5848_3-512.jpg"],[2,"1216742744_054172_5855_3-512.jpg"],[2,"1216742744_259190_5856_3-512.jpg"],[2,"1216742744_464186_5857_3-512.jpg"],[2,"1216742744_464186_5857_3-512.jpg"],[2,"1216742744_664236_5858_3-512.jpg"],[2,"1216742744_664236_5858_3-512.jpg"],[2,"1216742744_859226_5859_3-512.jpg"],[2,"1216742744_859226_5859_3-512.jpg"],[2,"1216742745_054271_5860_3-512.jpg"],[2,"1216742745_249264_5861_3-512.jpg"],[2,"1216742745_439267_5862_3-512.jpg"],[2,"1216742745_629278_5863_3-512.jpg"],[2,"1216742745_824179_5864_3-512.jpg"],[2,"1216742746_019148_5865_3-512.jpg"],[2,"1216742746_399162_5867_3-512.jpg"],[2,"1216742746_589171_5868_3-512.jpg"],[2,"1216742746_779160_5869_3-512.jpg"],[2,"1216742746_969181_5870_3-512.jpg"],[2,"1216742747_164176_5871_3-512.jpg"],[2,"1216742747_569206_5873_3-512.jpg"],[2,"1216742747_764222_5874_3-512.jpg"],[2,"1216742747_964097_5875_3-512.jpg"],[2,"1216742748_169121_5876_3-512.jpg"],[2,"1216742748_374120_5877_3-512.jpg"],[2,"1216742748_784107_5879_3-512.jpg"],[2,"1216742748_999158_5880_3-512.jpg"],[2,"1216742749_219167_5881_3-512.jpg"],[2,"1216742749_449160_5882_3-512.jpg"],[2,"1216742749_684157_5883_3-512.jpg"],[2,"1216742752_183936_5891_3-512.jpg"],[2,"1216742752_783914_5892_3-512.jpg"],[2,"1216742753_548905_5893_3-512.jpg"],[2,"1216743120_372438_6885_1-512.jpg"],[2,"1216743121_022361_6886_1-512.jpg"]],"construction_ml":"complete","preds_design":[[2,"1216742737_499371_5834_3-512.jpg"],[2,"1216742738_014282_5835_3-512.jpg"],[2,"1216742738_459300_5836_3-512.jpg"],[2,"1216742738_459300_5836_3-512.jpg"],[2,"1216742738_869367_5837_3-512.jpg"],[2,"1216742739_254466_5838_3-512.jpg"],[2,"1216742739_634253_5839_3-512.jpg"],[2,"1216742740_019296_5840_3-512.jpg"],[2,"1216742740_389338_5841_3-512.jpg"],[2,"1216742740_739355_5842_3-512.jpg"],[2,"1216742741_664276_5845_3-512.jpg"],[2,"1216742741_944288_5846_3-512.jpg"],[2,"1216742742_214259_5847_3-512.jpg"],[2,"1216742742_474267_5848_3-512.jpg"],[2,"1216742743_414284_5852_3-512.jpg"],[2,"1216742743_634298_5853_3-512.jpg"],[2,"1216742743_849162_5854_3-512.jpg"],[2,"1216742744_054172_5855_3-512.jpg"],[2,"1216742744_259190_5856_3-512.jpg"],[2,"1216742744_464186_5857_3-512.jpg"],[2,"1216742744_664236_5858_3-512.jpg"],[1,"1216742744_859226_5859_3-512.jpg"],[2,"1216742744_859226_5859_3-512.jpg"],[1,"1216742745_054271_5860_3-512.jpg"],[1,"1216742745_249264_5861_3-512.jpg"],[1,"1216742745_439267_5862_3-512.jpg"],[1,"1216742745_629278_5863_3-512.jpg"],[1,"1216742745_824179_5864_3-512.jpg"],[1,"1216742746_019148_5865_3-512.jpg"],[1,"1216742746_399162_5867_3-512.jpg"],[1,"1216742746_589171_5868_3-512.jpg"],[1,"1216742746_779160_5869_3-512.jpg"],[1,"1216742746_969181_5870_3-512.jpg"],[1,"1216742747_164176_5871_3-512.jpg"],[2,"1216742747_569206_5873_3-512.jpg"],[2,"1216742747_764222_5874_3-512.jpg"],[2,"1216742747_964097_5875_3-512.jpg"],[2,"1216742748_169121_5876_3-512.jpg"],[2,"1216742748_374120_5877_3-512.jpg"],[1,"1216742748_579120_5878_3-512.jpg"],[2,"1216742748_784107_5879_3-512.jpg"],[2,"1216742748_999158_5880_3-512.jpg"],[2,"1216742749_219167_5881_3-512.jpg"],[2,"1216742749_449160_5882_3-512.jpg"],[2,"1216742749_684157_5883_3-512.jpg"],[1,"1216742749_684157_5883_3-512.jpg"],[2,"1216742752_183936_5891_3-512.jpg"],[2,"1216742752_783914_5892_3-512.jpg"],[2,"1216742753_548905_5893_3-512.jpg"],[1,"1216743120_372438_6885_1-512.jpg"],[1,"1216743121_022361_6886_1-512.jpg"]],"design_ml":"designed","images":[]}
