{"MATERIAL":"corrugated metal","AVG_SLOPE":9.41907153588,"AVG_HEIGHT":3.00444455961,"TERAIN_SLP":0.64691119628,"AREA":64.0480577949,"VOLUME":192,"FLOORS":2,"INT_ZONE":"Borde Rural","FLOOD":2,"LANDSLIDE":"Amenaza Media","LEGAL_ID":"311","LEGAL_NAME":"EL MIRADOR","LEGAL_AREA":11.06,"LEGAL_LOTS":989,"LEGAL_POP":5340.6,"LEGAL_DENS":89.42,"LEGALIZING":"Prediagnosticado","BLOCK_ID_":"002570038","BLOCK_POP":78,"BLOCK_BLD":22,"BLOCK_RISK":14.326711,"BLOCK_EDU":0,"BLOCK_HLTH":9.413763,"BLOCK_TRAN":88.122253,"BLOCK_CULT":0,"BLOCK_PARK":0,"BLOCK_SEC":100,"BLOCK_CENT":0,"BLOCK_DEF":31.8181818182,"BLD_INHAB":4,"OBJECTID":1,"AO_225":0.16,"id":401,"preds_material":[[5,"1216742756_824156_5901_3-512.jpg"],[1,"1216742758_219130_5907_3-512.jpg"],[1,"1216742762_499054_5921_3-512.jpg"]],"material_ml":"brick","images":[]}
