{"MATERIAL":"corrugated metal","AVG_SLOPE":6.53536523025,"AVG_HEIGHT":7.82755896087,"TERAIN_SLP":1.23415574406,"AREA":95.9334464972,"VOLUME":751,"FLOORS":2,"INT_ZONE":"Borde Rural","FLOOD":1,"LANDSLIDE":"Amenaza Media","LEGAL_ID":"311","LEGAL_NAME":"EL MIRADOR","LEGAL_AREA":11.06,"LEGAL_LOTS":989,"LEGAL_POP":5340.6,"LEGAL_DENS":89.42,"LEGALIZING":null,"BLOCK_ID_":"002570038","BLOCK_POP":78,"BLOCK_BLD":22,"BLOCK_RISK":14.326711,"BLOCK_EDU":0,"BLOCK_HLTH":9.413763,"BLOCK_TRAN":88.122253,"BLOCK_CULT":0,"BLOCK_PARK":0,"BLOCK_SEC":100,"BLOCK_CENT":0,"BLOCK_DEF":31.8181818182,"BLD_INHAB":4,"OBJECTID":1,"AO_225":0.16,"id":402,"preds_material":[[5,"1216742757_079191_5902_3-512.jpg"],[5,"1216742757_324171_5903_3-512.jpg"],[5,"1216742757_559205_5904_3-512.jpg"],[5,"1216742757_789241_5905_3-512.jpg"],[1,"1216742758_434126_5908_3-512.jpg"],[1,"1216742758_644120_5909_3-512.jpg"],[1,"1216742758_849168_5910_3-512.jpg"],[1,"1216742759_064125_5911_3-512.jpg"],[1,"1216742763_029098_5922_3-512.jpg"],[1,"1216742763_654039_5923_3-512.jpg"]],"material_ml":"brick","preds_construction":[[2,"1216742757_079191_5902_3-512.jpg"],[2,"1216742757_324171_5903_3-512.jpg"],[2,"1216742757_559205_5904_3-512.jpg"],[2,"1216742757_789241_5905_3-512.jpg"],[2,"1216742758_644120_5909_3-512.jpg"],[2,"1216742758_849168_5910_3-512.jpg"],[2,"1216742763_029098_5922_3-512.jpg"],[2,"1216742763_654039_5923_3-512.jpg"]],"construction_ml":"complete","preds_design":[[2,"1216742757_079191_5902_3-512.jpg"],[2,"1216742757_324171_5903_3-512.jpg"],[2,"1216742757_559205_5904_3-512.jpg"],[2,"1216742757_789241_5905_3-512.jpg"],[2,"1216742758_644120_5909_3-512.jpg"],[2,"1216742758_849168_5910_3-512.jpg"],[2,"1216742759_064125_5911_3-512.jpg"],[2,"1216742763_029098_5922_3-512.jpg"],[2,"1216742763_654039_5923_3-512.jpg"]],"design_ml":"designed","images":[]}
