{"MATERIAL":"corrugated metal","AVG_SLOPE":3.77705481414,"AVG_HEIGHT":4.70225277728,"TERAIN_SLP":10.294190972,"AREA":71.1732874553,"VOLUME":335,"FLOORS":2,"INT_ZONE":"Borde Rural","FLOOD":1,"LANDSLIDE":"Amenaza Media","LEGAL_ID":"311","LEGAL_NAME":"EL MIRADOR","LEGAL_AREA":11.06,"LEGAL_LOTS":989,"LEGAL_POP":5340.6,"LEGAL_DENS":89.42,"LEGALIZING":null,"BLOCK_ID_":"002570038","BLOCK_POP":78,"BLOCK_BLD":22,"BLOCK_RISK":14.326711,"BLOCK_EDU":0,"BLOCK_HLTH":9.413763,"BLOCK_TRAN":88.122253,"BLOCK_CULT":0,"BLOCK_PARK":0,"BLOCK_SEC":100,"BLOCK_CENT":0,"BLOCK_DEF":31.8181818182,"BLD_INHAB":4,"OBJECTID":1,"AO_225":0.16,"id":405,"preds_material":[[5,"1216744326_076010_9418_3-512.jpg"],[5,"1216744326_326003_9419_3-512.jpg"],[5,"1216744326_566037_9420_3-512.jpg"],[5,"1216744326_791054_9421_3-512.jpg"],[5,"1216744327_426101_9424_3-512.jpg"],[5,"1216744327_631092_9425_3-512.jpg"],[5,"1216744327_830977_9426_3-512.jpg"],[5,"1216744328_030990_9427_3-512.jpg"],[5,"1216744328_230995_9428_3-512.jpg"],[5,"1216744328_436086_9429_3-512.jpg"],[5,"1216744328_650966_9430_3-512.jpg"],[5,"1216744328_875992_9431_3-512.jpg"],[5,"1216744329_110986_9432_3-512.jpg"],[5,"1216744329_360982_9433_3-512.jpg"],[5,"1216744329_846224_9435_3-512.jpg"],[1,"1216744329_846224_9435_3-512.jpg"],[5,"1216744330_101223_9436_3-512.jpg"],[1,"1216744330_101223_9436_3-512.jpg"],[5,"1216744330_391182_9437_3-512.jpg"],[1,"1216744330_391182_9437_3-512.jpg"],[1,"1216744330_681180_9438_3-512.jpg"],[5,"1216744330_681180_9438_3-512.jpg"],[1,"1216744330_681180_9438_3-512.jpg"],[5,"1216744330_971228_9439_3-512.jpg"],[1,"1216744330_971228_9439_3-512.jpg"],[5,"1216744331_281196_9440_3-512.jpg"],[1,"1216744331_281196_9440_3-512.jpg"],[1,"1216744331_606169_9441_3-512.jpg"],[1,"1216744331_986087_9442_3-512.jpg"],[1,"1216744332_451047_9443_3-512.jpg"],[1,"1216744332_941066_9444_3-512.jpg"],[5,"1216744332_941066_9444_3-512.jpg"],[5,"1216744333_730986_9445_3-512.jpg"],[5,"1216744335_710893_9447_3-512.jpg"],[5,"1216744336_350927_9448_3-512.jpg"],[5,"1216744336_855930_9449_3-512.jpg"],[5,"1216744337_281026_9450_3-512.jpg"],[5,"1216744337_281026_9450_3-512.jpg"],[5,"1216744337_606057_9451_3-512.jpg"],[5,"1216744337_606057_9451_3-512.jpg"],[1,"1216744337_606057_9451_3-512.jpg"],[5,"1216744337_901004_9452_3-512.jpg"],[1,"1216744337_901004_9452_3-512.jpg"],[5,"1216744337_901004_9452_3-512.jpg"],[1,"1216744338_181194_9453_3-512.jpg"],[5,"1216744338_181194_9453_3-512.jpg"],[5,"1216744338_181194_9453_3-512.jpg"],[1,"1216744338_451037_9454_3-512.jpg"],[5,"1216744338_451037_9454_3-512.jpg"],[5,"1216744338_451037_9454_3-512.jpg"],[1,"1216744338_711031_9455_3-512.jpg"],[5,"1216744338_711031_9455_3-512.jpg"],[5,"1216744338_711031_9455_3-512.jpg"],[1,"1216744338_961060_9456_3-512.jpg"],[5,"1216744338_961060_9456_3-512.jpg"],[5,"1216744338_961060_9456_3-512.jpg"],[1,"1216744339_211218_9457_3-512.jpg"],[5,"1216744339_211218_9457_3-512.jpg"],[5,"1216744339_211218_9457_3-512.jpg"],[1,"1216744339_461079_9458_3-512.jpg"],[5,"1216744339_461079_9458_3-512.jpg"],[5,"1216744339_461079_9458_3-512.jpg"],[5,"1216744339_706074_9459_3-512.jpg"],[1,"1216744339_706074_9459_3-512.jpg"],[5,"1216744339_706074_9459_3-512.jpg"],[1,"1216744339_955895_9460_3-512.jpg"],[5,"1216744339_955895_9460_3-512.jpg"],[5,"1216744339_955895_9460_3-512.jpg"],[5,"1216744340_201125_9461_3-512.jpg"],[1,"1216744340_201125_9461_3-512.jpg"],[5,"1216744340_441016_9462_3-512.jpg"],[1,"1216744340_441016_9462_3-512.jpg"],[5,"1216744340_685965_9463_3-512.jpg"],[1,"1216744340_685965_9463_3-512.jpg"],[1,"1216744340_945930_9464_3-512.jpg"],[5,"1216744340_945930_9464_3-512.jpg"],[5,"1216744341_176134_9465_3-512.jpg"],[1,"1216744341_176134_9465_3-512.jpg"],[5,"1216744341_435873_9466_3-512.jpg"],[1,"1216744341_435873_9466_3-512.jpg"],[5,"1216744341_710890_9467_3-512.jpg"],[5,"1216744341_975791_9468_3-512.jpg"],[5,"1216744342_265773_9469_3-512.jpg"],[5,"1216744342_565817_9470_3-512.jpg"],[5,"1216744343_760828_9474_3-512.jpg"],[5,"1216744345_235764_9479_3-512.jpg"],[5,"1216744345_525783_9480_3-512.jpg"],[5,"1216744346_395700_9483_3-512.jpg"],[5,"1216744347_555780_9487_3-512.jpg"],[5,"1216744347_845773_9488_3-512.jpg"],[5,"1216744348_140778_9489_3-512.jpg"],[5,"1216744348_415748_9490_3-512.jpg"],[5,"1216744348_675919_9491_3-512.jpg"],[1,"1216744348_945690_9492_3-512.jpg"],[5,"1216744348_945690_9492_3-512.jpg"],[5,"1216744348_945690_9492_3-512.jpg"],[1,"1216744349_210695_9493_3-512.jpg"],[5,"1216744349_210695_9493_3-512.jpg"],[5,"1216744349_210695_9493_3-512.jpg"],[1,"1216744349_480669_9494_3-512.jpg"],[5,"1216744349_480669_9494_3-512.jpg"],[1,"1216744349_760755_9495_3-512.jpg"],[5,"1216744349_760755_9495_3-512.jpg"],[1,"1216744350_045749_9496_3-512.jpg"],[5,"1216744350_045749_9496_3-512.jpg"],[5,"1216744350_310678_9497_3-512.jpg"],[5,"1216744350_310678_9497_3-512.jpg"],[1,"1216744350_310678_9497_3-512.jpg"],[5,"1216744350_580634_9498_3-512.jpg"],[5,"1216744350_580634_9498_3-512.jpg"],[1,"1216744350_580634_9498_3-512.jpg"],[1,"1216744350_580634_9498_3-512.jpg"],[5,"1216744350_845643_9499_3-512.jpg"],[1,"1216744350_845643_9499_3-512.jpg"],[5,"1216744351_126089_9500_3-512.jpg"],[1,"1216744351_126089_9500_3-512.jpg"],[5,"1216744351_375968_9501_3-512.jpg"],[5,"1216744351_375968_9501_3-512.jpg"],[5,"1216744351_630980_9502_3-512.jpg"],[5,"1216744351_630980_9502_3-512.jpg"],[5,"1216744351_890882_9503_3-512.jpg"],[5,"1216744351_890882_9503_3-512.jpg"],[5,"1216744351_890882_9503_3-512.jpg"],[5,"1216744352_145955_9504_3-512.jpg"],[5,"1216744352_145955_9504_3-512.jpg"],[5,"1216744352_145955_9504_3-512.jpg"],[5,"1216744352_405916_9505_3-512.jpg"],[5,"1216744352_405916_9505_3-512.jpg"],[5,"1216744352_405916_9505_3-512.jpg"],[5,"1216744352_711072_9506_3-512.jpg"],[5,"1216744352_711072_9506_3-512.jpg"],[5,"1216744352_711072_9506_3-512.jpg"],[5,"1216744352_980999_9507_3-512.jpg"],[5,"1216744352_980999_9507_3-512.jpg"],[1,"1216744352_980999_9507_3-512.jpg"],[5,"1216744353_251032_9508_3-512.jpg"],[5,"1216744353_251032_9508_3-512.jpg"],[1,"1216744353_251032_9508_3-512.jpg"],[5,"1216744353_251032_9508_3-512.jpg"],[5,"1216744353_520998_9509_3-512.jpg"],[6,"1216744353_520998_9509_3-512.jpg"],[5,"1216744353_816079_9510_3-512.jpg"],[6,"1216744353_816079_9510_3-512.jpg"],[5,"1216744353_816079_9510_3-512.jpg"],[5,"1216744354_086024_9511_3-512.jpg"],[6,"1216744354_086024_9511_3-512.jpg"],[5,"1216744354_355863_9512_3-512.jpg"],[5,"1216744354_630837_9513_3-512.jpg"],[5,"1216744354_895943_9514_3-512.jpg"],[1,"1216744354_895943_9514_3-512.jpg"],[5,"1216744355_180941_9515_3-512.jpg"],[1,"1216744355_180941_9515_3-512.jpg"],[1,"1216744355_460997_9516_3-512.jpg"],[5,"1216744355_460997_9516_3-512.jpg"],[1,"1216744355_740875_9517_3-512.jpg"],[1,"1216744356_020906_9518_3-512.jpg"],[5,"1216744356_295972_9519_3-512.jpg"],[1,"1216744356_295972_9519_3-512.jpg"],[5,"1216744356_570769_9520_3-512.jpg"],[1,"1216744356_570769_9520_3-512.jpg"],[5,"1216744406_565838_9634_3-512.jpg"],[1,"1216744406_565838_9634_3-512.jpg"],[5,"1216744407_286045_9635_3-512.jpg"],[1,"1216744407_286045_9635_3-512.jpg"],[5,"1216744408_100778_9636_3-512.jpg"],[5,"1216744408_100778_9636_3-512.jpg"],[1,"1216744408_100778_9636_3-512.jpg"],[5,"1216744408_891011_9637_3-512.jpg"],[5,"1216744408_891011_9637_3-512.jpg"],[5,"1216744409_790937_9638_3-512.jpg"],[5,"1216744410_515913_9639_3-512.jpg"],[5,"1216744411_285989_9640_3-512.jpg"],[5,"1216744411_935784_9641_3-512.jpg"]],"material_ml":"painted",