{"MATERIAL":"corrugated metal/heavily patched","AVG_SLOPE":6.8328952601,"AVG_HEIGHT":2.79178784796,"TERAIN_SLP":1.2547077808,"AREA":74.6949298427,"VOLUME":209,"FLOORS":1,"INT_ZONE":"Borde Rural","FLOOD":1,"LANDSLIDE":"Amenaza Media","LEGAL_ID":"311","LEGAL_NAME":"EL MIRADOR","LEGAL_AREA":11.06,"LEGAL_LOTS":989,"LEGAL_POP":5340.6,"LEGAL_DENS":89.42,"LEGALIZING":null,"BLOCK_ID_":"002570038","BLOCK_POP":78,"BLOCK_BLD":22,"BLOCK_RISK":14.326711,"BLOCK_EDU":0,"BLOCK_HLTH":9.413763,"BLOCK_TRAN":88.122253,"BLOCK_CULT":0,"BLOCK_PARK":0,"BLOCK_SEC":100,"BLOCK_CENT":0,"BLOCK_DEF":31.8181818182,"BLD_INHAB":4,"OBJECTID":1,"AO_225":0.16,"id":408,"preds_material":[[5,"1216744372_016026_9567_3-512.jpg"],[5,"1216744372_361037_9568_3-512.jpg"],[5,"1216744374_135826_9573_3-512.jpg"],[1,"1216744374_135826_9573_3-512.jpg"],[5,"1216744374_505924_9574_3-512.jpg"],[1,"1216744374_505924_9574_3-512.jpg"],[1,"1216744374_885799_9575_3-512.jpg"],[1,"1216744375_230830_9576_3-512.jpg"],[1,"1216744375_230830_9576_3-512.jpg"],[5,"1216744375_575841_9577_3-512.jpg"],[1,"1216744375_575841_9577_3-512.jpg"],[5,"1216744375_915866_9578_3-512.jpg"],[5,"1216744376_225879_9579_3-512.jpg"],[5,"1216744376_550881_9580_3-512.jpg"],[1,"1216744376_550881_9580_3-512.jpg"],[5,"1216744376_910836_9581_3-512.jpg"],[1,"1216744376_910836_9581_3-512.jpg"],[5,"1216744376_910836_9581_3-512.jpg"],[5,"1216744377_250985_9582_3-512.jpg"],[5,"1216744377_250985_9582_3-512.jpg"],[1,"1216744377_250985_9582_3-512.jpg"],[1,"1216744377_640829_9583_3-512.jpg"],[5,"1216744377_640829_9583_3-512.jpg"],[5,"1216744377_640829_9583_3-512.jpg"],[1,"1216744378_060829_9584_3-512.jpg"],[5,"1216744381_545629_9591_3-512.jpg"],[1,"1216744382_050638_9592_3-512.jpg"],[1,"1216744382_500754_9593_3-512.jpg"],[5,"1216744386_040730_9599_3-512.jpg"],[5,"1216744386_650841_9600_3-512.jpg"],[1,"1216744395_060693_9615_3-512.jpg"],[1,"1216744395_060693_9615_3-512.jpg"],[1,"1216744395_690567_9616_3-512.jpg"],[1,"1216744396_240687_9617_3-512.jpg"],[1,"1216744396_715681_9618_3-512.jpg"],[1,"1216744397_145729_9619_3-512.jpg"],[1,"1216744397_550860_9620_3-512.jpg"],[1,"1216744398_155803_9621_3-512.jpg"],[1,"1216744398_890848_9622_3-512.jpg"],[1,"1216744399_490629_9623_3-512.jpg"],[6,"1216744400_185470_9624_3-512.jpg"]],"material_ml":"brick","preds_construction":[[2,"1216744374_135826_9573_3-512.jpg"],[2,"1216744374_505924_9574_3-512.jpg"],[2,"1216744374_885799_9575_3-512.jpg"],[2,"1216744375_230830_9576_3-512.jpg"],[2,"1216744375_575841_9577_3-512.jpg"],[2,"1216744375_915866_9578_3-512.jpg"],[2,"1216744376_225879_9579_3-512.jpg"],[2,"1216744376_550881_9580_3-512.jpg"],[2,"1216744376_910836_9581_3-512.jpg"],[2,"1216744376_910836_9581_3-512.jpg"],[2,"1216744377_250985_9582_3-512.jpg"],[2,"1216744377_640829_9583_3-512.jpg"],[2,"1216744378_060829_9584_3-512.jpg"],[2,"1216744378_505787_9585_3-512.jpg"],[2,"1216744381_545629_9591_3-512.jpg"],[2,"1216744382_050638_9592_3-512.jpg"],[2,"1216744382_500754_9593_3-512.jpg"],[2,"1216744386_040730_9599_3-512.jpg"],[2,"1216744386_650841_9600_3-512.jpg"],[2,"1216744394_495765_9614_3-512.jpg"],[2,"1216744395_690567_9616_3-512.jpg"],[2,"1216744395_690567_9616_3-512.jpg"],[1,"1216744395_690567_9616_3-512.jpg"],[2,"1216744396_240687_9617_3-512.jpg"],[2,"1216744396_240687_9617_3-512.jpg"],[1,"1216744396_240687_9617_3-512.jpg"],[2,"1216744396_715681_9618_3-512.jpg"],[1,"1216744396_715681_9618_3-512.jpg"],[2,"1216744397_145729_9619_3-512.jpg"],[2,"1216744397_550860_9620_3-512.jpg"],[2,"1216744398_155803_9621_3-512.jpg"],[2,"1216744398_890848_9622_3-512.jpg"],[2,"1216744399_490629_9623_3-512.jpg"],[2,"1216744400_185470_9624_3-512.jpg"]],"construction_ml":"complete","preds_design":[[1,"1216744372_016026_9567_3-512.jpg"],[2,"1216744372_361037_9568_3-512.jpg"],[2,"1216744374_135826_9573_3-512.jpg"],[2,"1216744374_505924_9574_3-512.jpg"],[2,"1216744374_885799_9575_3-512.jpg"],[2,"1216744375_575841_9577_3-512.jpg"],[2,"1216744375_915866_9578_3-512.jpg"],[2,"1216744376_225879_9579_3-512.jpg"],[2,"1216744376_550881_9580_3-512.jpg"],[2,"1216744376_910836_9581_3-512.jpg"],[1,"1216744376_910836_9581_3-512.jpg"],[2,"1216744377_250985_9582_3-512.jpg"],[2,"1216744377_640829_9583_3-512.jpg"],[1,"1216744377_640829_9583_3-512.jpg"],[2,"1216744378_060829_9584_3-512.jpg"],[1,"1216744378_910829_9586_3-512.jpg"],[1,"1216744379_295720_9587_3-512.jpg"],[1,"1216744379_765946_9588_3-512.jpg"],[1,"1216744380_360811_9589_3-512.jpg"],[1,"1216744383_910892_9596_3-512.jpg"],[1,"1216744384_450865_9597_3-512.jpg"],[1,"1216744393_400663_9612_3-512.jpg"],[1,"1216744393_955715_9613_3-512.jpg"],[1,"1216744394_495765_9614_3-512.jpg"],[1,"1216744396_240687_9617_3-512.jpg"],[2,"1216744396_240687_9617_3-512.jpg"],[2,"1216744396_715681_9618_3-512.jpg"],[2,"1216744397_145729_9619_3-512.jpg"],[2,"1216744397_550860_9620_3-512.jpg"],[1,"1216744398_155803_9621_3-512.jpg"],[1,"1216744398_890848_9622_3-512.jpg"],[1,"1216744399_490629_9623_3-512.jpg"]],"design_ml":"undesigned","images":[]}
