{"MATERIAL":"corrugated metal","AVG_SLOPE":4.6298179282,"AVG_HEIGHT":5.74120005715,"TERAIN_SLP":1.9617470184,"AREA":69.5061831258,"VOLUME":399,"FLOORS":2,"INT_ZONE":"Borde Rural","FLOOD":2,"LANDSLIDE":"Amenaza Media","LEGAL_ID":"311","LEGAL_NAME":"EL MIRADOR","LEGAL_AREA":11.06,"LEGAL_LOTS":989,"LEGAL_POP":5340.6,"LEGAL_DENS":89.42,"LEGALIZING":null,"BLOCK_ID_":"002570042","BLOCK_POP":37,"BLOCK_BLD":11,"BLOCK_RISK":22.992823,"BLOCK_EDU":0,"BLOCK_HLTH":9.3050499,"BLOCK_TRAN":84.362244,"BLOCK_CULT":0,"BLOCK_PARK":0.46241063,"BLOCK_SEC":100,"BLOCK_CENT":0,"BLOCK_DEF":27.2727272727,"BLD_INHAB":3,"OBJECTID":1,"AO_225":0.16,"id":418,"preds_material":[[1,"1216742768_159028_5929_3-512.jpg"],[1,"1216742768_648931_5930_3-512.jpg"],[5,"1216742769_079225_5931_3-512.jpg"],[1,"1216742769_079225_5931_3-512.jpg"],[5,"1216742769_469119_5932_3-512.jpg"],[1,"1216742769_469119_5932_3-512.jpg"],[5,"1216742769_819232_5933_3-512.jpg"],[5,"1216742770_149248_5934_3-512.jpg"],[5,"1216742770_149248_5934_3-512.jpg"],[5,"1216742770_444278_5935_3-512.jpg"],[5,"1216742770_444278_5935_3-512.jpg"],[5,"1216742770_709157_5936_3-512.jpg"],[5,"1216742770_709157_5936_3-512.jpg"],[5,"1216742770_959168_5937_3-512.jpg"],[1,"1216742770_959168_5937_3-512.jpg"],[5,"1216742770_959168_5937_3-512.jpg"],[5,"1216742771_209188_5938_3-512.jpg"],[5,"1216742771_454234_5939_3-512.jpg"],[5,"1216742771_649195_5940_3-512.jpg"],[5,"1216742771_889148_5941_3-512.jpg"],[6,"1216742771_889148_5941_3-512.jpg"],[2,"1216742771_889148_5941_3-512.jpg"],[5,"1216742772_129142_5942_3-512.jpg"],[2,"1216742772_129142_5942_3-512.jpg"],[6,"1216742772_129142_5942_3-512.jpg"],[5,"1216742772_359200_5943_3-512.jpg"],[2,"1216742772_359200_5943_3-512.jpg"],[1,"1216742772_359200_5943_3-512.jpg"],[6,"1216742772_359200_5943_3-512.jpg"],[5,"1216742772_599169_5944_3-512.jpg"],[2,"1216742772_599169_5944_3-512.jpg"],[5,"1216742772_599169_5944_3-512.jpg"],[1,"1216742772_599169_5944_3-512.jpg"],[6,"1216742772_599169_5944_3-512.jpg"],[1,"1216742772_834197_5945_3-512.jpg"],[2,"1216742772_834197_5945_3-512.jpg"],[5,"1216742772_834197_5945_3-512.jpg"],[5,"1216742772_834197_5945_3-512.jpg"],[1,"1216742773_059195_5946_3-512.jpg"],[2,"1216742773_059195_5946_3-512.jpg"],[5,"1216742773_294166_5947_3-512.jpg"],[1,"1216742773_294166_5947_3-512.jpg"],[5,"1216742773_294166_5947_3-512.jpg"],[5,"1216742773_529162_5948_3-512.jpg"],[1,"1216742773_529162_5948_3-512.jpg"],[2,"1216742773_769179_5949_3-512.jpg"],[1,"1216742773_769179_5949_3-512.jpg"],[1,"1216742773_999114_5950_3-512.jpg"],[2,"1216742773_999114_5950_3-512.jpg"],[5,"1216742774_229234_5951_3-512.jpg"],[5,"1216742774_904155_5954_3-512.jpg"],[5,"1216742775_129143_5955_3-512.jpg"],[5,"1216742775_389151_5956_3-512.jpg"],[5,"1216743111_692018_6864_1-512.jpg"],[5,"1216743112_432124_6865_1-512.jpg"],[5,"1216743112_917622_6866_1-512.jpg"],[5,"1216743113_287456_6867_1-512.jpg"],[5,"1216743113_637486_6868_1-512.jpg"],[5,"1216743113_967507_6869_1-512.jpg"],[5,"1216743114_312441_6870_1-512.jpg"],[5,"1216743114_647354_6871_1-512.jpg"],[5,"1216743114_997284_6872_1-512.jpg"],[5,"1216743115_332455_6873_1-512.jpg"]],"material_ml":"painted","preds_construction":[[2,"1216742768_159028_5929_3-512.jpg"],[2,"1216742768_648931_5930_3-512.jpg"],[2,"1216742769_079225_5931_3-512.jpg"],[2,"1216742769_469119_5932_3-512.jpg"],[2,"1216742769_819232_5933_3-512.jpg"],[2,"1216742770_149248_5934_3-512.jpg"],[2,"1216742770_149248_5934_3-512.jpg"],[2,"1216742770_444278_5935_3-512.jpg"],[2,"1216742770_444278_5935_3-512.jpg"],[2,"1216742770_709157_5936_3-512.jpg"],[2,"1216742770_709157_5936_3-512.jpg"],[2,"1216742770_959168_5937_3-512.jpg"],[2,"1216742770_959168_5937_3-512.jpg"],[2,"1216742771_209188_5938_3-512.jpg"],[2,"1216742771_209188_5938_3-512.jpg"],[2,"1216742771_454234_5939_3-512.jpg"],[2,"1216742771_649195_5940_3-512.jpg"],[2,"1216742771_649195_5940_3-512.jpg"],[2,"1216742771_889148_5941_3-512.jpg"],[2,"1216742771_889148_5941_3-512.jpg"],[1,"1216742771_889148_5941_3-512.jpg"],[2,"1216742772_129142_5942_3-512.jpg"],[2,"1216742772_129142_5942_3-512.jpg"],[2,"1216742772_359200_5943_3-512.jpg"],[2,"1216742772_359200_5943_3-512.jpg"],[2,"1216742772_599169_5944_3-512.jpg"],[2,"1216742772_599169_5944_3-512.jpg"],[2,"1216742772_834197_5945_3-512.jpg"],[2,"1216742772_834197_5945_3-512.jpg"],[2,"1216742773_059195_5946_3-512.jpg"],[2,"1216742773_059195_5946_3-512.jpg"],[1,"1216742773_059195_5946_3-512.jpg"],[2,"1216742773_294166_5947_3-512.jpg"],[1,"1216742773_294166_5947_3-512.jpg"],[2,"1216742773_294166_5947_3-512.jpg"],[2,"1216742773_529162_5948_3-512.jpg"],[2,"1216742773_529162_5948_3-512.jpg"],[2,"1216742773_769179_5949_3-512.jpg"],[1,"1216742773_999114_5950_3-512.jpg"],[2,"1216742773_999114_5950_3-512.jpg"],[2,"1216742774_229234_5951_3-512.jpg"],[2,"1216742774_904155_5954_3-512.jpg"],[2,"1216742775_129143_5955_3-512.jpg"],[2,"1216742775_389151_5956_3-512.jpg"],[2,"1216743111_692018_6864_1-512.jpg"],[2,"1216743112_432124_6865_1-512.jpg"],[2,"1216743112_917622_6866_1-512.jpg"],[2,"1216743113_287456_6867_1-512.jpg"],[2,"1216743113_637486_6868_1-512.jpg"],[2,"1216743113_967507_6869_1-512.jpg"],[2,"1216743114_312441_6870_1-512.jpg"],[2,"1216743114_647354_6871_1-512.jpg"],[2,"1216743114_997284_6872_1-512.jpg"],[2,"1216743115_332455_6873_1-512.jpg"]],"construction_ml":"complete","preds_design":[[2,"1216742768_159028_5929_3-512.jpg"],[2,"1216742768_159028_5929_3-512.jpg"],[2,"1216742768_648931_5930_3-512.jpg"],[2,"1216742769_079225_5931_3-512.jpg"],[2,"1216742769_469119_5932_3-512.jpg"],[2,"1216742769_819232_5933_3-512.jpg"],[2,"1216742770_149248_5934_3-512.jpg"],[2,"1216742770_149248_5934_3-512.jpg"],[2,"1216742770_444278_5935_3-512.jpg"],[2,"1216742770_444278_5935_3-512.jpg"],[2,"1216742770_709157_5936_3-512.jpg"],[2,"1216742770_709157_5936_3-512.jpg"],[2,"1216742770_959168_5937_3-512.jpg"],[2,"1216742770_959168_5937_3-512.jpg"],[2,"1216742771_209188_5938_3-512.jpg"],[2,"1216742771_209188_5938_3-512.jpg"],[2,"1216742771_454234_5939_3-512.jpg"],[2,"1216742771_649195_5940_3-512.jpg"],[2,"1216742771_889148_5941_3-512.jpg"],[2,"1216742771_889148_5941_3-512.jpg"],[2,"1216742772_129142_5942_3-512.jpg"],[2,"1216742772_129142_5942_3-512.jpg"],[2,"1216742772_359200_5943_3-512.jpg"],[2,"1216742772_359200_5943_3-512.jpg"],[2,"1216742772_599169_5944_3-512.jpg"],[2,"1216742772_599169_5944_3-512.jpg"],[2,"1216742772_834197_5945_3-512.jpg"],[2,"1216742772_834197_5945_3-512.jpg"],[2,"1216742773_059195_5946_3-512.jpg"],[2,"1216742773_059195_5946_3-512.jpg"],[2,"1216742773_294166_5947_3-512.jpg"],[2,"1216742773_294166_5947_3-512.jpg"],[1,"1216742773_294166_5947_3-512.jpg"],[2,"1216742773_529162_5948_3-512.jpg"],[2,"1216742773_529162_5948_3-512.jpg"],[2,"1216742773_769179_5949_3-512.jpg"],[2,"1216742773_999114_5950_3-512.jpg"],[2,"1216742774_229234_5951_3-512.jpg"],[2,"1216742774_904155_5954_3-512.jpg"],[2,"1216742775_129143_5955_3-512.jpg"],[2,"1216742775_389151_5956_3-512.jpg"],[2,"1216743110_576699_6863_1-512.jpg"],[2,"1216743111_692018_6864_1-512.jpg"],[2,"1216743112_432124_6865_1-512.jpg"],[2,"1216743112_917622_6866_1-512.jpg"],[2,"1216743113_287456_6867_1-512.jpg"],[2,"1216743113_637486_6868_1-512.jpg"],[2,"1216743113_967507_6869_1-512.jpg"],[2,"1216743114_312441_6870_1-512.jpg"],[2,"1216743114_647354_6871_1-512.jpg"],[2,"1216743114_997284_6872_1-512.jpg"],[2,"1216743115_332455_6873_1-512.jpg"]],"design_ml":"designed","images":[]}
