{"MATERIAL":"corrugated metal - painted","AVG_SLOPE":23.4159152455,"AVG_HEIGHT":10.5785258679,"TERAIN_SLP":1.34721334404,"AREA":79.6832945454,"VOLUME":843,"FLOORS":3,"INT_ZONE":"Borde Rural","FLOOD":1,"LANDSLIDE":"Amenaza Media","LEGAL_ID":"311","LEGAL_NAME":"EL MIRADOR","LEGAL_AREA":11.06,"LEGAL_LOTS":989,"LEGAL_POP":5340.6,"LEGAL_DENS":89.42,"LEGALIZING":null,"BLOCK_ID_":"002570042","BLOCK_POP":37,"BLOCK_BLD":11,"BLOCK_RISK":22.992823,"BLOCK_EDU":0,"BLOCK_HLTH":9.3050499,"BLOCK_TRAN":84.362244,"BLOCK_CULT":0,"BLOCK_PARK":0.46241063,"BLOCK_SEC":100,"BLOCK_CENT":0,"BLOCK_DEF":27.2727272727,"BLD_INHAB":3,"OBJECTID":1,"AO_225":0.16,"id":428,"preds_construction":[[2,"1216742767_518894_5928_3-512.jpg"],[1,"1216742767_518894_5928_3-512.jpg"]],"construction_ml":"incomplete","preds_design":[[2,"1216742767_518894_5928_3-512.jpg"]],"design_ml":"designed","images":[]}
