{"MATERIAL":"corrugated metal - painted","AVG_SLOPE":15.0666051563,"AVG_HEIGHT":3.11860056648,"TERAIN_SLP":2.65024851363,"AREA":188.119246543,"VOLUME":587,"FLOORS":2,"INT_ZONE":null,"FLOOD":2,"LANDSLIDE":"Amenaza Media","LEGAL_ID":"358","LEGAL_NAME":"EL PARAISO","LEGAL_AREA":26.04,"LEGAL_LOTS":2077,"LEGAL_POP":11215.8,"LEGAL_DENS":79.76190476,"LEGALIZING":null,"BLOCK_ID_":"002565085","BLOCK_POP":11,"BLOCK_BLD":4,"BLOCK_RISK":1.769066,"BLOCK_EDU":0,"BLOCK_HLTH":12.848568,"BLOCK_TRAN":27.209656,"BLOCK_CULT":0,"BLOCK_PARK":97.491028,"BLOCK_SEC":56.793983,"BLOCK_CENT":0,"BLOCK_DEF":50,"BLD_INHAB":3,"OBJECTID":2,"AO_225":0.2,"id":4280,"preds_material":[[5,"1216740430_682028_43_3-512.jpg"],[5,"1216740431_496988_46_3-512.jpg"],[5,"1216740431_771976_47_3-512.jpg"],[3,"1216740433_101972_52_3-512.jpg"],[3,"1216740433_372161_53_3-512.jpg"],[3,"1216740433_636974_54_3-512.jpg"],[3,"1216740433_902153_55_3-512.jpg"],[5,"1216740433_902153_55_3-512.jpg"],[3,"1216740434_186945_56_3-512.jpg"],[5,"1216740434_186945_56_3-512.jpg"],[5,"1216740434_496968_57_3-512.jpg"],[3,"1216740434_496968_57_3-512.jpg"],[5,"1216740434_871971_58_3-512.jpg"],[3,"1216740434_871971_58_3-512.jpg"],[5,"1216740435_381948_59_3-512.jpg"],[5,"1216740435_941952_60_3-512.jpg"],[5,"1216740436_971991_61_3-512.jpg"],[5,"1216740444_901904_74_3-512.jpg"],[1,"1216740445_191908_75_3-512.jpg"],[1,"1216740447_022052_81_3-512.jpg"],[1,"1216740447_301896_82_3-512.jpg"],[1,"1216740447_551884_83_3-512.jpg"],[1,"1216740447_781897_84_3-512.jpg"],[1,"1216740447_996899_85_3-512.jpg"],[1,"1216740448_201934_86_3-512.jpg"],[1,"1216740448_391913_87_3-512.jpg"],[1,"1216740448_571858_88_3-512.jpg"],[1,"1216740448_746909_89_3-512.jpg"],[1,"1216740448_921885_90_3-512.jpg"],[1,"1216740449_416901_93_3-512.jpg"],[1,"1216740449_576873_94_3-512.jpg"],[1,"1216740449_576873_94_3-512.jpg"]],"material_ml":"brick","preds_construction":[[2,"1216740430_682028_43_3-512.jpg"],[2,"1216740430_951970_44_3-512.jpg"],[2,"1216740433_101972_52_3-512.jpg"],[2,"1216740433_372161_53_3-512.jpg"],[2,"1216740433_636974_54_3-512.jpg"],[2,"1216740433_902153_55_3-512.jpg"],[2,"1216740434_496968_57_3-512.jpg"],[2,"1216740434_871971_58_3-512.jpg"],[2,"1216740435_381948_59_3-512.jpg"],[2,"1216740435_941952_60_3-512.jpg"],[2,"1216740436_971991_61_3-512.jpg"],[2,"1216740437_801932_62_3-512.jpg"],[2,"1216740444_071909_72_3-512.jpg"],[2,"1216740444_071909_72_3-512.jpg"],[2,"1216740444_551896_73_3-512.jpg"],[2,"1216740444_551896_73_3-512.jpg"],[2,"1216740444_901904_74_3-512.jpg"],[2,"1216740444_901904_74_3-512.jpg"],[2,"1216740445_191908_75_3-512.jpg"],[2,"1216740445_481886_76_3-512.jpg"],[2,"1216740445_781875_77_3-512.jpg"],[2,"1216740446_086912_78_3-512.jpg"],[1,"1216740446_401861_79_3-512.jpg"],[2,"1216740447_022052_81_3-512.jpg"],[2,"1216740447_301896_82_3-512.jpg"],[2,"1216740447_551884_83_3-512.jpg"],[2,"1216740447_781897_84_3-512.jpg"]],"construction_ml":"complete","preds_design":[[2,"1216740432_306987_49_3-512.jpg"],[1,"1216740433_101972_52_3-512.jpg"],[1,"1216740433_372161_53_3-512.jpg"],[1,"1216740433_636974_54_3-512.jpg"],[1,"1216740433_902153_55_3-512.jpg"],[1,"1216740434_186945_56_3-512.jpg"],[1,"1216740434_496968_57_3-512.jpg"],[1,"1216740434_871971_58_3-512.jpg"],[1,"1216740435_381948_59_3-512.jpg"],[1,"1216740435_941952_60_3-512.jpg"],[1,"1216740435_941952_60_3-512.jpg"],[1,"1216740436_971991_61_3-512.jpg"],[1,"1216740437_801932_62_3-512.jpg"],[1,"1216740438_291945_63_3-512.jpg"],[1,"1216740438_796980_64_3-512.jpg"],[1,"1216740438_796980_64_3-512.jpg"],[1,"1216740439_521930_65_3-512.jpg"],[1,"1216740444_551896_73_3-512.jpg"],[1,"1216740444_901904_74_3-512.jpg"],[1,"1216740445_191908_75_3-512.jpg"],[1,"1216740445_481886_76_3-512.jpg"]],"design_ml":"undesigned","images":[]}
