{"MATERIAL":"corrugated metal","AVG_SLOPE":4.64272941715,"AVG_HEIGHT":5.40794287768,"TERAIN_SLP":13.2117108515,"AREA":71.970219904,"VOLUME":389,"FLOORS":2,"INT_ZONE":null,"FLOOD":2,"LANDSLIDE":"Amenaza Media","LEGAL_ID":"358","LEGAL_NAME":"EL PARAISO","LEGAL_AREA":26.04,"LEGAL_LOTS":2077,"LEGAL_POP":11215.8,"LEGAL_DENS":79.76190476,"LEGALIZING":null,"BLOCK_ID_":"002565059","BLOCK_POP":88,"BLOCK_BLD":22,"BLOCK_RISK":0.68758124,"BLOCK_EDU":0,"BLOCK_HLTH":10.987098,"BLOCK_TRAN":26.864044,"BLOCK_CULT":0,"BLOCK_PARK":72.309006,"BLOCK_SEC":61.692173,"BLOCK_CENT":0,"BLOCK_DEF":22.7272727273,"BLD_INHAB":4,"OBJECTID":2,"AO_225":0.2,"id":4284,"preds_material":[[1,"1216740427_132072_30_1-512.jpg"],[1,"1216740427_401993_31_1-512.jpg"],[1,"1216740427_672000_32_1-512.jpg"],[1,"1216740427_936990_33_1-512.jpg"],[1,"1216740428_216996_34_1-512.jpg"],[1,"1216740428_491992_35_1-512.jpg"],[1,"1216740428_766990_36_1-512.jpg"],[1,"1216740429_042089_37_1-512.jpg"],[1,"1216740429_311972_38_1-512.jpg"],[1,"1216740429_592000_39_1-512.jpg"],[1,"1216740429_861974_40_1-512.jpg"],[1,"1216740430_136998_41_1-512.jpg"],[1,"1216740430_407008_42_1-512.jpg"],[1,"1216740430_682028_43_1-512.jpg"],[1,"1216740430_951970_44_1-512.jpg"],[1,"1216740431_222018_45_1-512.jpg"],[1,"1216740431_496988_46_1-512.jpg"],[1,"1216740431_771976_47_1-512.jpg"],[1,"1216740432_042110_48_1-512.jpg"],[1,"1216740432_306987_49_1-512.jpg"],[1,"1216740432_571966_50_1-512.jpg"],[1,"1216740432_831989_51_1-512.jpg"],[1,"1216740433_101972_52_1-512.jpg"],[1,"1216740433_372161_53_1-512.jpg"]],"material_ml":"brick","preds_construction":[[1,"1216740426_871986_29_1-512.jpg"],[1,"1216740427_132072_30_1-512.jpg"],[2,"1216740427_672000_32_1-512.jpg"],[2,"1216740427_936990_33_1-512.jpg"],[2,"1216740428_216996_34_1-512.jpg"],[2,"1216740428_491992_35_1-512.jpg"],[2,"1216740428_766990_36_1-512.jpg"],[2,"1216740429_042089_37_1-512.jpg"],[2,"1216740429_311972_38_1-512.jpg"],[2,"1216740429_592000_39_1-512.jpg"],[2,"1216740429_861974_40_1-512.jpg"],[2,"1216740430_136998_41_1-512.jpg"],[2,"1216740430_407008_42_1-512.jpg"],[2,"1216740430_682028_43_1-512.jpg"],[2,"1216740430_951970_44_1-512.jpg"],[2,"1216740431_222018_45_1-512.jpg"],[2,"1216740431_496988_46_1-512.jpg"],[2,"1216740431_771976_47_1-512.jpg"],[2,"1216740432_042110_48_1-512.jpg"],[2,"1216740432_306987_49_1-512.jpg"],[2,"1216740432_571966_50_1-512.jpg"],[2,"1216740432_831989_51_1-512.jpg"],[2,"1216740433_101972_52_1-512.jpg"]],"construction_ml":"complete","preds_design":[[2,"1216740427_672000_32_1-512.jpg"],[2,"1216740427_936990_33_1-512.jpg"],[2,"1216740428_216996_34_1-512.jpg"],[2,"1216740428_491992_35_1-512.jpg"],[2,"1216740428_766990_36_1-512.jpg"],[2,"1216740429_042089_37_1-512.jpg"],[2,"1216740429_311972_38_1-512.jpg"],[2,"1216740429_592000_39_1-512.jpg"],[2,"1216740429_861974_40_1-512.jpg"],[2,"1216740430_136998_41_1-512.jpg"],[2,"1216740430_407008_42_1-512.jpg"],[2,"1216740430_682028_43_1-512.jpg"],[2,"1216740430_951970_44_1-512.jpg"],[2,"1216740431_222018_45_1-512.jpg"],[2,"1216740431_496988_46_1-512.jpg"],[2,"1216740431_771976_47_1-512.jpg"],[2,"1216740432_042110_48_1-512.jpg"],[2,"1216740432_306987_49_1-512.jpg"],[2,"1216740432_571966_50_1-512.jpg"],[2,"1216740432_831989_51_1-512.jpg"],[2,"1216740433_101972_52_1-512.jpg"],[2,"1216740433_372161_53_1-512.jpg"]],"design_ml":"designed","images":[]}
