{"MATERIAL":"corrugated metal/heavily patched","AVG_SLOPE":3.80502163707,"AVG_HEIGHT":5.56833486343,"TERAIN_SLP":2.63704192803,"AREA":76.98676968,"VOLUME":429,"FLOORS":2,"INT_ZONE":"Borde Rural","FLOOD":2,"LANDSLIDE":"Amenaza Media","LEGAL_ID":"311","LEGAL_NAME":"EL MIRADOR","LEGAL_AREA":11.06,"LEGAL_LOTS":989,"LEGAL_POP":5340.6,"LEGAL_DENS":89.42,"LEGALIZING":null,"BLOCK_ID_":"002570043","BLOCK_POP":29,"BLOCK_BLD":10,"BLOCK_RISK":20.08124,"BLOCK_EDU":0,"BLOCK_HLTH":9.9134398,"BLOCK_TRAN":87.610336,"BLOCK_CULT":0,"BLOCK_PARK":0.49346852,"BLOCK_SEC":38.866428,"BLOCK_CENT":0,"BLOCK_DEF":30,"BLD_INHAB":3,"OBJECTID":1,"AO_225":0.16,"id":434,"preds_material":[[5,"1216742781_749122_5983_3-512.jpg"],[1,"1216742783_539126_5989_3-512.jpg"],[1,"1216742783_889023_5990_3-512.jpg"],[1,"1216742788_318767_5997_3-512.jpg"],[1,"1216742789_268727_5998_3-512.jpg"],[1,"1216742790_029031_5999_3-512.jpg"],[1,"1216742790_854160_6000_3-512.jpg"],[1,"1216742791_589029_6001_3-512.jpg"],[1,"1216742792_234133_6002_3-512.jpg"],[1,"1216742792_809123_6003_3-512.jpg"],[1,"1216742793_248895_6004_3-512.jpg"],[1,"1216742793_628957_6005_3-512.jpg"],[1,"1216742793_968998_6006_3-512.jpg"],[1,"1216742794_279002_6007_3-512.jpg"],[1,"1216742794_549116_6008_3-512.jpg"],[1,"1216742794_819323_6009_3-512.jpg"],[1,"1216742795_074312_6010_3-512.jpg"],[1,"1216742795_329190_6011_3-512.jpg"],[5,"1216742795_329190_6011_3-512.jpg"],[1,"1216742795_579040_6012_3-512.jpg"],[5,"1216742795_579040_6012_3-512.jpg"],[5,"1216742795_818936_6013_3-512.jpg"],[1,"1216742795_818936_6013_3-512.jpg"],[5,"1216742796_053979_6014_3-512.jpg"],[1,"1216742796_053979_6014_3-512.jpg"],[5,"1216742796_288930_6015_3-512.jpg"],[5,"1216742796_528960_6016_3-512.jpg"],[5,"1216742796_774223_6017_3-512.jpg"],[5,"1216742797_044419_6018_3-512.jpg"],[5,"1216742797_309400_6019_3-512.jpg"],[5,"1216742797_594352_6020_3-512.jpg"],[5,"1216742797_894366_6021_3-512.jpg"],[5,"1216742798_224382_6022_3-512.jpg"],[5,"1216742798_634369_6023_3-512.jpg"],[5,"1216742799_169194_6024_3-512.jpg"],[5,"1216743000_457988_6557_1-512.jpg"],[5,"1216743103_412284_6859_1-512.jpg"],[5,"1216743105_212108_6861_1-512.jpg"]],"material_ml":"brick","preds_construction":[[2,"1216742781_749122_5983_3-512.jpg"],[1,"1216742783_539126_5989_3-512.jpg"],[1,"1216742783_889023_5990_3-512.jpg"],[1,"1216742788_318767_5997_3-512.jpg"],[2,"1216742788_318767_5997_3-512.jpg"],[1,"1216742789_268727_5998_3-512.jpg"],[2,"1216742789_268727_5998_3-512.jpg"],[1,"1216742790_029031_5999_3-512.jpg"],[2,"1216742790_029031_5999_3-512.jpg"],[2,"1216742790_854160_6000_3-512.jpg"],[1,"1216742790_854160_6000_3-512.jpg"],[2,"1216742791_589029_6001_3-512.jpg"],[1,"1216742791_589029_6001_3-512.jpg"],[2,"1216742792_234133_6002_3-512.jpg"],[1,"1216742792_234133_6002_3-512.jpg"],[2,"1216742792_809123_6003_3-512.jpg"],[1,"1216742792_809123_6003_3-512.jpg"],[2,"1216742793_248895_6004_3-512.jpg"],[1,"1216742793_248895_6004_3-512.jpg"],[2,"1216742793_628957_6005_3-512.jpg"],[1,"1216742793_628957_6005_3-512.jpg"],[2,"1216742793_968998_6006_3-512.jpg"],[1,"1216742793_968998_6006_3-512.jpg"],[2,"1216742794_279002_6007_3-512.jpg"],[1,"1216742794_279002_6007_3-512.jpg"],[2,"1216742794_549116_6008_3-512.jpg"],[1,"1216742794_549116_6008_3-512.jpg"],[1,"1216742794_819323_6009_3-512.jpg"],[2,"1216742794_819323_6009_3-512.jpg"],[1,"1216742795_074312_6010_3-512.jpg"],[2,"1216742795_074312_6010_3-512.jpg"],[1,"1216742795_329190_6011_3-512.jpg"],[2,"1216742795_329190_6011_3-512.jpg"],[2,"1216742795_329190_6011_3-512.jpg"],[2,"1216742795_579040_6012_3-512.jpg"],[2,"1216742795_579040_6012_3-512.jpg"],[1,"1216742795_579040_6012_3-512.jpg"],[2,"1216742795_818936_6013_3-512.jpg"],[1,"1216742795_818936_6013_3-512.jpg"],[2,"1216742795_818936_6013_3-512.jpg"],[2,"1216742796_053979_6014_3-512.jpg"],[1,"1216742796_053979_6014_3-512.jpg"],[2,"1216742796_053979_6014_3-512.jpg"],[2,"1216742796_288930_6015_3-512.jpg"],[2,"1216742796_528960_6016_3-512.jpg"],[2,"1216742796_774223_6017_3-512.jpg"],[2,"1216742797_044419_6018_3-512.jpg"],[2,"1216742797_309400_6019_3-512.jpg"],[2,"1216742797_594352_6020_3-512.jpg"],[2,"1216742797_894366_6021_3-512.jpg"],[2,"1216742798_224382_6022_3-512.jpg"],[2,"1216742798_634369_6023_3-512.jpg"],[2,"1216742799_169194_6024_3-512.jpg"],[2,"1216743103_412284_6859_1-512.jpg"]],"construction_ml":"complete","preds_design":[[1,"1216742781_749122_5983_3-512.jpg"],[2,"1216742783_539126_5989_3-512.jpg"],[2,"1216742783_889023_5990_3-512.jpg"],[1,"1216742783_889023_5990_3-512.jpg"],[2,"1216742788_318767_5997_3-512.jpg"],[1,"1216742789_268727_5998_3-512.jpg"],[2,"1216742789_268727_5998_3-512.jpg"],[1,"1216742790_029031_5999_3-512.jpg"],[1,"1216742790_854160_6000_3-512.jpg"],[2,"1216742791_589029_6001_3-512.jpg"],[1,"1216742791_589029_6001_3-512.jpg"],[2,"1216742792_234133_6002_3-512.jpg"],[1,"1216742792_234133_6002_3-512.jpg"],[2,"1216742792_809123_6003_3-512.jpg"],[1,"1216742792_809123_6003_3-512.jpg"],[2,"1216742793_248895_6004_3-512.jpg"],[1,"1216742793_248895_6004_3-512.jpg"],[2,"1216742793_628957_6005_3-512.jpg"],[1,"1216742793_628957_6005_3-512.jpg"],[2,"1216742793_968998_6006_3-512.jpg"],[1,"1216742793_968998_6006_3-512.jpg"],[2,"1216742794_279002_6007_3-512.jpg"],[1,"1216742794_279002_6007_3-512.jpg"],[2,"1216742794_549116_6008_3-512.jpg"],[1,"1216742794_549116_6008_3-512.jpg"],[2,"1216742794_819323_6009_3-512.jpg"],[2,"1216742795_074312_6010_3-512.jpg"],[2,"1216742795_329190_6011_3-512.jpg"],[2,"1216742795_329190_6011_3-512.jpg"],[2,"1216742795_579040_6012_3-512.jpg"],[2,"1216742795_579040_6012_3-512.jpg"],[2,"1216742795_818936_6013_3-512.jpg"],[2,"1216742795_818936_6013_3-512.jpg"],[2,"1216742796_053979_6014_3-512.jpg"],[2,"1216742796_053979_6014_3-512.jpg"],[1,"1216742796_053979_6014_3-512.jpg"],[2,"1216742796_288930_6015_3-512.jpg"],[2,"1216742796_528960_6016_3-512.jpg"],[2,"1216742796_774223_6017_3-512.jpg"],[2,"1216742797_044419_6018_3-512.jpg"],[2,"1216742797_309400_6019_3-512.jpg"],[2,"1216742797_594352_6020_3-512.jpg"],[2,"1216742797_894366_6021_3-512.jpg"],[2,"1216742798_224382_6022_3-512.jpg"],[2,"1216742798_634369_6023_3-512.jpg"],[2,"1216742799_169194_6024_3-512.jpg"],[1,"1216743103_412284_6859_1-512.jpg"]],"design_ml":"designed","images":[]}
