{"MATERIAL":"extreme haphazard","AVG_SLOPE":8.05282330123,"AVG_HEIGHT":2.83036072405,"TERAIN_SLP":4.28666567454,"AREA":58.1125854162,"VOLUME":164,"FLOORS":1,"INT_ZONE":"Borde Rural","FLOOD":1,"LANDSLIDE":"Amenaza Media","LEGAL_ID":"1682","LEGAL_NAME":"MIRADOR 3","LEGAL_AREA":0,"LEGAL_LOTS":0,"LEGAL_POP":0,"LEGAL_DENS":0,"LEGALIZING":"Prediagnosticado","BLOCK_ID_":"002570043","BLOCK_POP":29,"BLOCK_BLD":10,"BLOCK_RISK":20.08124,"BLOCK_EDU":0,"BLOCK_HLTH":9.9134398,"BLOCK_TRAN":87.610336,"BLOCK_CULT":0,"BLOCK_PARK":0.49346852,"BLOCK_SEC":38.866428,"BLOCK_CENT":0,"BLOCK_DEF":30,"BLD_INHAB":3,"OBJECTID":1,"AO_225":0.16,"id":442,"preds_material":[[5,"1216742807_724082_6062_3-512.jpg"],[5,"1216742808_784183_6068_3-512.jpg"],[1,"1216742808_784183_6068_3-512.jpg"],[1,"1216742808_974187_6069_3-512.jpg"],[5,"1216742808_974187_6069_3-512.jpg"],[5,"1216742998_188026_6546_1-512.jpg"]],"material_ml":"painted","images":[]}
