{"MATERIAL":"corrugated metal - painted","AVG_SLOPE":6.00796695846,"AVG_HEIGHT":8.24593038007,"TERAIN_SLP":2.92610483314,"AREA":42.0465250944,"VOLUME":347,"FLOORS":3,"INT_ZONE":"Borde Rural","FLOOD":1,"LANDSLIDE":"Amenaza Media","LEGAL_ID":"311","LEGAL_NAME":"EL MIRADOR","LEGAL_AREA":11.06,"LEGAL_LOTS":989,"LEGAL_POP":5340.6,"LEGAL_DENS":89.42,"LEGALIZING":null,"BLOCK_ID_":"002570047","BLOCK_POP":121,"BLOCK_BLD":33,"BLOCK_RISK":17.632622,"BLOCK_EDU":0,"BLOCK_HLTH":11.741419,"BLOCK_TRAN":99.461899,"BLOCK_CULT":0,"BLOCK_PARK":3.7484257,"BLOCK_SEC":100,"BLOCK_CENT":0,"BLOCK_DEF":36.3636363636,"BLD_INHAB":4,"OBJECTID":1,"AO_225":0.16,"id":451,"preds_material":[[5,"1216742811_014111_6079_1-512.jpg"],[5,"1216742811_234062_6080_1-512.jpg"],[5,"1216742811_463900_6081_1-512.jpg"],[5,"1216742811_708903_6082_1-512.jpg"],[5,"1216742811_963972_6083_1-512.jpg"],[5,"1216742812_184101_6084_1-512.jpg"],[5,"1216742812_459024_6085_1-512.jpg"],[5,"1216742812_459024_6085_1-512.jpg"],[5,"1216742812_459024_6085_1-512.jpg"],[5,"1216742812_729062_6086_1-512.jpg"],[5,"1216742812_729062_6086_1-512.jpg"],[5,"1216742812_729062_6086_1-512.jpg"],[5,"1216742812_989044_6087_1-512.jpg"],[5,"1216742813_299102_6088_1-512.jpg"],[5,"1216742813_643890_6089_1-512.jpg"],[5,"1216742813_994050_6090_1-512.jpg"],[5,"1216742814_434064_6091_1-512.jpg"],[5,"1216742993_208052_6521_3-512.jpg"],[5,"1216742993_428091_6522_3-512.jpg"],[5,"1216742993_648079_6523_3-512.jpg"],[5,"1216742993_868080_6524_3-512.jpg"],[5,"1216742994_088063_6525_3-512.jpg"],[5,"1216742994_308052_6526_3-512.jpg"],[5,"1216742994_538079_6527_3-512.jpg"],[5,"1216742994_538079_6527_3-512.jpg"],[5,"1216742994_728063_6528_3-512.jpg"],[5,"1216742994_923022_6529_3-512.jpg"],[5,"1216742995_123067_6530_3-512.jpg"],[5,"1216742995_323004_6531_3-512.jpg"],[5,"1216742995_522958_6532_3-512.jpg"],[5,"1216742995_722967_6533_3-512.jpg"],[5,"1216742998_918230_6550_3-512.jpg"],[5,"1216742999_728052_6554_3-512.jpg"]],"material_ml":"painted","preds_construction":[[2,"1216742811_014111_6079_1-512.jpg"],[2,"1216742811_234062_6080_1-512.jpg"],[2,"1216742811_463900_6081_1-512.jpg"],[2,"1216742811_708903_6082_1-512.jpg"],[2,"1216742811_963972_6083_1-512.jpg"],[2,"1216742812_184101_6084_1-512.jpg"],[2,"1216742812_459024_6085_1-512.jpg"],[2,"1216742812_459024_6085_1-512.jpg"],[2,"1216742812_459024_6085_1-512.jpg"],[2,"1216742812_729062_6086_1-512.jpg"],[2,"1216742812_729062_6086_1-512.jpg"],[2,"1216742812_729062_6086_1-512.jpg"],[2,"1216742812_989044_6087_1-512.jpg"],[2,"1216742813_299102_6088_1-512.jpg"],[2,"1216742813_643890_6089_1-512.jpg"],[2,"1216742813_994050_6090_1-512.jpg"],[2,"1216742814_434064_6091_1-512.jpg"],[2,"1216742993_208052_6521_3-512.jpg"],[2,"1216742993_428091_6522_3-512.jpg"],[2,"1216742993_648079_6523_3-512.jpg"],[2,"1216742993_868080_6524_3-512.jpg"],[2,"1216742994_088063_6525_3-512.jpg"],[2,"1216742994_308052_6526_3-512.jpg"],[2,"1216742994_308052_6526_3-512.jpg"],[2,"1216742994_538079_6527_3-512.jpg"],[2,"1216742994_538079_6527_3-512.jpg"],[2,"1216742994_728063_6528_3-512.jpg"],[2,"1216742994_923022_6529_3-512.jpg"],[2,"1216742995_123067_6530_3-512.jpg"],[2,"1216742995_323004_6531_3-512.jpg"],[2,"1216742995_522958_6532_3-512.jpg"],[2,"1216742995_722967_6533_3-512.jpg"],[2,"1216742998_918230_6550_3-512.jpg"],[2,"1216742999_728052_6554_3-512.jpg"]],"construction_ml":"complete","preds_design":[[2,"1216742811_014111_6079_1-512.jpg"],[2,"1216742811_234062_6080_1-512.jpg"],[2,"1216742811_463900_6081_1-512.jpg"],[2,"1216742811_708903_6082_1-512.jpg"],[2,"1216742811_963972_6083_1-512.jpg"],[2,"1216742812_184101_6084_1-512.jpg"],[2,"1216742812_459024_6085_1-512.jpg"],[2,"1216742812_459024_6085_1-512.jpg"],[2,"1216742812_459024_6085_1-512.jpg"],[2,"1216742812_729062_6086_1-512.jpg"],[2,"1216742812_729062_6086_1-512.jpg"],[2,"1216742812_729062_6086_1-512.jpg"],[2,"1216742812_989044_6087_1-512.jpg"],[2,"1216742813_299102_6088_1-512.jpg"],[2,"1216742813_643890_6089_1-512.jpg"],[2,"1216742813_994050_6090_1-512.jpg"],[2,"1216742814_434064_6091_1-512.jpg"],[2,"1216742993_208052_6521_3-512.jpg"],[2,"1216742993_428091_6522_3-512.jpg"],[2,"1216742993_648079_6523_3-512.jpg"],[2,"1216742993_868080_6524_3-512.jpg"],[2,"1216742994_088063_6525_3-512.jpg"],[2,"1216742994_308052_6526_3-512.jpg"],[1,"1216742994_308052_6526_3-512.jpg"],[2,"1216742994_538079_6527_3-512.jpg"],[1,"1216742994_538079_6527_3-512.jpg"],[2,"1216742994_728063_6528_3-512.jpg"],[2,"1216742994_923022_6529_3-512.jpg"],[2,"1216742995_123067_6530_3-512.jpg"],[2,"1216742995_323004_6531_3-512.jpg"],[2,"1216742995_522958_6532_3-512.jpg"],[2,"1216742995_722967_6533_3-512.jpg"],[2,"1216742998_918230_6550_3-512.jpg"],[2,"1216742999_728052_6554_3-512.jpg"]],"design_ml":"designed","images":[]}
