{"MATERIAL":"extreme haphazard","AVG_SLOPE":13.3315535929,"AVG_HEIGHT":2.18989408374,"TERAIN_SLP":2.11015391067,"AREA":27.4068088454,"VOLUME":60,"FLOORS":1,"INT_ZONE":"Borde Rural","FLOOD":1,"LANDSLIDE":"Amenaza Media","LEGAL_ID":"311","LEGAL_NAME":"EL MIRADOR","LEGAL_AREA":11.06,"LEGAL_LOTS":989,"LEGAL_POP":5340.6,"LEGAL_DENS":89.42,"LEGALIZING":null,"BLOCK_ID_":"002570047","BLOCK_POP":121,"BLOCK_BLD":33,"BLOCK_RISK":17.632622,"BLOCK_EDU":0,"BLOCK_HLTH":11.741419,"BLOCK_TRAN":99.461899,"BLOCK_CULT":0,"BLOCK_PARK":3.7484257,"BLOCK_SEC":100,"BLOCK_CENT":0,"BLOCK_DEF":36.3636363636,"BLD_INHAB":4,"OBJECTID":1,"AO_225":0.16,"id":456,"preds_material":[[5,"1216742812_989044_6087_1-512.jpg"],[5,"1216742813_299102_6088_1-512.jpg"],[5,"1216742813_643890_6089_1-512.jpg"],[5,"1216742813_994050_6090_1-512.jpg"],[5,"1216742814_434064_6091_1-512.jpg"],[5,"1216742814_839090_6092_1-512.jpg"],[5,"1216742814_839090_6092_1-512.jpg"],[5,"1216742815_269001_6093_1-512.jpg"],[5,"1216742815_918714_6094_1-512.jpg"],[5,"1216742985_227994_6504_3-512.jpg"],[5,"1216742985_768155_6505_3-512.jpg"],[5,"1216742986_412915_6506_3-512.jpg"],[5,"1216742987_162927_6507_3-512.jpg"],[5,"1216742991_028074_6512_3-512.jpg"],[5,"1216742991_387867_6513_3-512.jpg"],[5,"1216742991_677917_6514_3-512.jpg"],[5,"1216742991_677917_6514_3-512.jpg"],[5,"1216742991_932927_6515_3-512.jpg"],[5,"1216742991_932927_6515_3-512.jpg"],[5,"1216742992_172832_6516_3-512.jpg"],[5,"1216742992_172832_6516_3-512.jpg"],[5,"1216742992_402861_6517_3-512.jpg"],[5,"1216742992_402861_6517_3-512.jpg"],[5,"1216742992_622857_6518_3-512.jpg"],[5,"1216742992_622857_6518_3-512.jpg"],[5,"1216742992_838066_6519_3-512.jpg"],[5,"1216742992_838066_6519_3-512.jpg"],[5,"1216742993_037861_6520_3-512.jpg"],[5,"1216742993_037861_6520_3-512.jpg"],[5,"1216742993_208052_6521_3-512.jpg"],[5,"1216742993_208052_6521_3-512.jpg"],[5,"1216742993_428091_6522_3-512.jpg"],[5,"1216742993_428091_6522_3-512.jpg"],[5,"1216742993_648079_6523_3-512.jpg"],[5,"1216742993_868080_6524_3-512.jpg"],[5,"1216742994_088063_6525_3-512.jpg"],[5,"1216742994_308052_6526_3-512.jpg"]],"material_ml":"painted","preds_construction":[[2,"1216742812_989044_6087_1-512.jpg"],[2,"1216742813_299102_6088_1-512.jpg"],[2,"1216742813_643890_6089_1-512.jpg"],[2,"1216742813_994050_6090_1-512.jpg"],[2,"1216742814_434064_6091_1-512.jpg"],[2,"1216742814_839090_6092_1-512.jpg"],[2,"1216742814_839090_6092_1-512.jpg"],[2,"1216742815_269001_6093_1-512.jpg"],[2,"1216742815_918714_6094_1-512.jpg"],[2,"1216742985_227994_6504_3-512.jpg"],[2,"1216742985_768155_6505_3-512.jpg"],[2,"1216742986_412915_6506_3-512.jpg"],[2,"1216742987_162927_6507_3-512.jpg"],[2,"1216742990_507730_6511_3-512.jpg"],[2,"1216742991_028074_6512_3-512.jpg"],[2,"1216742991_387867_6513_3-512.jpg"],[2,"1216742991_387867_6513_3-512.jpg"],[2,"1216742991_677917_6514_3-512.jpg"],[2,"1216742991_677917_6514_3-512.jpg"],[2,"1216742991_932927_6515_3-512.jpg"],[2,"1216742991_932927_6515_3-512.jpg"],[2,"1216742992_172832_6516_3-512.jpg"],[2,"1216742992_172832_6516_3-512.jpg"],[2,"1216742992_402861_6517_3-512.jpg"],[2,"1216742992_402861_6517_3-512.jpg"],[2,"1216742992_622857_6518_3-512.jpg"],[2,"1216742992_622857_6518_3-512.jpg"],[2,"1216742992_838066_6519_3-512.jpg"],[2,"1216742992_838066_6519_3-512.jpg"],[2,"1216742993_037861_6520_3-512.jpg"],[2,"1216742993_037861_6520_3-512.jpg"],[2,"1216742993_208052_6521_3-512.jpg"],[2,"1216742993_208052_6521_3-512.jpg"],[2,"1216742993_428091_6522_3-512.jpg"],[2,"1216742993_428091_6522_3-512.jpg"],[2,"1216742993_648079_6523_3-512.jpg"],[2,"1216742993_868080_6524_3-512.jpg"],[2,"1216742994_088063_6525_3-512.jpg"]],"construction_ml":"complete","preds_design":[[2,"1216742812_989044_6087_1-512.jpg"],[2,"1216742813_299102_6088_1-512.jpg"],[2,"1216742813_643890_6089_1-512.jpg"],[2,"1216742813_994050_6090_1-512.jpg"],[2,"1216742814_434064_6091_1-512.jpg"],[2,"1216742814_839090_6092_1-512.jpg"],[2,"1216742814_839090_6092_1-512.jpg"],[2,"1216742815_269001_6093_1-512.jpg"],[2,"1216742815_918714_6094_1-512.jpg"],[1,"1216742985_227994_6504_3-512.jpg"],[1,"1216742985_768155_6505_3-512.jpg"],[1,"1216742986_412915_6506_3-512.jpg"],[1,"1216742987_162927_6507_3-512.jpg"],[1,"1216742989_878100_6510_3-512.jpg"],[1,"1216742991_028074_6512_3-512.jpg"],[1,"1216742991_387867_6513_3-512.jpg"],[1,"1216742991_677917_6514_3-512.jpg"],[1,"1216742991_677917_6514_3-512.jpg"],[1,"1216742991_932927_6515_3-512.jpg"],[1,"1216742991_932927_6515_3-512.jpg"],[1,"1216742992_172832_6516_3-512.jpg"],[1,"1216742992_172832_6516_3-512.jpg"],[1,"1216742992_402861_6517_3-512.jpg"],[1,"1216742992_402861_6517_3-512.jpg"],[1,"1216742992_622857_6518_3-512.jpg"],[1,"1216742992_622857_6518_3-512.jpg"],[1,"1216742992_838066_6519_3-512.jpg"],[1,"1216742992_838066_6519_3-512.jpg"],[1,"1216742993_037861_6520_3-512.jpg"],[1,"1216742993_037861_6520_3-512.jpg"],[1,"1216742993_208052_6521_3-512.jpg"],[1,"1216742993_208052_6521_3-512.jpg"],[1,"1216742993_428091_6522_3-512.jpg"],[1,"1216742993_648079_6523_3-512.jpg"],[1,"1216742993_868080_6524_3-512.jpg"],[1,"1216742994_088063_6525_3-512.jpg"]],"design_ml":"undesigned","images":[]}
