{"MATERIAL":"corrugated metal","AVG_SLOPE":8.73358117037,"AVG_HEIGHT":7.18474689373,"TERAIN_SLP":13.2319872881,"AREA":71.5072166778,"VOLUME":514,"FLOORS":2,"INT_ZONE":"Borde Rural","FLOOD":1,"LANDSLIDE":"Amenaza Media","LEGAL_ID":"311","LEGAL_NAME":"EL MIRADOR","LEGAL_AREA":11.06,"LEGAL_LOTS":989,"LEGAL_POP":5340.6,"LEGAL_DENS":89.42,"LEGALIZING":null,"BLOCK_ID_":"002570047","BLOCK_POP":121,"BLOCK_BLD":33,"BLOCK_RISK":17.632622,"BLOCK_EDU":0,"BLOCK_HLTH":11.741419,"BLOCK_TRAN":99.461899,"BLOCK_CULT":0,"BLOCK_PARK":3.7484257,"BLOCK_SEC":100,"BLOCK_CENT":0,"BLOCK_DEF":36.3636363636,"BLD_INHAB":4,"OBJECTID":1,"AO_225":0.16,"id":468,"preds_material":[[5,"1216742698_949593_5765_1-512.jpg"],[5,"1216742699_209583_5766_1-512.jpg"],[5,"1216742699_714604_5768_1-512.jpg"],[5,"1216742963_138301_6453_1-512.jpg"],[2,"1216742963_138301_6453_1-512.jpg"],[1,"1216742963_138301_6453_3-512.jpg"],[5,"1216742963_138301_6453_3-512.jpg"],[1,"1216742963_448203_6454_3-512.jpg"],[5,"1216742963_448203_6454_3-512.jpg"],[1,"1216742963_783175_6455_3-512.jpg"],[5,"1216742963_783175_6455_3-512.jpg"],[5,"1216742964_133170_6456_3-512.jpg"],[1,"1216742964_133170_6456_3-512.jpg"],[5,"1216742964_478219_6457_3-512.jpg"],[5,"1216742964_788305_6458_3-512.jpg"],[5,"1216742965_088322_6459_3-512.jpg"],[5,"1216742965_088322_6459_3-512.jpg"],[5,"1216742965_398379_6460_3-512.jpg"]],"material_ml":"painted","preds_construction":[[2,"1216742698_949593_5765_1-512.jpg"],[2,"1216742699_209583_5766_1-512.jpg"],[2,"1216742699_714604_5768_1-512.jpg"],[2,"1216742963_138301_6453_1-512.jpg"],[2,"1216742963_138301_6453_1-512.jpg"],[2,"1216742963_138301_6453_3-512.jpg"],[1,"1216742963_138301_6453_3-512.jpg"],[2,"1216742963_138301_6453_3-512.jpg"],[2,"1216742963_448203_6454_3-512.jpg"],[2,"1216742963_448203_6454_3-512.jpg"],[1,"1216742963_448203_6454_3-512.jpg"],[2,"1216742963_783175_6455_3-512.jpg"],[2,"1216742963_783175_6455_3-512.jpg"],[1,"1216742963_783175_6455_3-512.jpg"],[2,"1216742964_133170_6456_3-512.jpg"],[1,"1216742964_133170_6456_3-512.jpg"],[2,"1216742964_133170_6456_3-512.jpg"],[2,"1216742964_478219_6457_3-512.jpg"],[2,"1216742964_788305_6458_3-512.jpg"],[2,"1216742965_088322_6459_3-512.jpg"],[2,"1216742965_398379_6460_3-512.jpg"]],"construction_ml":"complete","preds_design":[[2,"1216742698_949593_5765_1-512.jpg"],[2,"1216742699_209583_5766_1-512.jpg"],[2,"1216742699_714604_5768_1-512.jpg"],[2,"1216742963_138301_6453_1-512.jpg"],[1,"1216742963_138301_6453_1-512.jpg"],[2,"1216742963_138301_6453_3-512.jpg"],[1,"1216742963_138301_6453_3-512.jpg"],[2,"1216742963_138301_6453_3-512.jpg"],[2,"1216742963_448203_6454_3-512.jpg"],[1,"1216742963_448203_6454_3-512.jpg"],[2,"1216742963_448203_6454_3-512.jpg"],[2,"1216742963_783175_6455_3-512.jpg"],[1,"1216742963_783175_6455_3-512.jpg"],[2,"1216742964_133170_6456_3-512.jpg"],[1,"1216742964_133170_6456_3-512.jpg"],[2,"1216742964_133170_6456_3-512.jpg"],[2,"1216742964_478219_6457_3-512.jpg"],[2,"1216742964_788305_6458_3-512.jpg"],[2,"1216742965_088322_6459_3-512.jpg"],[2,"1216742965_088322_6459_3-512.jpg"],[2,"1216742965_398379_6460_3-512.jpg"]],"design_ml":"designed","images":[]}
