{"MATERIAL":"corrugated metal","AVG_SLOPE":5.25651938615,"AVG_HEIGHT":7.36997497595,"TERAIN_SLP":9.80169011103,"AREA":89.5404179212,"VOLUME":660,"FLOORS":2,"INT_ZONE":"Borde Rural","FLOOD":1,"LANDSLIDE":"Amenaza Media","LEGAL_ID":"311","LEGAL_NAME":"EL MIRADOR","LEGAL_AREA":11.06,"LEGAL_LOTS":989,"LEGAL_POP":5340.6,"LEGAL_DENS":89.42,"LEGALIZING":null,"BLOCK_ID_":"002570047","BLOCK_POP":121,"BLOCK_BLD":33,"BLOCK_RISK":17.632622,"BLOCK_EDU":0,"BLOCK_HLTH":11.741419,"BLOCK_TRAN":99.461899,"BLOCK_CULT":0,"BLOCK_PARK":3.7484257,"BLOCK_SEC":100,"BLOCK_CENT":0,"BLOCK_DEF":36.3636363636,"BLD_INHAB":4,"OBJECTID":2,"AO_225":0.2,"id":469,"preds_material":[[5,"1216742705_869620_5794_1-512.jpg"],[5,"1216742706_124629_5795_1-512.jpg"],[5,"1216742706_379783_5796_1-512.jpg"],[5,"1216742706_619621_5797_1-512.jpg"],[5,"1216742706_909600_5798_1-512.jpg"],[5,"1216742707_189594_5799_1-512.jpg"],[5,"1216742707_454626_5800_1-512.jpg"],[5,"1216742707_719597_5801_1-512.jpg"],[5,"1216742707_979634_5802_1-512.jpg"],[5,"1216742708_239640_5803_1-512.jpg"],[5,"1216742708_494614_5804_1-512.jpg"],[5,"1216743018_242498_6622_3-512.jpg"],[5,"1216743018_952956_6623_3-512.jpg"],[5,"1216743200_096960_7038_3-512.jpg"]],"material_ml":"painted","preds_construction":[[2,"1216742705_614624_5793_1-512.jpg"],[2,"1216742705_869620_5794_1-512.jpg"],[2,"1216742706_124629_5795_1-512.jpg"],[2,"1216742706_379783_5796_1-512.jpg"],[2,"1216742706_619621_5797_1-512.jpg"],[2,"1216742706_909600_5798_1-512.jpg"],[2,"1216742707_189594_5799_1-512.jpg"],[2,"1216742707_454626_5800_1-512.jpg"],[2,"1216742707_719597_5801_1-512.jpg"],[2,"1216742707_979634_5802_1-512.jpg"],[2,"1216742708_239640_5803_1-512.jpg"],[2,"1216742708_494614_5804_1-512.jpg"],[2,"1216743018_242498_6622_3-512.jpg"],[2,"1216743018_952956_6623_3-512.jpg"]],"construction_ml":"complete","preds_design":[[2,"1216742705_614624_5793_1-512.jpg"],[2,"1216742705_869620_5794_1-512.jpg"],[2,"1216742706_124629_5795_1-512.jpg"],[2,"1216742706_379783_5796_1-512.jpg"],[2,"1216742706_619621_5797_1-512.jpg"],[2,"1216742706_909600_5798_1-512.jpg"],[2,"1216742707_189594_5799_1-512.jpg"],[2,"1216742707_454626_5800_1-512.jpg"],[2,"1216742707_719597_5801_1-512.jpg"],[2,"1216742707_979634_5802_1-512.jpg"],[2,"1216742708_239640_5803_1-512.jpg"],[2,"1216742708_494614_5804_1-512.jpg"],[1,"1216743018_242498_6622_3-512.jpg"],[1,"1216743018_952956_6623_3-512.jpg"]],"design_ml":"designed","images":[]}
