{"MATERIAL":"corrugated metal/heavily patched","AVG_SLOPE":2.83885552937,"AVG_HEIGHT":2.99980670724,"TERAIN_SLP":14.0233745362,"AREA":65.9997389738,"VOLUME":198,"FLOORS":1,"INT_ZONE":"Borde Rural","FLOOD":1,"LANDSLIDE":"Amenaza Media","LEGAL_ID":"311","LEGAL_NAME":"EL MIRADOR","LEGAL_AREA":11.06,"LEGAL_LOTS":989,"LEGAL_POP":5340.6,"LEGAL_DENS":89.42,"LEGALIZING":null,"BLOCK_ID_":"002570047","BLOCK_POP":121,"BLOCK_BLD":33,"BLOCK_RISK":17.632622,"BLOCK_EDU":0,"BLOCK_HLTH":11.741419,"BLOCK_TRAN":99.461899,"BLOCK_CULT":0,"BLOCK_PARK":3.7484257,"BLOCK_SEC":100,"BLOCK_CENT":0,"BLOCK_DEF":36.3636363636,"BLD_INHAB":4,"OBJECTID":1,"AO_225":0.16,"id":472,"preds_material":[[5,"1216742967_618258_6467_3-512.jpg"],[5,"1216742967_918185_6468_3-512.jpg"],[5,"1216742968_278293_6469_3-512.jpg"],[5,"1216742968_693320_6470_3-512.jpg"],[5,"1216742968_693320_6470_3-512.jpg"],[5,"1216742969_163130_6471_3-512.jpg"],[5,"1216742969_163130_6471_3-512.jpg"],[5,"1216742969_618150_6472_3-512.jpg"],[5,"1216742969_618150_6472_3-512.jpg"],[5,"1216742970_108077_6473_3-512.jpg"],[5,"1216742970_108077_6473_3-512.jpg"],[5,"1216742970_558174_6474_3-512.jpg"],[5,"1216742970_558174_6474_3-512.jpg"],[5,"1216742971_008274_6475_3-512.jpg"],[5,"1216742971_008274_6475_3-512.jpg"],[5,"1216742971_498307_6476_3-512.jpg"],[1,"1216742971_498307_6476_3-512.jpg"],[1,"1216742972_078224_6477_3-512.jpg"],[5,"1216742972_078224_6477_3-512.jpg"]],"material_ml":"painted","preds_construction":[[2,"1216742967_618258_6467_3-512.jpg"],[2,"1216742967_918185_6468_3-512.jpg"],[2,"1216742968_278293_6469_3-512.jpg"],[2,"1216742968_693320_6470_3-512.jpg"],[2,"1216742968_693320_6470_3-512.jpg"],[2,"1216742969_163130_6471_3-512.jpg"],[2,"1216742969_163130_6471_3-512.jpg"],[1,"1216742969_163130_6471_3-512.jpg"],[2,"1216742969_618150_6472_3-512.jpg"],[2,"1216742969_618150_6472_3-512.jpg"],[2,"1216742970_108077_6473_3-512.jpg"],[2,"1216742970_108077_6473_3-512.jpg"],[2,"1216742970_558174_6474_3-512.jpg"],[2,"1216742970_558174_6474_3-512.jpg"],[2,"1216742971_008274_6475_3-512.jpg"],[2,"1216742971_008274_6475_3-512.jpg"],[2,"1216742971_498307_6476_3-512.jpg"],[2,"1216742972_078224_6477_3-512.jpg"]],"construction_ml":"complete","preds_design":[[1,"1216742967_618258_6467_3-512.jpg"],[2,"1216742967_618258_6467_3-512.jpg"],[1,"1216742967_918185_6468_3-512.jpg"],[2,"1216742967_918185_6468_3-512.jpg"],[1,"1216742968_278293_6469_3-512.jpg"],[2,"1216742968_278293_6469_3-512.jpg"],[1,"1216742968_693320_6470_3-512.jpg"],[2,"1216742968_693320_6470_3-512.jpg"],[1,"1216742968_693320_6470_3-512.jpg"],[2,"1216742968_693320_6470_3-512.jpg"],[1,"1216742969_163130_6471_3-512.jpg"],[1,"1216742969_163130_6471_3-512.jpg"],[2,"1216742969_163130_6471_3-512.jpg"],[1,"1216742969_618150_6472_3-512.jpg"],[1,"1216742969_618150_6472_3-512.jpg"],[2,"1216742969_618150_6472_3-512.jpg"],[1,"1216742970_108077_6473_3-512.jpg"],[1,"1216742970_108077_6473_3-512.jpg"],[2,"1216742970_108077_6473_3-512.jpg"],[1,"1216742970_558174_6474_3-512.jpg"],[1,"1216742970_558174_6474_3-512.jpg"],[2,"1216742970_558174_6474_3-512.jpg"],[1,"1216742971_008274_6475_3-512.jpg"],[1,"1216742971_008274_6475_3-512.jpg"],[2,"1216742971_008274_6475_3-512.jpg"],[1,"1216742971_498307_6476_3-512.jpg"],[1,"1216742972_078224_6477_3-512.jpg"]],"design_ml":"undesigned","images":[]}
