{"MATERIAL":"corrugated metal/heavily patched","AVG_SLOPE":8.73913693124,"AVG_HEIGHT":3.45747312685,"TERAIN_SLP":17.562678414,"AREA":59.7292678292,"VOLUME":207,"FLOORS":2,"INT_ZONE":"Borde Rural","FLOOD":1,"LANDSLIDE":"Amenaza Media","LEGAL_ID":"311","LEGAL_NAME":"EL MIRADOR","LEGAL_AREA":11.06,"LEGAL_LOTS":989,"LEGAL_POP":5340.6,"LEGAL_DENS":89.42,"LEGALIZING":null,"BLOCK_ID_":"002570047","BLOCK_POP":121,"BLOCK_BLD":33,"BLOCK_RISK":17.632622,"BLOCK_EDU":0,"BLOCK_HLTH":11.741419,"BLOCK_TRAN":99.461899,"BLOCK_CULT":0,"BLOCK_PARK":3.7484257,"BLOCK_SEC":100,"BLOCK_CENT":0,"BLOCK_DEF":36.3636363636,"BLD_INHAB":4,"OBJECTID":1,"AO_225":0.16,"id":473,"preds_material":[[5,"1216743007_357917_6578_3-512.jpg"],[6,"1216743007_357917_6578_3-512.jpg"],[5,"1216743007_892962_6579_3-512.jpg"]],"material_ml":"painted","preds_construction":[[2,"1216743007_357917_6578_3-512.jpg"],[2,"1216743007_892962_6579_3-512.jpg"]],"construction_ml":"complete","preds_design":[[2,"1216743007_357917_6578_3-512.jpg"],[2,"1216743007_892962_6579_3-512.jpg"]],"design_ml":"designed","images":[]}
