{"MATERIAL":"corrugated metal/heavily patched","AVG_SLOPE":3.77483159427,"AVG_HEIGHT":0.36579936104,"TERAIN_SLP":12.8045255889,"AREA":61.365445943,"VOLUME":22,"FLOORS":1,"INT_ZONE":"Borde Rural","FLOOD":1,"LANDSLIDE":"Amenaza Media","LEGAL_ID":"311","LEGAL_NAME":"EL MIRADOR","LEGAL_AREA":11.06,"LEGAL_LOTS":989,"LEGAL_POP":5340.6,"LEGAL_DENS":89.42,"LEGALIZING":null,"BLOCK_ID_":"002570047","BLOCK_POP":121,"BLOCK_BLD":33,"BLOCK_RISK":17.632622,"BLOCK_EDU":0,"BLOCK_HLTH":11.741419,"BLOCK_TRAN":99.461899,"BLOCK_CULT":0,"BLOCK_PARK":3.7484257,"BLOCK_SEC":100,"BLOCK_CENT":0,"BLOCK_DEF":36.3636363636,"BLD_INHAB":4,"OBJECTID":1,"AO_225":0.16,"id":475,"preds_material":[[5,"1216742971_498307_6476_3-512.jpg"],[5,"1216742972_078224_6477_3-512.jpg"],[5,"1216742972_793318_6478_3-512.jpg"],[5,"1216742972_793318_6478_3-512.jpg"],[5,"1216742973_673196_6479_3-512.jpg"],[5,"1216742974_443196_6480_3-512.jpg"]],"material_ml":"painted","preds_construction":[[2,"1216742971_498307_6476_3-512.jpg"],[2,"1216742972_078224_6477_3-512.jpg"],[2,"1216742972_793318_6478_3-512.jpg"],[2,"1216742972_793318_6478_3-512.jpg"],[2,"1216742973_673196_6479_3-512.jpg"],[2,"1216742973_673196_6479_3-512.jpg"],[2,"1216742974_443196_6480_3-512.jpg"]],"construction_ml":"complete","preds_design":[[1,"1216742971_498307_6476_3-512.jpg"],[2,"1216742971_498307_6476_3-512.jpg"],[1,"1216742972_078224_6477_3-512.jpg"],[2,"1216742972_078224_6477_3-512.jpg"],[1,"1216742972_793318_6478_3-512.jpg"],[1,"1216742972_793318_6478_3-512.jpg"],[1,"1216742973_673196_6479_3-512.jpg"],[1,"1216742973_673196_6479_3-512.jpg"],[1,"1216742974_443196_6480_3-512.jpg"]],"design_ml":"undesigned","images":[]}
