{"MATERIAL":"corrugated metal","AVG_SLOPE":5.40286913117,"AVG_HEIGHT":5.45028695878,"TERAIN_SLP":3.5079600716,"AREA":80.5727812952,"VOLUME":439,"FLOORS":2,"INT_ZONE":null,"FLOOD":2,"LANDSLIDE":"Amenaza Media","LEGAL_ID":"231","LEGAL_NAME":"BELLA FLOR","LEGAL_AREA":24.13,"LEGAL_LOTS":1732,"LEGAL_POP":9352.8,"LEGAL_DENS":71.77786987,"LEGALIZING":null,"BLOCK_ID_":"002581076","BLOCK_POP":11,"BLOCK_BLD":5,"BLOCK_RISK":17.271399,"BLOCK_EDU":0,"BLOCK_HLTH":0,"BLOCK_TRAN":39.797333,"BLOCK_CULT":0,"BLOCK_PARK":9.9783573,"BLOCK_SEC":100,"BLOCK_CENT":0,"BLOCK_DEF":0,"BLD_INHAB":2,"OBJECTID":1,"AO_225":0.16,"id":4761,"preds_material":[[5,"1216746104_782595_13808_3-512.jpg"],[5,"1216746105_247566_13809_3-512.jpg"],[5,"1216746105_757853_13810_3-512.jpg"],[5,"1216746106_227542_13811_3-512.jpg"],[5,"1216746106_667514_13812_3-512.jpg"],[5,"1216746107_157775_13813_3-512.jpg"],[5,"1216746107_882653_13814_3-512.jpg"],[5,"1216746108_907404_13815_3-512.jpg"],[3,"1216746127_182584_13932_1-512.jpg"],[3,"1216746127_692622_13935_1-512.jpg"],[1,"1216746136_382664_13994_1-512.jpg"],[1,"1216746136_552644_13995_1-512.jpg"],[1,"1216746136_722655_13996_1-512.jpg"],[1,"1216746136_887629_13997_1-512.jpg"],[1,"1216746137_052818_13998_1-512.jpg"],[1,"1216746137_217706_13999_1-512.jpg"],[1,"1216746137_382619_14000_1-512.jpg"],[1,"1216746137_552636_14001_1-512.jpg"],[1,"1216746137_722623_14002_1-512.jpg"],[1,"1216746137_892626_14003_1-512.jpg"],[1,"1216746138_067639_14004_1-512.jpg"],[1,"1216746138_237667_14005_1-512.jpg"],[1,"1216746138_412606_14006_1-512.jpg"],[1,"1216746138_592654_14007_1-512.jpg"],[1,"1216746138_937651_14009_1-512.jpg"]],"material_ml":"brick","preds_construction":[[2,"1216746106_227542_13811_3-512.jpg"],[2,"1216746106_667514_13812_3-512.jpg"],[2,"1216746107_157775_13813_3-512.jpg"],[2,"1216746135_977490_13991_1-512.jpg"],[1,"1216746136_382664_13994_1-512.jpg"],[1,"1216746136_552644_13995_1-512.jpg"],[2,"1216746136_552644_13995_1-512.jpg"],[1,"1216746136_722655_13996_1-512.jpg"],[2,"1216746136_722655_13996_1-512.jpg"],[1,"1216746136_887629_13997_1-512.jpg"],[2,"1216746136_887629_13997_1-512.jpg"],[1,"1216746137_052818_13998_1-512.jpg"],[1,"1216746137_217706_13999_1-512.jpg"],[1,"1216746137_382619_14000_1-512.jpg"],[2,"1216746137_382619_14000_1-512.jpg"],[1,"1216746137_552636_14001_1-512.jpg"],[1,"1216746137_722623_14002_1-512.jpg"],[2,"1216746137_722623_14002_1-512.jpg"],[1,"1216746137_892626_14003_1-512.jpg"],[2,"1216746138_412606_14006_1-512.jpg"]],"construction_ml":"incomplete","preds_design":[[1,"1216746105_247566_13809_3-512.jpg"],[1,"1216746105_757853_13810_3-512.jpg"],[1,"1216746106_227542_13811_3-512.jpg"],[1,"1216746106_667514_13812_3-512.jpg"],[1,"1216746107_157775_13813_3-512.jpg"],[1,"1216746107_882653_13814_3-512.jpg"],[1,"1216746108_907404_13815_3-512.jpg"],[1,"1216746110_437810_13818_3-512.jpg"],[1,"1216746136_112561_13992_1-512.jpg"],[1,"1216746136_207661_13993_1-512.jpg"],[1,"1216746136_552644_13995_1-512.jpg"],[1,"1216746136_722655_13996_1-512.jpg"],[1,"1216746137_552636_14001_1-512.jpg"]],"design_ml":"undesigned","images":[]}
