{"MATERIAL":"corrugated metal","AVG_SLOPE":6.93528839792,"AVG_HEIGHT":3.08995378555,"TERAIN_SLP":5.01826537598,"AREA":64.0934934024,"VOLUME":198,"FLOORS":2,"INT_ZONE":null,"FLOOD":2,"LANDSLIDE":"Amenaza Media","LEGAL_ID":"231","LEGAL_NAME":"BELLA FLOR","LEGAL_AREA":24.13,"LEGAL_LOTS":1732,"LEGAL_POP":9352.8,"LEGAL_DENS":71.77786987,"LEGALIZING":null,"BLOCK_ID_":"002581076","BLOCK_POP":11,"BLOCK_BLD":5,"BLOCK_RISK":17.271399,"BLOCK_EDU":0,"BLOCK_HLTH":0,"BLOCK_TRAN":39.797333,"BLOCK_CULT":0,"BLOCK_PARK":9.9783573,"BLOCK_SEC":100,"BLOCK_CENT":0,"BLOCK_DEF":0,"BLD_INHAB":2,"OBJECTID":1,"AO_225":0.16,"id":4762,"preds_material":[[1,"1216746108_907404_13815_3-512.jpg"],[1,"1216746109_537773_13816_3-512.jpg"],[1,"1216746109_992752_13817_3-512.jpg"],[1,"1216746110_437810_13818_3-512.jpg"],[1,"1216746110_787639_13819_3-512.jpg"],[1,"1216746111_087848_13820_3-512.jpg"],[1,"1216746111_352710_13821_3-512.jpg"],[1,"1216746111_597698_13822_3-512.jpg"],[1,"1216746112_222659_13825_3-512.jpg"],[3,"1216746127_357644_13933_1-512.jpg"],[3,"1216746127_527632_13934_1-512.jpg"],[3,"1216746127_857630_13936_1-512.jpg"],[5,"1216746129_657589_13947_1-512.jpg"],[5,"1216746135_457685_13987_1-512.jpg"],[5,"1216746135_592777_13988_1-512.jpg"],[5,"1216746135_727651_13989_1-512.jpg"],[5,"1216746135_842643_13990_1-512.jpg"],[2,"1216746135_842643_13990_1-512.jpg"],[2,"1216746135_977490_13991_1-512.jpg"],[2,"1216746135_977490_13991_1-512.jpg"],[2,"1216746136_112561_13992_1-512.jpg"],[2,"1216746136_207661_13993_1-512.jpg"],[1,"1216746136_207661_13993_1-512.jpg"],[2,"1216746136_382664_13994_1-512.jpg"],[2,"1216746136_552644_13995_1-512.jpg"]],"material_ml":"brick","preds_construction":[[2,"1216746107_882653_13814_3-512.jpg"],[2,"1216746108_907404_13815_3-512.jpg"],[2,"1216746109_537773_13816_3-512.jpg"],[2,"1216746109_992752_13817_3-512.jpg"],[2,"1216746110_437810_13818_3-512.jpg"],[2,"1216746110_787639_13819_3-512.jpg"],[1,"1216746110_787639_13819_3-512.jpg"],[2,"1216746111_087848_13820_3-512.jpg"],[1,"1216746111_087848_13820_3-512.jpg"],[2,"1216746111_352710_13821_3-512.jpg"],[2,"1216746111_597698_13822_3-512.jpg"],[2,"1216746111_817761_13823_3-512.jpg"],[2,"1216746112_027743_13824_3-512.jpg"],[2,"1216746127_182584_13932_1-512.jpg"],[2,"1216746135_457685_13987_1-512.jpg"],[1,"1216746135_457685_13987_1-512.jpg"],[2,"1216746135_592777_13988_1-512.jpg"],[2,"1216746135_727651_13989_1-512.jpg"],[2,"1216746135_842643_13990_1-512.jpg"],[2,"1216746135_977490_13991_1-512.jpg"],[2,"1216746136_112561_13992_1-512.jpg"],[2,"1216746136_207661_13993_1-512.jpg"],[1,"1216746136_207661_13993_1-512.jpg"],[1,"1216746136_382664_13994_1-512.jpg"],[2,"1216746136_382664_13994_1-512.jpg"],[2,"1216746136_552644_13995_1-512.jpg"]],"construction_ml":"complete","preds_design":[[1,"1216746109_537773_13816_3-512.jpg"],[1,"1216746109_992752_13817_3-512.jpg"],[2,"1216746109_992752_13817_3-512.jpg"],[1,"1216746110_437810_13818_3-512.jpg"],[2,"1216746110_437810_13818_3-512.jpg"],[1,"1216746110_787639_13819_3-512.jpg"],[1,"1216746111_087848_13820_3-512.jpg"],[1,"1216746111_352710_13821_3-512.jpg"],[1,"1216746111_817761_13823_3-512.jpg"],[1,"1216746112_027743_13824_3-512.jpg"],[1,"1216746112_222659_13825_3-512.jpg"],[1,"1216746127_527632_13934_1-512.jpg"],[1,"1216746135_457685_13987_1-512.jpg"],[1,"1216746135_592777_13988_1-512.jpg"],[1,"1216746135_727651_13989_1-512.jpg"],[1,"1216746135_842643_13990_1-512.jpg"],[1,"1216746135_977490_13991_1-512.jpg"],[1,"1216746136_112561_13992_1-512.jpg"],[1,"1216746136_207661_13993_1-512.jpg"],[1,"1216746136_382664_13994_1-512.jpg"],[1,"1216746136_722655_13996_1-512.jpg"]],"design_ml":"undesigned","images":[]}
