{"MATERIAL":"corrugated metal - dark","AVG_SLOPE":10.085605095,"AVG_HEIGHT":6.13423342367,"TERAIN_SLP":7.87092836628,"AREA":55.4732551055,"VOLUME":340,"FLOORS":2,"INT_ZONE":"Borde Rural","FLOOD":1,"LANDSLIDE":"Amenaza Media","LEGAL_ID":"311","LEGAL_NAME":"EL MIRADOR","LEGAL_AREA":11.06,"LEGAL_LOTS":989,"LEGAL_POP":5340.6,"LEGAL_DENS":89.42,"LEGALIZING":null,"BLOCK_ID_":"002570047","BLOCK_POP":121,"BLOCK_BLD":33,"BLOCK_RISK":17.632622,"BLOCK_EDU":0,"BLOCK_HLTH":11.741419,"BLOCK_TRAN":99.461899,"BLOCK_CULT":0,"BLOCK_PARK":3.7484257,"BLOCK_SEC":100,"BLOCK_CENT":0,"BLOCK_DEF":36.3636363636,"BLD_INHAB":4,"OBJECTID":2,"AO_225":0.2,"id":479,"preds_material":[[5,"1216742708_759602_5805_1-512.jpg"],[5,"1216742709_044754_5806_1-512.jpg"],[5,"1216742709_354619_5807_1-512.jpg"],[5,"1216742709_654609_5808_1-512.jpg"],[5,"1216742709_964666_5809_1-512.jpg"],[5,"1216742710_274599_5810_1-512.jpg"],[5,"1216742710_559533_5811_1-512.jpg"],[5,"1216742710_864601_5812_1-512.jpg"],[5,"1216743009_557962_6586_3-512.jpg"],[5,"1216743009_767998_6587_3-512.jpg"],[5,"1216743009_977987_6588_3-512.jpg"],[5,"1216743010_197971_6589_3-512.jpg"],[5,"1216743010_372848_6590_3-512.jpg"],[5,"1216743010_542848_6591_3-512.jpg"],[5,"1216743010_667966_6592_3-512.jpg"],[5,"1216743010_827863_6593_3-512.jpg"],[5,"1216743010_987942_6594_3-512.jpg"],[5,"1216743011_142871_6595_3-512.jpg"],[5,"1216743011_297950_6596_3-512.jpg"],[5,"1216743011_467975_6597_3-512.jpg"],[5,"1216743011_632910_6598_3-512.jpg"],[5,"1216743011_772992_6599_3-512.jpg"],[5,"1216743011_967994_6600_3-512.jpg"],[5,"1216743011_967994_6600_3-512.jpg"],[5,"1216743012_132930_6601_3-512.jpg"],[5,"1216743012_132930_6601_3-512.jpg"],[1,"1216743012_132930_6601_3-512.jpg"],[5,"1216743012_357792_6602_3-512.jpg"],[5,"1216743012_357792_6602_3-512.jpg"],[5,"1216743012_357792_6602_3-512.jpg"],[5,"1216743012_622984_6603_3-512.jpg"],[5,"1216743012_622984_6603_3-512.jpg"],[5,"1216743012_622984_6603_3-512.jpg"],[5,"1216743012_842825_6604_3-512.jpg"],[5,"1216743012_842825_6604_3-512.jpg"],[5,"1216743012_842825_6604_3-512.jpg"],[5,"1216743013_062757_6605_3-512.jpg"],[5,"1216743013_062757_6605_3-512.jpg"],[5,"1216743013_062757_6605_3-512.jpg"],[5,"1216743013_282764_6606_3-512.jpg"],[5,"1216743013_282764_6606_3-512.jpg"],[1,"1216743013_282764_6606_3-512.jpg"],[5,"1216743013_282764_6606_3-512.jpg"],[5,"1216743013_497771_6607_3-512.jpg"],[5,"1216743013_497771_6607_3-512.jpg"],[5,"1216743013_497771_6607_3-512.jpg"],[5,"1216743013_712751_6608_3-512.jpg"],[5,"1216743013_712751_6608_3-512.jpg"],[5,"1216743013_712751_6608_3-512.jpg"],[5,"1216743013_922785_6609_3-512.jpg"],[5,"1216743014_127748_6610_3-512.jpg"],[5,"1216743014_332800_6611_3-512.jpg"],[5,"1216743014_537712_6612_3-512.jpg"],[5,"1216743014_537712_6612_3-512.jpg"],[5,"1216743014_742772_6613_3-512.jpg"],[5,"1216743014_742772_6613_3-512.jpg"],[5,"1216743014_952685_6614_3-512.jpg"],[5,"1216743014_952685_6614_3-512.jpg"],[5,"1216743015_167660_6615_3-512.jpg"],[5,"1216743015_167660_6615_3-512.jpg"],[5,"1216743015_402654_6616_3-512.jpg"],[5,"1216743015_672650_6617_3-512.jpg"],[5,"1216743015_992620_6618_3-512.jpg"],[5,"1216743016_377604_6619_3-512.jpg"],[5,"1216743016_877429_6620_3-512.jpg"],[5,"1216743017_597410_6621_3-512.jpg"],[5,"1216744099_536751_9172_1-512.jpg"],[5,"1216744100_542342_9173_1-512.jpg"],[5,"1216744101_662337_9174_1-512.jpg"]],"material_ml":"painted","preds_construction":[[2,"1216742708_759602_5805_1-512.jpg"],[2,"1216742709_044754_5806_1-512.jpg"],[2,"1216742709_354619_5807_1-512.jpg"],[2,"1216742709_654609_5808_1-512.jpg"],[2,"1216742709_964666_5809_1-512.jpg"],[2,"1216742710_274599_5810_1-512.jpg"],[2,"1216742710_559533_5811_1-512.jpg"],[2,"1216742710_864601_5812_1-512.jpg"],[2,"1216743009_767998_6587_3-512.jpg"],[2,"1216743009_977987_6588_3-512.jpg"],[2,"1216743010_197971_6589_3-512.jpg"],[2,"1216743010_372848_6590_3-512.jpg"],[2,"1216743010_542848_6591_3-512.jpg"],[2,"1216743010_667966_6592_3-512.jpg"],[2,"1216743010_827863_6593_3-512.jpg"],[2,"1216743010_987942_6594_3-512.jpg"],[2,"1216743011_142871_6595_3-512.jpg"],[2,"1216743011_297950_6596_3-512.jpg"],[2,"1216743011_467975_6597_3-512.jpg"],[2,"1216743011_632910_6598_3-512.jpg"],[2,"1216743011_772992_6599_3-512.jpg"],[2,"1216743011_967994_6600_3-512.jpg"],[2,"1216743011_967994_6600_3-512.jpg"],[2,"1216743012_132930_6601_3-512.jpg"],[2,"1216743012_132930_6601_3-512.jpg"],[2,"1216743012_357792_6602_3-512.jpg"],[2,"1216743012_357792_6602_3-512.jpg"],[2,"1216743012_622984_6603_3-512.jpg"],[2,"1216743012_622984_6603_3-512.jpg"],[2,"1216743012_622984_6603_3-512.jpg"],[2,"1216743012_622984_6603_3-512.jpg"],[2,"1216743012_842825_6604_3-512.jpg"],[2,"1216743012_842825_6604_3-512.jpg"],[2,"1216743013_062757_6605_3-512.jpg"],[2,"1216743013_062757_6605_3-512.jpg"],[1,"1216743013_062757_6605_3-512.jpg"],[2,"1216743013_062757_6605_3-512.jpg"],[2,"1216743013_282764_6606_3-512.jpg"],[1,"1216743013_282764_6606_3-512.jpg"],[2,"1216743013_282764_6606_3-512.jpg"],[1,"1216743013_282764_6606_3-512.jpg"],[2,"1216743013_497771_6607_3-512.jpg"],[2,"1216743013_497771_6607_3-512.jpg"],[1,"1216743013_497771_6607_3-512.jpg"],[2,"1216743013_497771_6607_3-512.jpg"],[2,"1216743013_712751_6608_3-512.jpg"],[2,"1216743013_712751_6608_3-512.jpg"],[2,"1216743013_922785_6609_3-512.jpg"],[2,"1216743013_922785_6609_3-512.jpg"],[2,"1216743014_127748_6610_3-512.jpg"],[2,"1216743014_332800_6611_3-512.jpg"],[2,"1216743014_537712_6612_3-512.jpg"],[2,"1216743014_537712_6612_3-512.jpg"],[2,"1216743014_742772_6613_3-512.jpg"],[2,"1216743014_742772_6613_3-512.jpg"],[2,"1216743014_952685_6614_3-512.jpg"],[2,"1216743014_952685_6614_3-512.jpg"],[2,"1216743015_167660_6615_3-512.jpg"],[2,"1216743015_167660_6615_3-512.jpg"],[2,"1216743015_402654_6616_3-512.jpg"],[2,"1216743015_672650_6617_3-512.jpg"],[2,"1216743015_992620_6618_3-512.jpg"],[2,"1216743016_377604_6619_3-512.jpg"],[2,"1216743016_877429_6620_3-512.jpg"],[2,"1216743017_597410_6621_3-512.jpg"],[2,"1216744099_536751_9172_1-512.jpg"],[2,"1216744100_542342_9173_1-512.jpg"],[2,"1216744101_662337_9174_1-512.jpg"]],"construction_ml":"complete",