{"MATERIAL":"corrugated metal/heavily patched","AVG_SLOPE":11.6666360653,"AVG_HEIGHT":2.54987175446,"TERAIN_SLP":3.82733591174,"AREA":76.9080511082,"VOLUME":196,"FLOORS":1,"INT_ZONE":null,"FLOOD":2,"LANDSLIDE":"Amenaza Media","LEGAL_ID":"231","LEGAL_NAME":"BELLA FLOR","LEGAL_AREA":24.13,"LEGAL_LOTS":1732,"LEGAL_POP":9352.8,"LEGAL_DENS":71.77786987,"LEGALIZING":null,"BLOCK_ID_":"002581075","BLOCK_POP":48,"BLOCK_BLD":11,"BLOCK_RISK":22.418436,"BLOCK_EDU":0,"BLOCK_HLTH":0,"BLOCK_TRAN":34.950996,"BLOCK_CULT":0,"BLOCK_PARK":10.824501,"BLOCK_SEC":100,"BLOCK_CENT":0,"BLOCK_DEF":36.3636363636,"BLD_INHAB":4,"OBJECTID":1,"AO_225":0.16,"id":4797,"preds_material":[[1,"1216746103_392784_13803_3-512.jpg"],[1,"1216746103_627697_13804_3-512.jpg"],[1,"1216746103_857706_13805_3-512.jpg"],[5,"1216746104_122631_13806_3-512.jpg"],[1,"1216746104_122631_13806_3-512.jpg"],[5,"1216746104_122631_13806_3-512.jpg"],[5,"1216746105_757853_13810_3-512.jpg"],[1,"1216746139_107645_14010_1-512.jpg"]],"material_ml":"brick","images":[]}
