{"MATERIAL":"corrugated metal - dark","AVG_SLOPE":8.59172474313,"AVG_HEIGHT":2.30729754994,"TERAIN_SLP":9.82263991444,"AREA":52.3592945419,"VOLUME":121,"FLOORS":1,"INT_ZONE":"Borde Rural","FLOOD":1,"LANDSLIDE":"Amenaza Media","LEGAL_ID":"311","LEGAL_NAME":"EL MIRADOR","LEGAL_AREA":11.06,"LEGAL_LOTS":989,"LEGAL_POP":5340.6,"LEGAL_DENS":89.42,"LEGALIZING":null,"BLOCK_ID_":"002570047","BLOCK_POP":121,"BLOCK_BLD":33,"BLOCK_RISK":17.632622,"BLOCK_EDU":0,"BLOCK_HLTH":11.741419,"BLOCK_TRAN":99.461899,"BLOCK_CULT":0,"BLOCK_PARK":3.7484257,"BLOCK_SEC":100,"BLOCK_CENT":0,"BLOCK_DEF":36.3636363636,"BLD_INHAB":4,"OBJECTID":1,"AO_225":0.16,"id":480,"preds_material":[[5,"1216742804_769036_6044_1-512.jpg"],[5,"1216742804_934071_6045_1-512.jpg"],[5,"1216742805_904105_6051_1-512.jpg"],[5,"1216742807_034075_6058_1-512.jpg"],[5,"1216742807_209121_6059_1-512.jpg"],[5,"1216743001_982968_6563_3-512.jpg"],[5,"1216743002_188028_6564_3-512.jpg"],[5,"1216743002_388073_6565_3-512.jpg"],[5,"1216743002_582968_6566_3-512.jpg"],[1,"1216743002_582968_6566_3-512.jpg"],[6,"1216743002_772981_6567_3-512.jpg"],[5,"1216743002_772981_6567_3-512.jpg"],[6,"1216743003_022870_6568_3-512.jpg"],[1,"1216743003_022870_6568_3-512.jpg"]],"material_ml":"painted","preds_construction":[[2,"1216742807_034075_6058_1-512.jpg"],[2,"1216743001_982968_6563_3-512.jpg"],[2,"1216743002_188028_6564_3-512.jpg"],[2,"1216743002_388073_6565_3-512.jpg"],[2,"1216743002_582968_6566_3-512.jpg"],[2,"1216743002_772981_6567_3-512.jpg"],[2,"1216743003_022870_6568_3-512.jpg"]],"construction_ml":"complete","preds_design":[[1,"1216742807_034075_6058_1-512.jpg"],[2,"1216743001_982968_6563_3-512.jpg"],[2,"1216743002_188028_6564_3-512.jpg"],[2,"1216743002_388073_6565_3-512.jpg"],[2,"1216743002_582968_6566_3-512.jpg"],[2,"1216743002_772981_6567_3-512.jpg"],[2,"1216743003_022870_6568_3-512.jpg"]],"design_ml":"designed","images":[]}
