{"MATERIAL":"corrugated metal/heavily patched","AVG_SLOPE":9.14943014874,"AVG_HEIGHT":1.44375811207,"TERAIN_SLP":17.2063861282,"AREA":35.2977615784,"VOLUME":51,"FLOORS":1,"INT_ZONE":null,"FLOOD":2,"LANDSLIDE":"Amenaza Media","LEGAL_ID":"231","LEGAL_NAME":"BELLA FLOR","LEGAL_AREA":24.13,"LEGAL_LOTS":1732,"LEGAL_POP":9352.8,"LEGAL_DENS":71.77786987,"LEGALIZING":null,"BLOCK_ID_":"002581093","BLOCK_POP":23,"BLOCK_BLD":9,"BLOCK_RISK":21.326605,"BLOCK_EDU":0,"BLOCK_HLTH":0,"BLOCK_TRAN":34.544422,"BLOCK_CULT":0,"BLOCK_PARK":10.844733,"BLOCK_SEC":100,"BLOCK_CENT":0,"BLOCK_DEF":22.2222222222,"BLD_INHAB":3,"OBJECTID":1,"AO_225":0.16,"id":4802,"preds_material":[[1,"1216746094_637825_13768_3-512.jpg"],[1,"1216746094_787853_13769_3-512.jpg"],[1,"1216746094_902897_13770_3-512.jpg"],[5,"1216746094_902897_13770_3-512.jpg"],[1,"1216746095_062912_13771_3-512.jpg"],[5,"1216746095_062912_13771_3-512.jpg"],[1,"1216746095_217846_13772_3-512.jpg"],[1,"1216746095_352912_13773_3-512.jpg"],[5,"1216746095_352912_13773_3-512.jpg"],[1,"1216746095_502905_13774_3-512.jpg"],[1,"1216746095_652851_13775_3-512.jpg"],[1,"1216746095_802859_13776_3-512.jpg"],[5,"1216746095_802859_13776_3-512.jpg"],[1,"1216746095_952829_13777_3-512.jpg"],[5,"1216746095_952829_13777_3-512.jpg"],[1,"1216746096_127860_13778_3-512.jpg"],[5,"1216746096_127860_13778_3-512.jpg"],[1,"1216746096_282845_13779_3-512.jpg"],[5,"1216746096_282845_13779_3-512.jpg"],[1,"1216746096_432860_13780_3-512.jpg"],[5,"1216746096_432860_13780_3-512.jpg"],[1,"1216746096_592885_13781_3-512.jpg"],[1,"1216746096_742841_13782_3-512.jpg"],[5,"1216746096_742841_13782_3-512.jpg"],[6,"1216746096_742841_13782_3-512.jpg"],[1,"1216746144_137844_14036_1-512.jpg"],[6,"1216746144_307611_14037_1-512.jpg"],[6,"1216746144_482602_14038_1-512.jpg"],[1,"1216746146_627883_14055_1-512.jpg"],[6,"1216746146_627883_14055_1-512.jpg"],[1,"1216746146_757607_14056_1-512.jpg"],[1,"1216746146_887569_14057_1-512.jpg"],[1,"1216746147_017464_14058_1-512.jpg"],[1,"1216746147_117597_14059_1-512.jpg"],[1,"1216746147_117597_14059_1-512.jpg"]],"material_ml":"brick","preds_construction":[[2,"1216746094_637825_13768_3-512.jpg"],[2,"1216746094_787853_13769_3-512.jpg"],[2,"1216746094_902897_13770_3-512.jpg"],[2,"1216746095_062912_13771_3-512.jpg"],[2,"1216746095_217846_13772_3-512.jpg"],[2,"1216746095_352912_13773_3-512.jpg"],[2,"1216746095_502905_13774_3-512.jpg"],[2,"1216746095_652851_13775_3-512.jpg"],[2,"1216746095_802859_13776_3-512.jpg"],[2,"1216746095_952829_13777_3-512.jpg"],[2,"1216746096_127860_13778_3-512.jpg"],[2,"1216746096_282845_13779_3-512.jpg"],[2,"1216746096_432860_13780_3-512.jpg"],[2,"1216746096_592885_13781_3-512.jpg"],[2,"1216746096_742841_13782_3-512.jpg"],[2,"1216746096_917708_13783_3-512.jpg"],[2,"1216746146_627883_14055_1-512.jpg"],[2,"1216746146_757607_14056_1-512.jpg"],[2,"1216746146_887569_14057_1-512.jpg"],[1,"1216746146_887569_14057_1-512.jpg"],[1,"1216746147_017464_14058_1-512.jpg"],[1,"1216746147_117597_14059_1-512.jpg"]],"construction_ml":"complete","preds_design":[[2,"1216746094_482848_13767_3-512.jpg"],[2,"1216746094_637825_13768_3-512.jpg"],[2,"1216746094_787853_13769_3-512.jpg"],[2,"1216746094_902897_13770_3-512.jpg"],[2,"1216746095_062912_13771_3-512.jpg"],[2,"1216746095_217846_13772_3-512.jpg"],[2,"1216746095_352912_13773_3-512.jpg"],[2,"1216746095_502905_13774_3-512.jpg"],[2,"1216746095_652851_13775_3-512.jpg"],[2,"1216746095_802859_13776_3-512.jpg"],[2,"1216746095_952829_13777_3-512.jpg"],[2,"1216746096_127860_13778_3-512.jpg"],[2,"1216746096_282845_13779_3-512.jpg"],[2,"1216746096_432860_13780_3-512.jpg"],[2,"1216746096_592885_13781_3-512.jpg"],[2,"1216746096_742841_13782_3-512.jpg"],[2,"1216746096_917708_13783_3-512.jpg"],[2,"1216746144_137844_14036_1-512.jpg"],[2,"1216746144_307611_14037_1-512.jpg"],[2,"1216746144_482602_14038_1-512.jpg"],[2,"1216746146_627883_14055_1-512.jpg"],[2,"1216746146_757607_14056_1-512.jpg"],[2,"1216746146_887569_14057_1-512.jpg"],[2,"1216746147_017464_14058_1-512.jpg"],[2,"1216746147_117597_14059_1-512.jpg"]],"design_ml":"designed","images":[]}
