{"MATERIAL":"corrugated metal - dark","AVG_SLOPE":11.4346329864,"AVG_HEIGHT":0.66540521742,"TERAIN_SLP":13.5062153766,"AREA":34.5682370831,"VOLUME":23,"FLOORS":1,"INT_ZONE":null,"FLOOD":2,"LANDSLIDE":"Amenaza Media","LEGAL_ID":"231","LEGAL_NAME":"BELLA FLOR","LEGAL_AREA":24.13,"LEGAL_LOTS":1732,"LEGAL_POP":9352.8,"LEGAL_DENS":71.77786987,"LEGALIZING":null,"BLOCK_ID_":"002581093","BLOCK_POP":23,"BLOCK_BLD":9,"BLOCK_RISK":21.326605,"BLOCK_EDU":0,"BLOCK_HLTH":0,"BLOCK_TRAN":34.544422,"BLOCK_CULT":0,"BLOCK_PARK":10.844733,"BLOCK_SEC":100,"BLOCK_CENT":0,"BLOCK_DEF":22.2222222222,"BLD_INHAB":3,"OBJECTID":1,"AO_225":0.16,"id":4803,"preds_material":[[1,"1216746094_087911_13765_3-512.jpg"],[1,"1216746094_282882_13766_3-512.jpg"],[1,"1216746094_482848_13767_3-512.jpg"],[5,"1216746144_482602_14038_1-512.jpg"],[6,"1216746144_642559_14039_1-512.jpg"],[6,"1216746144_797864_14040_1-512.jpg"],[6,"1216746144_947870_14041_1-512.jpg"]],"material_ml":"brick","preds_construction":[[2,"1216746094_282882_13766_3-512.jpg"],[2,"1216746094_482848_13767_3-512.jpg"],[2,"1216746144_307611_14037_1-512.jpg"],[2,"1216746144_482602_14038_1-512.jpg"]],"construction_ml":"complete","preds_design":[[2,"1216746093_902855_13764_3-512.jpg"],[2,"1216746094_087911_13765_3-512.jpg"],[2,"1216746094_282882_13766_3-512.jpg"],[2,"1216746144_642559_14039_1-512.jpg"]],"design_ml":"designed","images":[]}
