{"MATERIAL":"corrugated metal/heavily patched","AVG_SLOPE":4.51186681226,"AVG_HEIGHT":1.08927851769,"TERAIN_SLP":26.6531335169,"AREA":57.6138735534,"VOLUME":63,"FLOORS":1,"INT_ZONE":null,"FLOOD":2,"LANDSLIDE":"Amenaza Media","LEGAL_ID":"231","LEGAL_NAME":"BELLA FLOR","LEGAL_AREA":24.13,"LEGAL_LOTS":1732,"LEGAL_POP":9352.8,"LEGAL_DENS":71.77786987,"LEGALIZING":null,"BLOCK_ID_":"002581093","BLOCK_POP":23,"BLOCK_BLD":9,"BLOCK_RISK":21.326605,"BLOCK_EDU":0,"BLOCK_HLTH":0,"BLOCK_TRAN":34.544422,"BLOCK_CULT":0,"BLOCK_PARK":10.844733,"BLOCK_SEC":100,"BLOCK_CENT":0,"BLOCK_DEF":22.2222222222,"BLD_INHAB":3,"OBJECTID":1,"AO_225":0.16,"id":4808,"preds_mat":[[5,"1216746148_687177_14069_1-512.jpg"],[5,"1216746148_822509_14070_1-512.jpg"],[5,"1216746148_927599_14071_1-512.jpg"],[5,"1216746149_107579_14072_1-512.jpg"],[5,"1216746149_287626_14073_1-512.jpg"],[5,"1216746149_462547_14074_1-512.jpg"],[5,"1216746149_637599_14075_1-512.jpg"],[5,"1216746149_807586_14076_1-512.jpg"]],"material_ml":"painted","images":[]}
