{"MATERIAL":"corrugated metal - dark","AVG_SLOPE":8.32570876222,"AVG_HEIGHT":1.05675365175,"TERAIN_SLP":20.446098029,"AREA":71.9933532851,"VOLUME":76,"FLOORS":1,"INT_ZONE":null,"FLOOD":2,"LANDSLIDE":"Amenaza Media","LEGAL_ID":"231","LEGAL_NAME":"BELLA FLOR","LEGAL_AREA":24.13,"LEGAL_LOTS":1732,"LEGAL_POP":9352.8,"LEGAL_DENS":71.77786987,"LEGALIZING":null,"BLOCK_ID_":"002581094","BLOCK_POP":2,"BLOCK_BLD":1,"BLOCK_RISK":25.344137,"BLOCK_EDU":0,"BLOCK_HLTH":0,"BLOCK_TRAN":28.763474,"BLOCK_CULT":0,"BLOCK_PARK":10.44938,"BLOCK_SEC":100,"BLOCK_CENT":0,"BLOCK_DEF":100,"BLD_INHAB":2,"OBJECTID":1,"AO_225":0.16,"id":4812,"preds_material":[[1,"1216746090_467906_13743_3-512.jpg"],[1,"1216746090_632885_13744_3-512.jpg"],[1,"1216746091_437874_13749_3-512.jpg"],[1,"1216746091_592879_13750_3-512.jpg"]],"material_ml":"brick","images":[]}
