{"MATERIAL":"corrugated metal","AVG_SLOPE":7.21210565264,"AVG_HEIGHT":0.36662572552,"TERAIN_SLP":16.1750873102,"AREA":58.8753603658,"VOLUME":22,"FLOORS":1,"INT_ZONE":null,"FLOOD":2,"LANDSLIDE":"Amenaza Media","LEGAL_ID":"231","LEGAL_NAME":"BELLA FLOR","LEGAL_AREA":24.13,"LEGAL_LOTS":1732,"LEGAL_POP":9352.8,"LEGAL_DENS":71.77786987,"LEGALIZING":null,"BLOCK_ID_":"002581095","BLOCK_POP":70,"BLOCK_BLD":19,"BLOCK_RISK":11.009109,"BLOCK_EDU":0,"BLOCK_HLTH":0,"BLOCK_TRAN":37.737633,"BLOCK_CULT":0,"BLOCK_PARK":27.416016,"BLOCK_SEC":100,"BLOCK_CENT":0,"BLOCK_DEF":57.8947368421,"BLD_INHAB":4,"OBJECTID":1,"AO_225":0.16,"id":4818,"preds_construction":[[1,"1216746156_827561_14117_1-512.jpg"],[1,"1216746156_937578_14118_1-512.jpg"],[1,"1216746157_042689_14119_1-512.jpg"],[1,"1216746157_152841_14120_1-512.jpg"],[1,"1216746157_252597_14121_1-512.jpg"],[1,"1216746157_357772_14122_1-512.jpg"],[1,"1216746157_642535_14125_1-512.jpg"],[1,"1216746157_747581_14126_1-512.jpg"],[1,"1216746157_747581_14126_1-512.jpg"],[1,"1216746157_947661_14127_1-512.jpg"],[1,"1216746157_947661_14127_1-512.jpg"],[1,"1216746158_182511_14128_1-512.jpg"]],"construction_ml":"incomplete","preds_design":[[1,"1216746156_027427_14110_1-512.jpg"],[1,"1216746156_167547_14111_1-512.jpg"],[2,"1216746157_747581_14126_1-512.jpg"],[2,"1216746157_947661_14127_1-512.jpg"],[2,"1216746158_182511_14128_1-512.jpg"],[2,"1216746158_357530_14129_1-512.jpg"]],"design_ml":"designed","images":[]}
