{"MATERIAL":"corrugated metal","AVG_SLOPE":6.6400776618,"AVG_HEIGHT":1.30681777843,"TERAIN_SLP":28.0471944479,"AREA":67.0283896829,"VOLUME":88,"FLOORS":1,"INT_ZONE":null,"FLOOD":2,"LANDSLIDE":"Amenaza Media","LEGAL_ID":"231","LEGAL_NAME":"BELLA FLOR","LEGAL_AREA":24.13,"LEGAL_LOTS":1732,"LEGAL_POP":9352.8,"LEGAL_DENS":71.77786987,"LEGALIZING":null,"BLOCK_ID_":"002582001","BLOCK_POP":68,"BLOCK_BLD":19,"BLOCK_RISK":5.1334438,"BLOCK_EDU":0,"BLOCK_HLTH":0,"BLOCK_TRAN":91.141838,"BLOCK_CULT":0,"BLOCK_PARK":97.33297,"BLOCK_SEC":63.151428,"BLOCK_CENT":0,"BLOCK_DEF":68.4210526316,"BLD_INHAB":4,"OBJECTID":1,"AO_225":0.16,"id":4819,"preds_mat":[[5,"1216746159_432578_14136_1-512.jpg"],[5,"1216746160_432542_14144_1-512.jpg"],[5,"1216746160_567521_14145_1-512.jpg"],[5,"1216746160_672430_14146_1-512.jpg"]],"material_ml":"painted","images":[]}
