{"MATERIAL":"corrugated metal/heavily patched","AVG_SLOPE":4.80037767326,"AVG_HEIGHT":3.85873695834,"TERAIN_SLP":13.899832293,"AREA":68.8702260578,"VOLUME":266,"FLOORS":2,"INT_ZONE":"Borde Rural","FLOOD":1,"LANDSLIDE":"Amenaza Media","LEGAL_ID":"311","LEGAL_NAME":"EL MIRADOR","LEGAL_AREA":11.06,"LEGAL_LOTS":989,"LEGAL_POP":5340.6,"LEGAL_DENS":89.42,"LEGALIZING":null,"BLOCK_ID_":"002570047","BLOCK_POP":121,"BLOCK_BLD":33,"BLOCK_RISK":17.632622,"BLOCK_EDU":0,"BLOCK_HLTH":11.741419,"BLOCK_TRAN":99.461899,"BLOCK_CULT":0,"BLOCK_PARK":3.7484257,"BLOCK_SEC":100,"BLOCK_CENT":0,"BLOCK_DEF":36.3636363636,"BLD_INHAB":4,"OBJECTID":1,"AO_225":0.16,"id":484,"preds_material":[[5,"1216742806_219065_6053_1-512.jpg"],[6,"1216743004_262896_6572_3-512.jpg"],[6,"1216743004_582823_6573_3-512.jpg"],[6,"1216743004_963034_6574_3-512.jpg"]],"material_ml":"other/unclear","preds_construction":[[2,"1216743004_262896_6572_3-512.jpg"],[2,"1216743004_582823_6573_3-512.jpg"],[2,"1216743004_963034_6574_3-512.jpg"]],"construction_ml":"complete","preds_design":[[2,"1216743004_262896_6572_3-512.jpg"],[2,"1216743004_582823_6573_3-512.jpg"],[2,"1216743004_963034_6574_3-512.jpg"]],"design_ml":"designed","images":[]}
