{"MATERIAL":"under construction","AVG_SLOPE":16.9893307894,"AVG_HEIGHT":7.51911928356,"TERAIN_SLP":13.6525335536,"AREA":67.9185144705,"VOLUME":511,"FLOORS":2,"INT_ZONE":"Borde Rural","FLOOD":1,"LANDSLIDE":"Amenaza Media","LEGAL_ID":"311","LEGAL_NAME":"EL MIRADOR","LEGAL_AREA":11.06,"LEGAL_LOTS":989,"LEGAL_POP":5340.6,"LEGAL_DENS":89.42,"LEGALIZING":null,"BLOCK_ID_":"002570044","BLOCK_POP":121,"BLOCK_BLD":30,"BLOCK_RISK":8.524581,"BLOCK_EDU":0,"BLOCK_HLTH":10.340543,"BLOCK_TRAN":92.85582,"BLOCK_CULT":0,"BLOCK_PARK":1.2415633,"BLOCK_SEC":100,"BLOCK_CENT":0,"BLOCK_DEF":43.3333333333,"BLD_INHAB":4,"OBJECTID":2,"AO_225":0.2,"id":486,"preds_material":[[5,"1216742709_654609_5808_1-512.jpg"],[5,"1216742709_964666_5809_1-512.jpg"],[5,"1216742711_229355_5813_1-512.jpg"],[5,"1216742711_629365_5814_1-512.jpg"],[5,"1216742712_024729_5815_1-512.jpg"],[5,"1216742712_489590_5816_1-512.jpg"],[5,"1216742712_999526_5817_1-512.jpg"],[5,"1216742712_999526_5817_1-512.jpg"],[5,"1216742713_589349_5818_1-512.jpg"],[5,"1216743009_767998_6587_1-512.jpg"],[5,"1216743009_977987_6588_1-512.jpg"],[5,"1216743010_197971_6589_1-512.jpg"],[5,"1216743010_372848_6590_1-512.jpg"],[5,"1216743010_542848_6591_1-512.jpg"],[5,"1216743010_667966_6592_1-512.jpg"],[5,"1216743010_827863_6593_1-512.jpg"],[5,"1216743010_987942_6594_1-512.jpg"],[5,"1216743011_142871_6595_1-512.jpg"],[5,"1216743011_297950_6596_1-512.jpg"],[5,"1216743011_467975_6597_1-512.jpg"],[5,"1216743011_632910_6598_1-512.jpg"],[5,"1216743011_632910_6598_1-512.jpg"],[5,"1216743011_772992_6599_1-512.jpg"],[5,"1216743011_772992_6599_1-512.jpg"],[5,"1216743011_967994_6600_1-512.jpg"],[5,"1216743011_967994_6600_1-512.jpg"],[5,"1216743012_132930_6601_1-512.jpg"],[5,"1216743012_132930_6601_1-512.jpg"],[5,"1216743012_357792_6602_1-512.jpg"],[5,"1216743012_357792_6602_1-512.jpg"],[5,"1216743012_622984_6603_1-512.jpg"],[5,"1216743012_622984_6603_1-512.jpg"],[5,"1216743012_842825_6604_1-512.jpg"],[5,"1216743012_842825_6604_1-512.jpg"],[5,"1216743012_842825_6604_1-512.jpg"],[5,"1216743013_062757_6605_1-512.jpg"],[5,"1216743013_062757_6605_1-512.jpg"],[5,"1216743013_062757_6605_1-512.jpg"],[5,"1216743013_282764_6606_1-512.jpg"],[5,"1216743013_282764_6606_1-512.jpg"],[5,"1216743013_497771_6607_1-512.jpg"],[5,"1216743013_497771_6607_1-512.jpg"],[5,"1216743013_712751_6608_1-512.jpg"],[5,"1216743013_712751_6608_1-512.jpg"],[5,"1216743013_922785_6609_1-512.jpg"],[5,"1216743013_922785_6609_1-512.jpg"],[5,"1216743014_127748_6610_1-512.jpg"],[5,"1216743014_127748_6610_1-512.jpg"],[1,"1216743014_127748_6610_1-512.jpg"],[5,"1216743014_332800_6611_1-512.jpg"],[1,"1216743014_332800_6611_1-512.jpg"],[6,"1216743014_332800_6611_1-512.jpg"],[5,"1216743014_332800_6611_1-512.jpg"],[5,"1216743014_537712_6612_1-512.jpg"],[1,"1216743014_537712_6612_1-512.jpg"],[5,"1216743014_742772_6613_1-512.jpg"],[1,"1216743014_742772_6613_1-512.jpg"],[5,"1216743014_952685_6614_1-512.jpg"],[1,"1216743014_952685_6614_1-512.jpg"],[1,"1216743015_167660_6615_1-512.jpg"],[5,"1216743015_167660_6615_1-512.jpg"],[1,"1216743015_402654_6616_1-512.jpg"],[5,"1216743015_402654_6616_1-512.jpg"],[1,"1216743015_672650_6617_1-512.jpg"],[5,"1216743015_672650_6617_1-512.jpg"],[1,"1216743015_992620_6618_1-512.jpg"],[1,"1216743016_377604_6619_1-512.jpg"],[1,"1216743016_877429_6620_1-512.jpg"],[1,"1216743017_597410_6621_1-512.jpg"],[5,"1216744101_662337_9174_1-512.jpg"],[5,"1216744102_627394_9175_1-512.jpg"],[5,"1216744102_627394_9175_1-512.jpg"]],"material_ml":"painted","preds_construction":[[2,"1216742711_629365_5814_1-512.jpg"],[2,"1216742712_024729_5815_1-512.jpg"],[2,"1216742712_489590_5816_1-512.jpg"],[2,"1216742712_999526_5817_1-512.jpg"],[2,"1216742712_999526_5817_1-512.jpg"],[2,"1216742713_589349_5818_1-512.jpg"],[2,"1216743009_767998_6587_1-512.jpg"],[2,"1216743009_977987_6588_1-512.jpg"],[2,"1216743010_197971_6589_1-512.jpg"],[2,"1216743010_372848_6590_1-512.jpg"],[2,"1216743010_542848_6591_1-512.jpg"],[2,"1216743010_667966_6592_1-512.jpg"],[2,"1216743010_827863_6593_1-512.jpg"],[2,"1216743010_987942_6594_1-512.jpg"],[2,"1216743011_142871_6595_1-512.jpg"],[2,"1216743011_297950_6596_1-512.jpg"],[2,"1216743011_467975_6597_1-512.jpg"],[2,"1216743011_632910_6598_1-512.jpg"],[2,"1216743011_632910_6598_1-512.jpg"],[2,"1216743011_772992_6599_1-512.jpg"],[2,"1216743011_772992_6599_1-512.jpg"],[2,"1216743011_967994_6600_1-512.jpg"],[2,"1216743011_967994_6600_1-512.jpg"],[2,"1216743012_132930_6601_1-512.jpg"],[2,"1216743012_132930_6601_1-512.jpg"],[2,"1216743012_357792_6602_1-512.jpg"],[2,"1216743012_357792_6602_1-512.jpg"],[2,"1216743012_622984_6603_1-512.jpg"],[2,"1216743012_622984_6603_1-512.jpg"],[2,"1216743012_842825_6604_1-512.jpg"],[2,"1216743012_842825_6604_1-512.jpg"],[2,"1216743012_842825_6604_1-512.jpg"],[2,"1216743013_062757_6605_1-512.jpg"],[2,"1216743013_062757_6605_1-512.jpg"],[2,"1216743013_062757_6605_1-512.jpg"],[2,"1216743013_282764_6606_1-512.jpg"],[2,"1216743013_282764_6606_1-512.jpg"],[2,"1216743013_497771_6607_1-512.jpg"],[2,"1216743013_497771_6607_1-512.jpg"],[2,"1216743013_712751_6608_1-512.jpg"],[2,"1216743013_712751_6608_1-512.jpg"],[2,"1216743013_922785_6609_1-512.jpg"],[2,"1216743013_922785_6609_1-512.jpg"],[2,"1216743014_127748_6610_1-512.jpg"],[2,"1216743014_127748_6610_1-512.jpg"],[2,"1216743014_332800_6611_1-512.jpg"],[1,"1216743014_332800_6611_1-512.jpg"],[2,"1216743014_332800_6611_1-512.jpg"],[2,"1216743014_537712_6612_1-512.jpg"],[1,"1216743014_537712_6612_1-512.jpg"],[2,"1216743014_742772_6613_1-512.jpg"],[1,"1216743014_742772_6613_1-512.jpg"],[2,"1216743014_952685_6614_1-512.jpg"],[1,"1216743014_952685_6614_1-512.jpg"],[2,"1216743015_167660_6615_1-512.jpg"],[1,"1216743015_167660_6615_1-512.jpg"],[1,"1216743015_402654_6616_1-512.jpg"],[2,"1216743015_402654_6616_1-512.jpg"],[1,"1216743015_672650_6617_1-512.jpg"],[2,"1216743015_672650_6617_1-512.jpg"],[1,"1216743015_992620_6618_1-512.jpg"],[1,"1216743016_377604_6619_1-512.jpg"],[1,"1216743016_877429_6620_1-512.jpg"],[1,"1216743017_597410_6621_1-512.jpg"],[2,"1216744101_662337_9174_1-512.jpg"],[2,"1216744102_627394_9175_1-512.jpg"],[2,"1216744102_627394_9175_1-512.jpg"]],"construction_ml":"complete",