{"MATERIAL":"concrete","AVG_SLOPE":3.77796039175,"AVG_HEIGHT":2.95664249235,"TERAIN_SLP":11.3651340801,"AREA":62.4927177654,"VOLUME":185,"FLOORS":1,"INT_ZONE":"Borde Rural","FLOOD":1,"LANDSLIDE":"Amenaza Media","LEGAL_ID":"311","LEGAL_NAME":"EL MIRADOR","LEGAL_AREA":11.06,"LEGAL_LOTS":989,"LEGAL_POP":5340.6,"LEGAL_DENS":89.42,"LEGALIZING":null,"BLOCK_ID_":"002570044","BLOCK_POP":121,"BLOCK_BLD":30,"BLOCK_RISK":8.524581,"BLOCK_EDU":0,"BLOCK_HLTH":10.340543,"BLOCK_TRAN":92.85582,"BLOCK_CULT":0,"BLOCK_PARK":1.2415633,"BLOCK_SEC":100,"BLOCK_CENT":0,"BLOCK_DEF":43.3333333333,"BLD_INHAB":4,"OBJECTID":1,"AO_225":0.16,"id":487,"preds_material":[[5,"1216743007_357917_6578_1-512.jpg"],[5,"1216743007_892962_6579_1-512.jpg"],[5,"1216743008_218009_6580_1-512.jpg"]],"material_ml":"painted","preds_construction":[[2,"1216743007_357917_6578_1-512.jpg"],[2,"1216743007_357917_6578_1-512.jpg"],[2,"1216743007_892962_6579_1-512.jpg"],[2,"1216743008_218009_6580_1-512.jpg"]],"construction_ml":"complete","preds_design":[[2,"1216743007_357917_6578_1-512.jpg"],[2,"1216743007_892962_6579_1-512.jpg"],[2,"1216743008_218009_6580_1-512.jpg"]],"design_ml":"designed","images":[]}
