{"MATERIAL":"corrugated metal","AVG_SLOPE":6.94740966521,"AVG_HEIGHT":3.0183613868,"TERAIN_SLP":13.020778772,"AREA":66.795293578,"VOLUME":202,"FLOORS":2,"INT_ZONE":"Borde Rural","FLOOD":1,"LANDSLIDE":"Amenaza Media","LEGAL_ID":"311","LEGAL_NAME":"EL MIRADOR","LEGAL_AREA":11.06,"LEGAL_LOTS":989,"LEGAL_POP":5340.6,"LEGAL_DENS":89.42,"LEGALIZING":null,"BLOCK_ID_":"002570044","BLOCK_POP":121,"BLOCK_BLD":30,"BLOCK_RISK":8.524581,"BLOCK_EDU":0,"BLOCK_HLTH":10.340543,"BLOCK_TRAN":92.85582,"BLOCK_CULT":0,"BLOCK_PARK":1.2415633,"BLOCK_SEC":100,"BLOCK_CENT":0,"BLOCK_DEF":43.3333333333,"BLD_INHAB":4,"OBJECTID":2,"AO_225":0.2,"id":488,"preds_material":[[1,"1216743084_962583_6791_1-512.jpg"],[1,"1216743085_562399_6792_1-512.jpg"],[1,"1216743086_067612_6793_1-512.jpg"],[1,"1216743086_497330_6794_1-512.jpg"]],"material_ml":"brick","preds_construction":[[1,"1216743084_962583_6791_1-512.jpg"],[1,"1216743085_562399_6792_1-512.jpg"],[1,"1216743086_067612_6793_1-512.jpg"],[1,"1216743086_497330_6794_1-512.jpg"]],"construction_ml":"incomplete","preds_design":[[1,"1216743084_962583_6791_1-512.jpg"],[1,"1216743085_562399_6792_1-512.jpg"],[1,"1216743086_067612_6793_1-512.jpg"],[1,"1216743086_497330_6794_1-512.jpg"]],"design_ml":"undesigned","images":[]}
