{"MATERIAL":"corrugated metal","AVG_SLOPE":6.83274630087,"AVG_HEIGHT":2.84273277453,"TERAIN_SLP":4.49353464179,"AREA":60.4939594126,"VOLUME":172,"FLOORS":1,"INT_ZONE":"Borde Rural","FLOOD":1,"LANDSLIDE":"Amenaza Media","LEGAL_ID":"311","LEGAL_NAME":"EL MIRADOR","LEGAL_AREA":11.06,"LEGAL_LOTS":989,"LEGAL_POP":5340.6,"LEGAL_DENS":89.42,"LEGALIZING":null,"BLOCK_ID_":"002570041","BLOCK_POP":113,"BLOCK_BLD":33,"BLOCK_RISK":17.29748,"BLOCK_EDU":0,"BLOCK_HLTH":10.352924,"BLOCK_TRAN":92.950226,"BLOCK_CULT":0,"BLOCK_PARK":1.2430612,"BLOCK_SEC":38.866428,"BLOCK_CENT":0,"BLOCK_DEF":42.4242424242,"BLD_INHAB":3,"OBJECTID":1,"AO_225":0.16,"id":494,"preds_material":[[5,"1216742783_539126_5989_1-512.jpg"],[5,"1216742788_318767_5997_1-512.jpg"],[5,"1216743098_477613_6840_3-512.jpg"],[5,"1216743098_702534_6841_3-512.jpg"],[5,"1216743098_892460_6842_3-512.jpg"],[5,"1216743099_072446_6843_3-512.jpg"],[5,"1216743099_072446_6843_3-512.jpg"],[5,"1216743099_282527_6844_3-512.jpg"],[5,"1216743099_282527_6844_3-512.jpg"],[5,"1216743099_457556_6845_3-512.jpg"],[5,"1216743099_457556_6845_3-512.jpg"],[5,"1216743099_632534_6846_3-512.jpg"],[5,"1216743099_632534_6846_3-512.jpg"],[5,"1216743099_807848_6847_3-512.jpg"],[5,"1216743099_807848_6847_3-512.jpg"],[5,"1216743099_997555_6848_3-512.jpg"],[5,"1216743099_997555_6848_3-512.jpg"],[5,"1216743100_177505_6849_3-512.jpg"],[5,"1216743100_177505_6849_3-512.jpg"],[5,"1216743100_362654_6850_3-512.jpg"],[5,"1216743100_362654_6850_3-512.jpg"],[5,"1216743100_552448_6851_3-512.jpg"],[5,"1216743100_552448_6851_3-512.jpg"],[5,"1216743100_752635_6852_3-512.jpg"],[5,"1216743100_752635_6852_3-512.jpg"],[5,"1216743100_967411_6853_3-512.jpg"],[5,"1216743100_967411_6853_3-512.jpg"],[5,"1216743101_207350_6854_3-512.jpg"],[5,"1216743101_477370_6855_3-512.jpg"],[5,"1216743101_812574_6856_3-512.jpg"]],"material_ml":"painted","preds_construction":[[2,"1216742783_539126_5989_1-512.jpg"],[2,"1216743098_477613_6840_3-512.jpg"],[2,"1216743098_702534_6841_3-512.jpg"],[2,"1216743098_892460_6842_3-512.jpg"],[2,"1216743099_072446_6843_3-512.jpg"],[2,"1216743099_072446_6843_3-512.jpg"],[2,"1216743099_282527_6844_3-512.jpg"],[2,"1216743099_282527_6844_3-512.jpg"],[2,"1216743099_457556_6845_3-512.jpg"],[2,"1216743099_457556_6845_3-512.jpg"],[2,"1216743099_632534_6846_3-512.jpg"],[2,"1216743099_632534_6846_3-512.jpg"],[2,"1216743099_807848_6847_3-512.jpg"],[2,"1216743099_807848_6847_3-512.jpg"],[2,"1216743099_997555_6848_3-512.jpg"],[2,"1216743099_997555_6848_3-512.jpg"],[2,"1216743100_177505_6849_3-512.jpg"],[2,"1216743100_177505_6849_3-512.jpg"],[2,"1216743100_362654_6850_3-512.jpg"],[2,"1216743100_362654_6850_3-512.jpg"],[2,"1216743100_552448_6851_3-512.jpg"],[2,"1216743100_552448_6851_3-512.jpg"],[2,"1216743100_752635_6852_3-512.jpg"],[2,"1216743100_752635_6852_3-512.jpg"],[2,"1216743100_967411_6853_3-512.jpg"],[2,"1216743100_967411_6853_3-512.jpg"],[2,"1216743101_207350_6854_3-512.jpg"],[2,"1216743101_477370_6855_3-512.jpg"],[2,"1216743101_812574_6856_3-512.jpg"]],"construction_ml":"complete","preds_design":[[1,"1216742783_539126_5989_1-512.jpg"],[2,"1216743098_477613_6840_3-512.jpg"],[2,"1216743098_702534_6841_3-512.jpg"],[2,"1216743098_892460_6842_3-512.jpg"],[2,"1216743098_892460_6842_3-512.jpg"],[1,"1216743098_892460_6842_3-512.jpg"],[2,"1216743099_072446_6843_3-512.jpg"],[2,"1216743099_072446_6843_3-512.jpg"],[1,"1216743099_072446_6843_3-512.jpg"],[2,"1216743099_282527_6844_3-512.jpg"],[2,"1216743099_282527_6844_3-512.jpg"],[2,"1216743099_457556_6845_3-512.jpg"],[2,"1216743099_457556_6845_3-512.jpg"],[2,"1216743099_632534_6846_3-512.jpg"],[1,"1216743099_632534_6846_3-512.jpg"],[2,"1216743099_807848_6847_3-512.jpg"],[1,"1216743099_807848_6847_3-512.jpg"],[2,"1216743099_997555_6848_3-512.jpg"],[1,"1216743099_997555_6848_3-512.jpg"],[2,"1216743100_177505_6849_3-512.jpg"],[1,"1216743100_177505_6849_3-512.jpg"],[2,"1216743100_362654_6850_3-512.jpg"],[1,"1216743100_362654_6850_3-512.jpg"],[2,"1216743100_552448_6851_3-512.jpg"],[1,"1216743100_552448_6851_3-512.jpg"],[2,"1216743100_752635_6852_3-512.jpg"],[1,"1216743100_752635_6852_3-512.jpg"],[1,"1216743100_967411_6853_3-512.jpg"],[2,"1216743100_967411_6853_3-512.jpg"],[1,"1216743101_207350_6854_3-512.jpg"],[1,"1216743101_477370_6855_3-512.jpg"],[1,"1216743101_812574_6856_3-512.jpg"]],"design_ml":"designed","images":[]}
