{"MATERIAL":"corrugated metal/heavily patched","AVG_SLOPE":9.65902307456,"AVG_HEIGHT":1.75421161404,"TERAIN_SLP":4.40314741304,"AREA":64.930754355,"VOLUME":114,"FLOORS":1,"INT_ZONE":"Borde Rural","FLOOD":2,"LANDSLIDE":"Amenaza Media","LEGAL_ID":"311","LEGAL_NAME":"EL MIRADOR","LEGAL_AREA":11.06,"LEGAL_LOTS":989,"LEGAL_POP":5340.6,"LEGAL_DENS":89.42,"LEGALIZING":null,"BLOCK_ID_":"002570044","BLOCK_POP":121,"BLOCK_BLD":30,"BLOCK_RISK":8.524581,"BLOCK_EDU":0,"BLOCK_HLTH":10.340543,"BLOCK_TRAN":92.85582,"BLOCK_CULT":0,"BLOCK_PARK":1.2415633,"BLOCK_SEC":100,"BLOCK_CENT":0,"BLOCK_DEF":43.3333333333,"BLD_INHAB":4,"OBJECTID":1,"AO_225":0.16,"id":499,"preds_material":[[5,"1216742797_044419_6018_1-512.jpg"],[5,"1216742797_894366_6021_1-512.jpg"],[5,"1216742798_224382_6022_1-512.jpg"],[5,"1216742807_894078_6063_1-512.jpg"],[5,"1216742808_064089_6064_1-512.jpg"],[5,"1216742809_374190_6071_1-512.jpg"],[5,"1216742809_609067_6072_1-512.jpg"],[5,"1216742809_804020_6073_1-512.jpg"],[5,"1216742996_887905_6539_3-512.jpg"],[5,"1216743002_388073_6565_1-512.jpg"],[5,"1216743002_582968_6566_1-512.jpg"],[5,"1216743002_772981_6567_1-512.jpg"],[5,"1216743003_022870_6568_1-512.jpg"],[5,"1216743003_322965_6569_1-512.jpg"]],"material_ml":"painted","preds_construction":[[2,"1216742797_044419_6018_1-512.jpg"],[2,"1216742797_894366_6021_1-512.jpg"],[2,"1216742798_224382_6022_1-512.jpg"],[2,"1216742808_064089_6064_1-512.jpg"],[2,"1216742809_609067_6072_1-512.jpg"],[2,"1216742809_804020_6073_1-512.jpg"],[2,"1216743002_188028_6564_1-512.jpg"],[2,"1216743002_388073_6565_1-512.jpg"],[2,"1216743002_582968_6566_1-512.jpg"],[2,"1216743002_772981_6567_1-512.jpg"],[2,"1216743003_022870_6568_1-512.jpg"],[2,"1216743003_322965_6569_1-512.jpg"]],"construction_ml":"complete","preds_design":[[1,"1216742797_044419_6018_1-512.jpg"],[1,"1216742797_894366_6021_1-512.jpg"],[1,"1216742798_224382_6022_1-512.jpg"],[1,"1216742808_064089_6064_1-512.jpg"],[2,"1216742809_609067_6072_1-512.jpg"],[2,"1216742809_804020_6073_1-512.jpg"],[2,"1216743002_388073_6565_1-512.jpg"],[2,"1216743002_582968_6566_1-512.jpg"],[2,"1216743002_772981_6567_1-512.jpg"],[2,"1216743003_022870_6568_1-512.jpg"],[2,"1216743003_022870_6568_1-512.jpg"],[2,"1216743003_322965_6569_1-512.jpg"]],"design_ml":"designed","images":[]}
