{"MATERIAL":"corrugated metal/heavily patched","AVG_SLOPE":7.21414903162,"AVG_HEIGHT":2.98451204684,"TERAIN_SLP":4.71611860801,"AREA":70.9819048967,"VOLUME":212,"FLOORS":1,"INT_ZONE":null,"FLOOD":2,"LANDSLIDE":"Amenaza Media","LEGAL_ID":"231","LEGAL_NAME":"BELLA FLOR","LEGAL_AREA":24.13,"LEGAL_LOTS":1732,"LEGAL_POP":9352.8,"LEGAL_DENS":71.77786987,"LEGALIZING":null,"BLOCK_ID_":"002581090","BLOCK_POP":73,"BLOCK_BLD":18,"BLOCK_RISK":20.619991,"BLOCK_EDU":0,"BLOCK_HLTH":0,"BLOCK_TRAN":23.189829,"BLOCK_CULT":0,"BLOCK_PARK":8.6725149,"BLOCK_SEC":100,"BLOCK_CENT":0,"BLOCK_DEF":55.5555555556,"BLD_INHAB":4,"OBJECTID":1,"AO_225":0.16,"id":5028,"preds_material":[[1,"1216746115_542804_13850_1-512.jpg"],[1,"1216746115_667783_13851_1-512.jpg"],[5,"1216746116_072721_13854_1-512.jpg"],[5,"1216746116_197603_13855_1-512.jpg"],[3,"1216746116_197603_13855_1-512.jpg"],[3,"1216746124_287730_13917_3-512.jpg"],[3,"1216746124_477594_13918_3-512.jpg"],[1,"1216746126_227692_13927_3-512.jpg"],[1,"1216746126_422586_13928_3-512.jpg"],[1,"1216746128_022616_13937_3-512.jpg"],[1,"1216746128_187635_13938_3-512.jpg"],[1,"1216746128_352661_13939_3-512.jpg"],[5,"1216746130_157611_13950_3-512.jpg"],[5,"1216746130_327610_13951_3-512.jpg"],[5,"1216746130_502482_13952_3-512.jpg"],[1,"1216746131_697736_13959_3-512.jpg"],[1,"1216746131_857632_13960_3-512.jpg"],[1,"1216746132_012658_13961_3-512.jpg"],[1,"1216746132_162687_13962_3-512.jpg"],[1,"1216746133_572529_13972_3-512.jpg"],[1,"1216746133_792703_13974_3-512.jpg"],[1,"1216746134_057714_13976_3-512.jpg"],[1,"1216746134_192662_13977_3-512.jpg"],[1,"1216746134_942563_13983_3-512.jpg"],[1,"1216746135_042829_13984_3-512.jpg"],[1,"1216746135_177785_13985_3-512.jpg"]],"material_ml":"brick","preds_construction":[[1,"1216746113_222727_13831_1-512.jpg"],[1,"1216746113_367667_13832_1-512.jpg"],[1,"1216746115_207822_13847_1-512.jpg"],[1,"1216746115_332844_13848_1-512.jpg"],[2,"1216746115_542804_13850_1-512.jpg"],[2,"1216746115_667783_13851_1-512.jpg"],[2,"1216746116_072721_13854_1-512.jpg"],[2,"1216746116_197603_13855_1-512.jpg"],[1,"1216746126_227692_13927_3-512.jpg"],[1,"1216746126_422586_13928_3-512.jpg"],[1,"1216746126_622568_13929_3-512.jpg"],[1,"1216746128_022616_13937_3-512.jpg"],[1,"1216746128_187635_13938_3-512.jpg"],[2,"1216746130_157611_13950_3-512.jpg"],[1,"1216746132_497699_13964_3-512.jpg"],[1,"1216746132_497699_13964_3-512.jpg"],[1,"1216746132_642520_13965_3-512.jpg"],[1,"1216746132_787573_13966_3-512.jpg"],[1,"1216746132_787573_13966_3-512.jpg"],[1,"1216746132_892651_13967_3-512.jpg"],[1,"1216746132_892651_13967_3-512.jpg"],[1,"1216746133_027591_13968_3-512.jpg"],[1,"1216746133_162600_13969_3-512.jpg"],[1,"1216746133_312624_13970_3-512.jpg"],[1,"1216746133_442517_13971_3-512.jpg"],[1,"1216746133_572529_13972_3-512.jpg"],[1,"1216746133_662664_13973_3-512.jpg"],[1,"1216746133_792703_13974_3-512.jpg"],[1,"1216746134_422504_13979_3-512.jpg"]],"construction_ml":"incomplete","preds_design":[[1,"1216746114_877735_13844_1-512.jpg"],[1,"1216746115_207822_13847_1-512.jpg"],[1,"1216746115_332844_13848_1-512.jpg"],[1,"1216746115_667783_13851_1-512.jpg"],[1,"1216746126_227692_13927_3-512.jpg"],[1,"1216746126_422586_13928_3-512.jpg"],[1,"1216746126_622568_13929_3-512.jpg"],[1,"1216746132_497699_13964_3-512.jpg"],[1,"1216746133_162600_13969_3-512.jpg"],[1,"1216746133_312624_13970_3-512.jpg"],[1,"1216746133_442517_13971_3-512.jpg"],[1,"1216746133_572529_13972_3-512.jpg"],[1,"1216746133_662664_13973_3-512.jpg"]],"design_ml":"undesigned","images":[]}
