{"MATERIAL":"corrugated metal/heavily patched","AVG_SLOPE":18.8578192285,"AVG_HEIGHT":4.14569602664,"TERAIN_SLP":6.50369718089,"AREA":61.1020251007,"VOLUME":253,"FLOORS":2,"INT_ZONE":null,"FLOOD":2,"LANDSLIDE":"Amenaza Media","LEGAL_ID":"231","LEGAL_NAME":"BELLA FLOR","LEGAL_AREA":24.13,"LEGAL_LOTS":1732,"LEGAL_POP":9352.8,"LEGAL_DENS":71.77786987,"LEGALIZING":null,"BLOCK_ID_":"002581090","BLOCK_POP":73,"BLOCK_BLD":18,"BLOCK_RISK":20.619991,"BLOCK_EDU":0,"BLOCK_HLTH":0,"BLOCK_TRAN":23.189829,"BLOCK_CULT":0,"BLOCK_PARK":8.6725149,"BLOCK_SEC":100,"BLOCK_CENT":0,"BLOCK_DEF":55.5555555556,"BLD_INHAB":4,"OBJECTID":1,"AO_225":0.16,"id":5029,"preds_material":[[1,"1216746126_622568_13929_3-512.jpg"],[1,"1216746126_812588_13930_3-512.jpg"],[1,"1216746126_812588_13930_3-512.jpg"],[1,"1216746126_997590_13931_3-512.jpg"],[1,"1216746126_997590_13931_3-512.jpg"],[1,"1216746127_182584_13932_3-512.jpg"],[1,"1216746127_182584_13932_3-512.jpg"],[1,"1216746128_517534_13940_3-512.jpg"],[1,"1216746128_682552_13941_3-512.jpg"],[5,"1216746130_682485_13953_3-512.jpg"],[5,"1216746130_862502_13954_3-512.jpg"],[5,"1216746131_037508_13955_3-512.jpg"]],"material_ml":"brick","images":[]}
