{"MATERIAL":"corrugated metal/heavily patched","AVG_SLOPE":6.79434076325,"AVG_HEIGHT":3.64396176085,"TERAIN_SLP":9.1206370644,"AREA":59.5879327857,"VOLUME":217,"FLOORS":2,"INT_ZONE":"Borde Rural","FLOOD":3,"LANDSLIDE":"Amenaza Media","LEGAL_ID":"311","LEGAL_NAME":"EL MIRADOR","LEGAL_AREA":11.06,"LEGAL_LOTS":989,"LEGAL_POP":5340.6,"LEGAL_DENS":89.42,"LEGALIZING":null,"BLOCK_ID_":"002570044","BLOCK_POP":121,"BLOCK_BLD":30,"BLOCK_RISK":8.524581,"BLOCK_EDU":0,"BLOCK_HLTH":10.340543,"BLOCK_TRAN":92.85582,"BLOCK_CULT":0,"BLOCK_PARK":1.2415633,"BLOCK_SEC":100,"BLOCK_CENT":0,"BLOCK_DEF":43.3333333333,"BLD_INHAB":4,"OBJECTID":1,"AO_225":0.16,"id":503,"preds_material":[[1,"1216742778_779135_5971_1-512.jpg"],[5,"1216742778_779135_5971_1-512.jpg"],[5,"1216742780_439251_5978_1-512.jpg"],[5,"1216742780_694175_5979_1-512.jpg"],[5,"1216742782_309221_5985_1-512.jpg"],[5,"1216742784_688920_5992_1-512.jpg"],[5,"1216743096_792585_6833_1-512.jpg"],[5,"1216743097_102483_6834_1-512.jpg"],[5,"1216743097_372551_6835_1-512.jpg"],[5,"1216743097_617888_6836_1-512.jpg"],[5,"1216743097_847643_6837_1-512.jpg"],[5,"1216743098_067688_6838_1-512.jpg"],[5,"1216743098_277667_6839_1-512.jpg"],[5,"1216743098_477613_6840_1-512.jpg"],[5,"1216743098_702534_6841_1-512.jpg"],[5,"1216743098_892460_6842_1-512.jpg"]],"material_ml":"painted","preds_construction":[[2,"1216743096_792585_6833_1-512.jpg"],[2,"1216743097_102483_6834_1-512.jpg"],[2,"1216743097_372551_6835_1-512.jpg"],[2,"1216743097_617888_6836_1-512.jpg"],[2,"1216743097_847643_6837_1-512.jpg"],[2,"1216743098_067688_6838_1-512.jpg"],[2,"1216743098_277667_6839_1-512.jpg"],[2,"1216743098_477613_6840_1-512.jpg"],[2,"1216743098_702534_6841_1-512.jpg"],[2,"1216743098_892460_6842_1-512.jpg"]],"construction_ml":"complete","preds_design":[[1,"1216743096_422236_6832_1-512.jpg"],[1,"1216743096_792585_6833_1-512.jpg"],[1,"1216743097_102483_6834_1-512.jpg"],[1,"1216743097_372551_6835_1-512.jpg"],[1,"1216743097_617888_6836_1-512.jpg"],[2,"1216743097_847643_6837_1-512.jpg"],[2,"1216743098_067688_6838_1-512.jpg"],[2,"1216743098_277667_6839_1-512.jpg"],[2,"1216743098_477613_6840_1-512.jpg"],[2,"1216743098_702534_6841_1-512.jpg"],[2,"1216743098_892460_6842_1-512.jpg"]],"design_ml":"designed","images":[]}
