{"MATERIAL":"corrugated metal - new","AVG_SLOPE":5.65209356672,"AVG_HEIGHT":5.18928390785,"TERAIN_SLP":1.88696300679,"AREA":53.2330985728,"VOLUME":276,"FLOORS":2,"INT_ZONE":null,"FLOOD":2,"LANDSLIDE":"Amenaza Media","LEGAL_ID":"231","LEGAL_NAME":"BELLA FLOR","LEGAL_AREA":24.13,"LEGAL_LOTS":1732,"LEGAL_POP":9352.8,"LEGAL_DENS":71.77786987,"LEGALIZING":null,"BLOCK_ID_":"002581071","BLOCK_POP":84,"BLOCK_BLD":19,"BLOCK_RISK":34.702431,"BLOCK_EDU":0,"BLOCK_HLTH":0,"BLOCK_TRAN":27.615595,"BLOCK_CULT":0,"BLOCK_PARK":9.3563585,"BLOCK_SEC":100,"BLOCK_CENT":0,"BLOCK_DEF":57.8947368421,"BLD_INHAB":4,"OBJECTID":1,"AO_225":0.16,"id":5036,"preds_material":[[5,"1216746114_402760_13840_1-512.jpg"],[5,"1216746116_442610_13857_1-512.jpg"],[3,"1216746116_442610_13857_1-512.jpg"]],"material_ml":"painted","images":[]}
