{"MATERIAL":"corrugated metal/heavily patched","AVG_SLOPE":7.11651003924,"AVG_HEIGHT":0.52010291309,"TERAIN_SLP":13.968054805,"AREA":57.1537500121,"VOLUME":30,"FLOORS":1,"INT_ZONE":"Borde Rural","FLOOD":1,"LANDSLIDE":"Amenaza Media","LEGAL_ID":"311","LEGAL_NAME":"EL MIRADOR","LEGAL_AREA":11.06,"LEGAL_LOTS":989,"LEGAL_POP":5340.6,"LEGAL_DENS":89.42,"LEGALIZING":null,"BLOCK_ID_":"002570044","BLOCK_POP":121,"BLOCK_BLD":30,"BLOCK_RISK":8.524581,"BLOCK_EDU":0,"BLOCK_HLTH":10.340543,"BLOCK_TRAN":92.85582,"BLOCK_CULT":0,"BLOCK_PARK":1.2415633,"BLOCK_SEC":100,"BLOCK_CENT":0,"BLOCK_DEF":43.3333333333,"BLD_INHAB":4,"OBJECTID":1,"AO_225":0.16,"id":505,"preds_material":[[5,"1216743090_342565_6811_1-512.jpg"],[5,"1216743090_542521_6812_1-512.jpg"],[5,"1216743090_757511_6813_1-512.jpg"],[5,"1216743090_997588_6814_1-512.jpg"],[5,"1216743091_247511_6815_1-512.jpg"],[5,"1216743091_527473_6816_1-512.jpg"],[5,"1216743091_822633_6817_1-512.jpg"],[5,"1216743092_112480_6818_1-512.jpg"],[5,"1216743092_387411_6819_1-512.jpg"],[5,"1216743092_657397_6820_1-512.jpg"],[5,"1216743092_922327_6821_1-512.jpg"],[5,"1216743092_922327_6821_1-512.jpg"],[5,"1216743093_167506_6822_1-512.jpg"],[5,"1216743093_167506_6822_1-512.jpg"],[5,"1216743093_422428_6823_1-512.jpg"],[5,"1216743093_677462_6824_1-512.jpg"],[5,"1216743093_927513_6825_1-512.jpg"],[5,"1216743094_182458_6826_1-512.jpg"],[5,"1216743094_452551_6827_1-512.jpg"]],"material_ml":"painted","preds_construction":[[2,"1216743090_342565_6811_1-512.jpg"],[2,"1216743090_542521_6812_1-512.jpg"],[2,"1216743090_757511_6813_1-512.jpg"],[2,"1216743090_997588_6814_1-512.jpg"],[2,"1216743091_247511_6815_1-512.jpg"],[2,"1216743091_527473_6816_1-512.jpg"],[2,"1216743091_527473_6816_1-512.jpg"],[2,"1216743091_822633_6817_1-512.jpg"],[2,"1216743092_112480_6818_1-512.jpg"],[2,"1216743092_387411_6819_1-512.jpg"],[2,"1216743092_657397_6820_1-512.jpg"],[2,"1216743092_922327_6821_1-512.jpg"],[2,"1216743092_922327_6821_1-512.jpg"],[2,"1216743093_167506_6822_1-512.jpg"],[2,"1216743093_167506_6822_1-512.jpg"],[2,"1216743093_422428_6823_1-512.jpg"],[2,"1216743093_677462_6824_1-512.jpg"],[2,"1216743093_927513_6825_1-512.jpg"],[2,"1216743094_182458_6826_1-512.jpg"],[2,"1216743094_452551_6827_1-512.jpg"]],"construction_ml":"complete","preds_design":[[2,"1216743090_342565_6811_1-512.jpg"],[2,"1216743090_542521_6812_1-512.jpg"],[2,"1216743090_757511_6813_1-512.jpg"],[2,"1216743090_997588_6814_1-512.jpg"],[2,"1216743091_247511_6815_1-512.jpg"],[1,"1216743091_527473_6816_1-512.jpg"],[1,"1216743091_822633_6817_1-512.jpg"],[1,"1216743092_112480_6818_1-512.jpg"],[1,"1216743092_387411_6819_1-512.jpg"],[1,"1216743092_657397_6820_1-512.jpg"],[1,"1216743092_922327_6821_1-512.jpg"],[2,"1216743092_922327_6821_1-512.jpg"],[1,"1216743093_167506_6822_1-512.jpg"],[1,"1216743093_422428_6823_1-512.jpg"],[1,"1216743093_677462_6824_1-512.jpg"],[1,"1216743093_927513_6825_1-512.jpg"],[1,"1216743094_182458_6826_1-512.jpg"],[1,"1216743094_452551_6827_1-512.jpg"]],"design_ml":"undesigned","images":[]}
