{"MATERIAL":"corrugated metal","AVG_SLOPE":3.49251191012,"AVG_HEIGHT":5.39073946128,"TERAIN_SLP":1.80936277431,"AREA":58.3607952812,"VOLUME":315,"FLOORS":2,"INT_ZONE":null,"FLOOD":2,"LANDSLIDE":"Amenaza Media","LEGAL_ID":"231","LEGAL_NAME":"BELLA FLOR","LEGAL_AREA":24.13,"LEGAL_LOTS":1732,"LEGAL_POP":9352.8,"LEGAL_DENS":71.77786987,"LEGALIZING":null,"BLOCK_ID_":"002581070","BLOCK_POP":80,"BLOCK_BLD":20,"BLOCK_RISK":35.593586,"BLOCK_EDU":0,"BLOCK_HLTH":0,"BLOCK_TRAN":32.424477,"BLOCK_CULT":0,"BLOCK_PARK":8.9895821,"BLOCK_SEC":100,"BLOCK_CENT":0,"BLOCK_DEF":40,"BLD_INHAB":4,"OBJECTID":1,"AO_225":0.16,"id":5083,"preds_material":[[1,"1216746102_307897_13799_1-512.jpg"],[1,"1216746102_567835_13800_1-512.jpg"],[5,"1216746102_567835_13800_1-512.jpg"],[5,"1216746102_842787_13801_1-512.jpg"],[1,"1216746103_627697_13804_1-512.jpg"],[5,"1216746103_627697_13804_1-512.jpg"],[1,"1216746103_857706_13805_1-512.jpg"],[5,"1216746103_857706_13805_1-512.jpg"],[1,"1216746104_122631_13806_1-512.jpg"],[5,"1216746104_122631_13806_1-512.jpg"],[1,"1216746104_422607_13807_1-512.jpg"],[5,"1216746104_422607_13807_1-512.jpg"],[1,"1216746104_782595_13808_1-512.jpg"],[5,"1216746104_782595_13808_1-512.jpg"],[1,"1216746105_247566_13809_1-512.jpg"],[5,"1216746105_247566_13809_1-512.jpg"],[1,"1216746105_757853_13810_1-512.jpg"],[1,"1216746139_932645_14015_3-512.jpg"],[1,"1216746140_092569_14016_3-512.jpg"]],"material_ml":"brick","preds_construction":[[2,"1216746102_307897_13799_1-512.jpg"],[2,"1216746102_567835_13800_1-512.jpg"],[2,"1216746103_627697_13804_1-512.jpg"],[2,"1216746103_857706_13805_1-512.jpg"],[2,"1216746104_122631_13806_1-512.jpg"],[2,"1216746104_422607_13807_1-512.jpg"],[2,"1216746104_782595_13808_1-512.jpg"],[2,"1216746105_247566_13809_1-512.jpg"],[1,"1216746105_757853_13810_1-512.jpg"],[1,"1216746140_307447_14017_3-512.jpg"],[1,"1216746140_572590_14018_3-512.jpg"],[1,"1216746140_732628_14019_3-512.jpg"],[2,"1216746141_122569_14021_3-512.jpg"],[2,"1216746141_387636_14022_3-512.jpg"],[2,"1216746141_612638_14023_3-512.jpg"]],"construction_ml":"complete","preds_design":[[2,"1216746102_307897_13799_1-512.jpg"],[2,"1216746102_567835_13800_1-512.jpg"],[2,"1216746103_627697_13804_1-512.jpg"],[2,"1216746103_857706_13805_1-512.jpg"],[2,"1216746104_122631_13806_1-512.jpg"],[2,"1216746104_422607_13807_1-512.jpg"],[2,"1216746104_782595_13808_1-512.jpg"],[2,"1216746105_247566_13809_1-512.jpg"],[2,"1216746105_757853_13810_1-512.jpg"],[1,"1216746139_932645_14015_3-512.jpg"],[1,"1216746140_092569_14016_3-512.jpg"]],"design_ml":"designed","images":[]}
