{"MATERIAL":"corrugated metal","AVG_SLOPE":5.27629509708,"AVG_HEIGHT":2.86433914802,"TERAIN_SLP":4.28496862924,"AREA":64.0426824745,"VOLUME":183,"FLOORS":1,"INT_ZONE":null,"FLOOD":2,"LANDSLIDE":"Amenaza Media","LEGAL_ID":"231","LEGAL_NAME":"BELLA FLOR","LEGAL_AREA":24.13,"LEGAL_LOTS":1732,"LEGAL_POP":9352.8,"LEGAL_DENS":71.77786987,"LEGALIZING":null,"BLOCK_ID_":"002581070","BLOCK_POP":80,"BLOCK_BLD":20,"BLOCK_RISK":35.593586,"BLOCK_EDU":0,"BLOCK_HLTH":0,"BLOCK_TRAN":32.424477,"BLOCK_CULT":0,"BLOCK_PARK":8.9895821,"BLOCK_SEC":100,"BLOCK_CENT":0,"BLOCK_DEF":40,"BLD_INHAB":4,"OBJECTID":1,"AO_225":0.16,"id":5086,"preds_material":[[5,"1216746096_592885_13781_1-512.jpg"],[5,"1216746096_742841_13782_1-512.jpg"],[5,"1216746096_917708_13783_1-512.jpg"],[5,"1216746099_107902_13790_1-512.jpg"],[5,"1216746099_517860_13791_1-512.jpg"],[5,"1216746099_932816_13792_1-512.jpg"],[5,"1216746100_362852_13793_1-512.jpg"],[5,"1216746100_742713_13794_1-512.jpg"],[5,"1216746101_107681_13795_1-512.jpg"],[5,"1216746101_107681_13795_1-512.jpg"],[5,"1216746101_432746_13796_1-512.jpg"],[5,"1216746101_432746_13796_1-512.jpg"],[5,"1216746101_732718_13797_1-512.jpg"],[5,"1216746102_037929_13798_1-512.jpg"],[3,"1216746142_077624_14025_3-512.jpg"],[3,"1216746142_467622_14027_3-512.jpg"],[3,"1216746142_687593_14028_3-512.jpg"],[3,"1216746142_887568_14029_3-512.jpg"],[3,"1216746143_082332_14030_3-512.jpg"],[3,"1216746143_227675_14031_3-512.jpg"],[3,"1216746143_397659_14032_3-512.jpg"],[3,"1216746143_602566_14033_3-512.jpg"],[3,"1216746143_782497_14034_3-512.jpg"],[5,"1216746143_962772_14035_3-512.jpg"],[5,"1216746144_797864_14040_3-512.jpg"]],"material_ml":"painted","preds_construction":[[2,"1216746096_592885_13781_1-512.jpg"],[2,"1216746096_742841_13782_1-512.jpg"],[2,"1216746096_917708_13783_1-512.jpg"],[2,"1216746099_107902_13790_1-512.jpg"],[2,"1216746099_517860_13791_1-512.jpg"],[2,"1216746099_932816_13792_1-512.jpg"],[2,"1216746100_362852_13793_1-512.jpg"],[2,"1216746100_742713_13794_1-512.jpg"],[2,"1216746101_107681_13795_1-512.jpg"],[2,"1216746101_432746_13796_1-512.jpg"],[2,"1216746101_432746_13796_1-512.jpg"],[2,"1216746101_732718_13797_1-512.jpg"],[2,"1216746101_732718_13797_1-512.jpg"],[2,"1216746102_037929_13798_1-512.jpg"],[2,"1216746141_837554_14024_3-512.jpg"],[2,"1216746142_077624_14025_3-512.jpg"],[2,"1216746142_267637_14026_3-512.jpg"],[2,"1216746142_467622_14027_3-512.jpg"],[2,"1216746142_687593_14028_3-512.jpg"],[2,"1216746142_687593_14028_3-512.jpg"],[2,"1216746142_887568_14029_3-512.jpg"],[2,"1216746143_082332_14030_3-512.jpg"],[2,"1216746143_082332_14030_3-512.jpg"],[2,"1216746143_227675_14031_3-512.jpg"],[2,"1216746143_227675_14031_3-512.jpg"],[2,"1216746143_397659_14032_3-512.jpg"],[2,"1216746143_602566_14033_3-512.jpg"],[2,"1216746143_782497_14034_3-512.jpg"],[2,"1216746143_962772_14035_3-512.jpg"],[2,"1216746143_962772_14035_3-512.jpg"],[2,"1216746145_962605_14049_3-512.jpg"]],"construction_ml":"complete","preds_design":[[2,"1216746096_592885_13781_1-512.jpg"],[2,"1216746096_742841_13782_1-512.jpg"],[2,"1216746099_107902_13790_1-512.jpg"],[2,"1216746099_517860_13791_1-512.jpg"],[2,"1216746099_932816_13792_1-512.jpg"],[2,"1216746100_362852_13793_1-512.jpg"],[2,"1216746100_742713_13794_1-512.jpg"],[2,"1216746101_107681_13795_1-512.jpg"],[2,"1216746101_432746_13796_1-512.jpg"],[1,"1216746145_962605_14049_3-512.jpg"]],"design_ml":"designed","images":[]}
