{"MATERIAL":"concrete","AVG_SLOPE":10.7027876732,"AVG_HEIGHT":9.80960654199,"TERAIN_SLP":11.3100223135,"AREA":68.4585655414,"VOLUME":672,"FLOORS":3,"INT_ZONE":"Borde Rural","FLOOD":1,"LANDSLIDE":"Amenaza Media","LEGAL_ID":"311","LEGAL_NAME":"EL MIRADOR","LEGAL_AREA":11.06,"LEGAL_LOTS":989,"LEGAL_POP":5340.6,"LEGAL_DENS":89.42,"LEGALIZING":null,"BLOCK_ID_":"002570041","BLOCK_POP":113,"BLOCK_BLD":33,"BLOCK_RISK":17.29748,"BLOCK_EDU":0,"BLOCK_HLTH":10.352924,"BLOCK_TRAN":92.950226,"BLOCK_CULT":0,"BLOCK_PARK":1.2430612,"BLOCK_SEC":38.866428,"BLOCK_CENT":0,"BLOCK_DEF":42.4242424242,"BLD_INHAB":3,"OBJECTID":2,"AO_225":0.2,"id":511,"preds_material":[[5,"1216742721_254588_5825_1-512.jpg"],[5,"1216742723_919473_5826_1-512.jpg"],[5,"1216743075_032785_6762_3-512.jpg"],[1,"1216743075_032785_6762_3-512.jpg"],[5,"1216743130_352369_6898_3-512.jpg"],[1,"1216743130_352369_6898_3-512.jpg"],[1,"1216743132_277497_6900_3-512.jpg"],[1,"1216743132_767423_6901_3-512.jpg"],[1,"1216743133_237307_6902_3-512.jpg"],[5,"1216743135_372231_6911_3-512.jpg"],[5,"1216743135_527328_6912_3-512.jpg"],[5,"1216743135_762363_6913_3-512.jpg"],[5,"1216743135_987301_6914_3-512.jpg"],[5,"1216743136_197317_6915_3-512.jpg"],[5,"1216743136_397314_6916_3-512.jpg"],[5,"1216744110_726858_9183_1-512.jpg"],[5,"1216744111_647325_9184_1-512.jpg"],[5,"1216744111_647325_9184_1-512.jpg"],[5,"1216744112_522269_9185_1-512.jpg"]],"material_ml":"painted","preds_construction":[[2,"1216742721_254588_5825_1-512.jpg"],[2,"1216742723_919473_5826_1-512.jpg"],[2,"1216743130_352369_6898_3-512.jpg"],[2,"1216743132_277497_6900_3-512.jpg"],[2,"1216743132_767423_6901_3-512.jpg"],[2,"1216743133_237307_6902_3-512.jpg"],[2,"1216743133_582269_6903_3-512.jpg"],[2,"1216743133_862325_6904_3-512.jpg"],[2,"1216743135_372231_6911_3-512.jpg"],[2,"1216743135_527328_6912_3-512.jpg"],[2,"1216743135_762363_6913_3-512.jpg"],[2,"1216743135_987301_6914_3-512.jpg"],[2,"1216743136_197317_6915_3-512.jpg"],[2,"1216743136_397314_6916_3-512.jpg"],[2,"1216744110_726858_9183_1-512.jpg"],[2,"1216744111_647325_9184_1-512.jpg"],[2,"1216744111_647325_9184_1-512.jpg"],[2,"1216744112_522269_9185_1-512.jpg"]],"construction_ml":"complete","preds_design":[[2,"1216742721_254588_5825_1-512.jpg"],[2,"1216742723_919473_5826_1-512.jpg"],[2,"1216743130_352369_6898_3-512.jpg"],[2,"1216743133_237307_6902_3-512.jpg"],[2,"1216743133_582269_6903_3-512.jpg"],[2,"1216743135_177340_6910_3-512.jpg"],[2,"1216743135_372231_6911_3-512.jpg"],[2,"1216743135_527328_6912_3-512.jpg"],[2,"1216743135_762363_6913_3-512.jpg"],[2,"1216743135_987301_6914_3-512.jpg"],[2,"1216743136_197317_6915_3-512.jpg"],[1,"1216743136_197317_6915_3-512.jpg"],[2,"1216743136_397314_6916_3-512.jpg"],[2,"1216744110_726858_9183_1-512.jpg"],[2,"1216744111_647325_9184_1-512.jpg"],[2,"1216744111_647325_9184_1-512.jpg"],[2,"1216744112_522269_9185_1-512.jpg"]],"design_ml":"designed","images":[]}
