{"MATERIAL":"corrugated metal - dark","AVG_SLOPE":4.0749849683,"AVG_HEIGHT":3.31071943401,"TERAIN_SLP":4.81752458544,"AREA":67.5639839628,"VOLUME":224,"FLOORS":2,"INT_ZONE":null,"FLOOD":2,"LANDSLIDE":"Amenaza Media","LEGAL_ID":"231","LEGAL_NAME":"BELLA FLOR","LEGAL_AREA":24.13,"LEGAL_LOTS":1732,"LEGAL_POP":9352.8,"LEGAL_DENS":71.77786987,"LEGALIZING":null,"BLOCK_ID_":"002581069","BLOCK_POP":62,"BLOCK_BLD":15,"BLOCK_RISK":30.068611,"BLOCK_EDU":0,"BLOCK_HLTH":0,"BLOCK_TRAN":52.860668,"BLOCK_CULT":0,"BLOCK_PARK":9.4977751,"BLOCK_SEC":100,"BLOCK_CENT":0,"BLOCK_DEF":26.6666666667,"BLD_INHAB":4,"OBJECTID":1,"AO_225":0.16,"id":5116,"preds_material":[[1,"1216746094_902897_13770_1-512.jpg"],[1,"1216746095_062912_13771_1-512.jpg"],[1,"1216746095_217846_13772_1-512.jpg"],[1,"1216746095_352912_13773_1-512.jpg"],[5,"1216746095_352912_13773_1-512.jpg"],[1,"1216746095_502905_13774_1-512.jpg"],[1,"1216746095_652851_13775_1-512.jpg"],[1,"1216746095_802859_13776_1-512.jpg"],[1,"1216746095_952829_13777_1-512.jpg"],[1,"1216746096_127860_13778_1-512.jpg"],[1,"1216746096_282845_13779_1-512.jpg"],[1,"1216746096_432860_13780_1-512.jpg"],[1,"1216746096_592885_13781_1-512.jpg"],[1,"1216746096_742841_13782_1-512.jpg"],[1,"1216746096_917708_13783_1-512.jpg"],[6,"1216746096_917708_13783_1-512.jpg"],[1,"1216746097_077895_13784_1-512.jpg"],[6,"1216746097_077895_13784_1-512.jpg"],[6,"1216746097_287798_13785_1-512.jpg"],[1,"1216746097_287798_13785_1-512.jpg"],[1,"1216746097_532912_13786_1-512.jpg"],[6,"1216746097_532912_13786_1-512.jpg"],[1,"1216746097_817902_13787_1-512.jpg"],[1,"1216746145_322529_14044_3-512.jpg"],[1,"1216746145_457640_14045_3-512.jpg"],[1,"1216746145_592447_14046_3-512.jpg"],[1,"1216746145_722626_14047_3-512.jpg"],[1,"1216746145_852580_14048_3-512.jpg"],[1,"1216746146_757607_14056_3-512.jpg"],[1,"1216746146_887569_14057_3-512.jpg"],[1,"1216746147_017464_14058_3-512.jpg"],[5,"1216746147_017464_14058_3-512.jpg"],[1,"1216746147_117597_14059_3-512.jpg"],[5,"1216746147_117597_14059_3-512.jpg"],[5,"1216746147_292549_14060_3-512.jpg"]],"material_ml":"brick","preds_construction":[[1,"1216746093_902855_13764_1-512.jpg"],[1,"1216746094_087911_13765_1-512.jpg"],[1,"1216746094_482848_13767_1-512.jpg"],[1,"1216746094_637825_13768_1-512.jpg"],[2,"1216746094_787853_13769_1-512.jpg"],[2,"1216746094_902897_13770_1-512.jpg"],[2,"1216746095_062912_13771_1-512.jpg"],[2,"1216746095_217846_13772_1-512.jpg"],[1,"1216746095_217846_13772_1-512.jpg"],[1,"1216746095_352912_13773_1-512.jpg"],[2,"1216746095_352912_13773_1-512.jpg"],[1,"1216746095_502905_13774_1-512.jpg"],[1,"1216746095_652851_13775_1-512.jpg"],[2,"1216746095_652851_13775_1-512.jpg"],[1,"1216746095_802859_13776_1-512.jpg"],[2,"1216746095_802859_13776_1-512.jpg"],[1,"1216746095_952829_13777_1-512.jpg"],[1,"1216746096_127860_13778_1-512.jpg"],[1,"1216746096_282845_13779_1-512.jpg"],[1,"1216746096_432860_13780_1-512.jpg"],[2,"1216746096_432860_13780_1-512.jpg"],[2,"1216746096_592885_13781_1-512.jpg"],[2,"1216746096_742841_13782_1-512.jpg"],[2,"1216746096_917708_13783_1-512.jpg"],[2,"1216746097_077895_13784_1-512.jpg"],[2,"1216746097_287798_13785_1-512.jpg"],[2,"1216746097_532912_13786_1-512.jpg"],[2,"1216746097_817902_13787_1-512.jpg"],[2,"1216746145_182574_14043_3-512.jpg"],[2,"1216746145_322529_14044_3-512.jpg"],[2,"1216746145_457640_14045_3-512.jpg"],[2,"1216746145_592447_14046_3-512.jpg"],[2,"1216746145_722626_14047_3-512.jpg"],[2,"1216746145_852580_14048_3-512.jpg"],[2,"1216746146_757607_14056_3-512.jpg"],[2,"1216746146_887569_14057_3-512.jpg"],[2,"1216746147_017464_14058_3-512.jpg"],[2,"1216746147_117597_14059_3-512.jpg"]],"construction_ml":"complete","preds_design":[[1,"1216746094_637825_13768_1-512.jpg"],[1,"1216746094_787853_13769_1-512.jpg"],[1,"1216746094_902897_13770_1-512.jpg"],[1,"1216746095_062912_13771_1-512.jpg"],[1,"1216746095_217846_13772_1-512.jpg"],[1,"1216746095_352912_13773_1-512.jpg"],[1,"1216746095_502905_13774_1-512.jpg"],[1,"1216746095_652851_13775_1-512.jpg"],[1,"1216746095_802859_13776_1-512.jpg"],[1,"1216746095_952829_13777_1-512.jpg"],[1,"1216746096_127860_13778_1-512.jpg"],[1,"1216746096_282845_13779_1-512.jpg"],[1,"1216746096_432860_13780_1-512.jpg"],[1,"1216746096_592885_13781_1-512.jpg"],[1,"1216746096_742841_13782_1-512.jpg"],[2,"1216746096_742841_13782_1-512.jpg"],[2,"1216746096_917708_13783_1-512.jpg"],[1,"1216746096_917708_13783_1-512.jpg"],[2,"1216746097_077895_13784_1-512.jpg"],[2,"1216746097_287798_13785_1-512.jpg"],[2,"1216746097_532912_13786_1-512.jpg"],[2,"1216746145_182574_14043_3-512.jpg"],[2,"1216746145_322529_14044_3-512.jpg"],[2,"1216746145_457640_14045_3-512.jpg"],[2,"1216746145_592447_14046_3-512.jpg"],[2,"1216746145_722626_14047_3-512.jpg"],[1,"1216746146_627883_14055_3-512.jpg"],[2,"1216746146_757607_14056_3-512.jpg"],[1,"1216746146_757607_14056_3-512.jpg"],[2,"1216746146_887569_14057_3-512.jpg"],[2,"1216746147_017464_14058_3-512.jpg"],[2,"1216746147_117597_14059_3-512.jpg"],[2,"1216746147_292549_14060_3-512.jpg"],[2,"1216746147_292549_14060_3-512.jpg"],[2,"1216746147_462573_14061_3-512.jpg"],[2,"1216746147_632543_14062_3-512.jpg"]],"design_ml":"undesigned","images":[]}
