{"MATERIAL":"concrete","AVG_SLOPE":3.21498412688,"AVG_HEIGHT":5.97918991362,"TERAIN_SLP":3.42888062967,"AREA":81.5581835742,"VOLUME":488,"FLOORS":2,"INT_ZONE":null,"FLOOD":2,"LANDSLIDE":"Amenaza Media","LEGAL_ID":"231","LEGAL_NAME":"BELLA FLOR","LEGAL_AREA":24.13,"LEGAL_LOTS":1732,"LEGAL_POP":9352.8,"LEGAL_DENS":71.77786987,"LEGALIZING":null,"BLOCK_ID_":"002581068","BLOCK_POP":15,"BLOCK_BLD":7,"BLOCK_RISK":13.03545,"BLOCK_EDU":0,"BLOCK_HLTH":0,"BLOCK_TRAN":46.53841,"BLOCK_CULT":0,"BLOCK_PARK":9.8897104,"BLOCK_SEC":100,"BLOCK_CENT":0,"BLOCK_DEF":57.1428571429,"BLD_INHAB":2,"OBJECTID":1,"AO_225":0.16,"id":5120,"preds_construction":[[1,"1216746151_112544_14085_3-512.jpg"]],"construction_ml":"incomplete","preds_design":[[1,"1216746090_957875_13746_1-512.jpg"],[1,"1216746150_567555_14081_3-512.jpg"],[1,"1216746150_707604_14082_3-512.jpg"],[1,"1216746150_842536_14083_3-512.jpg"],[1,"1216746150_977567_14084_3-512.jpg"]],"design_ml":"undesigned","images":[]}
