{"MATERIAL":"corrugated metal/heavily patched","AVG_SLOPE":9.93216306403,"AVG_HEIGHT":3.45115528666,"TERAIN_SLP":3.4022776046,"AREA":199.816994077,"VOLUME":690,"FLOORS":2,"INT_ZONE":null,"FLOOD":2,"LANDSLIDE":"Amenaza Media","LEGAL_ID":"231","LEGAL_NAME":"BELLA FLOR","LEGAL_AREA":24.13,"LEGAL_LOTS":1732,"LEGAL_POP":9352.8,"LEGAL_DENS":71.77786987,"LEGALIZING":null,"BLOCK_ID_":"002581068","BLOCK_POP":15,"BLOCK_BLD":7,"BLOCK_RISK":13.03545,"BLOCK_EDU":0,"BLOCK_HLTH":0,"BLOCK_TRAN":46.53841,"BLOCK_CULT":0,"BLOCK_PARK":9.8897104,"BLOCK_SEC":100,"BLOCK_CENT":0,"BLOCK_DEF":57.1428571429,"BLD_INHAB":2,"OBJECTID":1,"AO_225":0.16,"id":5121,"preds_mat":[[5,"1216746087_967942_13731_1-512.jpg"],[5,"1216746088_262895_13732_1-512.jpg"],[5,"1216746089_017903_13735_1-512.jpg"],[1,"1216746089_412917_13737_1-512.jpg"],[1,"1216746089_593005_13738_1-512.jpg"],[1,"1216746089_807883_13739_1-512.jpg"],[1,"1216746089_972976_13740_1-512.jpg"]],"material_ml":"brick","images":[]}
