{"MATERIAL":"corrugated metal - new","AVG_SLOPE":8.41476831686,"AVG_HEIGHT":12.26339619,"TERAIN_SLP":8.34881553023,"AREA":656.468864777,"VOLUME":8051,"FLOORS":3,"INT_ZONE":null,"FLOOD":2,"LANDSLIDE":"Amenaza Media","LEGAL_ID":null,"LEGAL_NAME":null,"LEGAL_AREA":0,"LEGAL_LOTS":0,"LEGAL_POP":0,"LEGAL_DENS":0,"LEGALIZING":null,"BLOCK_ID_":"002582001","BLOCK_POP":68,"BLOCK_BLD":19,"BLOCK_RISK":5.1334438,"BLOCK_EDU":0,"BLOCK_HLTH":0,"BLOCK_TRAN":91.141838,"BLOCK_CULT":0,"BLOCK_PARK":97.33297,"BLOCK_SEC":63.151428,"BLOCK_CENT":0,"BLOCK_DEF":68.4210526316,"BLD_INHAB":4,"OBJECTID":1,"AO_225":0.16,"id":5127,"preds_material":[[1,"1216746177_247541_14263_3-512.jpg"],[1,"1216746177_422450_14264_3-512.jpg"],[1,"1216746177_587508_14265_3-512.jpg"],[1,"1216746177_752431_14266_3-512.jpg"],[1,"1216746177_912456_14267_3-512.jpg"],[1,"1216746178_067448_14268_3-512.jpg"],[1,"1216746178_222626_14269_3-512.jpg"],[1,"1216746178_372424_14270_3-512.jpg"],[1,"1216746178_522408_14271_3-512.jpg"],[1,"1216746178_677448_14272_3-512.jpg"],[1,"1216746178_832417_14273_3-512.jpg"],[1,"1216746178_987465_14274_3-512.jpg"],[1,"1216746179_147441_14275_3-512.jpg"],[1,"1216746179_312396_14276_3-512.jpg"],[1,"1216746179_472405_14277_3-512.jpg"],[1,"1216746179_632428_14278_3-512.jpg"],[1,"1216746179_787448_14279_3-512.jpg"],[1,"1216746179_937463_14280_3-512.jpg"],[1,"1216746180_087405_14281_3-512.jpg"],[1,"1216746180_237464_14282_3-512.jpg"],[1,"1216746180_382427_14283_3-512.jpg"],[1,"1216746180_527450_14284_3-512.jpg"],[1,"1216746181_472399_14291_3-512.jpg"]],"material_ml":"brick","preds_construction":[[1,"1216746053_308009_13568_1-512.jpg"],[1,"1216746053_423038_13569_1-512.jpg"],[1,"1216746053_538007_13570_1-512.jpg"],[1,"1216746053_653051_13571_1-512.jpg"],[1,"1216746053_768001_13572_1-512.jpg"],[2,"1216746053_768001_13572_1-512.jpg"],[1,"1216746053_883061_13573_1-512.jpg"],[2,"1216746053_883061_13573_1-512.jpg"],[1,"1216746053_998066_13574_1-512.jpg"],[1,"1216746177_422450_14264_3-512.jpg"],[1,"1216746177_587508_14265_3-512.jpg"],[1,"1216746177_752431_14266_3-512.jpg"],[2,"1216746177_752431_14266_3-512.jpg"],[2,"1216746177_912456_14267_3-512.jpg"],[1,"1216746177_912456_14267_3-512.jpg"],[2,"1216746178_067448_14268_3-512.jpg"],[1,"1216746178_222626_14269_3-512.jpg"],[2,"1216746178_222626_14269_3-512.jpg"],[2,"1216746178_372424_14270_3-512.jpg"],[1,"1216746178_677448_14272_3-512.jpg"],[1,"1216746178_832417_14273_3-512.jpg"],[2,"1216746178_987465_14274_3-512.jpg"],[2,"1216746179_147441_14275_3-512.jpg"],[2,"1216746179_312396_14276_3-512.jpg"],[2,"1216746179_472405_14277_3-512.jpg"],[1,"1216746179_472405_14277_3-512.jpg"],[1,"1216746179_632428_14278_3-512.jpg"],[2,"1216746179_632428_14278_3-512.jpg"],[1,"1216746179_787448_14279_3-512.jpg"],[2,"1216746179_787448_14279_3-512.jpg"],[1,"1216746179_937463_14280_3-512.jpg"],[2,"1216746179_937463_14280_3-512.jpg"],[1,"1216746180_087405_14281_3-512.jpg"],[2,"1216746180_087405_14281_3-512.jpg"],[1,"1216746180_237464_14282_3-512.jpg"],[1,"1216746180_382427_14283_3-512.jpg"],[1,"1216746180_527450_14284_3-512.jpg"]],"construction_ml":"incomplete","preds_design":[[1,"1216746053_423038_13569_1-512.jpg"],[1,"1216746053_538007_13570_1-512.jpg"],[1,"1216746053_653051_13571_1-512.jpg"],[1,"1216746177_247541_14263_3-512.jpg"],[1,"1216746177_422450_14264_3-512.jpg"],[1,"1216746177_587508_14265_3-512.jpg"],[1,"1216746177_752431_14266_3-512.jpg"],[1,"1216746177_912456_14267_3-512.jpg"],[1,"1216746178_067448_14268_3-512.jpg"],[1,"1216746178_222626_14269_3-512.jpg"],[1,"1216746178_372424_14270_3-512.jpg"],[1,"1216746178_522408_14271_3-512.jpg"],[1,"1216746178_677448_14272_3-512.jpg"],[1,"1216746178_832417_14273_3-512.jpg"],[1,"1216746178_987465_14274_3-512.jpg"],[1,"1216746179_472405_14277_3-512.jpg"],[1,"1216746179_632428_14278_3-512.jpg"],[1,"1216746179_787448_14279_3-512.jpg"],[1,"1216746179_937463_14280_3-512.jpg"],[1,"1216746180_087405_14281_3-512.jpg"],[1,"1216746180_237464_14282_3-512.jpg"],[1,"1216746180_382427_14283_3-512.jpg"],[1,"1216746180_527450_14284_3-512.jpg"],[1,"1216746180_672398_14285_3-512.jpg"]],"design_ml":"undesigned","images":[]}
