{"MATERIAL":"corrugated metal/heavily patched","AVG_SLOPE":3.09673943842,"AVG_HEIGHT":5.85430557075,"TERAIN_SLP":5.46038594242,"AREA":67.7352442274,"VOLUME":397,"FLOORS":2,"INT_ZONE":null,"FLOOD":2,"LANDSLIDE":"Amenaza Media","LEGAL_ID":null,"LEGAL_NAME":null,"LEGAL_AREA":0,"LEGAL_LOTS":0,"LEGAL_POP":0,"LEGAL_DENS":0,"LEGALIZING":null,"BLOCK_ID_":"002582001","BLOCK_POP":68,"BLOCK_BLD":19,"BLOCK_RISK":5.1334438,"BLOCK_EDU":0,"BLOCK_HLTH":0,"BLOCK_TRAN":91.141838,"BLOCK_CULT":0,"BLOCK_PARK":97.33297,"BLOCK_SEC":63.151428,"BLOCK_CENT":0,"BLOCK_DEF":68.4210526316,"BLD_INHAB":4,"OBJECTID":1,"AO_225":0.16,"id":5129,"preds_material":[[5,"1216746052_733053_13563_3-512.jpg"],[1,"1216746053_193070_13567_3-512.jpg"],[5,"1216746053_423038_13569_3-512.jpg"],[5,"1216746053_538007_13570_3-512.jpg"],[5,"1216746053_883061_13573_3-512.jpg"],[2,"1216746177_067463_14262_1-512.jpg"],[5,"1216746178_677448_14272_1-512.jpg"],[5,"1216746178_832417_14273_1-512.jpg"],[5,"1216746178_987465_14274_1-512.jpg"],[5,"1216746178_987465_14274_1-512.jpg"],[5,"1216746179_147441_14275_1-512.jpg"],[5,"1216746179_147441_14275_1-512.jpg"],[5,"1216746179_312396_14276_1-512.jpg"],[5,"1216746179_472405_14277_1-512.jpg"],[5,"1216746179_632428_14278_1-512.jpg"],[5,"1216746179_787448_14279_1-512.jpg"],[5,"1216746179_937463_14280_1-512.jpg"],[5,"1216746180_087405_14281_1-512.jpg"],[5,"1216746180_237464_14282_1-512.jpg"],[5,"1216746180_382427_14283_1-512.jpg"],[5,"1216746180_527450_14284_1-512.jpg"],[5,"1216746180_672398_14285_1-512.jpg"],[5,"1216746180_812399_14286_1-512.jpg"],[5,"1216746180_952406_14287_1-512.jpg"]],"material_ml":"painted","preds_construction":[[2,"1216746052_963107_13565_3-512.jpg"],[2,"1216746053_078008_13566_3-512.jpg"],[2,"1216746053_193070_13567_3-512.jpg"],[2,"1216746053_308009_13568_3-512.jpg"],[2,"1216746053_423038_13569_3-512.jpg"],[2,"1216746053_538007_13570_3-512.jpg"],[2,"1216746053_653051_13571_3-512.jpg"],[2,"1216746053_768001_13572_3-512.jpg"],[2,"1216746053_883061_13573_3-512.jpg"],[2,"1216746053_883061_13573_3-512.jpg"],[2,"1216746053_998066_13574_3-512.jpg"],[2,"1216746053_998066_13574_3-512.jpg"],[2,"1216746054_113036_13575_3-512.jpg"],[2,"1216746054_113036_13575_3-512.jpg"],[2,"1216746054_227989_13576_3-512.jpg"],[2,"1216746054_343033_13577_3-512.jpg"],[2,"1216746054_458032_13578_3-512.jpg"],[2,"1216746054_573033_13579_3-512.jpg"],[2,"1216746054_683277_13580_3-512.jpg"],[1,"1216746178_987465_14274_1-512.jpg"],[2,"1216746179_147441_14275_1-512.jpg"],[2,"1216746179_312396_14276_1-512.jpg"],[2,"1216746179_472405_14277_1-512.jpg"],[2,"1216746179_632428_14278_1-512.jpg"],[2,"1216746179_787448_14279_1-512.jpg"],[2,"1216746179_937463_14280_1-512.jpg"],[2,"1216746180_087405_14281_1-512.jpg"],[2,"1216746180_237464_14282_1-512.jpg"],[2,"1216746180_382427_14283_1-512.jpg"],[2,"1216746180_527450_14284_1-512.jpg"],[2,"1216746180_672398_14285_1-512.jpg"],[2,"1216746180_812399_14286_1-512.jpg"],[2,"1216746180_952406_14287_1-512.jpg"]],"construction_ml":"complete","preds_design":[[2,"1216746053_883061_13573_3-512.jpg"],[1,"1216746178_222626_14269_1-512.jpg"],[1,"1216746178_372424_14270_1-512.jpg"],[1,"1216746178_522408_14271_1-512.jpg"],[1,"1216746178_522408_14271_1-512.jpg"],[1,"1216746178_677448_14272_1-512.jpg"],[1,"1216746178_832417_14273_1-512.jpg"],[1,"1216746178_987465_14274_1-512.jpg"],[1,"1216746178_987465_14274_1-512.jpg"],[2,"1216746179_147441_14275_1-512.jpg"],[2,"1216746179_312396_14276_1-512.jpg"],[2,"1216746179_472405_14277_1-512.jpg"],[2,"1216746179_632428_14278_1-512.jpg"],[2,"1216746179_787448_14279_1-512.jpg"],[2,"1216746179_937463_14280_1-512.jpg"],[2,"1216746180_087405_14281_1-512.jpg"],[2,"1216746180_237464_14282_1-512.jpg"],[2,"1216746180_382427_14283_1-512.jpg"],[2,"1216746180_527450_14284_1-512.jpg"],[2,"1216746180_672398_14285_1-512.jpg"],[2,"1216746180_812399_14286_1-512.jpg"],[2,"1216746180_952406_14287_1-512.jpg"]],"design_ml":"designed","images":[]}
