{"MATERIAL":"corrugated metal/heavily patched","AVG_SLOPE":5.99481656589,"AVG_HEIGHT":1.40917935361,"TERAIN_SLP":16.0498792746,"AREA":87.0894527162,"VOLUME":123,"FLOORS":1,"INT_ZONE":null,"FLOOD":2,"LANDSLIDE":"Amenaza Media","LEGAL_ID":null,"LEGAL_NAME":null,"LEGAL_AREA":0,"LEGAL_LOTS":0,"LEGAL_POP":0,"LEGAL_DENS":0,"LEGALIZING":null,"BLOCK_ID_":"002582001","BLOCK_POP":68,"BLOCK_BLD":19,"BLOCK_RISK":5.1334438,"BLOCK_EDU":0,"BLOCK_HLTH":0,"BLOCK_TRAN":91.141838,"BLOCK_CULT":0,"BLOCK_PARK":97.33297,"BLOCK_SEC":63.151428,"BLOCK_CENT":0,"BLOCK_DEF":68.4210526316,"BLD_INHAB":4,"OBJECTID":1,"AO_225":0.16,"id":5133,"preds_material":[[1,"1216746054_573033_13579_3-512.jpg"],[1,"1216746054_683277_13580_3-512.jpg"],[1,"1216746054_793030_13581_3-512.jpg"],[1,"1216746054_903027_13582_3-512.jpg"],[1,"1216746055_073066_13583_3-512.jpg"],[2,"1216746177_247541_14263_1-512.jpg"],[5,"1216746177_247541_14263_1-512.jpg"],[5,"1216746177_422450_14264_1-512.jpg"],[2,"1216746177_422450_14264_1-512.jpg"]],"material_ml":"brick","images":[]}
