{"MATERIAL":"corrugated metal","AVG_SLOPE":14.5605367576,"AVG_HEIGHT":3.0707065679,"TERAIN_SLP":5.68585712466,"AREA":27.446064386,"VOLUME":84,"FLOORS":2,"INT_ZONE":"Borde Rural","FLOOD":1,"LANDSLIDE":"Amenaza Media","LEGAL_ID":"311","LEGAL_NAME":"EL MIRADOR","LEGAL_AREA":11.06,"LEGAL_LOTS":989,"LEGAL_POP":5340.6,"LEGAL_DENS":89.42,"LEGALIZING":null,"BLOCK_ID_":"002570041","BLOCK_POP":113,"BLOCK_BLD":33,"BLOCK_RISK":17.29748,"BLOCK_EDU":0,"BLOCK_HLTH":10.352924,"BLOCK_TRAN":92.950226,"BLOCK_CULT":0,"BLOCK_PARK":1.2430612,"BLOCK_SEC":38.866428,"BLOCK_CENT":0,"BLOCK_DEF":42.4242424242,"BLD_INHAB":3,"OBJECTID":1,"AO_225":0.16,"id":520,"preds_material":[[1,"1216742738_869367_5837_1-512.jpg"],[5,"1216742738_869367_5837_1-512.jpg"],[5,"1216742739_254466_5838_1-512.jpg"],[1,"1216742739_254466_5838_1-512.jpg"],[1,"1216742739_634253_5839_1-512.jpg"],[5,"1216742739_634253_5839_1-512.jpg"],[1,"1216742740_019296_5840_1-512.jpg"],[6,"1216742740_019296_5840_1-512.jpg"],[5,"1216742740_019296_5840_1-512.jpg"],[1,"1216742740_389338_5841_1-512.jpg"],[5,"1216742740_389338_5841_1-512.jpg"],[6,"1216742740_389338_5841_1-512.jpg"],[5,"1216742740_739355_5842_1-512.jpg"],[5,"1216742741_064336_5843_1-512.jpg"],[5,"1216742741_369395_5844_1-512.jpg"],[5,"1216742741_664276_5845_1-512.jpg"],[5,"1216742741_944288_5846_1-512.jpg"],[5,"1216742742_214259_5847_1-512.jpg"],[3,"1216742742_214259_5847_1-512.jpg"],[5,"1216742742_474267_5848_1-512.jpg"],[6,"1216742742_719287_5849_1-512.jpg"],[6,"1216742742_959280_5850_1-512.jpg"],[6,"1216742743_189310_5851_1-512.jpg"],[6,"1216742743_414284_5852_1-512.jpg"],[5,"1216742743_849162_5854_1-512.jpg"],[5,"1216742744_054172_5855_1-512.jpg"],[5,"1216742744_259190_5856_1-512.jpg"],[5,"1216742744_464186_5857_1-512.jpg"],[5,"1216742744_664236_5858_1-512.jpg"],[5,"1216742745_054271_5860_1-512.jpg"],[5,"1216742745_249264_5861_1-512.jpg"],[5,"1216742745_439267_5862_1-512.jpg"],[5,"1216742745_629278_5863_1-512.jpg"],[5,"1216742745_824179_5864_1-512.jpg"],[5,"1216742746_019148_5865_1-512.jpg"],[5,"1216742746_209155_5866_1-512.jpg"],[5,"1216742746_399162_5867_1-512.jpg"],[5,"1216742746_589171_5868_1-512.jpg"],[5,"1216742746_779160_5869_1-512.jpg"],[5,"1216742746_969181_5870_1-512.jpg"],[5,"1216742747_164176_5871_1-512.jpg"],[5,"1216742747_364166_5872_1-512.jpg"],[5,"1216742747_569206_5873_1-512.jpg"],[5,"1216742747_764222_5874_1-512.jpg"],[5,"1216742747_964097_5875_1-512.jpg"],[5,"1216742748_169121_5876_1-512.jpg"],[5,"1216742748_579120_5878_1-512.jpg"],[5,"1216742748_784107_5879_1-512.jpg"],[5,"1216742748_999158_5880_1-512.jpg"],[5,"1216742749_219167_5881_1-512.jpg"],[5,"1216742749_449160_5882_1-512.jpg"],[5,"1216742754_203864_5894_1-512.jpg"],[5,"1216742754_753825_5895_1-512.jpg"],[5,"1216742755_189291_5896_1-512.jpg"],[5,"1216742755_584201_5897_1-512.jpg"],[5,"1216742755_944227_5898_1-512.jpg"],[5,"1216742756_264314_5899_1-512.jpg"],[5,"1216742756_554123_5900_1-512.jpg"],[5,"1216742756_824156_5901_1-512.jpg"],[5,"1216742757_079191_5902_1-512.jpg"],[5,"1216742757_324171_5903_1-512.jpg"],[5,"1216742757_559205_5904_1-512.jpg"],[5,"1216742757_789241_5905_1-512.jpg"],[5,"1216742757_789241_5905_1-512.jpg"],[5,"1216742758_009234_5906_1-512.jpg"],[5,"1216742758_009234_5906_1-512.jpg"],[5,"1216742758_219130_5907_1-512.jpg"],[5,"1216742758_219130_5907_1-512.jpg"],[5,"1216742758_434126_5908_1-512.jpg"],[5,"1216742758_644120_5909_1-512.jpg"],[5,"1216742758_849168_5910_1-512.jpg"],[5,"1216742759_064125_5911_1-512.jpg"],[5,"1216742759_064125_5911_1-512.jpg"],[5,"1216742759_294266_5912_1-512.jpg"],[5,"1216742759_294266_5912_1-512.jpg"],[5,"1216742759_539191_5913_1-512.jpg"],[5,"1216742759_804140_5914_1-512.jpg"],[5,"1216742760_104043_5915_1-512.jpg"],[5,"1216742760_474055_5916_1-512.jpg"],[5,"1216742760_864060_5917_1-512.jpg"],[5,"1216742761_264284_5918_1-512.jpg"],[5,"1216742761_644085_5919_1-512.jpg"],[5,"1216742762_039124_5920_1-512.jpg"],[5,"1216742762_499054_5921_1-512.jpg"],[5,"1216742763_029098_5922_1-512.jpg"],[5,"1216742763_654039_5923_1-512.jpg"],[5,"1216742764_383856_5924_1-512.jpg"],[5,"1216742765_153858_5925_1-512.jpg"],[5,"1216742765_863933_5926_1-512.jpg"],[5,"1216742766_633792_5927_1-512.jpg"],[5,"1216742767_518894_5928_1-512.jpg"],[5,"1216742768_159028_5929_1-512.jpg"],[5,"1216742768_648931_5930_1-512.jpg"],[5,"1216742769_079225_5931_1-512.jpg"],[5,"1216742769_469119_5932_1-512.jpg"],[5,"1216742769_819232_5933_1-512.jpg"],[5,"1216742770_149248_5934_1-512.jpg"],[5,"1216742770_444278_5935_1-512.jpg"],[5,"1216742770_709157_5936_1-512.jpg"],[5,"1216742770_959168_5937_1-512.jpg"],[5,"1216742771_209188_5938_1-512.jpg"],[5,"1216743111_692018_6864_3-512.jpg"],[5,"1216743112_432124_6865_3-512.jpg"],[5,"1216743112_917622_6866_3-512.jpg"],[5,"1216743113_287456_6867_3-512.jpg"],[5,"1216743113_637486_6868_3-512.jpg"],[5,"1216743113_637486_6868_3-512.jpg"],[5,"1216743113_967507_6869_3-512.jpg"],[5,"1216743114_312441_6870_3-512.jpg"],[5,"1216743114_312441_6870_3-512.jpg"],[5,"1216743114_647354_6871_3-512.jpg"],[5,"1216743114_647354_6871_3-512.jpg"],[6,"1216743114_647354_6871_3-512.jpg"],[5,"1216743114_997284_6872_3-512.jpg"],[5,"1216743114_997284_6872_3-512.jpg"],[5,"1216743115_332455_6873_3-512.jpg"],[5,"1216743115_687349_6874_3-512.jpg"],[5,"1216743116_032430_6875_3-512.jpg"],[5,"1216743116_382442_6876_3-512.jpg"],[5,"1216743116_737401_6877_3-512.jpg"],[5,"1216743116_737401_6877_3-512.jpg"],[5,"1216743117_102301_6878_3-512.jpg"],[5,"1216743117_477290_6879_3-512.jpg"],[5,"1216743117_882276_6880_3-512.jpg"],[5,"1216743118_362274_6881_3-512.jpg"],[5,"1216743118_362274_6881_3-512.jpg"],[5,"1216743118_817413_6882_3-512.jpg"],[5,"1216743118_817413_6882_3-512.jpg"],[5,"1216743118_817413_6882_3-512.jpg"],[5,"1216743119_312421_6883_3-512.jpg"],[5,"1216743119_312421_6883_3-512.jpg"]],"material_ml":"painted",