{"MATERIAL":"corrugated metal/heavily patched","AVG_SLOPE":6.03797048069,"AVG_HEIGHT":0.18893571588,"TERAIN_SLP":10.6631499205,"AREA":81.2362599103,"VOLUME":15,"FLOORS":1,"INT_ZONE":null,"FLOOD":2,"LANDSLIDE":"Amenaza Media","LEGAL_ID":"231","LEGAL_NAME":"BELLA FLOR","LEGAL_AREA":24.13,"LEGAL_LOTS":1732,"LEGAL_POP":9352.8,"LEGAL_DENS":71.77786987,"LEGALIZING":null,"BLOCK_ID_":"002581095","BLOCK_POP":70,"BLOCK_BLD":19,"BLOCK_RISK":11.009109,"BLOCK_EDU":0,"BLOCK_HLTH":0,"BLOCK_TRAN":37.737633,"BLOCK_CULT":0,"BLOCK_PARK":27.416016,"BLOCK_SEC":100,"BLOCK_CENT":0,"BLOCK_DEF":57.8947368421,"BLD_INHAB":4,"OBJECTID":1,"AO_225":0.16,"id":5246,"preds_material":[[5,"1216746159_237558_14134_1-512.jpg"],[5,"1216746159_342593_14135_1-512.jpg"],[5,"1216746159_882487_14140_1-512.jpg"],[5,"1216746159_987734_14141_1-512.jpg"],[5,"1216746160_192548_14142_1-512.jpg"],[5,"1216746160_327538_14143_1-512.jpg"],[5,"1216746161_102595_14150_1-512.jpg"],[5,"1216746161_192483_14151_1-512.jpg"],[5,"1216746161_492332_14154_1-512.jpg"]],"material_ml":"painted","images":[]}
