{"MATERIAL":"corrugated metal","AVG_SLOPE":4.33759411922,"AVG_HEIGHT":9.03863644921,"TERAIN_SLP":18.5878772677,"AREA":67.666178853,"VOLUME":612,"FLOORS":3,"INT_ZONE":null,"FLOOD":2,"LANDSLIDE":"Amenaza Media","LEGAL_ID":"1480","LEGAL_NAME":"PUERTA DEL PARAISO","LEGAL_AREA":0,"LEGAL_LOTS":0,"LEGAL_POP":0,"LEGAL_DENS":0,"LEGALIZING":"No viable","BLOCK_ID_":"204107012","BLOCK_POP":4,"BLOCK_BLD":1,"BLOCK_RISK":7.112607,"BLOCK_EDU":0,"BLOCK_HLTH":0,"BLOCK_TRAN":99.607826,"BLOCK_CULT":0,"BLOCK_PARK":97.904274,"BLOCK_SEC":42.33535,"BLOCK_CENT":0,"BLOCK_DEF":100,"BLD_INHAB":4,"OBJECTID":1,"AO_225":0.16,"id":5247,"preds_material":[[5,"1216741610_035605_3155_1-512.jpg"],[5,"1216741610_295526_3156_1-512.jpg"],[5,"1216741610_555443_3157_1-512.jpg"],[5,"1216741610_555443_3157_1-512.jpg"],[5,"1216741610_825472_3158_1-512.jpg"],[5,"1216741610_825472_3158_1-512.jpg"],[5,"1216741611_085796_3159_1-512.jpg"],[5,"1216741611_085796_3159_1-512.jpg"],[5,"1216741611_345431_3160_1-512.jpg"],[5,"1216741611_595677_3161_1-512.jpg"],[5,"1216741611_845427_3162_1-512.jpg"]],"material_ml":"painted","preds_construction":[[2,"1216741610_035605_3155_1-512.jpg"],[2,"1216741610_295526_3156_1-512.jpg"],[2,"1216741610_555443_3157_1-512.jpg"],[2,"1216741610_555443_3157_1-512.jpg"],[2,"1216741610_825472_3158_1-512.jpg"],[2,"1216741610_825472_3158_1-512.jpg"],[2,"1216741611_085796_3159_1-512.jpg"],[2,"1216741611_085796_3159_1-512.jpg"],[2,"1216741611_345431_3160_1-512.jpg"],[2,"1216741611_595677_3161_1-512.jpg"],[2,"1216741611_845427_3162_1-512.jpg"]],"construction_ml":"complete","preds_design":[[2,"1216741610_035605_3155_1-512.jpg"],[2,"1216741610_295526_3156_1-512.jpg"],[2,"1216741610_555443_3157_1-512.jpg"],[2,"1216741610_555443_3157_1-512.jpg"],[2,"1216741610_825472_3158_1-512.jpg"],[2,"1216741610_825472_3158_1-512.jpg"],[2,"1216741611_085796_3159_1-512.jpg"],[2,"1216741611_345431_3160_1-512.jpg"],[2,"1216741611_595677_3161_1-512.jpg"],[2,"1216741611_845427_3162_1-512.jpg"]],"design_ml":"designed","images":[]}
