{"MATERIAL":"corrugated metal","AVG_SLOPE":7.1901128729,"AVG_HEIGHT":6.97735396647,"TERAIN_SLP":9.75718635852,"AREA":63.6625553129,"VOLUME":444,"FLOORS":2,"INT_ZONE":null,"FLOOD":2,"LANDSLIDE":"Amenaza Media","LEGAL_ID":"1480","LEGAL_NAME":"PUERTA DEL PARAISO","LEGAL_AREA":0,"LEGAL_LOTS":0,"LEGAL_POP":0,"LEGAL_DENS":0,"LEGALIZING":"No viable","BLOCK_ID_":"204107012","BLOCK_POP":4,"BLOCK_BLD":1,"BLOCK_RISK":7.112607,"BLOCK_EDU":0,"BLOCK_HLTH":0,"BLOCK_TRAN":99.607826,"BLOCK_CULT":0,"BLOCK_PARK":97.904274,"BLOCK_SEC":42.33535,"BLOCK_CENT":0,"BLOCK_DEF":100,"BLD_INHAB":4,"OBJECTID":1,"AO_225":0.16,"id":5251,"preds_material":[[5,"1216741617_080420_3185_1-512.jpg"],[5,"1216741617_365420_3186_1-512.jpg"],[5,"1216741617_655401_3187_1-512.jpg"],[2,"1216741617_655401_3187_1-512.jpg"],[5,"1216741617_935721_3188_1-512.jpg"],[5,"1216741618_225454_3189_1-512.jpg"],[5,"1216741618_525403_3190_1-512.jpg"],[5,"1216741618_825419_3191_1-512.jpg"]],"material_ml":"painted","preds_construction":[[2,"1216741617_080420_3185_1-512.jpg"],[2,"1216741617_365420_3186_1-512.jpg"],[2,"1216741617_655401_3187_1-512.jpg"],[2,"1216741617_655401_3187_1-512.jpg"],[2,"1216741617_935721_3188_1-512.jpg"],[2,"1216741618_225454_3189_1-512.jpg"],[2,"1216741618_525403_3190_1-512.jpg"],[2,"1216741618_825419_3191_1-512.jpg"]],"construction_ml":"complete","preds_design":[[2,"1216741617_080420_3185_1-512.jpg"],[2,"1216741617_365420_3186_1-512.jpg"],[2,"1216741617_655401_3187_1-512.jpg"],[2,"1216741617_655401_3187_1-512.jpg"],[2,"1216741617_935721_3188_1-512.jpg"],[2,"1216741618_225454_3189_1-512.jpg"],[2,"1216741618_525403_3190_1-512.jpg"],[2,"1216741618_825419_3191_1-512.jpg"],[2,"1216741619_110449_3192_1-512.jpg"]],"design_ml":"designed","images":[]}
