{"MATERIAL":"corrugated metal - new","AVG_SLOPE":9.46764058278,"AVG_HEIGHT":3.93848768066,"TERAIN_SLP":8.48354530536,"AREA":62.0193937064,"VOLUME":244,"FLOORS":2,"INT_ZONE":null,"FLOOD":1,"LANDSLIDE":"Amenaza Media","LEGAL_ID":"1480","LEGAL_NAME":"PUERTA DEL PARAISO","LEGAL_AREA":0,"LEGAL_LOTS":0,"LEGAL_POP":0,"LEGAL_DENS":0,"LEGALIZING":"No viable","BLOCK_ID_":"204107012","BLOCK_POP":4,"BLOCK_BLD":1,"BLOCK_RISK":7.112607,"BLOCK_EDU":0,"BLOCK_HLTH":0,"BLOCK_TRAN":99.607826,"BLOCK_CULT":0,"BLOCK_PARK":97.904274,"BLOCK_SEC":42.33535,"BLOCK_CENT":0,"BLOCK_DEF":100,"BLD_INHAB":4,"OBJECTID":1,"AO_225":0.16,"id":5266,"preds_material":[[1,"1216742528_195614_5305_3-512.jpg"],[6,"1216742528_510688_5306_3-512.jpg"],[1,"1216742528_510688_5306_3-512.jpg"],[6,"1216742528_815712_5307_3-512.jpg"],[1,"1216742528_815712_5307_3-512.jpg"],[1,"1216742529_105707_5308_3-512.jpg"],[6,"1216742529_105707_5308_3-512.jpg"],[1,"1216742529_930597_5311_3-512.jpg"],[1,"1216742530_140574_5312_3-512.jpg"],[5,"1216742530_140574_5312_3-512.jpg"],[6,"1216742530_140574_5312_3-512.jpg"],[6,"1216742530_390612_5313_3-512.jpg"],[5,"1216742530_390612_5313_3-512.jpg"],[1,"1216742530_390612_5313_3-512.jpg"],[1,"1216742530_635555_5314_3-512.jpg"],[6,"1216742530_635555_5314_3-512.jpg"],[5,"1216742530_635555_5314_3-512.jpg"],[1,"1216742530_875627_5315_3-512.jpg"],[6,"1216742530_875627_5315_3-512.jpg"],[5,"1216742530_875627_5315_3-512.jpg"],[1,"1216742531_110591_5316_3-512.jpg"],[5,"1216742531_110591_5316_3-512.jpg"],[6,"1216742531_110591_5316_3-512.jpg"],[5,"1216742531_335583_5317_3-512.jpg"],[5,"1216742531_335583_5317_3-512.jpg"],[1,"1216742531_335583_5317_3-512.jpg"],[5,"1216742531_525505_5318_3-512.jpg"],[5,"1216742531_525505_5318_3-512.jpg"],[5,"1216742531_525505_5318_3-512.jpg"],[1,"1216742531_525505_5318_3-512.jpg"],[6,"1216742531_525505_5318_3-512.jpg"],[6,"1216742531_525505_5318_3-512.jpg"],[1,"1216742531_525505_5318_3-512.jpg"],[6,"1216742531_525505_5318_3-512.jpg"],[6,"1216742531_760562_5319_3-512.jpg"],[5,"1216742531_760562_5319_3-512.jpg"],[6,"1216742531_760562_5319_3-512.jpg"],[1,"1216742531_760562_5319_3-512.jpg"],[1,"1216742531_760562_5319_3-512.jpg"],[5,"1216742531_760562_5319_3-512.jpg"],[5,"1216742531_990552_5320_3-512.jpg"],[6,"1216742531_990552_5320_3-512.jpg"],[6,"1216742531_990552_5320_3-512.jpg"],[5,"1216742531_990552_5320_3-512.jpg"],[5,"1216742532_210561_5321_3-512.jpg"],[6,"1216742532_210561_5321_3-512.jpg"],[5,"1216742532_210561_5321_3-512.jpg"],[5,"1216742532_420604_5322_3-512.jpg"],[5,"1216742532_420604_5322_3-512.jpg"],[6,"1216742532_420604_5322_3-512.jpg"],[5,"1216742532_630554_5323_3-512.jpg"],[5,"1216742532_630554_5323_3-512.jpg"],[6,"1216742532_630554_5323_3-512.jpg"],[2,"1216742532_630554_5323_3-512.jpg"],[5,"1216742532_845574_5324_3-512.jpg"],[5,"1216742532_845574_5324_3-512.jpg"],[6,"1216742532_845574_5324_3-512.jpg"],[5,"1216742533_065525_5325_3-512.jpg"],[1,"1216742533_065525_5325_3-512.jpg"],[5,"1216742533_065525_5325_3-512.jpg"],[2,"1216742533_065525_5325_3-512.jpg"],[1,"1216742533_290579_5326_3-512.jpg"],[5,"1216742533_290579_5326_3-512.jpg"],[6,"1216742533_290579_5326_3-512.jpg"],[2,"1216742533_290579_5326_3-512.jpg"],[5,"1216742533_525488_5327_3-512.jpg"],[6,"1216742533_755524_5328_3-512.jpg"],[5,"1216742533_755524_5328_3-512.jpg"],[6,"1216742533_985511_5329_3-512.jpg"],[5,"1216742533_985511_5329_3-512.jpg"]],"material_ml":"painted","preds_construction":[[2,"1216742528_195614_5305_3-512.jpg"],[2,"1216742528_510688_5306_3-512.jpg"],[2,"1216742528_815712_5307_3-512.jpg"],[2,"1216742529_105707_5308_3-512.jpg"],[2,"1216742530_140574_5312_3-512.jpg"],[1,"1216742530_140574_5312_3-512.jpg"],[2,"1216742530_390612_5313_3-512.jpg"],[1,"1216742530_390612_5313_3-512.jpg"],[2,"1216742530_635555_5314_3-512.jpg"],[1,"1216742530_635555_5314_3-512.jpg"],[1,"1216742530_875627_5315_3-512.jpg"],[2,"1216742530_875627_5315_3-512.jpg"],[1,"1216742531_110591_5316_3-512.jpg"],[2,"1216742531_110591_5316_3-512.jpg"],[1,"1216742531_335583_5317_3-512.jpg"],[2,"1216742531_335583_5317_3-512.jpg"],[2,"1216742531_335583_5317_3-512.jpg"],[2,"1216742531_525505_5318_3-512.jpg"],[2,"1216742531_525505_5318_3-512.jpg"],[1,"1216742531_525505_5318_3-512.jpg"],[2,"1216742531_525505_5318_3-512.jpg"],[2,"1216742531_760562_5319_3-512.jpg"],[2,"1216742531_760562_5319_3-512.jpg"],[1,"1216742531_760562_5319_3-512.jpg"],[2,"1216742531_990552_5320_3-512.jpg"],[1,"1216742531_990552_5320_3-512.jpg"],[2,"1216742531_990552_5320_3-512.jpg"],[2,"1216742531_990552_5320_3-512.jpg"],[2,"1216742532_210561_5321_3-512.jpg"],[2,"1216742532_210561_5321_3-512.jpg"],[1,"1216742532_210561_5321_3-512.jpg"],[2,"1216742532_210561_5321_3-512.jpg"],[2,"1216742532_420604_5322_3-512.jpg"],[1,"1216742532_420604_5322_3-512.jpg"],[2,"1216742532_420604_5322_3-512.jpg"],[2,"1216742532_630554_5323_3-512.jpg"],[1,"1216742532_630554_5323_3-512.jpg"],[2,"1216742532_630554_5323_3-512.jpg"],[2,"1216742532_845574_5324_3-512.jpg"],[1,"1216742532_845574_5324_3-512.jpg"],[2,"1216742532_845574_5324_3-512.jpg"],[2,"1216742533_065525_5325_3-512.jpg"],[2,"1216742533_065525_5325_3-512.jpg"],[1,"1216742533_065525_5325_3-512.jpg"],[2,"1216742533_290579_5326_3-512.jpg"],[2,"1216742533_290579_5326_3-512.jpg"],[1,"1216742533_290579_5326_3-512.jpg"],[2,"1216742533_525488_5327_3-512.jpg"],[2,"1216742533_525488_5327_3-512.jpg"],[2,"1216742533_755524_5328_3-512.jpg"],[2,"1216742533_985511_5329_3-512.jpg"]],"construction_ml":"complete","preds_design":[[2,"1216742528_510688_5306_3-512.jpg"],[2,"1216742528_815712_5307_3-512.jpg"],[2,"1216742529_105707_5308_3-512.jpg"],[2,"1216742529_930597_5311_3-512.jpg"],[2,"1216742530_140574_5312_3-512.jpg"],[2,"1216742530_390612_5313_3-512.jpg"],[2,"1216742530_635555_5314_3-512.jpg"],[2,"1216742530_875627_5315_3-512.jpg"],[2,"1216742531_110591_5316_3-512.jpg"],[2,"1216742531_110591_5316_3-512.jpg"],[2,"1216742531_110591_5316_3-512.jpg"],[2,"1216742531_335583_5317_3-512.jpg"],[2,"1216742531_335583_5317_3-512.jpg"],[2,"1216742531_335583_5317_3-512.jpg"],[2,"1216742531_525505_5318_3-512.jpg"],[2,"1216742531_525505_5318_3-512.jpg"],[2,"1216742531_525505_5318_3-512.jpg"],[2,"1216742531_760562_5319_3-512.jpg"],[2,"1216742531_760562_5319_3-512.jpg"],[2,"1216742531_760562_5319_3-512.jpg"],[2,"1216742531_990552_5320_3-512.jpg"],[2,"1216742531_990552_5320_3-512.jpg"],[2,"1216742531_990552_5320_3-512.jpg"],[2,"1216742532_210561_5321_3-512.jpg"],[2,"1216742532_210561_5321_3-512.jpg"],[2,"1216742532_420604_5322_3-512.jpg"],[2,"1216742532_420604_5322_3-512.jpg"],[2,"1216742532_630554_5323_3-512.jpg"],[2,"1216742532_630554_5323_3-512.jpg"],[2,"1216742532_845574_5324_3-512.jpg"],[2,"1216742532_845574_5324_3-512.jpg"],[2,"1216742533_065525_5325_3-512.jpg"],[2,"1216742533_065525_5325_3-512.jpg"],[2,"1216742533_290579_5326_3-512.jpg"],[2,"1216742533_290579_5326_3-512.jpg"],[2,"1216742533_525488_5327_3-512.jpg"],[2,"1216742533_525488_5327_3-512.jpg"],[2,"1216742533_985511_5329_3-512.jpg"]],"design_ml":"designed","images":[]}
