{"MATERIAL":"corrugated metal - dark","AVG_SLOPE":7.17163661556,"AVG_HEIGHT":0.8639458431,"TERAIN_SLP":23.3516435592,"AREA":51.4708970739,"VOLUME":44,"FLOORS":1,"INT_ZONE":"Borde Rural","FLOOD":3,"LANDSLIDE":"Amenaza Media","LEGAL_ID":"311","LEGAL_NAME":"EL MIRADOR","LEGAL_AREA":11.06,"LEGAL_LOTS":989,"LEGAL_POP":5340.6,"LEGAL_DENS":89.42,"LEGALIZING":null,"BLOCK_ID_":"002570041","BLOCK_POP":113,"BLOCK_BLD":33,"BLOCK_RISK":17.29748,"BLOCK_EDU":0,"BLOCK_HLTH":10.352924,"BLOCK_TRAN":92.950226,"BLOCK_CULT":0,"BLOCK_PARK":1.2430612,"BLOCK_SEC":38.866428,"BLOCK_CENT":0,"BLOCK_DEF":42.4242424242,"BLD_INHAB":3,"OBJECTID":1,"AO_225":0.16,"id":529,"preds_material":[[5,"1216742731_584760_5828_1-512.jpg"],[5,"1216743126_977209_6895_3-512.jpg"],[5,"1216743127_897371_6896_3-512.jpg"]],"material_ml":"painted","preds_construction":[[2,"1216742731_584760_5828_1-512.jpg"],[2,"1216743126_977209_6895_3-512.jpg"],[2,"1216743127_897371_6896_3-512.jpg"]],"construction_ml":"complete","preds_design":[[2,"1216742731_584760_5828_1-512.jpg"],[2,"1216743126_977209_6895_3-512.jpg"],[2,"1216743127_897371_6896_3-512.jpg"]],"design_ml":"designed","images":[]}
