{"MATERIAL":"corrugated metal/heavily patched","AVG_SLOPE":6.19676020583,"AVG_HEIGHT":0.43494562128,"TERAIN_SLP":11.8052658071,"AREA":57.6569184092,"VOLUME":25,"FLOORS":1,"INT_ZONE":"Borde Rural","FLOOD":3,"LANDSLIDE":"Amenaza Media","LEGAL_ID":"311","LEGAL_NAME":"EL MIRADOR","LEGAL_AREA":11.06,"LEGAL_LOTS":989,"LEGAL_POP":5340.6,"LEGAL_DENS":89.42,"LEGALIZING":null,"BLOCK_ID_":"002570041","BLOCK_POP":113,"BLOCK_BLD":33,"BLOCK_RISK":17.29748,"BLOCK_EDU":0,"BLOCK_HLTH":10.352924,"BLOCK_TRAN":92.950226,"BLOCK_CULT":0,"BLOCK_PARK":1.2430612,"BLOCK_SEC":38.866428,"BLOCK_CENT":0,"BLOCK_DEF":42.4242424242,"BLD_INHAB":3,"OBJECTID":2,"AO_225":0.2,"id":530,"preds_material":[[1,"1216743085_562399_6792_3-512.jpg"],[1,"1216743086_067612_6793_3-512.jpg"]],"material_ml":"brick","preds_construction":[[2,"1216743085_562399_6792_3-512.jpg"],[2,"1216743086_067612_6793_3-512.jpg"]],"construction_ml":"complete","preds_design":[[2,"1216743085_562399_6792_3-512.jpg"]],"design_ml":"designed","images":[]}
