{"MATERIAL":"corrugated metal","AVG_SLOPE":6.47482809608,"AVG_HEIGHT":2.67267820663,"TERAIN_SLP":33.1632012995,"AREA":78.2570852123,"VOLUME":209,"FLOORS":1,"INT_ZONE":null,"FLOOD":3,"LANDSLIDE":"Amenaza Media","LEGAL_ID":"231","LEGAL_NAME":"BELLA FLOR","LEGAL_AREA":24.13,"LEGAL_LOTS":1732,"LEGAL_POP":9352.8,"LEGAL_DENS":71.77786987,"LEGALIZING":null,"BLOCK_ID_":"002580019","BLOCK_POP":108,"BLOCK_BLD":27,"BLOCK_RISK":10.618009,"BLOCK_EDU":76.887291,"BLOCK_HLTH":0,"BLOCK_TRAN":99.895676,"BLOCK_CULT":0,"BLOCK_PARK":99.990166,"BLOCK_SEC":100,"BLOCK_CENT":0,"BLOCK_DEF":66.6666666667,"BLD_INHAB":4,"OBJECTID":2,"AO_225":0.2,"id":5324,"preds_material":[[3,"1216745890_523785_12749_3-512.jpg"],[3,"1216745890_658821_12750_3-512.jpg"],[3,"1216745890_793768_12751_3-512.jpg"],[3,"1216745890_923792_12752_3-512.jpg"],[3,"1216745891_053792_12753_3-512.jpg"],[3,"1216745891_183787_12754_3-512.jpg"]],"material_ml":"tin","preds_design":[[1,"1216745889_998823_12745_3-512.jpg"],[1,"1216745890_658821_12750_3-512.jpg"]],"design_ml":"undesigned","images":[]}
