{"MATERIAL":"corrugated metal/heavily patched","AVG_SLOPE":11.1328877373,"AVG_HEIGHT":1.16060961322,"TERAIN_SLP":28.7128215334,"AREA":45.9447873076,"VOLUME":53,"FLOORS":1,"INT_ZONE":null,"FLOOD":3,"LANDSLIDE":"Amenaza Media","LEGAL_ID":"231","LEGAL_NAME":"BELLA FLOR","LEGAL_AREA":24.13,"LEGAL_LOTS":1732,"LEGAL_POP":9352.8,"LEGAL_DENS":71.77786987,"LEGALIZING":null,"BLOCK_ID_":"002580019","BLOCK_POP":108,"BLOCK_BLD":27,"BLOCK_RISK":10.618009,"BLOCK_EDU":76.887291,"BLOCK_HLTH":0,"BLOCK_TRAN":99.895676,"BLOCK_CULT":0,"BLOCK_PARK":99.990166,"BLOCK_SEC":100,"BLOCK_CENT":0,"BLOCK_DEF":66.6666666667,"BLD_INHAB":4,"OBJECTID":2,"AO_225":0.2,"id":5329,"preds_material":[[5,"1216746312_897150_14789_1-512.jpg"]],"material_ml":"painted","preds_construction":[[2,"1216746312_897150_14789_1-512.jpg"]],"construction_ml":"complete","preds_design":[[1,"1216746312_897150_14789_1-512.jpg"]],"design_ml":"undesigned","images":[]}
