{"MATERIAL":"corrugated metal - dark","AVG_SLOPE":9.46411588021,"AVG_HEIGHT":0.70237660841,"TERAIN_SLP":17.3303084316,"AREA":55.647047281,"VOLUME":39,"FLOORS":1,"INT_ZONE":"Borde Rural","FLOOD":1,"LANDSLIDE":"Amenaza Media","LEGAL_ID":"311","LEGAL_NAME":"EL MIRADOR","LEGAL_AREA":11.06,"LEGAL_LOTS":989,"LEGAL_POP":5340.6,"LEGAL_DENS":89.42,"LEGALIZING":null,"BLOCK_ID_":"002570037","BLOCK_POP":96,"BLOCK_BLD":29,"BLOCK_RISK":21.027153,"BLOCK_EDU":0,"BLOCK_HLTH":8.9394245,"BLOCK_TRAN":88.032272,"BLOCK_CULT":0,"BLOCK_PARK":0,"BLOCK_SEC":42.651928,"BLOCK_CENT":0,"BLOCK_DEF":31.0344827586,"BLD_INHAB":3,"OBJECTID":1,"AO_225":0.16,"id":535,"preds_material":[[5,"1216744291_646435_9347_1-512.jpg"],[5,"1216744291_831485_9348_1-512.jpg"],[5,"1216744292_196453_9350_1-512.jpg"],[5,"1216744292_376481_9351_1-512.jpg"],[5,"1216744292_556530_9352_1-512.jpg"],[5,"1216744292_736510_9353_1-512.jpg"],[5,"1216744292_941386_9354_1-512.jpg"],[5,"1216744293_131576_9355_1-512.jpg"],[1,"1216744293_131576_9355_1-512.jpg"],[1,"1216744293_326364_9356_1-512.jpg"],[5,"1216744293_326364_9356_1-512.jpg"],[1,"1216744293_526397_9357_1-512.jpg"],[5,"1216744293_526397_9357_1-512.jpg"],[5,"1216744293_736370_9358_1-512.jpg"],[1,"1216744293_736370_9358_1-512.jpg"],[1,"1216744293_956355_9359_1-512.jpg"],[5,"1216744293_956355_9359_1-512.jpg"],[1,"1216744293_956355_9359_1-512.jpg"],[1,"1216744294_181330_9360_1-512.jpg"],[1,"1216744294_181330_9360_1-512.jpg"],[5,"1216744294_181330_9360_1-512.jpg"],[1,"1216744294_426335_9361_1-512.jpg"],[1,"1216744294_691354_9362_1-512.jpg"],[5,"1216744294_691354_9362_1-512.jpg"],[1,"1216744294_951119_9363_1-512.jpg"],[5,"1216744294_951119_9363_1-512.jpg"],[1,"1216744295_216080_9364_1-512.jpg"],[5,"1216744295_216080_9364_1-512.jpg"],[5,"1216744295_531386_9365_1-512.jpg"],[1,"1216744295_531386_9365_1-512.jpg"],[5,"1216744295_831244_9366_1-512.jpg"],[5,"1216744296_151263_9367_1-512.jpg"],[5,"1216744296_526238_9368_1-512.jpg"],[5,"1216744297_016089_9369_1-512.jpg"],[1,"1216744418_745771_9650_1-512.jpg"],[1,"1216744418_745771_9650_1-512.jpg"],[5,"1216744419_470779_9651_1-512.jpg"],[1,"1216744419_470779_9651_1-512.jpg"]],"material_ml":"painted","preds_construction":[[2,"1216744291_646435_9347_1-512.jpg"],[2,"1216744291_831485_9348_1-512.jpg"],[2,"1216744292_016542_9349_1-512.jpg"],[2,"1216744292_196453_9350_1-512.jpg"],[2,"1216744292_376481_9351_1-512.jpg"],[2,"1216744292_556530_9352_1-512.jpg"],[2,"1216744292_736510_9353_1-512.jpg"],[2,"1216744292_941386_9354_1-512.jpg"],[2,"1216744293_131576_9355_1-512.jpg"],[2,"1216744293_326364_9356_1-512.jpg"],[2,"1216744293_526397_9357_1-512.jpg"],[2,"1216744293_736370_9358_1-512.jpg"],[2,"1216744293_956355_9359_1-512.jpg"],[2,"1216744293_956355_9359_1-512.jpg"],[2,"1216744294_181330_9360_1-512.jpg"],[2,"1216744294_181330_9360_1-512.jpg"],[2,"1216744294_426335_9361_1-512.jpg"],[2,"1216744294_691354_9362_1-512.jpg"],[2,"1216744294_691354_9362_1-512.jpg"],[2,"1216744294_951119_9363_1-512.jpg"],[2,"1216744294_951119_9363_1-512.jpg"],[2,"1216744295_216080_9364_1-512.jpg"],[2,"1216744295_216080_9364_1-512.jpg"],[2,"1216744295_531386_9365_1-512.jpg"],[2,"1216744295_531386_9365_1-512.jpg"],[2,"1216744295_831244_9366_1-512.jpg"],[2,"1216744296_151263_9367_1-512.jpg"],[2,"1216744296_526238_9368_1-512.jpg"],[2,"1216744297_016089_9369_1-512.jpg"],[2,"1216744418_745771_9650_1-512.jpg"]],"construction_ml":"complete","preds_design":[[2,"1216744291_646435_9347_1-512.jpg"],[2,"1216744291_831485_9348_1-512.jpg"],[2,"1216744292_016542_9349_1-512.jpg"],[1,"1216744292_196453_9350_1-512.jpg"],[1,"1216744292_376481_9351_1-512.jpg"],[1,"1216744292_556530_9352_1-512.jpg"],[1,"1216744292_736510_9353_1-512.jpg"],[1,"1216744292_941386_9354_1-512.jpg"],[2,"1216744293_131576_9355_1-512.jpg"],[2,"1216744293_326364_9356_1-512.jpg"],[2,"1216744293_526397_9357_1-512.jpg"],[2,"1216744293_736370_9358_1-512.jpg"],[2,"1216744293_956355_9359_1-512.jpg"],[1,"1216744293_956355_9359_1-512.jpg"],[1,"1216744294_181330_9360_1-512.jpg"],[2,"1216744294_181330_9360_1-512.jpg"],[1,"1216744294_426335_9361_1-512.jpg"],[1,"1216744294_691354_9362_1-512.jpg"],[1,"1216744294_691354_9362_1-512.jpg"],[1,"1216744294_951119_9363_1-512.jpg"],[1,"1216744294_951119_9363_1-512.jpg"],[1,"1216744295_216080_9364_1-512.jpg"],[1,"1216744295_216080_9364_1-512.jpg"],[1,"1216744295_531386_9365_1-512.jpg"],[1,"1216744295_531386_9365_1-512.jpg"],[1,"1216744295_831244_9366_1-512.jpg"],[1,"1216744296_151263_9367_1-512.jpg"],[1,"1216744296_526238_9368_1-512.jpg"],[1,"1216744297_016089_9369_1-512.jpg"],[1,"1216744419_470779_9651_1-512.jpg"]],"design_ml":"undesigned","images":[]}
