{"MATERIAL":"under construction","AVG_SLOPE":13.9851589502,"AVG_HEIGHT":5.14653019909,"TERAIN_SLP":36.493203662,"AREA":43.7402472814,"VOLUME":225,"FLOORS":2,"INT_ZONE":null,"FLOOD":1,"LANDSLIDE":"Amenaza Media","LEGAL_ID":"231","LEGAL_NAME":"BELLA FLOR","LEGAL_AREA":24.13,"LEGAL_LOTS":1732,"LEGAL_POP":9352.8,"LEGAL_DENS":71.77786987,"LEGALIZING":null,"BLOCK_ID_":"002580016","BLOCK_POP":61,"BLOCK_BLD":16,"BLOCK_RISK":2.5010195,"BLOCK_EDU":82.186653,"BLOCK_HLTH":0,"BLOCK_TRAN":99.680244,"BLOCK_CULT":0,"BLOCK_PARK":100,"BLOCK_SEC":100,"BLOCK_CENT":0,"BLOCK_DEF":68.75,"BLD_INHAB":4,"OBJECTID":2,"AO_225":0.2,"id":5358,"preds_material":[[5,"1216745898_148777_12795_3-512.jpg"],[5,"1216745898_273734_12796_3-512.jpg"],[5,"1216745898_398771_12797_3-512.jpg"],[5,"1216745898_518805_12798_3-512.jpg"],[5,"1216745898_638781_12799_3-512.jpg"],[5,"1216745898_753747_12800_3-512.jpg"],[5,"1216745898_918820_12801_3-512.jpg"],[5,"1216745899_093762_12802_3-512.jpg"]],"material_ml":"painted","preds_construction":[[2,"1216745898_148777_12795_3-512.jpg"],[2,"1216745898_273734_12796_3-512.jpg"],[2,"1216745898_398771_12797_3-512.jpg"],[2,"1216745898_518805_12798_3-512.jpg"],[2,"1216745898_638781_12799_3-512.jpg"],[2,"1216745898_753747_12800_3-512.jpg"],[2,"1216745898_918820_12801_3-512.jpg"],[2,"1216745899_093762_12802_3-512.jpg"]],"construction_ml":"complete","preds_design":[[2,"1216745898_148777_12795_3-512.jpg"],[2,"1216745898_273734_12796_3-512.jpg"],[1,"1216745898_273734_12796_3-512.jpg"],[2,"1216745898_398771_12797_3-512.jpg"],[2,"1216745898_518805_12798_3-512.jpg"],[2,"1216745898_638781_12799_3-512.jpg"],[2,"1216745898_753747_12800_3-512.jpg"],[2,"1216745898_918820_12801_3-512.jpg"],[2,"1216745899_093762_12802_3-512.jpg"]],"design_ml":"designed","images":[]}
