{"MATERIAL":"corrugated metal/heavily patched","AVG_SLOPE":6.6690622577,"AVG_HEIGHT":0.23305068416,"TERAIN_SLP":15.1209162513,"AREA":44.6163715897,"VOLUME":10,"FLOORS":1,"INT_ZONE":null,"FLOOD":1,"LANDSLIDE":"Amenaza Media","LEGAL_ID":"231","LEGAL_NAME":"BELLA FLOR","LEGAL_AREA":24.13,"LEGAL_LOTS":1732,"LEGAL_POP":9352.8,"LEGAL_DENS":71.77786987,"LEGALIZING":null,"BLOCK_ID_":"002580017","BLOCK_POP":49,"BLOCK_BLD":12,"BLOCK_RISK":18.230167,"BLOCK_EDU":80.183182,"BLOCK_HLTH":0,"BLOCK_TRAN":99.773621,"BLOCK_CULT":0,"BLOCK_PARK":99.990891,"BLOCK_SEC":100,"BLOCK_CENT":0,"BLOCK_DEF":75,"BLD_INHAB":4,"OBJECTID":1,"AO_225":0.16,"id":5396,"preds_material":[[5,"1216746235_951913_14524_1-512.jpg"],[5,"1216746236_226994_14525_1-512.jpg"],[5,"1216746236_501962_14526_1-512.jpg"],[5,"1216746236_762072_14527_1-512.jpg"],[5,"1216746237_041931_14528_1-512.jpg"],[5,"1216746237_326887_14529_1-512.jpg"],[5,"1216746237_611957_14530_1-512.jpg"],[5,"1216746237_911836_14531_1-512.jpg"],[5,"1216746238_231856_14532_1-512.jpg"],[5,"1216746238_586825_14533_1-512.jpg"],[5,"1216746238_992115_14534_1-512.jpg"],[5,"1216746239_412114_14535_1-512.jpg"]],"material_ml":"painted","preds_construction":[[2,"1216746235_951913_14524_1-512.jpg"],[2,"1216746236_226994_14525_1-512.jpg"],[2,"1216746236_501962_14526_1-512.jpg"],[2,"1216746236_762072_14527_1-512.jpg"],[2,"1216746237_041931_14528_1-512.jpg"],[2,"1216746237_326887_14529_1-512.jpg"],[2,"1216746237_611957_14530_1-512.jpg"],[2,"1216746237_911836_14531_1-512.jpg"],[2,"1216746238_231856_14532_1-512.jpg"],[2,"1216746238_586825_14533_1-512.jpg"],[2,"1216746238_992115_14534_1-512.jpg"],[2,"1216746239_412114_14535_1-512.jpg"]],"construction_ml":"complete","preds_design":[[2,"1216746236_226994_14525_1-512.jpg"],[2,"1216746236_501962_14526_1-512.jpg"],[2,"1216746236_762072_14527_1-512.jpg"],[2,"1216746237_041931_14528_1-512.jpg"],[2,"1216746237_326887_14529_1-512.jpg"],[2,"1216746237_611957_14530_1-512.jpg"],[2,"1216746237_911836_14531_1-512.jpg"],[2,"1216746238_231856_14532_1-512.jpg"],[2,"1216746238_586825_14533_1-512.jpg"],[2,"1216746238_992115_14534_1-512.jpg"],[2,"1216746239_412114_14535_1-512.jpg"]],"design_ml":"designed","images":[]}
