{"MATERIAL":"concrete","AVG_SLOPE":10.8836818667,"AVG_HEIGHT":5.96425113803,"TERAIN_SLP":6.90127881738,"AREA":64.5477000056,"VOLUME":385,"FLOORS":2,"INT_ZONE":null,"FLOOD":1,"LANDSLIDE":"Amenaza Media","LEGAL_ID":"231","LEGAL_NAME":"BELLA FLOR","LEGAL_AREA":24.13,"LEGAL_LOTS":1732,"LEGAL_POP":9352.8,"LEGAL_DENS":71.77786987,"LEGALIZING":null,"BLOCK_ID_":"002580017","BLOCK_POP":49,"BLOCK_BLD":12,"BLOCK_RISK":18.230167,"BLOCK_EDU":80.183182,"BLOCK_HLTH":0,"BLOCK_TRAN":99.773621,"BLOCK_CULT":0,"BLOCK_PARK":99.990891,"BLOCK_SEC":100,"BLOCK_CENT":0,"BLOCK_DEF":75,"BLD_INHAB":4,"OBJECTID":1,"AO_225":0.16,"id":5398,"preds_material":[[5,"1216746006_303306_13268_3-512.jpg"],[5,"1216746006_493169_13269_3-512.jpg"],[5,"1216746006_678394_13270_3-512.jpg"],[5,"1216746006_858205_13271_3-512.jpg"],[5,"1216746007_033216_13272_3-512.jpg"],[5,"1216746007_203204_13273_3-512.jpg"],[5,"1216746007_373223_13274_3-512.jpg"],[5,"1216746007_538204_13275_3-512.jpg"],[5,"1216746007_703402_13276_3-512.jpg"],[5,"1216746007_868298_13277_3-512.jpg"],[5,"1216746008_888182_13283_3-512.jpg"],[5,"1216746009_018444_13284_3-512.jpg"],[5,"1216746009_198501_13285_3-512.jpg"],[5,"1216746009_398247_13286_3-512.jpg"],[5,"1216746009_568270_13287_3-512.jpg"],[5,"1216746232_806524_14516_1-512.jpg"],[5,"1216746233_636445_14517_1-512.jpg"],[5,"1216746234_106557_14518_1-512.jpg"],[1,"1216746234_106557_14518_1-512.jpg"],[5,"1216746234_507145_14519_1-512.jpg"],[5,"1216746234_507145_14519_1-512.jpg"],[5,"1216746234_817059_14520_1-512.jpg"],[5,"1216746234_817059_14520_1-512.jpg"],[5,"1216746235_107051_14521_1-512.jpg"],[5,"1216746235_387070_14522_1-512.jpg"],[5,"1216746235_672068_14523_1-512.jpg"],[5,"1216746235_951913_14524_1-512.jpg"],[5,"1216746236_226994_14525_1-512.jpg"]],"material_ml":"painted","preds_construction":[[2,"1216746004_648221_13261_3-512.jpg"],[2,"1216746006_108319_13267_3-512.jpg"],[2,"1216746006_303306_13268_3-512.jpg"],[2,"1216746006_678394_13270_3-512.jpg"],[2,"1216746006_858205_13271_3-512.jpg"],[2,"1216746007_033216_13272_3-512.jpg"],[2,"1216746007_203204_13273_3-512.jpg"],[2,"1216746007_373223_13274_3-512.jpg"],[2,"1216746007_538204_13275_3-512.jpg"],[2,"1216746007_703402_13276_3-512.jpg"],[2,"1216746007_868298_13277_3-512.jpg"],[2,"1216746008_033218_13278_3-512.jpg"],[2,"1216746008_543123_13281_3-512.jpg"],[2,"1216746009_018444_13284_3-512.jpg"],[2,"1216746009_198501_13285_3-512.jpg"],[2,"1216746009_398247_13286_3-512.jpg"],[2,"1216746009_568270_13287_3-512.jpg"],[2,"1216746232_806524_14516_1-512.jpg"],[2,"1216746233_636445_14517_1-512.jpg"],[2,"1216746234_106557_14518_1-512.jpg"],[2,"1216746234_106557_14518_1-512.jpg"],[2,"1216746234_507145_14519_1-512.jpg"],[2,"1216746234_507145_14519_1-512.jpg"],[2,"1216746234_817059_14520_1-512.jpg"],[2,"1216746234_817059_14520_1-512.jpg"],[2,"1216746235_107051_14521_1-512.jpg"],[2,"1216746235_387070_14522_1-512.jpg"],[2,"1216746235_672068_14523_1-512.jpg"],[2,"1216746235_951913_14524_1-512.jpg"],[2,"1216746236_226994_14525_1-512.jpg"]],"construction_ml":"complete","preds_design":[[1,"1216746006_108319_13267_3-512.jpg"],[1,"1216746006_303306_13268_3-512.jpg"],[1,"1216746006_493169_13269_3-512.jpg"],[1,"1216746006_678394_13270_3-512.jpg"],[1,"1216746006_858205_13271_3-512.jpg"],[1,"1216746007_033216_13272_3-512.jpg"],[1,"1216746007_203204_13273_3-512.jpg"],[1,"1216746007_373223_13274_3-512.jpg"],[1,"1216746007_538204_13275_3-512.jpg"],[1,"1216746007_703402_13276_3-512.jpg"],[1,"1216746008_718146_13282_3-512.jpg"],[1,"1216746008_888182_13283_3-512.jpg"],[1,"1216746009_018444_13284_3-512.jpg"],[1,"1216746009_198501_13285_3-512.jpg"],[1,"1216746009_398247_13286_3-512.jpg"],[1,"1216746009_568270_13287_3-512.jpg"],[1,"1216746009_753243_13288_3-512.jpg"],[2,"1216746232_806524_14516_1-512.jpg"],[2,"1216746233_636445_14517_1-512.jpg"],[2,"1216746234_106557_14518_1-512.jpg"],[2,"1216746234_106557_14518_1-512.jpg"],[2,"1216746234_507145_14519_1-512.jpg"],[2,"1216746234_507145_14519_1-512.jpg"],[2,"1216746234_817059_14520_1-512.jpg"],[2,"1216746234_817059_14520_1-512.jpg"],[2,"1216746235_107051_14521_1-512.jpg"],[2,"1216746235_387070_14522_1-512.jpg"],[2,"1216746235_672068_14523_1-512.jpg"],[2,"1216746235_951913_14524_1-512.jpg"],[2,"1216746236_226994_14525_1-512.jpg"]],"design_ml":"undesigned","images":[]}
