{"MATERIAL":"corrugated metal/heavily patched","AVG_SLOPE":6.6110385798,"AVG_HEIGHT":0.26530853937,"TERAIN_SLP":11.6244339678,"AREA":59.4041287345,"VOLUME":16,"FLOORS":1,"INT_ZONE":"Borde Rural","FLOOD":1,"LANDSLIDE":"Amenaza Media","LEGAL_ID":"311","LEGAL_NAME":"EL MIRADOR","LEGAL_AREA":11.06,"LEGAL_LOTS":989,"LEGAL_POP":5340.6,"LEGAL_DENS":89.42,"LEGALIZING":null,"BLOCK_ID_":"002570038","BLOCK_POP":78,"BLOCK_BLD":22,"BLOCK_RISK":14.326711,"BLOCK_EDU":0,"BLOCK_HLTH":9.413763,"BLOCK_TRAN":88.122253,"BLOCK_CULT":0,"BLOCK_PARK":0,"BLOCK_SEC":100,"BLOCK_CENT":0,"BLOCK_DEF":31.8181818182,"BLD_INHAB":4,"OBJECTID":1,"AO_225":0.16,"id":540,"preds_material":[[5,"1216743124_047529_6891_1-512.jpg"]],"material_ml":"painted","preds_construction":[[2,"1216742734_214538_5831_3-512.jpg"],[2,"1216743124_047529_6891_1-512.jpg"]],"construction_ml":"complete","preds_design":[[2,"1216742734_214538_5831_3-512.jpg"],[2,"1216743124_047529_6891_1-512.jpg"]],"design_ml":"designed","images":[]}
