{"MATERIAL":"corrugated metal/heavily patched","AVG_SLOPE":6.49586355854,"AVG_HEIGHT":0.44815990699,"TERAIN_SLP":15.5863785307,"AREA":56.1115140192,"VOLUME":25,"FLOORS":1,"INT_ZONE":"Borde Rural","FLOOD":1,"LANDSLIDE":"Amenaza Media","LEGAL_ID":"311","LEGAL_NAME":"EL MIRADOR","LEGAL_AREA":11.06,"LEGAL_LOTS":989,"LEGAL_POP":5340.6,"LEGAL_DENS":89.42,"LEGALIZING":null,"BLOCK_ID_":"002570038","BLOCK_POP":78,"BLOCK_BLD":22,"BLOCK_RISK":14.326711,"BLOCK_EDU":0,"BLOCK_HLTH":9.413763,"BLOCK_TRAN":88.122253,"BLOCK_CULT":0,"BLOCK_PARK":0,"BLOCK_SEC":100,"BLOCK_CENT":0,"BLOCK_DEF":31.8181818182,"BLD_INHAB":4,"OBJECTID":1,"AO_225":0.16,"id":542,"preds_material":[[5,"1216744294_951119_9363_3-512.jpg"],[5,"1216744299_726398_9371_3-512.jpg"],[5,"1216744300_566067_9372_3-512.jpg"],[5,"1216744301_221222_9373_3-512.jpg"],[5,"1216744301_916061_9374_3-512.jpg"],[5,"1216744305_076136_9379_3-512.jpg"],[1,"1216744417_325759_9648_3-512.jpg"],[1,"1216744418_050861_9649_3-512.jpg"]],"material_ml":"painted","preds_construction":[[2,"1216744292_196453_9350_3-512.jpg"],[2,"1216744299_726398_9371_3-512.jpg"],[2,"1216744300_566067_9372_3-512.jpg"],[2,"1216744301_221222_9373_3-512.jpg"],[2,"1216744301_916061_9374_3-512.jpg"],[2,"1216744304_466142_9378_3-512.jpg"],[2,"1216744305_076136_9379_3-512.jpg"],[2,"1216744417_325759_9648_3-512.jpg"]],"construction_ml":"complete","preds_design":[[2,"1216744299_726398_9371_3-512.jpg"],[2,"1216744300_566067_9372_3-512.jpg"],[2,"1216744301_221222_9373_3-512.jpg"],[2,"1216744417_325759_9648_3-512.jpg"]],"design_ml":"designed","images":[]}
