{"MATERIAL":"corrugated metal/heavily patched","AVG_SLOPE":4.57474043199,"AVG_HEIGHT":6.92408423158,"TERAIN_SLP":7.11627902067,"AREA":26.6703965086,"VOLUME":185,"FLOORS":2,"INT_ZONE":null,"FLOOD":1,"LANDSLIDE":"Amenaza Media","LEGAL_ID":"231","LEGAL_NAME":"BELLA FLOR","LEGAL_AREA":24.13,"LEGAL_LOTS":1732,"LEGAL_POP":9352.8,"LEGAL_DENS":71.77786987,"LEGALIZING":null,"BLOCK_ID_":"002580025","BLOCK_POP":77,"BLOCK_BLD":22,"BLOCK_RISK":16.914639,"BLOCK_EDU":77.74263,"BLOCK_HLTH":0,"BLOCK_TRAN":99.942467,"BLOCK_CULT":0,"BLOCK_PARK":99.952576,"BLOCK_SEC":100,"BLOCK_CENT":0,"BLOCK_DEF":50,"BLD_INHAB":4,"OBJECTID":1,"AO_225":0.16,"id":5423,"preds_material":[[5,"1216746009_018444_13284_3-512.jpg"],[5,"1216746009_198501_13285_3-512.jpg"],[2,"1216746009_198501_13285_3-512.jpg"],[5,"1216746009_398247_13286_3-512.jpg"],[2,"1216746009_398247_13286_3-512.jpg"],[5,"1216746009_568270_13287_3-512.jpg"],[2,"1216746009_568270_13287_3-512.jpg"],[5,"1216746009_753243_13288_3-512.jpg"],[5,"1216746009_923221_13289_3-512.jpg"],[5,"1216746010_108257_13290_3-512.jpg"],[5,"1216746010_268248_13291_3-512.jpg"],[5,"1216746010_448239_13292_3-512.jpg"],[1,"1216746010_448239_13292_3-512.jpg"],[5,"1216746010_613191_13293_3-512.jpg"],[1,"1216746010_613191_13293_3-512.jpg"],[5,"1216746010_788228_13294_3-512.jpg"],[5,"1216746010_948330_13295_3-512.jpg"],[5,"1216746011_143227_13296_3-512.jpg"],[5,"1216746011_143227_13296_3-512.jpg"],[5,"1216746011_303199_13297_3-512.jpg"],[5,"1216746011_503227_13298_3-512.jpg"],[5,"1216746011_668284_13299_3-512.jpg"],[5,"1216746011_843240_13300_3-512.jpg"],[5,"1216746012_008325_13301_3-512.jpg"],[5,"1216746012_173234_13302_3-512.jpg"],[6,"1216746012_173234_13302_3-512.jpg"],[5,"1216746012_338239_13303_3-512.jpg"],[6,"1216746012_338239_13303_3-512.jpg"],[5,"1216746012_508238_13304_3-512.jpg"],[6,"1216746012_508238_13304_3-512.jpg"],[5,"1216746228_772136_14506_1-512.jpg"],[5,"1216746228_987011_14507_1-512.jpg"],[5,"1216746229_237171_14508_1-512.jpg"],[1,"1216746229_462088_14509_1-512.jpg"],[1,"1216746229_657161_14510_1-512.jpg"],[5,"1216746229_657161_14510_1-512.jpg"],[1,"1216746229_912067_14511_1-512.jpg"],[5,"1216746229_912067_14511_1-512.jpg"],[5,"1216746230_192076_14512_1-512.jpg"],[5,"1216746230_192076_14512_1-512.jpg"],[1,"1216746230_192076_14512_1-512.jpg"],[1,"1216746230_192076_14512_1-512.jpg"],[5,"1216746230_537178_14513_1-512.jpg"],[5,"1216746230_537178_14513_1-512.jpg"],[5,"1216746230_991581_14514_1-512.jpg"],[5,"1216746230_991581_14514_1-512.jpg"],[6,"1216746230_991581_14514_1-512.jpg"],[5,"1216746231_736585_14515_1-512.jpg"],[6,"1216746231_736585_14515_1-512.jpg"],[1,"1216746231_736585_14515_1-512.jpg"]],"material_ml":"painted","preds_construction":[[2,"1216746009_198501_13285_3-512.jpg"],[2,"1216746009_398247_13286_3-512.jpg"],[1,"1216746009_398247_13286_3-512.jpg"],[2,"1216746009_568270_13287_3-512.jpg"],[2,"1216746009_753243_13288_3-512.jpg"],[2,"1216746009_923221_13289_3-512.jpg"],[2,"1216746010_108257_13290_3-512.jpg"],[2,"1216746010_268248_13291_3-512.jpg"],[2,"1216746010_448239_13292_3-512.jpg"],[1,"1216746010_448239_13292_3-512.jpg"],[2,"1216746010_613191_13293_3-512.jpg"],[2,"1216746010_788228_13294_3-512.jpg"],[2,"1216746010_948330_13295_3-512.jpg"],[2,"1216746011_143227_13296_3-512.jpg"],[2,"1216746011_143227_13296_3-512.jpg"],[2,"1216746011_303199_13297_3-512.jpg"],[2,"1216746011_303199_13297_3-512.jpg"],[2,"1216746011_503227_13298_3-512.jpg"],[2,"1216746011_668284_13299_3-512.jpg"],[2,"1216746011_843240_13300_3-512.jpg"],[2,"1216746012_008325_13301_3-512.jpg"],[2,"1216746012_173234_13302_3-512.jpg"],[2,"1216746012_338239_13303_3-512.jpg"],[1,"1216746012_338239_13303_3-512.jpg"],[2,"1216746012_508238_13304_3-512.jpg"],[2,"1216746228_772136_14506_1-512.jpg"],[2,"1216746228_987011_14507_1-512.jpg"],[2,"1216746229_237171_14508_1-512.jpg"],[2,"1216746229_462088_14509_1-512.jpg"],[2,"1216746229_657161_14510_1-512.jpg"],[2,"1216746229_912067_14511_1-512.jpg"],[2,"1216746229_912067_14511_1-512.jpg"],[2,"1216746230_192076_14512_1-512.jpg"],[2,"1216746230_192076_14512_1-512.jpg"],[2,"1216746230_537178_14513_1-512.jpg"],[2,"1216746230_537178_14513_1-512.jpg"],[2,"1216746230_991581_14514_1-512.jpg"],[2,"1216746230_991581_14514_1-512.jpg"],[2,"1216746231_736585_14515_1-512.jpg"]],"construction_ml":"complete","preds_design":[[2,"1216746009_198501_13285_3-512.jpg"],[2,"1216746009_398247_13286_3-512.jpg"],[2,"1216746009_568270_13287_3-512.jpg"],[2,"1216746009_753243_13288_3-512.jpg"],[2,"1216746009_923221_13289_3-512.jpg"],[2,"1216746010_108257_13290_3-512.jpg"],[2,"1216746010_268248_13291_3-512.jpg"],[1,"1216746010_268248_13291_3-512.jpg"],[2,"1216746010_448239_13292_3-512.jpg"],[1,"1216746010_448239_13292_3-512.jpg"],[2,"1216746010_613191_13293_3-512.jpg"],[1,"1216746010_613191_13293_3-512.jpg"],[2,"1216746010_788228_13294_3-512.jpg"],[1,"1216746010_788228_13294_3-512.jpg"],[2,"1216746010_948330_13295_3-512.jpg"],[1,"1216746010_948330_13295_3-512.jpg"],[2,"1216746011_143227_13296_3-512.jpg"],[1,"1216746011_143227_13296_3-512.jpg"],[1,"1216746011_143227_13296_3-512.jpg"],[2,"1216746011_303199_13297_3-512.jpg"],[1,"1216746011_303199_13297_3-512.jpg"],[1,"1216746011_303199_13297_3-512.jpg"],[2,"1216746011_503227_13298_3-512.jpg"],[1,"1216746011_503227_13298_3-512.jpg"],[2,"1216746011_668284_13299_3-512.jpg"],[1,"1216746011_668284_13299_3-512.jpg"],[2,"1216746011_843240_13300_3-512.jpg"],[1,"1216746011_843240_13300_3-512.jpg"],[2,"1216746012_008325_13301_3-512.jpg"],[1,"1216746012_008325_13301_3-512.jpg"],[1,"1216746012_173234_13302_3-512.jpg"],[2,"1216746012_173234_13302_3-512.jpg"],[2,"1216746012_338239_13303_3-512.jpg"],[1,"1216746012_338239_13303_3-512.jpg"],[2,"1216746012_508238_13304_3-512.jpg"],[1,"1216746228_772136_14506_1-512.jpg"],[1,"1216746228_987011_14507_1-512.jpg"],[2,"1216746228_987011_14507_1-512.jpg"],[2,"1216746229_237171_14508_1-512.jpg"],[2,"1216746229_462088_14509_1-512.jpg"],[2,"1216746229_657161_14510_1-512.jpg"],[2,"1216746229_912067_14511_1-512.jpg"],[2,"1216746230_192076_14512_1-512.jpg"],[2,"1216746230_192076_14512_1-512.jpg"],[2,"1216746230_537178_14513_1-512.jpg"],[2,"1216746230_537178_14513_1-512.jpg"],[2,"1216746230_991581_14514_1-512.jpg"],[2,"1216746230_991581_14514_1-512.jpg"],[2,"1216746231_736585_14515_1-512.jpg"]],"design_ml":"designed","images":[]}
