{"MATERIAL":"concrete","AVG_SLOPE":13.9208545622,"AVG_HEIGHT":5.59612041151,"TERAIN_SLP":3.68205178413,"AREA":64.2731456888,"VOLUME":360,"FLOORS":2,"INT_ZONE":"Borde Rural","FLOOD":1,"LANDSLIDE":"Amenaza Media","LEGAL_ID":"311","LEGAL_NAME":"EL MIRADOR","LEGAL_AREA":11.06,"LEGAL_LOTS":989,"LEGAL_POP":5340.6,"LEGAL_DENS":89.42,"LEGALIZING":null,"BLOCK_ID_":"002570038","BLOCK_POP":78,"BLOCK_BLD":22,"BLOCK_RISK":14.326711,"BLOCK_EDU":0,"BLOCK_HLTH":9.413763,"BLOCK_TRAN":88.122253,"BLOCK_CULT":0,"BLOCK_PARK":0,"BLOCK_SEC":100,"BLOCK_CENT":0,"BLOCK_DEF":31.8181818182,"BLD_INHAB":4,"OBJECTID":1,"AO_225":0.16,"id":543,"preds_material":[[5,"1216744355_740875_9517_3-512.jpg"],[5,"1216744356_020906_9518_3-512.jpg"],[5,"1216744356_295972_9519_3-512.jpg"],[5,"1216744356_570769_9520_3-512.jpg"],[5,"1216744356_865862_9521_3-512.jpg"],[1,"1216744356_865862_9521_3-512.jpg"],[1,"1216744357_161068_9522_3-512.jpg"],[5,"1216744357_161068_9522_3-512.jpg"],[1,"1216744357_451057_9523_3-512.jpg"],[5,"1216744357_451057_9523_3-512.jpg"],[5,"1216744357_770953_9524_3-512.jpg"],[5,"1216744358_056096_9525_3-512.jpg"],[5,"1216744358_385592_9526_3-512.jpg"],[5,"1216744358_710575_9527_3-512.jpg"],[5,"1216744359_060583_9528_3-512.jpg"],[5,"1216744359_400615_9529_3-512.jpg"],[5,"1216744359_770600_9530_3-512.jpg"],[5,"1216744360_160616_9531_3-512.jpg"],[5,"1216744360_520499_9532_3-512.jpg"],[5,"1216744360_880522_9533_3-512.jpg"],[5,"1216744361_240578_9534_3-512.jpg"],[5,"1216744361_590572_9535_3-512.jpg"],[5,"1216744405_055887_9632_3-512.jpg"],[5,"1216744405_055887_9632_3-512.jpg"],[5,"1216744405_835958_9633_3-512.jpg"],[5,"1216744405_835958_9633_3-512.jpg"],[5,"1216744406_565838_9634_3-512.jpg"],[5,"1216744406_565838_9634_3-512.jpg"],[5,"1216744407_286045_9635_3-512.jpg"],[5,"1216744407_286045_9635_3-512.jpg"]],"material_ml":"painted","preds_construction":[[2,"1216744355_460997_9516_3-512.jpg"],[2,"1216744355_740875_9517_3-512.jpg"],[2,"1216744356_020906_9518_3-512.jpg"],[2,"1216744356_295972_9519_3-512.jpg"],[2,"1216744356_570769_9520_3-512.jpg"],[1,"1216744357_451057_9523_3-512.jpg"],[1,"1216744358_385592_9526_3-512.jpg"],[1,"1216744358_385592_9526_3-512.jpg"],[1,"1216744358_710575_9527_3-512.jpg"],[1,"1216744359_060583_9528_3-512.jpg"],[2,"1216744360_520499_9532_3-512.jpg"],[2,"1216744405_055887_9632_3-512.jpg"],[2,"1216744405_055887_9632_3-512.jpg"],[2,"1216744405_835958_9633_3-512.jpg"],[2,"1216744405_835958_9633_3-512.jpg"],[1,"1216744405_835958_9633_3-512.jpg"],[2,"1216744406_565838_9634_3-512.jpg"],[2,"1216744406_565838_9634_3-512.jpg"],[1,"1216744406_565838_9634_3-512.jpg"],[2,"1216744407_286045_9635_3-512.jpg"],[2,"1216744407_286045_9635_3-512.jpg"]],"construction_ml":"complete","preds_design":[[2,"1216744355_460997_9516_3-512.jpg"],[2,"1216744355_740875_9517_3-512.jpg"],[2,"1216744356_020906_9518_3-512.jpg"],[2,"1216744356_295972_9519_3-512.jpg"],[2,"1216744356_295972_9519_3-512.jpg"],[1,"1216744356_295972_9519_3-512.jpg"],[2,"1216744356_570769_9520_3-512.jpg"],[2,"1216744356_865862_9521_3-512.jpg"],[1,"1216744357_161068_9522_3-512.jpg"],[1,"1216744357_451057_9523_3-512.jpg"],[1,"1216744357_770953_9524_3-512.jpg"],[1,"1216744358_056096_9525_3-512.jpg"],[1,"1216744358_385592_9526_3-512.jpg"],[1,"1216744358_710575_9527_3-512.jpg"],[1,"1216744359_060583_9528_3-512.jpg"],[1,"1216744359_400615_9529_3-512.jpg"],[1,"1216744359_770600_9530_3-512.jpg"],[1,"1216744360_160616_9531_3-512.jpg"],[1,"1216744360_520499_9532_3-512.jpg"],[1,"1216744360_880522_9533_3-512.jpg"],[1,"1216744361_240578_9534_3-512.jpg"],[1,"1216744361_590572_9535_3-512.jpg"],[2,"1216744362_865577_9539_3-512.jpg"],[2,"1216744405_055887_9632_3-512.jpg"],[1,"1216744405_055887_9632_3-512.jpg"],[1,"1216744405_835958_9633_3-512.jpg"],[2,"1216744405_835958_9633_3-512.jpg"],[1,"1216744406_565838_9634_3-512.jpg"],[2,"1216744406_565838_9634_3-512.jpg"],[1,"1216744407_286045_9635_3-512.jpg"]],"design_ml":"undesigned","images":[]}
