{"MATERIAL":"corrugated metal/heavily patched","AVG_SLOPE":5.0211258739,"AVG_HEIGHT":0.33665612857,"TERAIN_SLP":12.6266372076,"AREA":60.4027131063,"VOLUME":20,"FLOORS":1,"INT_ZONE":"Borde Rural","FLOOD":1,"LANDSLIDE":"Amenaza Media","LEGAL_ID":"311","LEGAL_NAME":"EL MIRADOR","LEGAL_AREA":11.06,"LEGAL_LOTS":989,"LEGAL_POP":5340.6,"LEGAL_DENS":89.42,"LEGALIZING":null,"BLOCK_ID_":"002570037","BLOCK_POP":96,"BLOCK_BLD":29,"BLOCK_RISK":21.027153,"BLOCK_EDU":0,"BLOCK_HLTH":8.9394245,"BLOCK_TRAN":88.032272,"BLOCK_CULT":0,"BLOCK_PARK":0,"BLOCK_SEC":42.651928,"BLOCK_CENT":0,"BLOCK_DEF":31.0344827586,"BLD_INHAB":3,"OBJECTID":1,"AO_225":0.16,"id":544,"preds_material":[[5,"1216744282_435947_9329_1-512.jpg"],[5,"1216744283_190781_9330_1-512.jpg"],[5,"1216744284_110909_9331_1-512.jpg"],[5,"1216744284_110909_9331_1-512.jpg"],[5,"1216744285_040636_9332_1-512.jpg"],[5,"1216744285_040636_9332_1-512.jpg"],[5,"1216744286_775239_9333_1-512.jpg"],[1,"1216744420_740913_9653_1-512.jpg"],[5,"1216744420_740913_9653_1-512.jpg"],[5,"1216744421_320735_9654_1-512.jpg"],[5,"1216744421_320735_9654_1-512.jpg"],[1,"1216744421_320735_9654_1-512.jpg"],[5,"1216744421_765841_9655_1-512.jpg"]],"material_ml":"painted","preds_construction":[[2,"1216744282_435947_9329_1-512.jpg"],[1,"1216744282_435947_9329_1-512.jpg"],[2,"1216744283_190781_9330_1-512.jpg"],[1,"1216744283_190781_9330_1-512.jpg"],[2,"1216744284_110909_9331_1-512.jpg"],[1,"1216744284_110909_9331_1-512.jpg"],[2,"1216744284_110909_9331_1-512.jpg"],[2,"1216744285_040636_9332_1-512.jpg"],[1,"1216744285_040636_9332_1-512.jpg"],[2,"1216744286_775239_9333_1-512.jpg"],[2,"1216744420_740913_9653_1-512.jpg"],[1,"1216744420_740913_9653_1-512.jpg"],[2,"1216744421_320735_9654_1-512.jpg"],[1,"1216744421_765841_9655_1-512.jpg"]],"construction_ml":"complete","preds_design":[[1,"1216744282_435947_9329_1-512.jpg"],[1,"1216744283_190781_9330_1-512.jpg"],[1,"1216744284_110909_9331_1-512.jpg"],[1,"1216744284_110909_9331_1-512.jpg"],[1,"1216744285_040636_9332_1-512.jpg"],[1,"1216744285_040636_9332_1-512.jpg"],[1,"1216744286_775239_9333_1-512.jpg"],[1,"1216744420_740913_9653_1-512.jpg"],[1,"1216744421_320735_9654_1-512.jpg"],[2,"1216744421_320735_9654_1-512.jpg"],[1,"1216744421_765841_9655_1-512.jpg"],[1,"1216744422_095717_9656_1-512.jpg"]],"design_ml":"undesigned","images":[]}
