{"MATERIAL":"corrugated metal","AVG_SLOPE":5.99839451156,"AVG_HEIGHT":4.59834343583,"TERAIN_SLP":3.90270725834,"AREA":55.4283981392,"VOLUME":255,"FLOORS":2,"INT_ZONE":"Borde Rural","FLOOD":2,"LANDSLIDE":"Amenaza Media","LEGAL_ID":"311","LEGAL_NAME":"EL MIRADOR","LEGAL_AREA":11.06,"LEGAL_LOTS":989,"LEGAL_POP":5340.6,"LEGAL_DENS":89.42,"LEGALIZING":null,"BLOCK_ID_":"002570036","BLOCK_POP":71,"BLOCK_BLD":18,"BLOCK_RISK":37.206547,"BLOCK_EDU":0,"BLOCK_HLTH":10.298613,"BLOCK_TRAN":92.605942,"BLOCK_CULT":0,"BLOCK_PARK":1.236491,"BLOCK_SEC":46.30983,"BLOCK_CENT":0,"BLOCK_DEF":50,"BLD_INHAB":4,"OBJECTID":2,"AO_225":0.2,"id":555,"preds_material":[[5,"1216742256_076973_4620_1-512.jpg"],[5,"1216742256_246924_4621_1-512.jpg"],[5,"1216742256_436972_4622_1-512.jpg"],[5,"1216742256_611854_4623_1-512.jpg"],[5,"1216742256_801894_4624_1-512.jpg"],[5,"1216742256_981963_4625_1-512.jpg"],[5,"1216742257_141892_4626_1-512.jpg"],[5,"1216742257_321834_4627_1-512.jpg"],[5,"1216742257_321834_4627_1-512.jpg"],[5,"1216742257_496965_4628_1-512.jpg"],[5,"1216742257_496965_4628_1-512.jpg"],[5,"1216742257_682060_4629_1-512.jpg"],[5,"1216742257_682060_4629_1-512.jpg"],[5,"1216742257_861869_4630_1-512.jpg"],[5,"1216742257_861869_4630_1-512.jpg"],[5,"1216742258_041681_4631_1-512.jpg"],[5,"1216742258_041681_4631_1-512.jpg"],[5,"1216742258_227150_4632_1-512.jpg"],[5,"1216742258_227150_4632_1-512.jpg"],[5,"1216742258_427076_4633_1-512.jpg"],[5,"1216742258_427076_4633_1-512.jpg"],[6,"1216742258_637089_4634_1-512.jpg"],[5,"1216742258_637089_4634_1-512.jpg"],[5,"1216744458_120547_9768_3-512.jpg"],[5,"1216744458_755297_9769_3-512.jpg"],[5,"1216744459_290532_9770_3-512.jpg"],[1,"1216744717_499287_10256_1-512.jpg"],[5,"1216744717_499287_10256_1-512.jpg"],[5,"1216744717_499287_10256_1-512.jpg"],[2,"1216744717_499287_10256_1-512.jpg"],[5,"1216744718_049291_10257_1-512.jpg"],[5,"1216744718_049291_10257_1-512.jpg"],[2,"1216744718_049291_10257_1-512.jpg"],[1,"1216744718_049291_10257_1-512.jpg"],[2,"1216744718_569252_10258_1-512.jpg"],[5,"1216744718_569252_10258_1-512.jpg"],[2,"1216744719_049389_10259_1-512.jpg"],[6,"1216744719_049389_10259_1-512.jpg"]],"material_ml":"painted","preds_construction":[[2,"1216742256_076973_4620_1-512.jpg"],[2,"1216742256_246924_4621_1-512.jpg"],[2,"1216742256_436972_4622_1-512.jpg"],[2,"1216742256_611854_4623_1-512.jpg"],[2,"1216742256_801894_4624_1-512.jpg"],[2,"1216742256_981963_4625_1-512.jpg"],[2,"1216742257_141892_4626_1-512.jpg"],[2,"1216742257_141892_4626_1-512.jpg"],[2,"1216742257_321834_4627_1-512.jpg"],[2,"1216742257_321834_4627_1-512.jpg"],[2,"1216742257_496965_4628_1-512.jpg"],[2,"1216742257_496965_4628_1-512.jpg"],[2,"1216742257_682060_4629_1-512.jpg"],[2,"1216742257_682060_4629_1-512.jpg"],[2,"1216742257_861869_4630_1-512.jpg"],[2,"1216742257_861869_4630_1-512.jpg"],[2,"1216742258_041681_4631_1-512.jpg"],[2,"1216742258_041681_4631_1-512.jpg"],[2,"1216742258_227150_4632_1-512.jpg"],[2,"1216742258_227150_4632_1-512.jpg"],[2,"1216742258_427076_4633_1-512.jpg"],[2,"1216742258_427076_4633_1-512.jpg"],[2,"1216742258_637089_4634_1-512.jpg"],[2,"1216744458_120547_9768_3-512.jpg"],[2,"1216744458_755297_9769_3-512.jpg"],[2,"1216744459_290532_9770_3-512.jpg"],[2,"1216744717_499287_10256_1-512.jpg"],[2,"1216744717_499287_10256_1-512.jpg"],[2,"1216744718_049291_10257_1-512.jpg"],[2,"1216744718_049291_10257_1-512.jpg"],[2,"1216744718_569252_10258_1-512.jpg"],[2,"1216744719_049389_10259_1-512.jpg"],[2,"1216744719_489234_10260_1-512.jpg"]],"construction_ml":"complete","preds_design":[[2,"1216742256_076973_4620_1-512.jpg"],[2,"1216742256_246924_4621_1-512.jpg"],[2,"1216742256_436972_4622_1-512.jpg"],[2,"1216742256_611854_4623_1-512.jpg"],[2,"1216742256_801894_4624_1-512.jpg"],[2,"1216742256_981963_4625_1-512.jpg"],[2,"1216742257_141892_4626_1-512.jpg"],[2,"1216742257_141892_4626_1-512.jpg"],[2,"1216742257_321834_4627_1-512.jpg"],[2,"1216742257_321834_4627_1-512.jpg"],[2,"1216742257_496965_4628_1-512.jpg"],[2,"1216742257_496965_4628_1-512.jpg"],[2,"1216742257_496965_4628_1-512.jpg"],[2,"1216742257_682060_4629_1-512.jpg"],[2,"1216742257_682060_4629_1-512.jpg"],[2,"1216742257_861869_4630_1-512.jpg"],[2,"1216742257_861869_4630_1-512.jpg"],[2,"1216742258_041681_4631_1-512.jpg"],[2,"1216742258_041681_4631_1-512.jpg"],[2,"1216742258_227150_4632_1-512.jpg"],[2,"1216742258_227150_4632_1-512.jpg"],[2,"1216742258_427076_4633_1-512.jpg"],[2,"1216742258_427076_4633_1-512.jpg"],[2,"1216742258_637089_4634_1-512.jpg"],[2,"1216744458_120547_9768_3-512.jpg"],[2,"1216744458_755297_9769_3-512.jpg"],[2,"1216744459_290532_9770_3-512.jpg"],[1,"1216744717_499287_10256_1-512.jpg"],[2,"1216744718_049291_10257_1-512.jpg"],[1,"1216744718_049291_10257_1-512.jpg"],[2,"1216744718_049291_10257_1-512.jpg"],[2,"1216744718_569252_10258_1-512.jpg"],[2,"1216744719_049389_10259_1-512.jpg"],[2,"1216744719_489234_10260_1-512.jpg"]],"design_ml":"designed","images":[]}
