{"MATERIAL":"corrugated metal","AVG_SLOPE":16.4032650232,"AVG_HEIGHT":3.12238000663,"TERAIN_SLP":4.13877477744,"AREA":24.4061179684,"VOLUME":76,"FLOORS":2,"INT_ZONE":"Borde Rural","FLOOD":1,"LANDSLIDE":"Amenaza Media","LEGAL_ID":"311","LEGAL_NAME":"EL MIRADOR","LEGAL_AREA":11.06,"LEGAL_LOTS":989,"LEGAL_POP":5340.6,"LEGAL_DENS":89.42,"LEGALIZING":null,"BLOCK_ID_":"002570036","BLOCK_POP":71,"BLOCK_BLD":18,"BLOCK_RISK":37.206547,"BLOCK_EDU":0,"BLOCK_HLTH":10.298613,"BLOCK_TRAN":92.605942,"BLOCK_CULT":0,"BLOCK_PARK":1.236491,"BLOCK_SEC":46.30983,"BLOCK_CENT":0,"BLOCK_DEF":50,"BLD_INHAB":4,"OBJECTID":2,"AO_225":0.2,"id":557,"preds_material":[[5,"1216742251_197454_4591_1-512.jpg"],[5,"1216742251_361899_4592_1-512.jpg"],[5,"1216742251_511713_4593_1-512.jpg"],[5,"1216742252_141929_4597_1-512.jpg"],[5,"1216742252_317036_4598_1-512.jpg"],[5,"1216742252_461919_4599_1-512.jpg"],[5,"1216742252_636990_4600_1-512.jpg"],[5,"1216742252_786992_4601_1-512.jpg"],[5,"1216742252_962046_4602_1-512.jpg"],[5,"1216742253_111991_4603_1-512.jpg"],[5,"1216742253_281914_4604_1-512.jpg"],[5,"1216742253_431793_4605_1-512.jpg"],[5,"1216742253_611900_4606_1-512.jpg"],[5,"1216742253_766857_4607_1-512.jpg"],[5,"1216742253_967043_4608_1-512.jpg"],[5,"1216742254_126975_4609_1-512.jpg"],[5,"1216742254_326994_4610_1-512.jpg"],[5,"1216742254_486932_4611_1-512.jpg"],[5,"1216742254_676970_4612_1-512.jpg"],[5,"1216742254_836914_4613_1-512.jpg"],[5,"1216742255_022096_4614_1-512.jpg"],[5,"1216742255_182020_4615_1-512.jpg"],[5,"1216742255_366977_4616_1-512.jpg"],[5,"1216744713_849664_10250_1-512.jpg"],[5,"1216744714_429671_10251_1-512.jpg"],[5,"1216744714_944352_10252_1-512.jpg"],[5,"1216744715_469615_10253_1-512.jpg"],[5,"1216744716_199246_10254_1-512.jpg"]],"material_ml":"painted","preds_construction":[[2,"1216742251_197454_4591_1-512.jpg"],[2,"1216742251_361899_4592_1-512.jpg"],[2,"1216742251_511713_4593_1-512.jpg"],[2,"1216742252_141929_4597_1-512.jpg"],[2,"1216742252_317036_4598_1-512.jpg"],[2,"1216742252_461919_4599_1-512.jpg"],[2,"1216742252_636990_4600_1-512.jpg"],[2,"1216742252_786992_4601_1-512.jpg"],[2,"1216742252_962046_4602_1-512.jpg"],[2,"1216742253_111991_4603_1-512.jpg"],[2,"1216742253_281914_4604_1-512.jpg"],[2,"1216742253_431793_4605_1-512.jpg"],[2,"1216742253_611900_4606_1-512.jpg"],[2,"1216742253_766857_4607_1-512.jpg"],[2,"1216742253_967043_4608_1-512.jpg"],[2,"1216742254_126975_4609_1-512.jpg"],[2,"1216742254_326994_4610_1-512.jpg"],[2,"1216742254_486932_4611_1-512.jpg"],[2,"1216742254_676970_4612_1-512.jpg"],[2,"1216742254_836914_4613_1-512.jpg"],[2,"1216742255_022096_4614_1-512.jpg"],[2,"1216742255_182020_4615_1-512.jpg"],[2,"1216742255_366977_4616_1-512.jpg"],[2,"1216744713_849664_10250_1-512.jpg"],[2,"1216744714_429671_10251_1-512.jpg"],[2,"1216744714_944352_10252_1-512.jpg"],[2,"1216744715_469615_10253_1-512.jpg"],[2,"1216744716_199246_10254_1-512.jpg"]],"construction_ml":"complete","preds_design":[[2,"1216742251_197454_4591_1-512.jpg"],[2,"1216742251_361899_4592_1-512.jpg"],[2,"1216742251_511713_4593_1-512.jpg"],[1,"1216742251_997028_4596_1-512.jpg"],[2,"1216742252_141929_4597_1-512.jpg"],[2,"1216742252_317036_4598_1-512.jpg"],[2,"1216742252_461919_4599_1-512.jpg"],[2,"1216742252_636990_4600_1-512.jpg"],[2,"1216742252_786992_4601_1-512.jpg"],[2,"1216742252_962046_4602_1-512.jpg"],[2,"1216742253_111991_4603_1-512.jpg"],[2,"1216742253_281914_4604_1-512.jpg"],[2,"1216742253_431793_4605_1-512.jpg"],[2,"1216742253_611900_4606_1-512.jpg"],[2,"1216742253_766857_4607_1-512.jpg"],[2,"1216742253_967043_4608_1-512.jpg"],[2,"1216742254_126975_4609_1-512.jpg"],[2,"1216742254_326994_4610_1-512.jpg"],[2,"1216742254_486932_4611_1-512.jpg"],[2,"1216742254_676970_4612_1-512.jpg"],[2,"1216742254_836914_4613_1-512.jpg"],[2,"1216742255_022096_4614_1-512.jpg"],[2,"1216742255_182020_4615_1-512.jpg"],[2,"1216742255_366977_4616_1-512.jpg"],[2,"1216744713_849664_10250_1-512.jpg"],[2,"1216744714_429671_10251_1-512.jpg"],[2,"1216744714_944352_10252_1-512.jpg"],[2,"1216744715_469615_10253_1-512.jpg"],[2,"1216744716_199246_10254_1-512.jpg"]],"design_ml":"designed","images":[]}
