{"MATERIAL":"concrete","AVG_SLOPE":4.24158985208,"AVG_HEIGHT":5.75659603189,"TERAIN_SLP":3.55801922841,"AREA":75.6204986209,"VOLUME":435,"FLOORS":2,"INT_ZONE":"Borde Rural","FLOOD":1,"LANDSLIDE":"Amenaza Media","LEGAL_ID":"311","LEGAL_NAME":"EL MIRADOR","LEGAL_AREA":11.06,"LEGAL_LOTS":989,"LEGAL_POP":5340.6,"LEGAL_DENS":89.42,"LEGALIZING":null,"BLOCK_ID_":"002570039","BLOCK_POP":53,"BLOCK_BLD":12,"BLOCK_RISK":29.613344,"BLOCK_EDU":0,"BLOCK_HLTH":10.997795,"BLOCK_TRAN":92.504021,"BLOCK_CULT":0,"BLOCK_PARK":1.3211178,"BLOCK_SEC":46.30983,"BLOCK_CENT":0,"BLOCK_DEF":25,"BLD_INHAB":4,"OBJECTID":2,"AO_225":0.2,"id":560,"preds_material":[[5,"1216744117_971359_9189_3-512.jpg"],[5,"1216744119_951140_9190_3-512.jpg"],[5,"1216744121_676117_9191_3-512.jpg"],[5,"1216744123_286146_9192_3-512.jpg"],[5,"1216744125_790746_9193_3-512.jpg"],[5,"1216744135_220896_9200_3-512.jpg"],[5,"1216744137_120795_9201_3-512.jpg"],[5,"1216744139_335459_9202_3-512.jpg"],[5,"1216744140_685990_9203_3-512.jpg"],[5,"1216744142_875547_9204_3-512.jpg"],[5,"1216744144_640701_9205_3-512.jpg"],[5,"1216744146_130899_9206_3-512.jpg"],[5,"1216744147_855545_9207_3-512.jpg"],[5,"1216744150_687133_9208_3-512.jpg"],[5,"1216744155_316700_9213_3-512.jpg"],[5,"1216744158_586640_9217_3-512.jpg"],[5,"1216744166_991380_9226_3-512.jpg"],[5,"1216744167_811413_9227_3-512.jpg"],[5,"1216744168_651352_9228_3-512.jpg"],[5,"1216744172_846259_9233_3-512.jpg"],[5,"1216744174_001009_9234_3-512.jpg"],[5,"1216744180_775740_9239_3-512.jpg"],[5,"1216744182_270700_9240_3-512.jpg"],[5,"1216744195_555194_9246_3-512.jpg"],[5,"1216744225_829887_9255_3-512.jpg"],[5,"1216744226_935149_9256_3-512.jpg"],[5,"1216744228_185034_9257_3-512.jpg"],[5,"1216744229_319970_9258_3-512.jpg"],[5,"1216744230_280108_9259_3-512.jpg"],[5,"1216744231_175254_9260_3-512.jpg"],[5,"1216744231_175254_9260_3-512.jpg"],[5,"1216744231_965130_9261_3-512.jpg"],[5,"1216744231_965130_9261_3-512.jpg"],[5,"1216744232_735224_9262_3-512.jpg"],[5,"1216744232_735224_9262_3-512.jpg"],[5,"1216744233_456746_9263_3-512.jpg"],[5,"1216744233_456746_9263_3-512.jpg"],[5,"1216744234_171602_9264_3-512.jpg"],[5,"1216744234_866519_9265_3-512.jpg"],[5,"1216744235_536441_9266_3-512.jpg"],[5,"1216744235_536441_9266_3-512.jpg"],[5,"1216744236_241417_9267_3-512.jpg"],[5,"1216744236_241417_9267_3-512.jpg"],[5,"1216744236_966486_9268_3-512.jpg"],[5,"1216744236_966486_9268_3-512.jpg"],[5,"1216744236_966486_9268_3-512.jpg"],[5,"1216744236_966486_9268_3-512.jpg"],[5,"1216744237_631593_9269_3-512.jpg"],[5,"1216744237_631593_9269_3-512.jpg"],[5,"1216744238_326157_9270_3-512.jpg"],[5,"1216744239_031197_9271_3-512.jpg"],[5,"1216744239_741150_9272_3-512.jpg"],[5,"1216744240_431132_9273_3-512.jpg"],[5,"1216744241_111217_9274_3-512.jpg"],[5,"1216744241_111217_9274_3-512.jpg"],[5,"1216744241_781343_9275_3-512.jpg"],[5,"1216744242_486152_9276_3-512.jpg"],[5,"1216744244_281064_9278_3-512.jpg"],[5,"1216744245_131150_9279_3-512.jpg"],[5,"1216744246_001017_9280_3-512.jpg"],[5,"1216744251_500876_9285_3-512.jpg"],[5,"1216744252_880620_9286_3-512.jpg"],[5,"1216744254_505479_9287_3-512.jpg"],[5,"1216744431_975649_9693_3-512.jpg"],[5,"1216744431_975649_9693_3-512.jpg"],[5,"1216744432_295530_9694_3-512.jpg"],[5,"1216744432_570709_9695_3-512.jpg"],[1,"1216744432_890699_9696_3-512.jpg"],[5,"1216744432_890699_9696_3-512.jpg"],[2,"1216744433_210655_9697_3-512.jpg"],[1,"1216744433_210655_9697_3-512.jpg"],[2,"1216744433_540703_9698_3-512.jpg"],[1,"1216744433_540703_9698_3-512.jpg"],[2,"1216744433_875729_9699_3-512.jpg"],[1,"1216744433_875729_9699_3-512.jpg"],[2,"1216744434_220691_9700_3-512.jpg"],[1,"1216744434_940600_9702_3-512.jpg"],[6,"1216744434_940600_9702_3-512.jpg"],[1,"1216744435_330846_9703_3-512.jpg"],[6,"1216744435_330846_9703_3-512.jpg"],[1,"1216744435_735720_9704_3-512.jpg"],[6,"1216744435_735720_9704_3-512.jpg"],[1,"1216744436_145752_9705_3-512.jpg"],[6,"1216744436_145752_9705_3-512.jpg"],[1,"1216744436_550648_9706_3-512.jpg"],[5,"1216744436_550648_9706_3-512.jpg"],[6,"1216744436_550648_9706_3-512.jpg"],[1,"1216744436_940644_9707_3-512.jpg"],[6,"1216744436_940644_9707_3-512.jpg"],[5,"1216744437_330857_9708_3-512.jpg"],[1,"1216744437_330857_9708_3-512.jpg"],[5,"1216744437_715720_9709_3-512.jpg"],[1,"1216744437_715720_9709_3-512.jpg"],[5,"1216744438_125677_9710_3-512.jpg"],[5,"1216744438_540551_9711_3-512.jpg"],[5,"1216744438_935565_9712_3-512.jpg"],[5,"1216744439_280574_9713_3-512.jpg"],[5,"1216744439_640651_9714_3-512.jpg"]],"material_ml":"painted","preds_construction":[[2,"1216744117_971359_9189_3-512.jpg"],[2,"1216744119_951140_9190_3-512.jpg"],[2,"1216744121_676117_9191_3-512.jpg"],[2,"1216744123_286146_9192_3-512.jpg"],[2,"1216744125_790746_9193_3-512.jpg"],[2,"1216744135_220896_9200_3-512.jpg"],[2,"1216744137_120795_9201_3-512.jpg"],[2,"1216744139_335459_9202_3-512.jpg"],[2,"1216744140_685990_9203_3-512.jpg"],[2,"1216744142_875547_9204_3-512.jpg"],[2,"1216744144_640701_9205_3-512.jpg"],[2,"1216744146_130899_9206_3-512.jpg"],[2,"1216744147_855545_9207_3-512.jpg"],[2,"1216744150_687133_9208_3-512.jpg"],[1,"1216744167_811413_9227_3-512.jpg"],[2,"1216744167_811413_9227_3-512.jpg"],[2,"1216744168_651352_9228_3-512.jpg"],[2,"1216744172_846259_9233_3-512.jpg"],[2,"1216744174_001009_9234_3-512.jpg"],[2,"1216744182_270700_9240_3-512.jpg"],[2,"1216744195_555194_9246_3-512.jpg"],[2,"1216744225_829887_9255_3-512.jpg"],[2,"1216744226_935149_9256_3-512.jpg"],[2,"1216744228_185034_9257_3-512.jpg"],[2,"1216744229_319970_9258_3-512.jpg"],[2,"1216744230_280108_9259_3-512.jpg"],[2,"1216744231_175254_9260_3-512.jpg"],[2,"1216744231_175254_9260_3-512.jpg"],[2,"1216744231_965130_9261_3-512.jpg"],[2,"1216744231_965130_9261_3-512.jpg"],[2,"1216744232_735224_9262_3-512.jpg"],[2,"1216744232_735224_9262_3-512.jpg"],[2,"1216744233_456746_9263_3-512.jpg"],[2,"1216744233_456746_9263_3-512.jpg"],[2,"1216744234_171602_9264_3-512.jpg"],[2,"1216744234_866519_9265_3-512.jpg"],[2,"1216744235_536441_9266_3-512.jpg"],[2,"1216744235_536441_9266_3-512.jpg"],[2,"1216744236_241417_9267_3-512.jpg"],[2,"1216744236_241417_9267_3-512.jpg"],[2,"1216744236_966486_9268_3-512.jpg"],[2,"1216744236_966486_9268_3-512.jpg"],[2,"1216744236_966486_9268_3-512.jpg"],[2,"1216744237_631593_9269_3-512.jpg"],[2,"1216744237_631593_9269_3-512.jpg"],[2,"1216744237_631593_9269_3-512.jpg"],[2,"1216744238_326157_9270_3-512.jpg"],[2,"1216744239_031197_9271_3-512.jpg"],[2,"1216744239_741150_9272_3-512.jpg"],[2,"1216744240_431132_9273_3-512.jpg"],[2,"1216744240_431132_9273_3-512.jpg"],[2,"1216744241_111217_9274_3-512.jpg"],[2,"1216744241_111217_9274_3-512.jpg"],[1,"1216744241_111217_9274_3-512.jpg"],[2,"1216744241_781343_9275_3-512.jpg"],[2,"1216744242_486152_9276_3-512.jpg"],[2,"1216744244_281064_9278_3-512.jpg"],[2,"1216744245_131150_9279_3-512.jpg"],[2,"1216744246_001017_9280_3-512.jpg"],[2,"1216744248_166016_9282_3-512.jpg"],[2,"1216744251_500876_9285_3-512.jpg"],[2,"1216744252_880620_9286_3-512.jpg"],[2,"1216744254_505479_9287_3-512.jpg"],[2,"1216744431_640689_9692_3-512.jpg"],[2,"1216744431_975649_9693_3-512.jpg"],[2,"1216744432_295530_9694_3-512.jpg"],[2,"1216744432_570709_9695_3-512.jpg"],[1,"1216744433_210655_9697_3-512.jpg"],[2,"1216744433_210655_9697_3-512.jpg"],[1,"1216744433_540703_9698_3-512.jpg"],[2,"1216744433_540703_9698_3-512.jpg"],[1,"1216744433_875729_9699_3-512.jpg"],[2,"1216744433_875729_9699_3-512.jpg"],[1,"1216744434_220691_9700_3-512.jpg"],[2,"1216744434_220691_9700_3-512.jpg"],[2,"1216744435_330846_9703_3-512.jpg"],[2,"1216744435_735720_9704_3-512.jpg"],[2,"1216744436_145752_9705_3-512.jpg"],[2,"1216744436_550648_9706_3-512.jpg"],[2,"1216744436_940644_9707_3-512.jpg"],[2,"1216744437_330857_9708_3-512.jpg"],[2,"1216744437_715720_9709_3-512.jpg"],[2,"1216744438_125677_9710_3-512.jpg"],[2,"1216744438_540551_9711_3-512.jpg"],[2,"1216744438_935565_9712_3-512.jpg"],[2,"1216744439_280574_9713_3-512.jpg"],[2,"1216744439_640651_9714_3-512.jpg"]],"construction_ml":"complete",