{"MATERIAL":"corrugated metal/heavily patched","AVG_SLOPE":6.93385787073,"AVG_HEIGHT":3.00442231372,"TERAIN_SLP":4.23500680481,"AREA":69.4141910362,"VOLUME":209,"FLOORS":2,"INT_ZONE":"Borde Rural","FLOOD":1,"LANDSLIDE":"Amenaza Media","LEGAL_ID":"311","LEGAL_NAME":"EL MIRADOR","LEGAL_AREA":11.06,"LEGAL_LOTS":989,"LEGAL_POP":5340.6,"LEGAL_DENS":89.42,"LEGALIZING":null,"BLOCK_ID_":"002570036","BLOCK_POP":71,"BLOCK_BLD":18,"BLOCK_RISK":37.206547,"BLOCK_EDU":0,"BLOCK_HLTH":10.298613,"BLOCK_TRAN":92.605942,"BLOCK_CULT":0,"BLOCK_PARK":1.236491,"BLOCK_SEC":46.30983,"BLOCK_CENT":0,"BLOCK_DEF":50,"BLD_INHAB":4,"OBJECTID":2,"AO_225":0.2,"id":562,"preds_material":[[5,"1216742260_561864_4642_1-512.jpg"],[5,"1216742260_866939_4643_1-512.jpg"],[5,"1216742261_161883_4644_1-512.jpg"],[5,"1216742261_441866_4645_1-512.jpg"],[5,"1216744455_705588_9767_3-512.jpg"],[5,"1216744720_599303_10263_1-512.jpg"],[5,"1216744720_929389_10264_1-512.jpg"],[5,"1216744721_244473_10265_1-512.jpg"],[5,"1216744721_549465_10266_1-512.jpg"]],"material_ml":"painted","preds_construction":[[2,"1216744455_705588_9767_3-512.jpg"]],"construction_ml":"complete","preds_design":[[2,"1216744455_705588_9767_3-512.jpg"]],"design_ml":"designed","images":[]}
