{"MATERIAL":"corrugated metal/heavily patched","AVG_SLOPE":5.9300600708,"AVG_HEIGHT":2.85525434213,"TERAIN_SLP":3.99132941589,"AREA":60.9968393897,"VOLUME":174,"FLOORS":1,"INT_ZONE":"Borde Rural","FLOOD":3,"LANDSLIDE":"Amenaza Media","LEGAL_ID":"311","LEGAL_NAME":"EL MIRADOR","LEGAL_AREA":11.06,"LEGAL_LOTS":989,"LEGAL_POP":5340.6,"LEGAL_DENS":89.42,"LEGALIZING":null,"BLOCK_ID_":"002570036","BLOCK_POP":71,"BLOCK_BLD":18,"BLOCK_RISK":37.206547,"BLOCK_EDU":0,"BLOCK_HLTH":10.298613,"BLOCK_TRAN":92.605942,"BLOCK_CULT":0,"BLOCK_PARK":1.236491,"BLOCK_SEC":46.30983,"BLOCK_CENT":0,"BLOCK_DEF":50,"BLD_INHAB":4,"OBJECTID":2,"AO_225":0.2,"id":563,"preds_material":[[5,"1216742260_266941_4641_1-512.jpg"],[1,"1216742326_136916_4903_1-512.jpg"],[5,"1216744447_410630_9744_3-512.jpg"],[5,"1216744449_390606_9752_3-512.jpg"],[5,"1216744454_970748_9766_3-512.jpg"],[5,"1216744720_264343_10262_1-512.jpg"]],"material_ml":"painted","preds_construction":[[2,"1216744454_970748_9766_3-512.jpg"]],"construction_ml":"complete","preds_design":[[2,"1216744454_970748_9766_3-512.jpg"]],"design_ml":"designed","images":[]}
