{"MATERIAL":"corrugated metal - new","AVG_SLOPE":6.40096463592,"AVG_HEIGHT":5.35893202248,"TERAIN_SLP":6.08745594685,"AREA":71.8042525467,"VOLUME":385,"FLOORS":2,"INT_ZONE":null,"FLOOD":1,"LANDSLIDE":"Amenaza Media","LEGAL_ID":"231","LEGAL_NAME":"BELLA FLOR","LEGAL_AREA":24.13,"LEGAL_LOTS":1732,"LEGAL_POP":9352.8,"LEGAL_DENS":71.77786987,"LEGALIZING":null,"BLOCK_ID_":"002580068","BLOCK_POP":57,"BLOCK_BLD":12,"BLOCK_RISK":8.803977,"BLOCK_EDU":0,"BLOCK_HLTH":0,"BLOCK_TRAN":98.117455,"BLOCK_CULT":0,"BLOCK_PARK":98.256554,"BLOCK_SEC":100,"BLOCK_CENT":0,"BLOCK_DEF":50,"BLD_INHAB":5,"OBJECTID":1,"AO_225":0.16,"id":5675,"preds_material":[[5,"1216746043_803089_13501_3-512.jpg"],[5,"1216746043_923078_13502_3-512.jpg"],[5,"1216746044_423066_13506_3-512.jpg"],[5,"1216746044_553089_13507_3-512.jpg"],[5,"1216746044_688033_13508_3-512.jpg"],[5,"1216746044_828042_13509_3-512.jpg"]],"material_ml":"painted","images":[]}
