{"MATERIAL":"corrugated metal - dark","AVG_SLOPE":6.67304476136,"AVG_HEIGHT":3.21742096295,"TERAIN_SLP":8.90000436906,"AREA":68.5994840148,"VOLUME":221,"FLOORS":2,"INT_ZONE":null,"FLOOD":1,"LANDSLIDE":"Amenaza Media","LEGAL_ID":"231","LEGAL_NAME":"BELLA FLOR","LEGAL_AREA":24.13,"LEGAL_LOTS":1732,"LEGAL_POP":9352.8,"LEGAL_DENS":71.77786987,"LEGALIZING":"Conformacion","BLOCK_ID_":null,"BLOCK_POP":0,"BLOCK_BLD":0,"BLOCK_RISK":0,"BLOCK_EDU":0,"BLOCK_HLTH":0,"BLOCK_TRAN":0,"BLOCK_CULT":0,"BLOCK_PARK":0,"BLOCK_SEC":0,"BLOCK_CENT":0,"BLOCK_DEF":0,"BLD_INHAB":0,"OBJECTID":1,"AO_225":0.16,"id":5681,"preds_material":[[5,"1216746044_828042_13509_3-512.jpg"],[5,"1216746044_973071_13510_3-512.jpg"],[5,"1216746045_298045_13512_3-512.jpg"],[5,"1216746045_478013_13513_3-512.jpg"],[5,"1216746045_668039_13514_3-512.jpg"],[5,"1216746045_873086_13515_3-512.jpg"],[5,"1216746046_083070_13516_3-512.jpg"],[5,"1216746046_288027_13517_3-512.jpg"],[5,"1216746046_503063_13518_3-512.jpg"],[5,"1216746186_052525_14329_1-512.jpg"],[5,"1216746186_127414_14330_1-512.jpg"],[1,"1216746186_127414_14330_1-512.jpg"],[5,"1216746186_242514_14331_1-512.jpg"],[1,"1216746186_242514_14331_1-512.jpg"],[2,"1216746186_242514_14331_1-512.jpg"],[5,"1216746186_327397_14332_1-512.jpg"],[2,"1216746186_327397_14332_1-512.jpg"],[1,"1216746186_327397_14332_1-512.jpg"],[5,"1216746186_442515_14333_1-512.jpg"],[1,"1216746186_442515_14333_1-512.jpg"],[1,"1216746188_902436_14352_1-512.jpg"],[1,"1216746189_062422_14353_1-512.jpg"],[1,"1216746189_232440_14354_1-512.jpg"],[1,"1216746189_457391_14355_1-512.jpg"],[1,"1216746189_647418_14356_1-512.jpg"],[1,"1216746189_847449_14357_1-512.jpg"]],"material_ml":"painted","preds_construction":[[2,"1216746186_127414_14330_1-512.jpg"],[2,"1216746186_242514_14331_1-512.jpg"],[2,"1216746186_327397_14332_1-512.jpg"],[1,"1216746189_232440_14354_1-512.jpg"],[2,"1216746191_107406_14362_1-512.jpg"]],"construction_ml":"complete","preds_design":[[1,"1216746044_828042_13509_3-512.jpg"],[2,"1216746046_503063_13518_3-512.jpg"],[2,"1216746046_718039_13519_3-512.jpg"],[2,"1216746186_127414_14330_1-512.jpg"],[2,"1216746186_242514_14331_1-512.jpg"],[1,"1216746190_857383_14361_1-512.jpg"]],"design_ml":"designed","images":[]}
