{"MATERIAL":"corrugated metal","AVG_SLOPE":2.62822629804,"AVG_HEIGHT":8.59190200796,"TERAIN_SLP":6.85616034399,"AREA":75.1773442619,"VOLUME":646,"FLOORS":3,"INT_ZONE":null,"FLOOD":1,"LANDSLIDE":"Amenaza Media","LEGAL_ID":"231","LEGAL_NAME":"BELLA FLOR","LEGAL_AREA":24.13,"LEGAL_LOTS":1732,"LEGAL_POP":9352.8,"LEGAL_DENS":71.77786987,"LEGALIZING":null,"BLOCK_ID_":"002580068","BLOCK_POP":57,"BLOCK_BLD":12,"BLOCK_RISK":8.803977,"BLOCK_EDU":0,"BLOCK_HLTH":0,"BLOCK_TRAN":98.117455,"BLOCK_CULT":0,"BLOCK_PARK":98.256554,"BLOCK_SEC":100,"BLOCK_CENT":0,"BLOCK_DEF":50,"BLD_INHAB":5,"OBJECTID":1,"AO_225":0.16,"id":5687,"preds_material":[[5,"1216746041_033228_13481_3-512.jpg"],[5,"1216746041_218230_13482_3-512.jpg"],[1,"1216746041_218230_13482_3-512.jpg"],[5,"1216746041_218230_13482_3-512.jpg"],[5,"1216746041_438052_13483_3-512.jpg"],[5,"1216746041_573104_13484_3-512.jpg"],[5,"1216746041_753101_13485_3-512.jpg"]],"material_ml":"painted","preds_construction":[[2,"1216746041_033228_13481_3-512.jpg"],[1,"1216746041_033228_13481_3-512.jpg"],[2,"1216746041_218230_13482_3-512.jpg"],[1,"1216746041_218230_13482_3-512.jpg"],[2,"1216746041_438052_13483_3-512.jpg"],[1,"1216746041_438052_13483_3-512.jpg"],[2,"1216746041_573104_13484_3-512.jpg"],[1,"1216746041_573104_13484_3-512.jpg"],[2,"1216746041_753101_13485_3-512.jpg"],[1,"1216746041_753101_13485_3-512.jpg"]],"construction_ml":"incomplete","preds_design":[[2,"1216746041_033228_13481_3-512.jpg"],[1,"1216746041_033228_13481_3-512.jpg"],[2,"1216746041_218230_13482_3-512.jpg"],[1,"1216746041_218230_13482_3-512.jpg"],[2,"1216746041_438052_13483_3-512.jpg"],[1,"1216746041_438052_13483_3-512.jpg"],[2,"1216746041_573104_13484_3-512.jpg"],[1,"1216746041_573104_13484_3-512.jpg"],[2,"1216746041_753101_13485_3-512.jpg"]],"design_ml":"designed","images":[]}
