{"MATERIAL":"corrugated metal","AVG_SLOPE":6.55532680658,"AVG_HEIGHT":8.52217247041,"TERAIN_SLP":4.86141298382,"AREA":71.8608238755,"VOLUME":612,"FLOORS":3,"INT_ZONE":null,"FLOOD":1,"LANDSLIDE":"Amenaza Media","LEGAL_ID":"231","LEGAL_NAME":"BELLA FLOR","LEGAL_AREA":24.13,"LEGAL_LOTS":1732,"LEGAL_POP":9352.8,"LEGAL_DENS":71.77786987,"LEGALIZING":null,"BLOCK_ID_":"002580068","BLOCK_POP":57,"BLOCK_BLD":12,"BLOCK_RISK":8.803977,"BLOCK_EDU":0,"BLOCK_HLTH":0,"BLOCK_TRAN":98.117455,"BLOCK_CULT":0,"BLOCK_PARK":98.256554,"BLOCK_SEC":100,"BLOCK_CENT":0,"BLOCK_DEF":50,"BLD_INHAB":5,"OBJECTID":1,"AO_225":0.16,"id":5688,"preds_material":[[5,"1216746041_953118_13486_3-512.jpg"],[5,"1216746042_083095_13487_3-512.jpg"],[5,"1216746042_213085_13488_3-512.jpg"],[5,"1216746042_338071_13489_3-512.jpg"],[5,"1216746042_463090_13490_3-512.jpg"],[5,"1216746042_588049_13491_3-512.jpg"],[5,"1216746193_857745_14366_1-512.jpg"]],"material_ml":"painted","preds_construction":[[2,"1216746041_953118_13486_3-512.jpg"],[1,"1216746041_953118_13486_3-512.jpg"],[2,"1216746041_953118_13486_3-512.jpg"],[2,"1216746042_083095_13487_3-512.jpg"],[1,"1216746042_083095_13487_3-512.jpg"],[2,"1216746042_213085_13488_3-512.jpg"],[1,"1216746042_213085_13488_3-512.jpg"],[2,"1216746042_338071_13489_3-512.jpg"],[2,"1216746042_463090_13490_3-512.jpg"],[2,"1216746042_588049_13491_3-512.jpg"],[2,"1216746042_713080_13492_3-512.jpg"]],"construction_ml":"complete","preds_design":[[2,"1216746041_953118_13486_3-512.jpg"],[2,"1216746042_083095_13487_3-512.jpg"],[2,"1216746042_213085_13488_3-512.jpg"],[2,"1216746042_338071_13489_3-512.jpg"],[2,"1216746042_338071_13489_3-512.jpg"],[2,"1216746042_463090_13490_3-512.jpg"],[2,"1216746042_588049_13491_3-512.jpg"],[2,"1216746042_713080_13492_3-512.jpg"],[1,"1216746193_857745_14366_1-512.jpg"]],"design_ml":"designed","images":[]}
