{"MATERIAL":"corrugated metal","AVG_SLOPE":3.44093862709,"AVG_HEIGHT":8.98335741027,"TERAIN_SLP":3.43035167451,"AREA":68.0183235679,"VOLUME":611,"FLOORS":3,"INT_ZONE":null,"FLOOD":1,"LANDSLIDE":"Amenaza Media","LEGAL_ID":"231","LEGAL_NAME":"BELLA FLOR","LEGAL_AREA":24.13,"LEGAL_LOTS":1732,"LEGAL_POP":9352.8,"LEGAL_DENS":71.77786987,"LEGALIZING":null,"BLOCK_ID_":"002580067","BLOCK_POP":71,"BLOCK_BLD":14,"BLOCK_RISK":13.716099,"BLOCK_EDU":0,"BLOCK_HLTH":0,"BLOCK_TRAN":98.185928,"BLOCK_CULT":0,"BLOCK_PARK":98.264107,"BLOCK_SEC":57.208172,"BLOCK_CENT":0,"BLOCK_DEF":57.1428571429,"BLD_INHAB":5,"OBJECTID":1,"AO_225":0.16,"id":5690,"preds_material":[[5,"1216746037_613112_13457_3-512.jpg"],[5,"1216746038_293094_13463_3-512.jpg"],[5,"1216746038_423114_13464_3-512.jpg"],[5,"1216746038_548170_13465_3-512.jpg"],[5,"1216746038_548170_13465_3-512.jpg"],[5,"1216746038_693108_13466_3-512.jpg"],[5,"1216746038_823113_13467_3-512.jpg"],[5,"1216746038_957958_13468_3-512.jpg"],[5,"1216746039_063133_13469_3-512.jpg"],[5,"1216746197_832305_14374_1-512.jpg"],[5,"1216746198_017383_14375_1-512.jpg"]],"material_ml":"painted","preds_construction":[[2,"1216746038_293094_13463_3-512.jpg"],[1,"1216746038_293094_13463_3-512.jpg"],[2,"1216746038_423114_13464_3-512.jpg"],[1,"1216746038_423114_13464_3-512.jpg"],[2,"1216746038_548170_13465_3-512.jpg"],[1,"1216746038_548170_13465_3-512.jpg"],[1,"1216746038_693108_13466_3-512.jpg"],[2,"1216746038_693108_13466_3-512.jpg"],[1,"1216746038_823113_13467_3-512.jpg"],[2,"1216746038_823113_13467_3-512.jpg"],[2,"1216746038_957958_13468_3-512.jpg"],[1,"1216746038_957958_13468_3-512.jpg"],[1,"1216746039_063133_13469_3-512.jpg"],[2,"1216746039_063133_13469_3-512.jpg"],[2,"1216746197_387340_14372_1-512.jpg"],[2,"1216746197_657355_14373_1-512.jpg"],[2,"1216746197_832305_14374_1-512.jpg"],[2,"1216746198_017383_14375_1-512.jpg"],[2,"1216746199_027512_14380_1-512.jpg"]],"construction_ml":"complete","preds_design":[[2,"1216746038_293094_13463_3-512.jpg"],[1,"1216746038_293094_13463_3-512.jpg"],[2,"1216746038_423114_13464_3-512.jpg"],[1,"1216746038_423114_13464_3-512.jpg"],[2,"1216746038_548170_13465_3-512.jpg"],[1,"1216746038_548170_13465_3-512.jpg"],[2,"1216746038_693108_13466_3-512.jpg"],[1,"1216746038_693108_13466_3-512.jpg"],[2,"1216746038_823113_13467_3-512.jpg"],[1,"1216746038_823113_13467_3-512.jpg"],[2,"1216746038_957958_13468_3-512.jpg"],[1,"1216746038_957958_13468_3-512.jpg"],[2,"1216746039_063133_13469_3-512.jpg"],[2,"1216746198_017383_14375_1-512.jpg"],[1,"1216746198_017383_14375_1-512.jpg"]],"design_ml":"designed","images":[]}
