{"MATERIAL":"corrugated metal","AVG_SLOPE":3.19188433929,"AVG_HEIGHT":6.53043621587,"TERAIN_SLP":3.57104048529,"AREA":89.2912742102,"VOLUME":583,"FLOORS":2,"INT_ZONE":null,"FLOOD":1,"LANDSLIDE":"Amenaza Media","LEGAL_ID":"231","LEGAL_NAME":"BELLA FLOR","LEGAL_AREA":24.13,"LEGAL_LOTS":1732,"LEGAL_POP":9352.8,"LEGAL_DENS":71.77786987,"LEGALIZING":null,"BLOCK_ID_":"002580067","BLOCK_POP":71,"BLOCK_BLD":14,"BLOCK_RISK":13.716099,"BLOCK_EDU":0,"BLOCK_HLTH":0,"BLOCK_TRAN":98.185928,"BLOCK_CULT":0,"BLOCK_PARK":98.264107,"BLOCK_SEC":57.208172,"BLOCK_CENT":0,"BLOCK_DEF":57.1428571429,"BLD_INHAB":5,"OBJECTID":1,"AO_225":0.16,"id":5691,"preds_material":[[5,"1216746039_063133_13469_3-512.jpg"],[5,"1216746039_238172_13470_3-512.jpg"],[5,"1216746039_238172_13470_3-512.jpg"],[5,"1216746039_408061_13471_3-512.jpg"],[5,"1216746039_573097_13472_3-512.jpg"],[5,"1216746039_573097_13472_3-512.jpg"],[5,"1216746039_733112_13473_3-512.jpg"],[5,"1216746039_733112_13473_3-512.jpg"],[5,"1216746039_733112_13473_3-512.jpg"],[5,"1216746039_733112_13473_3-512.jpg"],[5,"1216746039_888060_13474_3-512.jpg"],[5,"1216746039_888060_13474_3-512.jpg"],[5,"1216746039_888060_13474_3-512.jpg"],[5,"1216746039_888060_13474_3-512.jpg"],[5,"1216746040_038241_13475_3-512.jpg"],[5,"1216746040_188063_13476_3-512.jpg"],[5,"1216746040_333149_13477_3-512.jpg"],[5,"1216746040_478045_13478_3-512.jpg"]],"material_ml":"painted","preds_construction":[[2,"1216746039_238172_13470_3-512.jpg"],[1,"1216746039_238172_13470_3-512.jpg"],[2,"1216746039_408061_13471_3-512.jpg"],[1,"1216746039_408061_13471_3-512.jpg"],[2,"1216746039_573097_13472_3-512.jpg"],[1,"1216746039_573097_13472_3-512.jpg"],[2,"1216746039_573097_13472_3-512.jpg"],[2,"1216746039_733112_13473_3-512.jpg"],[1,"1216746039_733112_13473_3-512.jpg"],[2,"1216746039_888060_13474_3-512.jpg"],[1,"1216746039_888060_13474_3-512.jpg"],[2,"1216746039_888060_13474_3-512.jpg"],[2,"1216746040_038241_13475_3-512.jpg"],[1,"1216746040_038241_13475_3-512.jpg"],[2,"1216746040_188063_13476_3-512.jpg"],[1,"1216746040_188063_13476_3-512.jpg"],[2,"1216746040_333149_13477_3-512.jpg"],[1,"1216746040_333149_13477_3-512.jpg"],[2,"1216746040_478045_13478_3-512.jpg"],[1,"1216746040_478045_13478_3-512.jpg"]],"construction_ml":"complete","preds_design":[[2,"1216746039_238172_13470_3-512.jpg"],[2,"1216746039_408061_13471_3-512.jpg"],[2,"1216746039_573097_13472_3-512.jpg"],[2,"1216746039_733112_13473_3-512.jpg"],[2,"1216746039_888060_13474_3-512.jpg"],[2,"1216746040_038241_13475_3-512.jpg"],[1,"1216746040_038241_13475_3-512.jpg"],[2,"1216746040_188063_13476_3-512.jpg"]],"design_ml":"designed","images":[]}
