{"MATERIAL":"corrugated metal","AVG_SLOPE":4.78459064776,"AVG_HEIGHT":3.3020744174,"TERAIN_SLP":4.8509370332,"AREA":50.575891478,"VOLUME":167,"FLOORS":2,"INT_ZONE":null,"FLOOD":1,"LANDSLIDE":"Amenaza Media","LEGAL_ID":"231","LEGAL_NAME":"BELLA FLOR","LEGAL_AREA":24.13,"LEGAL_LOTS":1732,"LEGAL_POP":9352.8,"LEGAL_DENS":71.77786987,"LEGALIZING":null,"BLOCK_ID_":"002580033","BLOCK_POP":22,"BLOCK_BLD":8,"BLOCK_RISK":28.282001,"BLOCK_EDU":76.276733,"BLOCK_HLTH":0,"BLOCK_TRAN":99.37188,"BLOCK_CULT":0,"BLOCK_PARK":98.548706,"BLOCK_SEC":100,"BLOCK_CENT":0,"BLOCK_DEF":50,"BLD_INHAB":3,"OBJECTID":1,"AO_225":0.16,"id":5693,"preds_material":[[1,"1216746038_548170_13465_1-512.jpg"],[1,"1216746038_823113_13467_1-512.jpg"],[1,"1216746038_957958_13468_1-512.jpg"],[5,"1216746039_408061_13471_1-512.jpg"],[5,"1216746039_733112_13473_1-512.jpg"],[5,"1216746039_888060_13474_1-512.jpg"],[5,"1216746040_038241_13475_1-512.jpg"],[5,"1216746040_188063_13476_1-512.jpg"],[5,"1216746040_333149_13477_1-512.jpg"],[5,"1216746040_478045_13478_1-512.jpg"],[5,"1216746040_618130_13479_1-512.jpg"],[5,"1216746040_808323_13480_1-512.jpg"],[5,"1216746041_033228_13481_1-512.jpg"],[5,"1216746041_218230_13482_1-512.jpg"],[5,"1216746041_438052_13483_1-512.jpg"],[5,"1216746041_573104_13484_1-512.jpg"],[5,"1216746041_753101_13485_1-512.jpg"],[5,"1216746041_953118_13486_1-512.jpg"],[5,"1216746042_083095_13487_1-512.jpg"]],"material_ml":"painted","preds_construction":[[2,"1216746038_203111_13462_1-512.jpg"],[2,"1216746038_293094_13463_1-512.jpg"],[2,"1216746039_408061_13471_1-512.jpg"],[2,"1216746039_573097_13472_1-512.jpg"],[2,"1216746039_733112_13473_1-512.jpg"],[2,"1216746039_888060_13474_1-512.jpg"],[2,"1216746040_038241_13475_1-512.jpg"],[2,"1216746040_188063_13476_1-512.jpg"],[2,"1216746040_333149_13477_1-512.jpg"],[2,"1216746040_478045_13478_1-512.jpg"],[2,"1216746040_618130_13479_1-512.jpg"],[2,"1216746040_808323_13480_1-512.jpg"],[2,"1216746041_033228_13481_1-512.jpg"],[2,"1216746041_218230_13482_1-512.jpg"],[2,"1216746041_438052_13483_1-512.jpg"],[2,"1216746041_573104_13484_1-512.jpg"],[2,"1216746041_753101_13485_1-512.jpg"],[2,"1216746041_953118_13486_1-512.jpg"],[2,"1216746042_083095_13487_1-512.jpg"],[1,"1216746196_132323_14369_3-512.jpg"]],"construction_ml":"complete","preds_design":[[1,"1216746039_238172_13470_1-512.jpg"],[1,"1216746039_408061_13471_1-512.jpg"],[1,"1216746039_573097_13472_1-512.jpg"],[1,"1216746039_733112_13473_1-512.jpg"],[1,"1216746039_888060_13474_1-512.jpg"],[2,"1216746040_038241_13475_1-512.jpg"],[1,"1216746040_038241_13475_1-512.jpg"],[1,"1216746040_188063_13476_1-512.jpg"],[2,"1216746040_188063_13476_1-512.jpg"],[1,"1216746040_333149_13477_1-512.jpg"],[2,"1216746040_333149_13477_1-512.jpg"],[1,"1216746040_478045_13478_1-512.jpg"],[2,"1216746040_478045_13478_1-512.jpg"],[1,"1216746040_618130_13479_1-512.jpg"],[2,"1216746040_618130_13479_1-512.jpg"],[1,"1216746040_808323_13480_1-512.jpg"],[2,"1216746040_808323_13480_1-512.jpg"],[1,"1216746041_033228_13481_1-512.jpg"],[1,"1216746041_218230_13482_1-512.jpg"],[2,"1216746041_218230_13482_1-512.jpg"],[1,"1216746041_438052_13483_1-512.jpg"],[2,"1216746041_438052_13483_1-512.jpg"],[1,"1216746041_573104_13484_1-512.jpg"],[2,"1216746041_573104_13484_1-512.jpg"],[2,"1216746041_753101_13485_1-512.jpg"],[2,"1216746041_953118_13486_1-512.jpg"],[1,"1216746042_083095_13487_1-512.jpg"]],"design_ml":"undesigned","images":[]}
