{"MATERIAL":"corrugated metal/heavily patched","AVG_SLOPE":4.85701228584,"AVG_HEIGHT":2.93562054144,"TERAIN_SLP":2.85206413116,"AREA":58.4236295193,"VOLUME":172,"FLOORS":1,"INT_ZONE":"Borde Rural","FLOOD":1,"LANDSLIDE":"Amenaza Baja","LEGAL_ID":"358","LEGAL_NAME":"EL PARAISO","LEGAL_AREA":26.04,"LEGAL_LOTS":2077,"LEGAL_POP":11215.8,"LEGAL_DENS":79.76190476,"LEGALIZING":null,"BLOCK_ID_":"002565019","BLOCK_POP":153,"BLOCK_BLD":37,"BLOCK_RISK":13.435785,"BLOCK_EDU":0,"BLOCK_HLTH":12.115095,"BLOCK_TRAN":84.318901,"BLOCK_CULT":0,"BLOCK_PARK":1.4565629,"BLOCK_SEC":100,"BLOCK_CENT":0,"BLOCK_DEF":51.3513513514,"BLD_INHAB":4,"OBJECTID":2,"AO_225":0.2,"id":571,"preds_material":[[5,"1216742254_676970_4612_3-512.jpg"],[5,"1216744703_734393_10214_1-512.jpg"],[5,"1216744704_024550_10215_1-512.jpg"],[5,"1216744704_274440_10216_1-512.jpg"],[5,"1216744704_534470_10217_1-512.jpg"],[5,"1216744704_789443_10218_1-512.jpg"],[5,"1216744705_064504_10219_1-512.jpg"],[5,"1216744705_349489_10220_1-512.jpg"],[5,"1216744705_644596_10221_1-512.jpg"],[5,"1216744705_924951_10222_1-512.jpg"],[5,"1216744706_209289_10223_1-512.jpg"],[5,"1216744706_494382_10224_1-512.jpg"]],"material_ml":"painted","preds_construction":[[2,"1216744703_734393_10214_1-512.jpg"],[2,"1216744704_024550_10215_1-512.jpg"],[2,"1216744704_274440_10216_1-512.jpg"],[2,"1216744704_534470_10217_1-512.jpg"],[2,"1216744704_789443_10218_1-512.jpg"],[2,"1216744705_064504_10219_1-512.jpg"],[2,"1216744705_349489_10220_1-512.jpg"],[2,"1216744705_644596_10221_1-512.jpg"],[2,"1216744705_924951_10222_1-512.jpg"],[2,"1216744706_209289_10223_1-512.jpg"],[2,"1216744706_494382_10224_1-512.jpg"]],"construction_ml":"complete","preds_design":[[2,"1216744703_734393_10214_1-512.jpg"],[2,"1216744704_024550_10215_1-512.jpg"],[2,"1216744704_274440_10216_1-512.jpg"],[2,"1216744704_534470_10217_1-512.jpg"],[2,"1216744704_789443_10218_1-512.jpg"],[2,"1216744705_064504_10219_1-512.jpg"],[2,"1216744705_349489_10220_1-512.jpg"],[2,"1216744705_644596_10221_1-512.jpg"],[2,"1216744705_924951_10222_1-512.jpg"],[2,"1216744706_209289_10223_1-512.jpg"],[2,"1216744706_494382_10224_1-512.jpg"]],"design_ml":"designed","images":[]}
