{"MATERIAL":"under construction","AVG_SLOPE":19.1594018232,"AVG_HEIGHT":8.25962536673,"TERAIN_SLP":6.63879619487,"AREA":59.7326262449,"VOLUME":493,"FLOORS":3,"INT_ZONE":"Borde Rural","FLOOD":2,"LANDSLIDE":"Amenaza Media","LEGAL_ID":"311","LEGAL_NAME":"EL MIRADOR","LEGAL_AREA":11.06,"LEGAL_LOTS":989,"LEGAL_POP":5340.6,"LEGAL_DENS":89.42,"LEGALIZING":null,"BLOCK_ID_":"002570039","BLOCK_POP":53,"BLOCK_BLD":12,"BLOCK_RISK":29.613344,"BLOCK_EDU":0,"BLOCK_HLTH":10.997795,"BLOCK_TRAN":92.504021,"BLOCK_CULT":0,"BLOCK_PARK":1.3211178,"BLOCK_SEC":46.30983,"BLOCK_CENT":0,"BLOCK_DEF":25,"BLD_INHAB":4,"OBJECTID":2,"AO_225":0.2,"id":574,"preds_material":[[5,"1216743139_632318_6926_1-512.jpg"],[5,"1216743140_612540_6927_1-512.jpg"]],"material_ml":"painted","preds_construction":[[2,"1216743139_632318_6926_1-512.jpg"],[2,"1216743140_612540_6927_1-512.jpg"]],"construction_ml":"complete","preds_design":[[2,"1216743139_632318_6926_1-512.jpg"],[2,"1216743140_612540_6927_1-512.jpg"]],"design_ml":"designed","images":[]}
