{"MATERIAL":"corrugated metal","AVG_SLOPE":3.89310719273,"AVG_HEIGHT":2.58927163956,"TERAIN_SLP":5.65533165137,"AREA":62.0817905871,"VOLUME":161,"FLOORS":1,"INT_ZONE":null,"FLOOD":1,"LANDSLIDE":"Amenaza Media","LEGAL_ID":"231","LEGAL_NAME":"BELLA FLOR","LEGAL_AREA":24.13,"LEGAL_LOTS":1732,"LEGAL_POP":9352.8,"LEGAL_DENS":71.77786987,"LEGALIZING":null,"BLOCK_ID_":"002580035","BLOCK_POP":155,"BLOCK_BLD":37,"BLOCK_RISK":19.17477,"BLOCK_EDU":0,"BLOCK_HLTH":0,"BLOCK_TRAN":98.936943,"BLOCK_CULT":0,"BLOCK_PARK":98.647911,"BLOCK_SEC":52.515869,"BLOCK_CENT":0,"BLOCK_DEF":32.4324324324,"BLD_INHAB":4,"OBJECTID":1,"AO_225":0.16,"id":5771,"preds_construction":[[2,"1216746204_262614_14392_1-512.jpg"]],"construction_ml":"complete","preds_design":[[2,"1216746204_262614_14392_1-512.jpg"]],"design_ml":"designed","images":[]}
