{"MATERIAL":"corrugated metal","AVG_SLOPE":7.74239965032,"AVG_HEIGHT":3.64530093416,"TERAIN_SLP":7.18403318331,"AREA":98.903982232,"VOLUME":361,"FLOORS":2,"INT_ZONE":null,"FLOOD":1,"LANDSLIDE":"Amenaza Media","LEGAL_ID":"231","LEGAL_NAME":"BELLA FLOR","LEGAL_AREA":24.13,"LEGAL_LOTS":1732,"LEGAL_POP":9352.8,"LEGAL_DENS":71.77786987,"LEGALIZING":null,"BLOCK_ID_":"002580084","BLOCK_POP":0,"BLOCK_BLD":0,"BLOCK_RISK":0,"BLOCK_EDU":0,"BLOCK_HLTH":0,"BLOCK_TRAN":0,"BLOCK_CULT":0,"BLOCK_PARK":0,"BLOCK_SEC":0,"BLOCK_CENT":0,"BLOCK_DEF":0,"BLD_INHAB":0,"OBJECTID":1,"AO_225":0.16,"id":5777,"preds_material":[[1,"1216746020_093203_13340_1-512.jpg"],[1,"1216746020_248239_13341_1-512.jpg"],[1,"1216746020_408211_13342_1-512.jpg"],[1,"1216746020_573248_13343_1-512.jpg"],[1,"1216746020_748204_13344_1-512.jpg"],[1,"1216746020_928256_13345_1-512.jpg"],[5,"1216746021_388171_13348_1-512.jpg"],[5,"1216746021_528181_13349_1-512.jpg"],[1,"1216746021_658204_13350_1-512.jpg"],[5,"1216746212_087263_14426_3-512.jpg"]],"material_ml":"brick","preds_construction":[[2,"1216746020_248239_13341_1-512.jpg"],[2,"1216746020_408211_13342_1-512.jpg"],[2,"1216746020_573248_13343_1-512.jpg"],[2,"1216746020_748204_13344_1-512.jpg"],[2,"1216746020_928256_13345_1-512.jpg"],[2,"1216746021_118196_13346_1-512.jpg"],[2,"1216746021_253134_13347_1-512.jpg"],[2,"1216746021_388171_13348_1-512.jpg"],[2,"1216746021_528181_13349_1-512.jpg"],[2,"1216746021_658204_13350_1-512.jpg"],[2,"1216746021_658204_13350_1-512.jpg"],[2,"1216746021_748201_13351_1-512.jpg"],[2,"1216746021_748201_13351_1-512.jpg"],[2,"1216746021_878258_13352_1-512.jpg"],[2,"1216746021_978179_13353_1-512.jpg"],[2,"1216746022_103256_13354_1-512.jpg"],[2,"1216746022_223211_13355_1-512.jpg"],[2,"1216746022_348414_13356_1-512.jpg"],[2,"1216746022_458206_13357_1-512.jpg"],[2,"1216746022_583107_13358_1-512.jpg"],[2,"1216746022_583107_13358_1-512.jpg"],[2,"1216746022_688209_13359_1-512.jpg"],[2,"1216746022_688209_13359_1-512.jpg"],[2,"1216746022_813226_13360_1-512.jpg"],[2,"1216746022_918205_13361_1-512.jpg"],[2,"1216746023_043221_13362_1-512.jpg"],[2,"1216746023_143170_13363_1-512.jpg"],[2,"1216746023_273283_13364_1-512.jpg"],[2,"1216746023_358185_13365_1-512.jpg"]],"construction_ml":"complete","images":[]}
