{"MATERIAL":"corrugated metal","AVG_SLOPE":4.07308427156,"AVG_HEIGHT":5.12138971362,"TERAIN_SLP":6.16577526648,"AREA":66.4537567972,"VOLUME":340,"FLOORS":2,"INT_ZONE":null,"FLOOD":1,"LANDSLIDE":"Amenaza Media","LEGAL_ID":"231","LEGAL_NAME":"BELLA FLOR","LEGAL_AREA":24.13,"LEGAL_LOTS":1732,"LEGAL_POP":9352.8,"LEGAL_DENS":71.77786987,"LEGALIZING":null,"BLOCK_ID_":"002580034","BLOCK_POP":278,"BLOCK_BLD":70,"BLOCK_RISK":8.882309,"BLOCK_EDU":0,"BLOCK_HLTH":0,"BLOCK_TRAN":99.144562,"BLOCK_CULT":0,"BLOCK_PARK":99.193115,"BLOCK_SEC":100,"BLOCK_CENT":0,"BLOCK_DEF":47.1428571429,"BLD_INHAB":4,"OBJECTID":1,"AO_225":0.16,"id":5783,"preds_material":[[5,"1216746023_043221_13362_3-512.jpg"],[5,"1216746023_143170_13363_3-512.jpg"],[5,"1216746023_273283_13364_3-512.jpg"],[5,"1216746023_358185_13365_3-512.jpg"],[5,"1216746023_488252_13366_3-512.jpg"],[5,"1216746023_623162_13367_3-512.jpg"],[5,"1216746023_763202_13368_3-512.jpg"],[5,"1216746023_898214_13369_3-512.jpg"],[5,"1216746024_038223_13370_3-512.jpg"],[5,"1216746024_158198_13371_3-512.jpg"],[5,"1216746024_343187_13372_3-512.jpg"],[5,"1216746024_523163_13373_3-512.jpg"],[5,"1216746024_703170_13374_3-512.jpg"],[5,"1216746210_102311_14418_1-512.jpg"],[5,"1216746210_102311_14418_1-512.jpg"],[1,"1216746210_102311_14418_1-512.jpg"],[5,"1216746210_367386_14419_1-512.jpg"],[5,"1216746210_367386_14419_1-512.jpg"],[1,"1216746210_367386_14419_1-512.jpg"],[5,"1216746210_597285_14420_1-512.jpg"],[5,"1216746210_597285_14420_1-512.jpg"],[5,"1216746210_862242_14421_1-512.jpg"],[5,"1216746210_862242_14421_1-512.jpg"],[5,"1216746211_067256_14422_1-512.jpg"],[5,"1216746211_067256_14422_1-512.jpg"],[1,"1216746211_067256_14422_1-512.jpg"],[5,"1216746211_322200_14423_1-512.jpg"],[5,"1216746211_322200_14423_1-512.jpg"],[1,"1216746211_322200_14423_1-512.jpg"],[5,"1216746211_577280_14424_1-512.jpg"],[5,"1216746211_577280_14424_1-512.jpg"],[5,"1216746211_832204_14425_1-512.jpg"],[5,"1216746211_832204_14425_1-512.jpg"],[5,"1216746212_087263_14426_1-512.jpg"],[5,"1216746212_087263_14426_1-512.jpg"],[5,"1216746212_347286_14427_1-512.jpg"],[5,"1216746212_347286_14427_1-512.jpg"],[1,"1216746212_347286_14427_1-512.jpg"],[5,"1216746212_567250_14428_1-512.jpg"],[5,"1216746212_567250_14428_1-512.jpg"],[5,"1216746212_567250_14428_1-512.jpg"],[5,"1216746212_837245_14429_1-512.jpg"],[1,"1216746212_837245_14429_1-512.jpg"],[5,"1216746212_837245_14429_1-512.jpg"],[1,"1216746212_837245_14429_1-512.jpg"],[5,"1216746213_112198_14430_1-512.jpg"],[1,"1216746213_112198_14430_1-512.jpg"],[5,"1216746213_112198_14430_1-512.jpg"],[1,"1216746213_112198_14430_1-512.jpg"],[5,"1216746213_382279_14431_1-512.jpg"],[1,"1216746213_382279_14431_1-512.jpg"],[5,"1216746213_382279_14431_1-512.jpg"],[5,"1216746213_642460_14432_1-512.jpg"],[1,"1216746213_642460_14432_1-512.jpg"],[5,"1216746213_642460_14432_1-512.jpg"],[5,"1216746213_897220_14433_1-512.jpg"],[1,"1216746213_897220_14433_1-512.jpg"],[5,"1216746213_897220_14433_1-512.jpg"],[5,"1216746214_142293_14434_1-512.jpg"],[1,"1216746214_142293_14434_1-512.jpg"],[5,"1216746214_142293_14434_1-512.jpg"],[5,"1216746214_372310_14435_1-512.jpg"],[1,"1216746214_372310_14435_1-512.jpg"],[5,"1216746214_372310_14435_1-512.jpg"],[5,"1216746214_597308_14436_1-512.jpg"],[1,"1216746214_597308_14436_1-512.jpg"],[5,"1216746214_812323_14437_1-512.jpg"],[1,"1216746215_432256_14440_1-512.jpg"]],"material_ml":"painted","preds_construction":[[2,"1216746023_043221_13362_3-512.jpg"],[2,"1216746023_143170_13363_3-512.jpg"],[1,"1216746023_143170_13363_3-512.jpg"],[2,"1216746023_273283_13364_3-512.jpg"],[2,"1216746023_358185_13365_3-512.jpg"],[2,"1216746023_488252_13366_3-512.jpg"],[2,"1216746023_623162_13367_3-512.jpg"],[2,"1216746023_763202_13368_3-512.jpg"],[2,"1216746023_898214_13369_3-512.jpg"],[2,"1216746024_038223_13370_3-512.jpg"],[2,"1216746024_158198_13371_3-512.jpg"],[2,"1216746024_343187_13372_3-512.jpg"],[2,"1216746210_102311_14418_1-512.jpg"],[2,"1216746210_102311_14418_1-512.jpg"],[2,"1216746210_367386_14419_1-512.jpg"],[2,"1216746210_367386_14419_1-512.jpg"],[2,"1216746210_597285_14420_1-512.jpg"],[2,"1216746210_597285_14420_1-512.jpg"],[2,"1216746210_862242_14421_1-512.jpg"],[2,"1216746210_862242_14421_1-512.jpg"],[2,"1216746211_067256_14422_1-512.jpg"],[2,"1216746211_067256_14422_1-512.jpg"],[1,"1216746211_067256_14422_1-512.jpg"],[2,"1216746211_322200_14423_1-512.jpg"],[2,"1216746211_322200_14423_1-512.jpg"],[1,"1216746211_322200_14423_1-512.jpg"],[2,"1216746211_577280_14424_1-512.jpg"],[2,"1216746211_577280_14424_1-512.jpg"],[2,"1216746211_832204_14425_1-512.jpg"],[2,"1216746211_832204_14425_1-512.jpg"],[2,"1216746211_832204_14425_1-512.jpg"],[2,"1216746212_087263_14426_1-512.jpg"],[2,"1216746212_087263_14426_1-512.jpg"],[2,"1216746212_347286_14427_1-512.jpg"],[2,"1216746212_347286_14427_1-512.jpg"],[2,"1216746212_567250_14428_1-512.jpg"],[2,"1216746212_567250_14428_1-512.jpg"],[2,"1216746212_567250_14428_1-512.jpg"],[2,"1216746212_837245_14429_1-512.jpg"],[2,"1216746212_837245_14429_1-512.jpg"],[2,"1216746212_837245_14429_1-512.jpg"],[2,"1216746213_112198_14430_1-512.jpg"],[2,"1216746213_112198_14430_1-512.jpg"],[2,"1216746213_112198_14430_1-512.jpg"],[2,"1216746213_382279_14431_1-512.jpg"],[2,"1216746213_642460_14432_1-512.jpg"],[2,"1216746213_897220_14433_1-512.jpg"],[2,"1216746213_897220_14433_1-512.jpg"],[2,"1216746214_142293_14434_1-512.jpg"],[2,"1216746214_142293_14434_1-512.jpg"],[2,"1216746214_372310_14435_1-512.jpg"],[2,"1216746214_597308_14436_1-512.jpg"],[2,"1216746214_812323_14437_1-512.jpg"],[2,"1216746215_022337_14438_1-512.jpg"],[2,"1216746215_227154_14439_1-512.jpg"],[2,"1216746215_432256_14440_1-512.jpg"],[1,"1216746215_632242_14441_1-512.jpg"]],"construction_ml":"complete",