{"MATERIAL":"corrugated metal","AVG_SLOPE":5.11937838087,"AVG_HEIGHT":3.03153080441,"TERAIN_SLP":5.14648546775,"AREA":46.4055341261,"VOLUME":141,"FLOORS":2,"INT_ZONE":null,"FLOOD":1,"LANDSLIDE":"Amenaza Media","LEGAL_ID":"231","LEGAL_NAME":"BELLA FLOR","LEGAL_AREA":24.13,"LEGAL_LOTS":1732,"LEGAL_POP":9352.8,"LEGAL_DENS":71.77786987,"LEGALIZING":null,"BLOCK_ID_":"002580034","BLOCK_POP":278,"BLOCK_BLD":70,"BLOCK_RISK":8.882309,"BLOCK_EDU":0,"BLOCK_HLTH":0,"BLOCK_TRAN":99.144562,"BLOCK_CULT":0,"BLOCK_PARK":99.193115,"BLOCK_SEC":100,"BLOCK_CENT":0,"BLOCK_DEF":47.1428571429,"BLD_INHAB":4,"OBJECTID":1,"AO_225":0.16,"id":5788,"preds_material":[[5,"1216746207_467296_14404_1-512.jpg"],[5,"1216746207_662252_14405_1-512.jpg"],[5,"1216746208_032233_14407_1-512.jpg"],[5,"1216746208_372298_14409_1-512.jpg"],[5,"1216746208_537226_14410_1-512.jpg"],[5,"1216746208_667247_14411_1-512.jpg"],[5,"1216746208_667247_14411_1-512.jpg"],[5,"1216746208_837295_14412_1-512.jpg"],[5,"1216746209_002218_14413_1-512.jpg"],[5,"1216746209_002218_14413_1-512.jpg"],[5,"1216746209_187033_14414_1-512.jpg"],[5,"1216746209_187033_14414_1-512.jpg"],[5,"1216746209_412244_14415_1-512.jpg"],[5,"1216746209_412244_14415_1-512.jpg"],[1,"1216746209_412244_14415_1-512.jpg"],[5,"1216746209_622290_14416_1-512.jpg"],[1,"1216746209_622290_14416_1-512.jpg"],[5,"1216746209_852278_14417_1-512.jpg"],[1,"1216746209_852278_14417_1-512.jpg"]],"material_ml":"painted","preds_construction":[[2,"1216746024_878199_13375_3-512.jpg"],[2,"1216746025_048370_13376_3-512.jpg"],[2,"1216746025_218287_13377_3-512.jpg"],[2,"1216746207_112238_14402_1-512.jpg"],[2,"1216746207_282245_14403_1-512.jpg"],[2,"1216746207_467296_14404_1-512.jpg"],[2,"1216746207_662252_14405_1-512.jpg"],[2,"1216746207_872217_14406_1-512.jpg"],[2,"1216746208_032233_14407_1-512.jpg"],[2,"1216746208_192240_14408_1-512.jpg"],[2,"1216746208_837295_14412_1-512.jpg"],[2,"1216746209_002218_14413_1-512.jpg"],[1,"1216746209_002218_14413_1-512.jpg"],[2,"1216746209_187033_14414_1-512.jpg"],[2,"1216746209_187033_14414_1-512.jpg"],[2,"1216746209_412244_14415_1-512.jpg"],[2,"1216746209_412244_14415_1-512.jpg"],[2,"1216746209_622290_14416_1-512.jpg"],[2,"1216746209_852278_14417_1-512.jpg"]],"construction_ml":"complete","preds_design":[[2,"1216746024_878199_13375_3-512.jpg"],[1,"1216746024_878199_13375_3-512.jpg"],[2,"1216746025_048370_13376_3-512.jpg"],[2,"1216746025_218287_13377_3-512.jpg"],[1,"1216746206_887336_14401_1-512.jpg"],[2,"1216746207_112238_14402_1-512.jpg"],[2,"1216746207_282245_14403_1-512.jpg"],[1,"1216746207_282245_14403_1-512.jpg"],[2,"1216746207_467296_14404_1-512.jpg"],[1,"1216746207_467296_14404_1-512.jpg"],[1,"1216746207_662252_14405_1-512.jpg"],[1,"1216746207_872217_14406_1-512.jpg"],[2,"1216746208_192240_14408_1-512.jpg"],[2,"1216746208_537226_14410_1-512.jpg"],[2,"1216746208_667247_14411_1-512.jpg"],[2,"1216746208_667247_14411_1-512.jpg"],[2,"1216746208_837295_14412_1-512.jpg"],[2,"1216746208_837295_14412_1-512.jpg"],[2,"1216746209_002218_14413_1-512.jpg"],[2,"1216746209_002218_14413_1-512.jpg"],[2,"1216746209_187033_14414_1-512.jpg"],[2,"1216746209_187033_14414_1-512.jpg"],[2,"1216746209_412244_14415_1-512.jpg"],[2,"1216746209_622290_14416_1-512.jpg"],[2,"1216746209_852278_14417_1-512.jpg"],[2,"1216746209_852278_14417_1-512.jpg"]],"design_ml":"designed","images":[]}
