{"MATERIAL":"corrugated metal/heavily patched","AVG_SLOPE":11.4629985158,"AVG_HEIGHT":6.67216347568,"TERAIN_SLP":9.98031766581,"AREA":68.0384556565,"VOLUME":454,"FLOORS":2,"INT_ZONE":"Borde Rural","FLOOD":1,"LANDSLIDE":"Amenaza Baja","LEGAL_ID":"358","LEGAL_NAME":"EL PARAISO","LEGAL_AREA":26.04,"LEGAL_LOTS":2077,"LEGAL_POP":11215.8,"LEGAL_DENS":79.76190476,"LEGALIZING":null,"BLOCK_ID_":"002565019","BLOCK_POP":153,"BLOCK_BLD":37,"BLOCK_RISK":13.435785,"BLOCK_EDU":0,"BLOCK_HLTH":12.115095,"BLOCK_TRAN":84.318901,"BLOCK_CULT":0,"BLOCK_PARK":1.4565629,"BLOCK_SEC":100,"BLOCK_CENT":0,"BLOCK_DEF":51.3513513514,"BLD_INHAB":4,"OBJECTID":2,"AO_225":0.2,"id":593,"preds_material":[[5,"1216745183_581899_10854_3-512.jpg"],[5,"1216745185_036851_10855_3-512.jpg"],[5,"1216745185_036851_10855_3-512.jpg"],[5,"1216745186_226884_10856_3-512.jpg"],[1,"1216745238_521840_10920_3-512.jpg"],[5,"1216745238_521840_10920_3-512.jpg"],[5,"1216745238_796669_10921_3-512.jpg"],[1,"1216745238_796669_10921_3-512.jpg"],[1,"1216745239_086653_10922_3-512.jpg"],[5,"1216745239_086653_10922_3-512.jpg"],[1,"1216745239_401873_10923_3-512.jpg"],[5,"1216745239_401873_10923_3-512.jpg"],[5,"1216745239_641839_10924_3-512.jpg"],[1,"1216745239_641839_10924_3-512.jpg"],[5,"1216745239_881842_10925_3-512.jpg"],[1,"1216745239_881842_10925_3-512.jpg"],[5,"1216745240_131839_10926_3-512.jpg"],[1,"1216745240_131839_10926_3-512.jpg"],[5,"1216745321_111460_11283_3-512.jpg"],[5,"1216745321_346496_11284_3-512.jpg"],[5,"1216745323_881533_11295_3-512.jpg"],[5,"1216745324_101537_11296_3-512.jpg"],[5,"1216745324_316542_11297_3-512.jpg"],[5,"1216745324_526440_11298_3-512.jpg"],[1,"1216745324_736606_11299_3-512.jpg"],[5,"1216745324_736606_11299_3-512.jpg"],[1,"1216745324_941495_11300_3-512.jpg"],[1,"1216745325_146556_11301_3-512.jpg"],[1,"1216745325_346597_11302_3-512.jpg"],[1,"1216745325_546652_11303_3-512.jpg"],[1,"1216745325_776428_11304_3-512.jpg"],[1,"1216745325_976339_11305_3-512.jpg"],[1,"1216745326_176293_11306_3-512.jpg"],[1,"1216745326_386270_11307_3-512.jpg"],[1,"1216745326_611185_11308_3-512.jpg"],[1,"1216745326_866136_11309_3-512.jpg"],[1,"1216745327_186418_11310_3-512.jpg"],[5,"1216745327_186418_11310_3-512.jpg"],[1,"1216745327_551629_11311_3-512.jpg"],[2,"1216745328_076635_11312_3-512.jpg"],[1,"1216745328_076635_11312_3-512.jpg"],[2,"1216745328_771472_11313_3-512.jpg"],[1,"1216745328_771472_11313_3-512.jpg"],[2,"1216745329_376852_11314_3-512.jpg"],[1,"1216745329_376852_11314_3-512.jpg"],[5,"1216745329_871742_11315_3-512.jpg"],[1,"1216745329_871742_11315_3-512.jpg"],[5,"1216745330_281729_11316_3-512.jpg"],[1,"1216745330_281729_11316_3-512.jpg"],[2,"1216745330_281729_11316_3-512.jpg"],[1,"1216745330_651759_11317_3-512.jpg"],[2,"1216745330_651759_11317_3-512.jpg"],[5,"1216745330_651759_11317_3-512.jpg"],[5,"1216745330_956712_11318_3-512.jpg"],[2,"1216745330_956712_11318_3-512.jpg"],[1,"1216745330_956712_11318_3-512.jpg"],[5,"1216745331_281436_11319_3-512.jpg"],[5,"1216745331_281436_11319_3-512.jpg"],[1,"1216745331_281436_11319_3-512.jpg"],[2,"1216745331_281436_11319_3-512.jpg"],[5,"1216745331_536630_11320_3-512.jpg"],[5,"1216745331_536630_11320_3-512.jpg"],[1,"1216745331_536630_11320_3-512.jpg"],[5,"1216745331_781624_11321_3-512.jpg"],[5,"1216745332_016717_11322_3-512.jpg"],[5,"1216745332_251629_11323_3-512.jpg"],[5,"1216745332_481635_11324_3-512.jpg"],[5,"1216745332_706620_11325_3-512.jpg"],[5,"1216745332_706620_11325_3-512.jpg"],[5,"1216745332_941450_11326_3-512.jpg"],[5,"1216745333_186494_11327_3-512.jpg"],[5,"1216745333_436497_11328_3-512.jpg"],[1,"1216745352_621325_11397_3-512.jpg"],[1,"1216745353_071599_11398_3-512.jpg"],[1,"1216745353_571344_11399_3-512.jpg"],[1,"1216745354_016614_11400_3-512.jpg"],[1,"1216745354_016614_11400_3-512.jpg"],[1,"1216745354_406569_11401_3-512.jpg"],[1,"1216745354_746525_11402_3-512.jpg"],[1,"1216745355_056500_11403_3-512.jpg"],[1,"1216745355_351491_11404_3-512.jpg"],[1,"1216745355_641347_11405_3-512.jpg"],[1,"1216745355_926514_11406_3-512.jpg"],[1,"1216745356_251425_11407_3-512.jpg"],[1,"1216745356_586295_11408_3-512.jpg"]],"material_ml":"brick","preds_construction":[[1,"1216745183_581899_10854_3-512.jpg"],[2,"1216745185_036851_10855_3-512.jpg"],[2,"1216745185_036851_10855_3-512.jpg"],[2,"1216745186_226884_10856_3-512.jpg"],[2,"1216745238_521840_10920_3-512.jpg"],[2,"1216745238_796669_10921_3-512.jpg"],[2,"1216745239_086653_10922_3-512.jpg"],[2,"1216745239_401873_10923_3-512.jpg"],[2,"1216745239_641839_10924_3-512.jpg"],[2,"1216745239_881842_10925_3-512.jpg"],[2,"1216745240_131839_10926_3-512.jpg"],[2,"1216745321_111460_11283_3-512.jpg"],[2,"1216745323_881533_11295_3-512.jpg"],[1,"1216745323_881533_11295_3-512.jpg"],[2,"1216745324_101537_11296_3-512.jpg"],[2,"1216745324_316542_11297_3-512.jpg"],[2,"1216745324_526440_11298_3-512.jpg"],[2,"1216745324_736606_11299_3-512.jpg"],[2,"1216745324_736606_11299_3-512.jpg"],[2,"1216745324_941495_11300_3-512.jpg"],[1,"1216745324_941495_11300_3-512.jpg"],[2,"1216745325_146556_11301_3-512.jpg"],[2,"1216745325_346597_11302_3-512.jpg"],[1,"1216745325_346597_11302_3-512.jpg"],[2,"1216745325_546652_11303_3-512.jpg"],[1,"1216745325_546652_11303_3-512.jpg"],[2,"1216745325_776428_11304_3-512.jpg"],[1,"1216745325_776428_11304_3-512.jpg"],[2,"1216745325_976339_11305_3-512.jpg"],[1,"1216745325_976339_11305_3-512.jpg"],[2,"1216745326_176293_11306_3-512.jpg"],[2,"1216745326_386270_11307_3-512.jpg"],[1,"1216745326_386270_11307_3-512.jpg"],[2,"1216745326_611185_11308_3-512.jpg"],[1,"1216745326_611185_11308_3-512.jpg"],[2,"1216745326_866136_11309_3-512.jpg"],[2,"1216745327_186418_11310_3-512.jpg"],[2,"1216745327_551629_11311_3-512.jpg"],[1,"1216745327_551629_11311_3-512.jpg"],[2,"1216745328_076635_11312_3-512.jpg"],[1,"1216745328_076635_11312_3-512.jpg"],[2,"1216745328_771472_11313_3-512.jpg"],[2,"1216745328_771472_11313_3-512.jpg"],[2,"1216745329_376852_11314_3-512.jpg"],[2,"1216745329_376852_11314_3-512.jpg"],[2,"1216745329_871742_11315_3-512.jpg"],[2,"1216745330_281729_11316_3-512.jpg"],[2,"1216745330_651759_11317_3-512.jpg"],[2,"1216745330_956712_11318_3-512.jpg"],[1,"1216745330_956712_11318_3-512.jpg"],[2,"1216745331_281436_11319_3-512.jpg"],[2,"1216745331_281436_11319_3-512.jpg"],[1,"1216745331_281436_11319_3-512.jpg"],[2,"1216745331_536630_11320_3-512.jpg"],[2,"1216745331_536630_11320_3-512.jpg"],[1,"1216745331_536630_11320_3-512.jpg"],[2,"1216745331_781624_11321_3-512.jpg"],[2,"1216745332_016717_11322_3-512.jpg"],[2,"1216745332_251629_11323_3-512.jpg"],[2,"1216745332_481635_11324_3-512.jpg"],[2,"1216745332_706620_11325_3-512.jpg"],[2,"1216745332_706620_11325_3-512.jpg"],[2,"1216745332_941450_11326_3-512.jpg"],[2,"1216745333_186494_11327_3-512.jpg"],[2,"1216745333_436497_11328_3-512.jpg"],[1,"1216745352_621325_11397_3-512.jpg"],[2,"1216745352_621325_11397_3-512.jpg"],[1,"1216745353_071599_11398_3-512.jpg"],[2,"1216745353_571344_11399_3-512.jpg"],[1,"1216745354_406569_11401_3-512.jpg"],[1,"1216745354_746525_11402_3-512.jpg"],[2,"1216745354_746525_11402_3-512.jpg"],[1,"1216745355_056500_11403_3-512.jpg"],[2,"1216745355_056500_11403_3-512.jpg"],[1,"1216745355_351491_11404_3-512.jpg"],[2,"1216745355_351491_11404_3-512.jpg"],[1,"1216745355_641347_11405_3-512.jpg"],[2,"1216745355_641347_11405_3-512.jpg"],[1,"1216745355_926514_11406_3-512.jpg"],[2,"1216745355_926514_11406_3-512.jpg"],[1,"1216745356_251425_11407_3-512.jpg"],[2,"1216745356_251425_11407_3-512.jpg"],[1,"1216745356_586295_11408_3-512.jpg"],[2,"1216745356_586295_11408_3-512.jpg"],[1,"1216745356_891430_11409_3-512.jpg"]],"construction_ml":"complete",