{"MATERIAL":"concrete","AVG_SLOPE":4.33746876542,"AVG_HEIGHT":6.00743794323,"TERAIN_SLP":1.92777989951,"AREA":71.9069414854,"VOLUME":432,"FLOORS":2,"INT_ZONE":"Borde Rural","FLOOD":1,"LANDSLIDE":"Amenaza Baja","LEGAL_ID":"358","LEGAL_NAME":"EL PARAISO","LEGAL_AREA":26.04,"LEGAL_LOTS":2077,"LEGAL_POP":11215.8,"LEGAL_DENS":79.76190476,"LEGALIZING":null,"BLOCK_ID_":"002565020","BLOCK_POP":77,"BLOCK_BLD":20,"BLOCK_RISK":9.8419933,"BLOCK_EDU":0,"BLOCK_HLTH":13.017514,"BLOCK_TRAN":85.253021,"BLOCK_CULT":0,"BLOCK_PARK":18.939659,"BLOCK_SEC":100,"BLOCK_CENT":0,"BLOCK_DEF":70,"BLD_INHAB":4,"OBJECTID":2,"AO_225":0.2,"id":596,"preds_material":[[1,"1216742242_677139_4548_3-512.jpg"],[1,"1216742242_932069_4549_3-512.jpg"],[1,"1216742243_186906_4550_3-512.jpg"],[1,"1216742243_432126_4551_3-512.jpg"],[1,"1216742243_641972_4552_3-512.jpg"],[1,"1216742243_897051_4553_3-512.jpg"],[1,"1216742244_137135_4554_3-512.jpg"]],"material_ml":"brick","preds_construction":[[2,"1216742242_677139_4548_3-512.jpg"],[2,"1216742242_932069_4549_3-512.jpg"],[2,"1216742243_186906_4550_3-512.jpg"],[2,"1216742243_432126_4551_3-512.jpg"],[2,"1216742243_641972_4552_3-512.jpg"],[2,"1216742243_897051_4553_3-512.jpg"],[2,"1216742244_137135_4554_3-512.jpg"],[2,"1216742244_377049_4555_3-512.jpg"],[2,"1216742244_631950_4556_3-512.jpg"]],"construction_ml":"complete","preds_design":[[2,"1216742242_677139_4548_3-512.jpg"],[2,"1216742242_932069_4549_3-512.jpg"],[2,"1216742243_186906_4550_3-512.jpg"],[2,"1216742243_432126_4551_3-512.jpg"],[2,"1216742243_641972_4552_3-512.jpg"],[2,"1216742243_897051_4553_3-512.jpg"],[2,"1216742244_137135_4554_3-512.jpg"]],"design_ml":"designed","images":[]}
