{"MATERIAL":"corrugated metal","AVG_SLOPE":8.89987290312,"AVG_HEIGHT":1.05678162364,"TERAIN_SLP":17.0591398072,"AREA":67.6344234796,"VOLUME":71,"FLOORS":1,"INT_ZONE":"Borde Rural","FLOOD":1,"LANDSLIDE":"Amenaza Baja","LEGAL_ID":"358","LEGAL_NAME":"EL PARAISO","LEGAL_AREA":26.04,"LEGAL_LOTS":2077,"LEGAL_POP":11215.8,"LEGAL_DENS":79.76190476,"LEGALIZING":null,"BLOCK_ID_":"002565020","BLOCK_POP":77,"BLOCK_BLD":20,"BLOCK_RISK":9.8419933,"BLOCK_EDU":0,"BLOCK_HLTH":13.017514,"BLOCK_TRAN":85.253021,"BLOCK_CULT":0,"BLOCK_PARK":18.939659,"BLOCK_SEC":100,"BLOCK_CENT":0,"BLOCK_DEF":70,"BLD_INHAB":4,"OBJECTID":2,"AO_225":0.2,"id":603,"preds_material":[[5,"1216741472_436199_2602_3-512.jpg"],[5,"1216741473_086202_2603_3-512.jpg"],[5,"1216741475_201202_2607_3-512.jpg"],[5,"1216745191_716938_10861_3-512.jpg"],[5,"1216745192_647079_10862_3-512.jpg"],[5,"1216745193_437060_10863_3-512.jpg"],[2,"1216745193_437060_10863_3-512.jpg"],[5,"1216745194_362035_10864_3-512.jpg"],[5,"1216745365_356280_11435_3-512.jpg"],[5,"1216745365_726335_11436_3-512.jpg"],[5,"1216745366_056398_11437_3-512.jpg"],[5,"1216745366_371510_11438_3-512.jpg"],[5,"1216745366_666345_11439_3-512.jpg"],[5,"1216745366_951317_11440_3-512.jpg"]],"material_ml":"painted","preds_construction":[[2,"1216741472_436199_2602_3-512.jpg"],[2,"1216741474_726245_2606_3-512.jpg"],[2,"1216745191_716938_10861_3-512.jpg"],[2,"1216745193_437060_10863_3-512.jpg"],[2,"1216745194_362035_10864_3-512.jpg"],[2,"1216745365_356280_11435_3-512.jpg"],[2,"1216745365_726335_11436_3-512.jpg"],[2,"1216745366_056398_11437_3-512.jpg"],[2,"1216745366_371510_11438_3-512.jpg"]],"construction_ml":"complete","preds_design":[[2,"1216741474_726245_2606_3-512.jpg"],[2,"1216741475_201202_2607_3-512.jpg"],[1,"1216745191_716938_10861_3-512.jpg"],[1,"1216745192_647079_10862_3-512.jpg"],[1,"1216745193_437060_10863_3-512.jpg"],[2,"1216745194_362035_10864_3-512.jpg"],[1,"1216745362_406253_11425_3-512.jpg"],[1,"1216745365_356280_11435_3-512.jpg"],[1,"1216745365_726335_11436_3-512.jpg"],[1,"1216745365_726335_11436_3-512.jpg"],[1,"1216745366_056398_11437_3-512.jpg"],[1,"1216745366_371510_11438_3-512.jpg"]],"design_ml":"undesigned","images":[]}
