{"MATERIAL":"corrugated metal","AVG_SLOPE":5.72554888009,"AVG_HEIGHT":1.3569715333,"TERAIN_SLP":35.3503015663,"AREA":65.1426492899,"VOLUME":88,"FLOORS":1,"INT_ZONE":null,"FLOOD":2,"LANDSLIDE":"Amenaza Media","LEGAL_ID":"231","LEGAL_NAME":"BELLA FLOR","LEGAL_AREA":24.13,"LEGAL_LOTS":1732,"LEGAL_POP":9352.8,"LEGAL_DENS":71.77786987,"LEGALIZING":null,"BLOCK_ID_":"002580009","BLOCK_POP":130,"BLOCK_BLD":34,"BLOCK_RISK":7.6216378,"BLOCK_EDU":83.063065,"BLOCK_HLTH":0,"BLOCK_TRAN":98.284843,"BLOCK_CULT":0,"BLOCK_PARK":99.992233,"BLOCK_SEC":100,"BLOCK_CENT":0,"BLOCK_DEF":58.8235294118,"BLD_INHAB":4,"OBJECTID":2,"AO_225":0.2,"id":6045,"preds_material":[[5,"1216745903_033894_12823_3-512.jpg"],[5,"1216745903_223985_12824_3-512.jpg"],[5,"1216745903_413724_12825_3-512.jpg"],[5,"1216745903_603703_12826_3-512.jpg"],[5,"1216745903_603703_12826_3-512.jpg"],[5,"1216745903_803712_12827_3-512.jpg"],[5,"1216745903_803712_12827_3-512.jpg"],[5,"1216745903_998767_12828_3-512.jpg"],[5,"1216745904_188751_12829_3-512.jpg"],[5,"1216745904_378764_12830_3-512.jpg"],[5,"1216745904_568779_12831_3-512.jpg"],[5,"1216745904_763771_12832_3-512.jpg"],[5,"1216746302_171909_14761_1-512.jpg"],[5,"1216746302_441730_14762_1-512.jpg"]],"material_ml":"painted","images":[]}
