{"MATERIAL":"corrugated metal","AVG_SLOPE":7.95702461549,"AVG_HEIGHT":0.81020098998,"TERAIN_SLP":21.8892520357,"AREA":33.7733225323,"VOLUME":27,"FLOORS":1,"INT_ZONE":"Borde Rural","FLOOD":3,"LANDSLIDE":"Amenaza Baja","LEGAL_ID":"358","LEGAL_NAME":"EL PARAISO","LEGAL_AREA":26.04,"LEGAL_LOTS":2077,"LEGAL_POP":11215.8,"LEGAL_DENS":79.76190476,"LEGALIZING":null,"BLOCK_ID_":"002565020","BLOCK_POP":77,"BLOCK_BLD":20,"BLOCK_RISK":9.8419933,"BLOCK_EDU":0,"BLOCK_HLTH":13.017514,"BLOCK_TRAN":85.253021,"BLOCK_CULT":0,"BLOCK_PARK":18.939659,"BLOCK_SEC":100,"BLOCK_CENT":0,"BLOCK_DEF":70,"BLD_INHAB":4,"OBJECTID":2,"AO_225":0.2,"id":605,"preds_material":[[2,"1216745238_521840_10920_1-512.jpg"],[2,"1216745238_796669_10921_1-512.jpg"],[2,"1216745239_086653_10922_1-512.jpg"],[2,"1216745239_401873_10923_1-512.jpg"],[2,"1216745239_641839_10924_1-512.jpg"],[2,"1216745239_881842_10925_1-512.jpg"],[2,"1216745240_131839_10926_1-512.jpg"],[2,"1216745240_391837_10927_1-512.jpg"],[5,"1216745319_881681_11278_1-512.jpg"],[1,"1216745320_141680_11279_1-512.jpg"],[5,"1216745320_141680_11279_1-512.jpg"],[5,"1216745321_346496_11284_1-512.jpg"],[5,"1216745321_581517_11285_1-512.jpg"],[5,"1216745321_816518_11286_1-512.jpg"],[1,"1216745322_526469_11289_1-512.jpg"],[1,"1216745322_721580_11290_1-512.jpg"],[5,"1216745322_721580_11290_1-512.jpg"],[5,"1216745322_961510_11291_1-512.jpg"],[1,"1216745322_961510_11291_1-512.jpg"],[3,"1216745323_656510_11294_1-512.jpg"],[3,"1216745323_881533_11295_1-512.jpg"],[3,"1216745324_101537_11296_1-512.jpg"],[3,"1216745324_316542_11297_1-512.jpg"],[3,"1216745324_526440_11298_1-512.jpg"],[2,"1216745324_526440_11298_1-512.jpg"],[2,"1216745324_736606_11299_1-512.jpg"],[3,"1216745324_736606_11299_1-512.jpg"],[2,"1216745324_941495_11300_1-512.jpg"],[2,"1216745325_146556_11301_1-512.jpg"],[5,"1216745325_146556_11301_1-512.jpg"],[5,"1216745325_346597_11302_1-512.jpg"],[2,"1216745325_346597_11302_1-512.jpg"],[5,"1216745325_346597_11302_1-512.jpg"],[5,"1216745325_546652_11303_1-512.jpg"],[2,"1216745325_546652_11303_1-512.jpg"],[1,"1216745325_546652_11303_1-512.jpg"],[5,"1216745325_776428_11304_1-512.jpg"],[2,"1216745325_776428_11304_1-512.jpg"],[5,"1216745325_776428_11304_1-512.jpg"],[1,"1216745325_776428_11304_1-512.jpg"],[5,"1216745325_976339_11305_1-512.jpg"],[1,"1216745325_976339_11305_1-512.jpg"],[1,"1216745325_976339_11305_1-512.jpg"],[5,"1216745326_176293_11306_1-512.jpg"],[1,"1216745326_176293_11306_1-512.jpg"],[5,"1216745326_386270_11307_1-512.jpg"],[1,"1216745326_386270_11307_1-512.jpg"],[5,"1216745326_611185_11308_1-512.jpg"],[1,"1216745326_611185_11308_1-512.jpg"],[1,"1216745326_866136_11309_1-512.jpg"],[5,"1216745326_866136_11309_1-512.jpg"],[1,"1216745327_186418_11310_1-512.jpg"],[5,"1216745327_186418_11310_1-512.jpg"],[5,"1216745327_551629_11311_1-512.jpg"],[5,"1216745328_076635_11312_1-512.jpg"],[5,"1216745329_871742_11315_1-512.jpg"],[5,"1216745355_641347_11405_3-512.jpg"]],"material_ml":"painted","preds_construction":[[2,"1216745238_521840_10920_1-512.jpg"],[2,"1216745238_796669_10921_1-512.jpg"],[2,"1216745239_086653_10922_1-512.jpg"],[2,"1216745239_401873_10923_1-512.jpg"],[2,"1216745239_641839_10924_1-512.jpg"],[2,"1216745239_881842_10925_1-512.jpg"],[2,"1216745240_131839_10926_1-512.jpg"],[2,"1216745240_391837_10927_1-512.jpg"],[2,"1216745319_881681_11278_1-512.jpg"],[2,"1216745320_141680_11279_1-512.jpg"],[2,"1216745321_346496_11284_1-512.jpg"],[2,"1216745321_581517_11285_1-512.jpg"],[2,"1216745321_816518_11286_1-512.jpg"],[1,"1216745322_526469_11289_1-512.jpg"],[2,"1216745322_526469_11289_1-512.jpg"],[1,"1216745322_721580_11290_1-512.jpg"],[2,"1216745322_721580_11290_1-512.jpg"],[1,"1216745322_961510_11291_1-512.jpg"],[1,"1216745323_656510_11294_1-512.jpg"],[1,"1216745323_881533_11295_1-512.jpg"],[1,"1216745324_101537_11296_1-512.jpg"],[1,"1216745324_316542_11297_1-512.jpg"],[2,"1216745324_526440_11298_1-512.jpg"],[1,"1216745324_526440_11298_1-512.jpg"],[2,"1216745324_736606_11299_1-512.jpg"],[2,"1216745324_941495_11300_1-512.jpg"],[2,"1216745325_146556_11301_1-512.jpg"],[2,"1216745325_346597_11302_1-512.jpg"],[2,"1216745325_346597_11302_1-512.jpg"],[2,"1216745325_546652_11303_1-512.jpg"],[2,"1216745325_546652_11303_1-512.jpg"],[2,"1216745325_776428_11304_1-512.jpg"],[2,"1216745325_776428_11304_1-512.jpg"],[2,"1216745325_976339_11305_1-512.jpg"],[2,"1216745325_976339_11305_1-512.jpg"],[2,"1216745325_976339_11305_1-512.jpg"],[2,"1216745326_176293_11306_1-512.jpg"],[2,"1216745326_176293_11306_1-512.jpg"],[2,"1216745326_386270_11307_1-512.jpg"],[2,"1216745326_386270_11307_1-512.jpg"],[2,"1216745326_611185_11308_1-512.jpg"],[2,"1216745326_611185_11308_1-512.jpg"],[2,"1216745326_866136_11309_1-512.jpg"],[2,"1216745326_866136_11309_1-512.jpg"],[2,"1216745327_186418_11310_1-512.jpg"],[2,"1216745327_186418_11310_1-512.jpg"],[2,"1216745327_551629_11311_1-512.jpg"],[2,"1216745328_076635_11312_1-512.jpg"],[2,"1216745329_871742_11315_1-512.jpg"]],"construction_ml":"complete","preds_design":[[2,"1216745238_521840_10920_1-512.jpg"],[2,"1216745238_796669_10921_1-512.jpg"],[2,"1216745239_086653_10922_1-512.jpg"],[2,"1216745239_401873_10923_1-512.jpg"],[2,"1216745239_641839_10924_1-512.jpg"],[2,"1216745239_881842_10925_1-512.jpg"],[2,"1216745240_131839_10926_1-512.jpg"],[2,"1216745240_391837_10927_1-512.jpg"],[2,"1216745319_881681_11278_1-512.jpg"],[2,"1216745320_141680_11279_1-512.jpg"],[2,"1216745321_346496_11284_1-512.jpg"],[2,"1216745321_581517_11285_1-512.jpg"],[2,"1216745321_816518_11286_1-512.jpg"],[1,"1216745322_526469_11289_1-512.jpg"],[1,"1216745322_721580_11290_1-512.jpg"],[1,"1216745322_961510_11291_1-512.jpg"],[1,"1216745323_656510_11294_1-512.jpg"],[1,"1216745323_881533_11295_1-512.jpg"],[1,"1216745324_101537_11296_1-512.jpg"],[1,"1216745324_316542_11297_1-512.jpg"],[2,"1216745324_526440_11298_1-512.jpg"],[1,"1216745324_526440_11298_1-512.jpg"],[2,"1216745324_736606_11299_1-512.jpg"],[1,"1216745324_736606_11299_1-512.jpg"],[2,"1216745324_941495_11300_1-512.jpg"],[2,"1216745325_146556_11301_1-512.jpg"],[2,"1216745325_146556_11301_1-512.jpg"],[2,"1216745325_346597_11302_1-512.jpg"],[2,"1216745325_346597_11302_1-512.jpg"],[2,"1216745325_346597_11302_1-512.jpg"],[2,"1216745325_546652_11303_1-512.jpg"],[2,"1216745325_546652_11303_1-512.jpg"],[2,"1216745325_776428_11304_1-512.jpg"],[2,"1216745325_776428_11304_1-512.jpg"],[2,"1216745325_976339_11305_1-512.jpg"],[2,"1216745325_976339_11305_1-512.jpg"],[1,"1216745325_976339_11305_1-512.jpg"],[2,"1216745326_176293_11306_1-512.jpg"],[1,"1216745326_176293_11306_1-512.jpg"],[2,"1216745326_386270_11307_1-512.jpg"],[1,"1216745326_386270_11307_1-512.jpg"],[2,"1216745326_611185_11308_1-512.jpg"],[1,"1216745326_611185_11308_1-512.jpg"],[1,"1216745326_866136_11309_1-512.jpg"],[1,"1216745326_866136_11309_1-512.jpg"],[1,"1216745327_186418_11310_1-512.jpg"],[1,"1216745327_186418_11310_1-512.jpg"],[1,"1216745327_551629_11311_1-512.jpg"],[1,"1216745328_076635_11312_1-512.jpg"],[2,"1216745329_871742_11315_1-512.jpg"]],"design_ml":"designed","images":[]}
