{"MATERIAL":"corrugated metal","AVG_SLOPE":4.34263351872,"AVG_HEIGHT":1.98121157176,"TERAIN_SLP":34.7816107876,"AREA":55.4616303677,"VOLUME":110,"FLOORS":1,"INT_ZONE":null,"FLOOD":2,"LANDSLIDE":"Amenaza Media","LEGAL_ID":"231","LEGAL_NAME":"BELLA FLOR","LEGAL_AREA":24.13,"LEGAL_LOTS":1732,"LEGAL_POP":9352.8,"LEGAL_DENS":71.77786987,"LEGALIZING":null,"BLOCK_ID_":"002580009","BLOCK_POP":130,"BLOCK_BLD":34,"BLOCK_RISK":7.6216378,"BLOCK_EDU":83.063065,"BLOCK_HLTH":0,"BLOCK_TRAN":98.284843,"BLOCK_CULT":0,"BLOCK_PARK":99.992233,"BLOCK_SEC":100,"BLOCK_CENT":0,"BLOCK_DEF":58.8235294118,"BLD_INHAB":4,"OBJECTID":1,"AO_225":0.16,"id":6061,"preds_material":[[5,"1216745975_153445_13213_3-512.jpg"],[1,"1216745980_423363_13232_3-512.jpg"],[1,"1216745980_648360_13233_3-512.jpg"],[2,"1216745982_083309_13239_3-512.jpg"],[2,"1216745982_393311_13240_3-512.jpg"],[1,"1216745982_393311_13240_3-512.jpg"],[2,"1216745982_733334_13241_3-512.jpg"],[1,"1216745982_733334_13241_3-512.jpg"],[2,"1216745983_133345_13242_3-512.jpg"],[6,"1216745983_633387_13243_3-512.jpg"],[5,"1216745984_658567_13245_3-512.jpg"],[5,"1216745985_148432_13246_3-512.jpg"],[5,"1216745985_603595_13247_3-512.jpg"],[5,"1216745986_063428_13248_3-512.jpg"],[5,"1216746242_357136_14547_1-512.jpg"],[1,"1216746242_542086_14548_1-512.jpg"],[1,"1216746242_722091_14549_1-512.jpg"],[1,"1216746242_892088_14550_1-512.jpg"],[1,"1216746243_052269_14551_1-512.jpg"],[1,"1216746243_207116_14552_1-512.jpg"],[1,"1216746243_357143_14553_1-512.jpg"],[1,"1216746243_502075_14554_1-512.jpg"],[1,"1216746243_642097_14555_1-512.jpg"],[1,"1216746243_777113_14556_1-512.jpg"],[5,"1216746244_172073_14559_1-512.jpg"],[5,"1216746244_692080_14563_1-512.jpg"],[5,"1216746244_942071_14565_1-512.jpg"],[1,"1216746244_942071_14565_1-512.jpg"],[1,"1216746245_067098_14566_1-512.jpg"],[5,"1216746245_067098_14566_1-512.jpg"],[1,"1216746245_192112_14567_1-512.jpg"],[5,"1216746245_192112_14567_1-512.jpg"],[1,"1216746245_317098_14568_1-512.jpg"],[5,"1216746245_567099_14570_1-512.jpg"],[5,"1216746245_692082_14571_1-512.jpg"],[5,"1216746245_817103_14572_1-512.jpg"]],"material_ml":"brick","images":[]}
