{"MATERIAL":"corrugated metal","AVG_SLOPE":5.73770069449,"AVG_HEIGHT":0.60011872625,"TERAIN_SLP":19.8663196536,"AREA":45.2810376637,"VOLUME":27,"FLOORS":1,"INT_ZONE":null,"FLOOD":2,"LANDSLIDE":"Amenaza Media","LEGAL_ID":"231","LEGAL_NAME":"BELLA FLOR","LEGAL_AREA":24.13,"LEGAL_LOTS":1732,"LEGAL_POP":9352.8,"LEGAL_DENS":71.77786987,"LEGALIZING":null,"BLOCK_ID_":"002580009","BLOCK_POP":130,"BLOCK_BLD":34,"BLOCK_RISK":7.6216378,"BLOCK_EDU":83.063065,"BLOCK_HLTH":0,"BLOCK_TRAN":98.284843,"BLOCK_CULT":0,"BLOCK_PARK":99.992233,"BLOCK_SEC":100,"BLOCK_CENT":0,"BLOCK_DEF":58.8235294118,"BLD_INHAB":4,"OBJECTID":1,"AO_225":0.16,"id":6062,"preds_material":[[5,"1216745976_663427_13218_3-512.jpg"],[5,"1216745976_943244_13219_3-512.jpg"],[1,"1216745977_223306_13220_3-512.jpg"],[5,"1216745977_223306_13220_3-512.jpg"],[1,"1216745977_488345_13221_3-512.jpg"],[1,"1216745977_763471_13222_3-512.jpg"],[1,"1216745978_038487_13223_3-512.jpg"],[1,"1216745978_313508_13224_3-512.jpg"],[1,"1216745978_608412_13225_3-512.jpg"],[1,"1216745978_878433_13226_3-512.jpg"],[1,"1216745979_173452_13227_3-512.jpg"],[1,"1216745979_443496_13228_3-512.jpg"],[1,"1216745979_703592_13229_3-512.jpg"],[1,"1216745979_953344_13230_3-512.jpg"],[1,"1216745980_193359_13231_3-512.jpg"],[2,"1216745980_873394_13234_3-512.jpg"],[2,"1216745981_093439_13235_3-512.jpg"],[2,"1216745981_308398_13236_3-512.jpg"],[2,"1216745981_543413_13237_3-512.jpg"],[5,"1216745982_393311_13240_3-512.jpg"],[5,"1216745982_733334_13241_3-512.jpg"],[5,"1216745983_133345_13242_3-512.jpg"],[5,"1216745983_633387_13243_3-512.jpg"],[5,"1216745984_158380_13244_3-512.jpg"],[5,"1216746240_442061_14538_1-512.jpg"],[5,"1216746240_707100_14539_1-512.jpg"],[6,"1216746240_707100_14539_1-512.jpg"],[5,"1216746240_922107_14540_1-512.jpg"],[5,"1216746241_152117_14541_1-512.jpg"],[6,"1216746241_152117_14541_1-512.jpg"],[5,"1216746241_582102_14543_1-512.jpg"],[5,"1216746241_732096_14544_1-512.jpg"],[5,"1216746242_162108_14546_1-512.jpg"],[5,"1216746242_357136_14547_1-512.jpg"],[5,"1216746242_542086_14548_1-512.jpg"],[5,"1216746242_722091_14549_1-512.jpg"],[5,"1216746242_892088_14550_1-512.jpg"],[5,"1216746243_052269_14551_1-512.jpg"],[5,"1216746243_207116_14552_1-512.jpg"],[5,"1216746243_357143_14553_1-512.jpg"],[5,"1216746243_502075_14554_1-512.jpg"],[5,"1216746243_642097_14555_1-512.jpg"],[6,"1216746243_642097_14555_1-512.jpg"],[5,"1216746243_777113_14556_1-512.jpg"],[1,"1216746243_912082_14557_1-512.jpg"],[5,"1216746243_912082_14557_1-512.jpg"],[1,"1216746244_042267_14558_1-512.jpg"],[1,"1216746244_172073_14559_1-512.jpg"],[1,"1216746244_302086_14560_1-512.jpg"],[6,"1216746244_302086_14560_1-512.jpg"],[1,"1216746244_432123_14561_1-512.jpg"],[1,"1216746244_562084_14562_1-512.jpg"],[1,"1216746244_692080_14563_1-512.jpg"],[1,"1216746244_817122_14564_1-512.jpg"]],"material_ml":"painted","images":[]}
