{"MATERIAL":"corrugated metal - rusty","AVG_SLOPE":8.47606028567,"AVG_HEIGHT":1.87134429098,"TERAIN_SLP":14.7904037615,"AREA":33.1565176065,"VOLUME":62,"FLOORS":1,"INT_ZONE":null,"FLOOD":2,"LANDSLIDE":"Amenaza Media","LEGAL_ID":"231","LEGAL_NAME":"BELLA FLOR","LEGAL_AREA":24.13,"LEGAL_LOTS":1732,"LEGAL_POP":9352.8,"LEGAL_DENS":71.77786987,"LEGALIZING":null,"BLOCK_ID_":"002580008","BLOCK_POP":113,"BLOCK_BLD":32,"BLOCK_RISK":4.1526875,"BLOCK_EDU":86.411949,"BLOCK_HLTH":0,"BLOCK_TRAN":92.6642,"BLOCK_CULT":0,"BLOCK_PARK":99.75518,"BLOCK_SEC":100,"BLOCK_CENT":0,"BLOCK_DEF":65.625,"BLD_INHAB":4,"OBJECTID":1,"AO_225":0.16,"id":6087,"preds_material":[[5,"1216745969_478455_13190_3-512.jpg"],[5,"1216745969_698374_13191_3-512.jpg"],[5,"1216745969_918462_13192_3-512.jpg"],[5,"1216745970_068482_13193_3-512.jpg"],[5,"1216745970_273526_13194_3-512.jpg"],[5,"1216745970_503435_13195_3-512.jpg"],[5,"1216745970_718454_13196_3-512.jpg"],[5,"1216745970_938442_13197_3-512.jpg"],[5,"1216745971_163486_13198_3-512.jpg"],[5,"1216745971_363468_13199_3-512.jpg"],[5,"1216745971_593578_13200_3-512.jpg"],[5,"1216745971_803441_13201_3-512.jpg"],[5,"1216745972_048513_13202_3-512.jpg"],[5,"1216746247_187099_14583_1-512.jpg"],[5,"1216746247_312097_14584_1-512.jpg"],[5,"1216746248_312057_14592_1-512.jpg"],[5,"1216746248_437090_14593_1-512.jpg"],[5,"1216746248_562169_14594_1-512.jpg"],[5,"1216746248_687080_14595_1-512.jpg"],[5,"1216746248_807136_14596_1-512.jpg"],[5,"1216746248_927085_14597_1-512.jpg"],[5,"1216746249_047224_14598_1-512.jpg"],[5,"1216746249_527080_14602_1-512.jpg"],[5,"1216746249_647072_14603_1-512.jpg"]],"material_ml":"painted","preds_construction":[[2,"1216745969_478455_13190_3-512.jpg"],[2,"1216745969_698374_13191_3-512.jpg"],[2,"1216745969_918462_13192_3-512.jpg"],[2,"1216745970_068482_13193_3-512.jpg"],[2,"1216745970_273526_13194_3-512.jpg"],[2,"1216745970_503435_13195_3-512.jpg"],[2,"1216745970_718454_13196_3-512.jpg"],[2,"1216745970_938442_13197_3-512.jpg"],[2,"1216745970_938442_13197_3-512.jpg"],[2,"1216745971_163486_13198_3-512.jpg"],[2,"1216745971_363468_13199_3-512.jpg"],[2,"1216745971_593578_13200_3-512.jpg"],[2,"1216745971_803441_13201_3-512.jpg"],[2,"1216745972_048513_13202_3-512.jpg"],[2,"1216746247_312097_14584_1-512.jpg"],[2,"1216746248_312057_14592_1-512.jpg"],[2,"1216746248_437090_14593_1-512.jpg"],[2,"1216746248_562169_14594_1-512.jpg"],[2,"1216746248_687080_14595_1-512.jpg"],[2,"1216746248_807136_14596_1-512.jpg"],[2,"1216746248_927085_14597_1-512.jpg"],[2,"1216746249_047224_14598_1-512.jpg"]],"construction_ml":"complete","preds_design":[[1,"1216745969_698374_13191_3-512.jpg"],[2,"1216745969_918462_13192_3-512.jpg"],[2,"1216745970_068482_13193_3-512.jpg"],[2,"1216745970_273526_13194_3-512.jpg"],[2,"1216745970_503435_13195_3-512.jpg"],[2,"1216745970_718454_13196_3-512.jpg"],[2,"1216745970_938442_13197_3-512.jpg"],[2,"1216745970_938442_13197_3-512.jpg"],[2,"1216745971_163486_13198_3-512.jpg"],[2,"1216745971_363468_13199_3-512.jpg"],[2,"1216745971_593578_13200_3-512.jpg"],[2,"1216745971_803441_13201_3-512.jpg"],[2,"1216745972_048513_13202_3-512.jpg"],[2,"1216746247_312097_14584_1-512.jpg"],[2,"1216746248_312057_14592_1-512.jpg"],[2,"1216746248_437090_14593_1-512.jpg"],[2,"1216746248_562169_14594_1-512.jpg"],[2,"1216746248_687080_14595_1-512.jpg"],[2,"1216746248_807136_14596_1-512.jpg"],[2,"1216746248_927085_14597_1-512.jpg"],[2,"1216746249_047224_14598_1-512.jpg"],[1,"1216746249_527080_14602_1-512.jpg"]],"design_ml":"designed","images":[]}
