{"MATERIAL":"under construction","AVG_SLOPE":10.2361862963,"AVG_HEIGHT":2.92751539796,"TERAIN_SLP":19.7808824803,"AREA":66.4667050223,"VOLUME":195,"FLOORS":1,"INT_ZONE":null,"FLOOD":2,"LANDSLIDE":"Amenaza Media","LEGAL_ID":"231","LEGAL_NAME":"BELLA FLOR","LEGAL_AREA":24.13,"LEGAL_LOTS":1732,"LEGAL_POP":9352.8,"LEGAL_DENS":71.77786987,"LEGALIZING":null,"BLOCK_ID_":"002580008","BLOCK_POP":113,"BLOCK_BLD":32,"BLOCK_RISK":4.1526875,"BLOCK_EDU":86.411949,"BLOCK_HLTH":0,"BLOCK_TRAN":92.6642,"BLOCK_CULT":0,"BLOCK_PARK":99.75518,"BLOCK_SEC":100,"BLOCK_CENT":0,"BLOCK_DEF":65.625,"BLD_INHAB":4,"OBJECTID":1,"AO_225":0.16,"id":6088,"preds_material":[[5,"1216745973_128402_13206_3-512.jpg"],[5,"1216745973_403367_13207_3-512.jpg"],[5,"1216745973_403367_13207_3-512.jpg"],[5,"1216745973_653480_13208_3-512.jpg"],[5,"1216745973_973742_13209_3-512.jpg"],[5,"1216745973_973742_13209_3-512.jpg"],[5,"1216745974_303439_13210_3-512.jpg"],[5,"1216746245_067098_14566_1-512.jpg"],[5,"1216746245_192112_14567_1-512.jpg"],[1,"1216746245_192112_14567_1-512.jpg"],[6,"1216746245_192112_14567_1-512.jpg"],[5,"1216746245_317098_14568_1-512.jpg"],[5,"1216746245_442083_14569_1-512.jpg"],[5,"1216746245_567099_14570_1-512.jpg"],[5,"1216746245_692082_14571_1-512.jpg"],[5,"1216746245_817103_14572_1-512.jpg"],[5,"1216746245_942078_14573_1-512.jpg"],[1,"1216746245_942078_14573_1-512.jpg"],[5,"1216746246_067083_14574_1-512.jpg"],[5,"1216746246_067083_14574_1-512.jpg"],[5,"1216746246_067083_14574_1-512.jpg"],[5,"1216746246_192072_14575_1-512.jpg"],[5,"1216746246_192072_14575_1-512.jpg"],[5,"1216746246_317090_14576_1-512.jpg"],[5,"1216746246_317090_14576_1-512.jpg"],[5,"1216746246_317090_14576_1-512.jpg"],[5,"1216746246_317090_14576_1-512.jpg"],[5,"1216746246_442091_14577_1-512.jpg"],[5,"1216746246_442091_14577_1-512.jpg"],[5,"1216746246_442091_14577_1-512.jpg"],[5,"1216746246_442091_14577_1-512.jpg"],[5,"1216746246_567087_14578_1-512.jpg"],[5,"1216746246_567087_14578_1-512.jpg"],[2,"1216746246_567087_14578_1-512.jpg"],[5,"1216746246_687084_14579_1-512.jpg"],[5,"1216746246_687084_14579_1-512.jpg"],[1,"1216746246_687084_14579_1-512.jpg"],[5,"1216746246_812130_14580_1-512.jpg"],[5,"1216746246_812130_14580_1-512.jpg"],[2,"1216746246_812130_14580_1-512.jpg"],[5,"1216746246_937083_14581_1-512.jpg"],[2,"1216746246_937083_14581_1-512.jpg"],[5,"1216746246_937083_14581_1-512.jpg"],[5,"1216746246_937083_14581_1-512.jpg"],[5,"1216746247_062071_14582_1-512.jpg"],[2,"1216746247_062071_14582_1-512.jpg"]],"material_ml":"painted","preds_construction":[[2,"1216745973_128402_13206_3-512.jpg"],[2,"1216745973_403367_13207_3-512.jpg"],[2,"1216745973_403367_13207_3-512.jpg"],[2,"1216745973_653480_13208_3-512.jpg"],[2,"1216745973_973742_13209_3-512.jpg"],[2,"1216746245_192112_14567_1-512.jpg"],[2,"1216746245_317098_14568_1-512.jpg"],[2,"1216746245_442083_14569_1-512.jpg"],[2,"1216746245_567099_14570_1-512.jpg"],[2,"1216746245_692082_14571_1-512.jpg"],[2,"1216746245_817103_14572_1-512.jpg"],[2,"1216746245_817103_14572_1-512.jpg"],[2,"1216746245_942078_14573_1-512.jpg"],[2,"1216746245_942078_14573_1-512.jpg"],[2,"1216746246_067083_14574_1-512.jpg"],[2,"1216746246_067083_14574_1-512.jpg"],[2,"1216746246_192072_14575_1-512.jpg"],[2,"1216746246_192072_14575_1-512.jpg"],[2,"1216746246_317090_14576_1-512.jpg"],[2,"1216746246_317090_14576_1-512.jpg"],[2,"1216746246_442091_14577_1-512.jpg"],[2,"1216746246_442091_14577_1-512.jpg"],[2,"1216746246_442091_14577_1-512.jpg"],[2,"1216746246_567087_14578_1-512.jpg"],[1,"1216746246_567087_14578_1-512.jpg"],[2,"1216746246_567087_14578_1-512.jpg"],[2,"1216746246_687084_14579_1-512.jpg"],[2,"1216746246_687084_14579_1-512.jpg"],[1,"1216746246_687084_14579_1-512.jpg"],[2,"1216746246_812130_14580_1-512.jpg"],[2,"1216746246_812130_14580_1-512.jpg"],[2,"1216746246_937083_14581_1-512.jpg"],[2,"1216746247_062071_14582_1-512.jpg"]],"construction_ml":"complete","preds_design":[[2,"1216745973_128402_13206_3-512.jpg"],[2,"1216746245_192112_14567_1-512.jpg"],[2,"1216746245_317098_14568_1-512.jpg"],[2,"1216746245_442083_14569_1-512.jpg"],[2,"1216746245_567099_14570_1-512.jpg"],[2,"1216746245_692082_14571_1-512.jpg"],[2,"1216746245_817103_14572_1-512.jpg"],[2,"1216746245_942078_14573_1-512.jpg"],[2,"1216746245_942078_14573_1-512.jpg"],[2,"1216746245_942078_14573_1-512.jpg"],[2,"1216746246_067083_14574_1-512.jpg"],[2,"1216746246_067083_14574_1-512.jpg"],[2,"1216746246_067083_14574_1-512.jpg"],[2,"1216746246_192072_14575_1-512.jpg"],[2,"1216746246_192072_14575_1-512.jpg"],[2,"1216746246_192072_14575_1-512.jpg"],[2,"1216746246_317090_14576_1-512.jpg"],[2,"1216746246_317090_14576_1-512.jpg"],[2,"1216746246_317090_14576_1-512.jpg"],[2,"1216746246_442091_14577_1-512.jpg"],[2,"1216746246_442091_14577_1-512.jpg"],[2,"1216746246_442091_14577_1-512.jpg"],[2,"1216746246_567087_14578_1-512.jpg"],[2,"1216746246_567087_14578_1-512.jpg"],[2,"1216746246_687084_14579_1-512.jpg"],[2,"1216746246_687084_14579_1-512.jpg"],[2,"1216746246_812130_14580_1-512.jpg"],[2,"1216746246_812130_14580_1-512.jpg"],[2,"1216746246_937083_14581_1-512.jpg"],[2,"1216746246_937083_14581_1-512.jpg"],[2,"1216746247_062071_14582_1-512.jpg"]],"design_ml":"designed","images":[]}
