{"MATERIAL":"other","AVG_SLOPE":9.55108613781,"AVG_HEIGHT":7.17522104392,"TERAIN_SLP":14.9691530401,"AREA":65.6983560926,"VOLUME":471,"FLOORS":2,"INT_ZONE":null,"FLOOD":2,"LANDSLIDE":"Amenaza Media","LEGAL_ID":"231","LEGAL_NAME":"BELLA FLOR","LEGAL_AREA":24.13,"LEGAL_LOTS":1732,"LEGAL_POP":9352.8,"LEGAL_DENS":71.77786987,"LEGALIZING":null,"BLOCK_ID_":"002580008","BLOCK_POP":113,"BLOCK_BLD":32,"BLOCK_RISK":4.1526875,"BLOCK_EDU":86.411949,"BLOCK_HLTH":0,"BLOCK_TRAN":92.6642,"BLOCK_CULT":0,"BLOCK_PARK":99.75518,"BLOCK_SEC":100,"BLOCK_CENT":0,"BLOCK_DEF":65.625,"BLD_INHAB":4,"OBJECTID":1,"AO_225":0.16,"id":6089,"preds_material":[[5,"1216745974_598461_13211_3-512.jpg"],[5,"1216745974_853445_13212_3-512.jpg"]],"material_ml":"painted","preds_design":[[2,"1216746244_432123_14561_1-512.jpg"],[2,"1216746244_562084_14562_1-512.jpg"],[2,"1216746244_692080_14563_1-512.jpg"],[2,"1216746244_817122_14564_1-512.jpg"]],"design_ml":"designed","images":[]}
