{"MATERIAL":"corrugated metal - new","AVG_SLOPE":7.26240958855,"AVG_HEIGHT":1.41827829934,"TERAIN_SLP":22.7295412957,"AREA":59.0543973649,"VOLUME":84,"FLOORS":1,"INT_ZONE":null,"FLOOD":2,"LANDSLIDE":"Amenaza Media","LEGAL_ID":"231","LEGAL_NAME":"BELLA FLOR","LEGAL_AREA":24.13,"LEGAL_LOTS":1732,"LEGAL_POP":9352.8,"LEGAL_DENS":71.77786987,"LEGALIZING":null,"BLOCK_ID_":"002580004","BLOCK_POP":65,"BLOCK_BLD":16,"BLOCK_RISK":14.11739,"BLOCK_EDU":86.688423,"BLOCK_HLTH":0,"BLOCK_TRAN":93.280052,"BLOCK_CULT":0,"BLOCK_PARK":99.080208,"BLOCK_SEC":100,"BLOCK_CENT":0,"BLOCK_DEF":68.75,"BLD_INHAB":4,"OBJECTID":1,"AO_225":0.16,"id":6127,"preds_material":[[6,"1216746251_502060_14619_1-512.jpg"],[5,"1216746251_502060_14619_1-512.jpg"],[5,"1216746251_627074_14620_1-512.jpg"],[6,"1216746251_627074_14620_1-512.jpg"],[5,"1216746251_757075_14621_1-512.jpg"],[5,"1216746251_892061_14622_1-512.jpg"],[5,"1216746254_432035_14630_1-512.jpg"]],"material_ml":"painted","preds_construction":[[2,"1216746251_502060_14619_1-512.jpg"],[2,"1216746251_627074_14620_1-512.jpg"],[2,"1216746254_432035_14630_1-512.jpg"]],"construction_ml":"complete","preds_design":[[1,"1216746251_502060_14619_1-512.jpg"],[2,"1216746251_502060_14619_1-512.jpg"],[2,"1216746251_627074_14620_1-512.jpg"],[2,"1216746251_627074_14620_1-512.jpg"],[1,"1216746251_627074_14620_1-512.jpg"]],"design_ml":"designed","images":[]}
