{"MATERIAL":"corrugated metal","AVG_SLOPE":5.82744285128,"AVG_HEIGHT":1.45658572747,"TERAIN_SLP":31.4525838706,"AREA":69.1514067145,"VOLUME":101,"FLOORS":1,"INT_ZONE":null,"FLOOD":2,"LANDSLIDE":"Amenaza Media","LEGAL_ID":"231","LEGAL_NAME":"BELLA FLOR","LEGAL_AREA":24.13,"LEGAL_LOTS":1732,"LEGAL_POP":9352.8,"LEGAL_DENS":71.77786987,"LEGALIZING":null,"BLOCK_ID_":"002580004","BLOCK_POP":65,"BLOCK_BLD":16,"BLOCK_RISK":14.11739,"BLOCK_EDU":86.688423,"BLOCK_HLTH":0,"BLOCK_TRAN":93.280052,"BLOCK_CULT":0,"BLOCK_PARK":99.080208,"BLOCK_SEC":100,"BLOCK_CENT":0,"BLOCK_DEF":68.75,"BLD_INHAB":4,"OBJECTID":1,"AO_225":0.16,"id":6137,"preds_material":[[5,"1216746254_432035_14630_1-512.jpg"],[5,"1216746256_297038_14631_1-512.jpg"]],"material_ml":"painted","preds_construction":[[2,"1216745961_553478_13150_3-512.jpg"],[2,"1216745961_943493_13153_3-512.jpg"],[2,"1216745962_208531_13155_3-512.jpg"],[2,"1216745962_343496_13156_3-512.jpg"],[2,"1216745962_478503_13157_3-512.jpg"],[2,"1216746256_297038_14631_1-512.jpg"],[2,"1216746256_297038_14631_1-512.jpg"],[2,"1216746257_876487_14632_1-512.jpg"]],"construction_ml":"complete","preds_design":[[2,"1216746256_297038_14631_1-512.jpg"],[2,"1216746257_876487_14632_1-512.jpg"],[1,"1216746259_166741_14634_1-512.jpg"]],"design_ml":"designed","images":[]}
