{"MATERIAL":"corrugated metal - dark","AVG_SLOPE":8.31274907742,"AVG_HEIGHT":1.11953336212,"TERAIN_SLP":21.7419224563,"AREA":37.9745175894,"VOLUME":43,"FLOORS":1,"INT_ZONE":null,"FLOOD":2,"LANDSLIDE":"Amenaza Media","LEGAL_ID":"231","LEGAL_NAME":"BELLA FLOR","LEGAL_AREA":24.13,"LEGAL_LOTS":1732,"LEGAL_POP":9352.8,"LEGAL_DENS":71.77786987,"LEGALIZING":null,"BLOCK_ID_":"002580013","BLOCK_POP":35,"BLOCK_BLD":9,"BLOCK_RISK":15.191383,"BLOCK_EDU":86.733253,"BLOCK_HLTH":0,"BLOCK_TRAN":99.689697,"BLOCK_CULT":0,"BLOCK_PARK":99.054253,"BLOCK_SEC":100,"BLOCK_CENT":0,"BLOCK_DEF":11.1111111111,"BLD_INHAB":4,"OBJECTID":1,"AO_225":0.16,"id":6151,"preds_construction":[[2,"1216745968_378494_13186_1-512.jpg"],[2,"1216745968_688477_13187_1-512.jpg"]],"construction_ml":"complete","images":[]}
