{"MATERIAL":"corrugated metal","AVG_SLOPE":3.98200422888,"AVG_HEIGHT":2.64259985382,"TERAIN_SLP":27.507203489,"AREA":87.9529068726,"VOLUME":232,"FLOORS":1,"INT_ZONE":null,"FLOOD":2,"LANDSLIDE":"Amenaza Media","LEGAL_ID":"231","LEGAL_NAME":"BELLA FLOR","LEGAL_AREA":24.13,"LEGAL_LOTS":1732,"LEGAL_POP":9352.8,"LEGAL_DENS":71.77786987,"LEGALIZING":null,"BLOCK_ID_":"002580005","BLOCK_POP":18,"BLOCK_BLD":4,"BLOCK_RISK":3.550808,"BLOCK_EDU":91.510223,"BLOCK_HLTH":0,"BLOCK_TRAN":98.904556,"BLOCK_CULT":0,"BLOCK_PARK":99.136971,"BLOCK_SEC":100,"BLOCK_CENT":0,"BLOCK_DEF":25,"BLD_INHAB":4,"OBJECTID":2,"AO_225":0.2,"id":6160,"preds_material":[[5,"1216745909_378753_12851_3-512.jpg"],[1,"1216745909_378753_12851_3-512.jpg"],[5,"1216745909_638705_12852_3-512.jpg"],[5,"1216745909_853830_12853_3-512.jpg"],[5,"1216745910_058700_12854_3-512.jpg"],[5,"1216745910_253838_12855_3-512.jpg"],[1,"1216745910_253838_12855_3-512.jpg"],[5,"1216745910_488734_12856_3-512.jpg"],[1,"1216745910_488734_12856_3-512.jpg"],[5,"1216745910_638738_12857_3-512.jpg"],[5,"1216745910_788750_12858_3-512.jpg"],[5,"1216745910_943673_12859_3-512.jpg"],[5,"1216745911_098695_12860_3-512.jpg"],[5,"1216745911_258735_12861_3-512.jpg"],[5,"1216745911_418739_12862_3-512.jpg"],[1,"1216745911_578739_12863_3-512.jpg"],[5,"1216746296_831764_14752_1-512.jpg"],[5,"1216746297_736561_14753_1-512.jpg"],[5,"1216746298_466844_14754_1-512.jpg"]],"material_ml":"painted","preds_construction":[[2,"1216745909_108723_12850_3-512.jpg"],[2,"1216745909_378753_12851_3-512.jpg"],[2,"1216745909_638705_12852_3-512.jpg"],[2,"1216745909_853830_12853_3-512.jpg"],[2,"1216745910_058700_12854_3-512.jpg"],[2,"1216745910_253838_12855_3-512.jpg"],[2,"1216745910_253838_12855_3-512.jpg"],[2,"1216745910_488734_12856_3-512.jpg"],[2,"1216745910_488734_12856_3-512.jpg"],[2,"1216745910_638738_12857_3-512.jpg"],[2,"1216745910_788750_12858_3-512.jpg"],[2,"1216745910_943673_12859_3-512.jpg"],[2,"1216745911_098695_12860_3-512.jpg"],[2,"1216745911_258735_12861_3-512.jpg"],[2,"1216745911_418739_12862_3-512.jpg"],[2,"1216745911_578739_12863_3-512.jpg"],[2,"1216745911_578739_12863_3-512.jpg"],[2,"1216746296_831764_14752_1-512.jpg"],[2,"1216746297_736561_14753_1-512.jpg"]],"construction_ml":"complete","preds_design":[[2,"1216745909_108723_12850_3-512.jpg"],[2,"1216745909_108723_12850_3-512.jpg"],[2,"1216745909_378753_12851_3-512.jpg"],[2,"1216745909_638705_12852_3-512.jpg"],[2,"1216745909_853830_12853_3-512.jpg"],[2,"1216745910_058700_12854_3-512.jpg"],[2,"1216745910_253838_12855_3-512.jpg"],[2,"1216745910_253838_12855_3-512.jpg"],[2,"1216745910_488734_12856_3-512.jpg"],[2,"1216745910_488734_12856_3-512.jpg"],[2,"1216745910_638738_12857_3-512.jpg"],[2,"1216745910_788750_12858_3-512.jpg"],[2,"1216745910_943673_12859_3-512.jpg"],[2,"1216745911_098695_12860_3-512.jpg"],[2,"1216745911_258735_12861_3-512.jpg"],[2,"1216745911_418739_12862_3-512.jpg"],[2,"1216745911_578739_12863_3-512.jpg"],[2,"1216746296_831764_14752_1-512.jpg"],[1,"1216746297_736561_14753_1-512.jpg"],[2,"1216746297_736561_14753_1-512.jpg"]],"design_ml":"designed","images":[]}
