{"MATERIAL":"corrugated metal","AVG_SLOPE":2.35481548375,"AVG_HEIGHT":6.88352787607,"TERAIN_SLP":28.0872682177,"AREA":66.03416788,"VOLUME":455,"FLOORS":2,"INT_ZONE":null,"FLOOD":2,"LANDSLIDE":"Amenaza Media","LEGAL_ID":"231","LEGAL_NAME":"BELLA FLOR","LEGAL_AREA":24.13,"LEGAL_LOTS":1732,"LEGAL_POP":9352.8,"LEGAL_DENS":71.77786987,"LEGALIZING":null,"BLOCK_ID_":"002580008","BLOCK_POP":113,"BLOCK_BLD":32,"BLOCK_RISK":4.1526875,"BLOCK_EDU":86.411949,"BLOCK_HLTH":0,"BLOCK_TRAN":92.6642,"BLOCK_CULT":0,"BLOCK_PARK":99.75518,"BLOCK_SEC":100,"BLOCK_CENT":0,"BLOCK_DEF":65.625,"BLD_INHAB":4,"OBJECTID":2,"AO_225":0.2,"id":6163,"preds_material":[[1,"1216745905_563705_12836_3-512.jpg"],[1,"1216745905_768757_12837_3-512.jpg"],[1,"1216745906_183702_12839_3-512.jpg"],[1,"1216745906_398758_12840_3-512.jpg"],[1,"1216745906_618758_12841_3-512.jpg"],[1,"1216745906_838744_12842_3-512.jpg"],[1,"1216745907_113543_12843_3-512.jpg"],[5,"1216746300_422145_14757_1-512.jpg"],[5,"1216746300_932162_14758_1-512.jpg"]],"material_ml":"brick","images":[]}
