{"MATERIAL":"corrugated metal","AVG_SLOPE":4.17700808918,"AVG_HEIGHT":0.75531297112,"TERAIN_SLP":22.5546687047,"AREA":31.2255945269,"VOLUME":24,"FLOORS":1,"INT_ZONE":null,"FLOOD":2,"LANDSLIDE":"Amenaza Media","LEGAL_ID":"231","LEGAL_NAME":"BELLA FLOR","LEGAL_AREA":24.13,"LEGAL_LOTS":1732,"LEGAL_POP":9352.8,"LEGAL_DENS":71.77786987,"LEGALIZING":null,"BLOCK_ID_":"002580005","BLOCK_POP":18,"BLOCK_BLD":4,"BLOCK_RISK":3.550808,"BLOCK_EDU":91.510223,"BLOCK_HLTH":0,"BLOCK_TRAN":98.904556,"BLOCK_CULT":0,"BLOCK_PARK":99.136971,"BLOCK_SEC":100,"BLOCK_CENT":0,"BLOCK_DEF":25,"BLD_INHAB":4,"OBJECTID":2,"AO_225":0.2,"id":6166,"preds_material":[[5,"1216745913_558702_12875_3-512.jpg"],[5,"1216745913_703676_12876_3-512.jpg"],[5,"1216745913_848729_12877_3-512.jpg"]],"material_ml":"painted","images":[]}
