{"MATERIAL":"corrugated metal","AVG_SLOPE":10.9456662779,"AVG_HEIGHT":2.92287315389,"TERAIN_SLP":12.6307154076,"AREA":71.6476716508,"VOLUME":209,"FLOORS":1,"INT_ZONE":null,"FLOOD":2,"LANDSLIDE":"Amenaza Media","LEGAL_ID":"231","LEGAL_NAME":"BELLA FLOR","LEGAL_AREA":24.13,"LEGAL_LOTS":1732,"LEGAL_POP":9352.8,"LEGAL_DENS":71.77786987,"LEGALIZING":null,"BLOCK_ID_":"002580014","BLOCK_POP":27,"BLOCK_BLD":7,"BLOCK_RISK":35.457699,"BLOCK_EDU":82.159439,"BLOCK_HLTH":0,"BLOCK_TRAN":99.591011,"BLOCK_CULT":0,"BLOCK_PARK":99.944031,"BLOCK_SEC":100,"BLOCK_CENT":0,"BLOCK_DEF":57.1428571429,"BLD_INHAB":4,"OBJECTID":1,"AO_225":0.16,"id":6169,"preds_material":[[5,"1216745974_303439_13210_1-512.jpg"],[5,"1216745974_598461_13211_1-512.jpg"],[5,"1216745974_853445_13212_1-512.jpg"],[5,"1216745975_153445_13213_1-512.jpg"],[5,"1216745975_448449_13214_1-512.jpg"],[5,"1216745975_748385_13215_1-512.jpg"],[5,"1216745976_043256_13216_1-512.jpg"],[5,"1216745976_318352_13217_1-512.jpg"],[5,"1216745976_663427_13218_1-512.jpg"],[5,"1216745976_943244_13219_1-512.jpg"],[5,"1216745977_223306_13220_1-512.jpg"],[5,"1216746245_442083_14569_3-512.jpg"]],"material_ml":"painted","preds_construction":[[2,"1216745974_303439_13210_1-512.jpg"],[2,"1216745974_598461_13211_1-512.jpg"],[2,"1216745974_853445_13212_1-512.jpg"],[2,"1216745975_153445_13213_1-512.jpg"],[2,"1216745975_448449_13214_1-512.jpg"],[2,"1216745975_748385_13215_1-512.jpg"],[2,"1216745976_043256_13216_1-512.jpg"],[2,"1216745976_318352_13217_1-512.jpg"],[1,"1216745976_663427_13218_1-512.jpg"],[2,"1216745976_663427_13218_1-512.jpg"]],"construction_ml":"complete","preds_design":[[2,"1216745974_303439_13210_1-512.jpg"],[2,"1216745974_598461_13211_1-512.jpg"],[2,"1216745974_853445_13212_1-512.jpg"],[2,"1216745975_153445_13213_1-512.jpg"],[2,"1216745975_448449_13214_1-512.jpg"],[2,"1216745975_748385_13215_1-512.jpg"],[2,"1216745976_043256_13216_1-512.jpg"],[2,"1216745976_318352_13217_1-512.jpg"],[2,"1216745976_663427_13218_1-512.jpg"],[2,"1216745976_943244_13219_1-512.jpg"]],"design_ml":"designed","images":[]}
