{"MATERIAL":"corrugated metal","AVG_SLOPE":7.78618521871,"AVG_HEIGHT":7.10551457163,"TERAIN_SLP":18.0704055096,"AREA":40.0174218832,"VOLUME":284,"FLOORS":2,"INT_ZONE":null,"FLOOD":2,"LANDSLIDE":"Amenaza Media","LEGAL_ID":"231","LEGAL_NAME":"BELLA FLOR","LEGAL_AREA":24.13,"LEGAL_LOTS":1732,"LEGAL_POP":9352.8,"LEGAL_DENS":71.77786987,"LEGALIZING":null,"BLOCK_ID_":"002580026","BLOCK_POP":46,"BLOCK_BLD":11,"BLOCK_RISK":17.329071,"BLOCK_EDU":80.918274,"BLOCK_HLTH":0,"BLOCK_TRAN":99.84977,"BLOCK_CULT":0,"BLOCK_PARK":99.7966,"BLOCK_SEC":100,"BLOCK_CENT":0,"BLOCK_DEF":54.5454545455,"BLD_INHAB":4,"OBJECTID":1,"AO_225":0.16,"id":6172,"preds_material":[[5,"1216746015_678218_13315_1-512.jpg"],[5,"1216746016_003467_13316_1-512.jpg"],[1,"1216746016_313196_13317_1-512.jpg"]],"material_ml":"painted","preds_construction":[[2,"1216746015_678218_13315_1-512.jpg"],[2,"1216746016_003467_13316_1-512.jpg"],[1,"1216746224_237352_14483_3-512.jpg"],[1,"1216746224_492161_14484_3-512.jpg"],[1,"1216746224_647178_14485_3-512.jpg"],[1,"1216746224_852084_14486_3-512.jpg"],[1,"1216746225_057138_14487_3-512.jpg"],[1,"1216746225_267164_14488_3-512.jpg"],[1,"1216746225_472218_14489_3-512.jpg"],[1,"1216746225_717172_14490_3-512.jpg"],[1,"1216746225_922217_14491_3-512.jpg"],[1,"1216746226_172158_14492_3-512.jpg"]],"construction_ml":"incomplete","preds_design":[[1,"1216746014_838227_13313_1-512.jpg"],[1,"1216746015_268088_13314_1-512.jpg"],[1,"1216746015_678218_13315_1-512.jpg"],[1,"1216746016_003467_13316_1-512.jpg"],[1,"1216746224_647178_14485_3-512.jpg"],[1,"1216746225_267164_14488_3-512.jpg"],[1,"1216746225_472218_14489_3-512.jpg"],[1,"1216746225_717172_14490_3-512.jpg"],[1,"1216746225_922217_14491_3-512.jpg"],[1,"1216746226_172158_14492_3-512.jpg"]],"design_ml":"undesigned","images":[]}
