{"MATERIAL":"corrugated metal","AVG_SLOPE":6.0607472213,"AVG_HEIGHT":0.75217596803,"TERAIN_SLP":19.4762596567,"AREA":49.770934009,"VOLUME":37,"FLOORS":1,"INT_ZONE":null,"FLOOD":2,"LANDSLIDE":"Amenaza Media","LEGAL_ID":"231","LEGAL_NAME":"BELLA FLOR","LEGAL_AREA":24.13,"LEGAL_LOTS":1732,"LEGAL_POP":9352.8,"LEGAL_DENS":71.77786987,"LEGALIZING":null,"BLOCK_ID_":"002580026","BLOCK_POP":46,"BLOCK_BLD":11,"BLOCK_RISK":17.329071,"BLOCK_EDU":80.918274,"BLOCK_HLTH":0,"BLOCK_TRAN":99.84977,"BLOCK_CULT":0,"BLOCK_PARK":99.7966,"BLOCK_SEC":100,"BLOCK_CENT":0,"BLOCK_DEF":54.5454545455,"BLD_INHAB":4,"OBJECTID":1,"AO_225":0.16,"id":6174,"preds_material":[[5,"1216745982_733334_13241_1-512.jpg"],[5,"1216745983_133345_13242_1-512.jpg"],[5,"1216745983_633387_13243_1-512.jpg"],[5,"1216745984_158380_13244_1-512.jpg"],[5,"1216745986_063428_13248_1-512.jpg"],[5,"1216745994_163200_13255_1-512.jpg"]],"material_ml":"painted","images":[]}
