{"MATERIAL":"corrugated metal/heavily patched","AVG_SLOPE":10.0159576971,"AVG_HEIGHT":4.635791263,"TERAIN_SLP":2.28695945381,"AREA":62.9315987613,"VOLUME":292,"FLOORS":2,"INT_ZONE":"Borde Rural","FLOOD":2,"LANDSLIDE":"Amenaza Media","LEGAL_ID":"311","LEGAL_NAME":"EL MIRADOR","LEGAL_AREA":11.06,"LEGAL_LOTS":989,"LEGAL_POP":5340.6,"LEGAL_DENS":89.42,"LEGALIZING":null,"BLOCK_ID_":"002570040","BLOCK_POP":43,"BLOCK_BLD":11,"BLOCK_RISK":10.30951,"BLOCK_EDU":0,"BLOCK_HLTH":11.772145,"BLOCK_TRAN":94.782684,"BLOCK_CULT":0,"BLOCK_PARK":1.4149606,"BLOCK_SEC":100,"BLOCK_CENT":0,"BLOCK_DEF":54.5454545455,"BLD_INHAB":4,"OBJECTID":2,"AO_225":0.2,"id":618,"preds_material":[[5,"1216743076_432649_6765_3-512.jpg"],[5,"1216743076_792698_6766_3-512.jpg"],[5,"1216743135_177340_6910_3-512.jpg"],[5,"1216743135_372231_6911_3-512.jpg"],[5,"1216744109_742061_9182_3-512.jpg"]],"material_ml":"painted","preds_construction":[[2,"1216744109_742061_9182_3-512.jpg"]],"construction_ml":"complete","preds_design":[[2,"1216744109_742061_9182_3-512.jpg"]],"design_ml":"designed","images":[]}
