{"MATERIAL":"corrugated metal","AVG_SLOPE":4.19344019634,"AVG_HEIGHT":0.41270726805,"TERAIN_SLP":12.6426056909,"AREA":57.8088406048,"VOLUME":24,"FLOORS":1,"INT_ZONE":null,"FLOOD":2,"LANDSLIDE":"Amenaza Media","LEGAL_ID":"231","LEGAL_NAME":"BELLA FLOR","LEGAL_AREA":24.13,"LEGAL_LOTS":1732,"LEGAL_POP":9352.8,"LEGAL_DENS":71.77786987,"LEGALIZING":null,"BLOCK_ID_":"002580028","BLOCK_POP":94,"BLOCK_BLD":22,"BLOCK_RISK":9.7037315,"BLOCK_EDU":80.248337,"BLOCK_HLTH":0,"BLOCK_TRAN":97.658684,"BLOCK_CULT":0,"BLOCK_PARK":98.108849,"BLOCK_SEC":100,"BLOCK_CENT":0,"BLOCK_DEF":45.4545454545,"BLD_INHAB":4,"OBJECTID":1,"AO_225":0.16,"id":6198,"preds_material":[[3,"1216746025_218287_13377_1-512.jpg"],[3,"1216746025_388261_13378_1-512.jpg"],[5,"1216746025_553161_13379_1-512.jpg"],[3,"1216746025_553161_13379_1-512.jpg"],[5,"1216746025_718198_13380_1-512.jpg"],[3,"1216746025_718198_13380_1-512.jpg"]],"material_ml":"tin","preds_construction":[[2,"1216746027_978177_13392_1-512.jpg"],[2,"1216746028_148205_13393_1-512.jpg"],[2,"1216746028_318213_13394_1-512.jpg"]],"construction_ml":"complete","preds_design":[[1,"1216746026_728228_13386_1-512.jpg"],[1,"1216746028_148205_13393_1-512.jpg"]],"design_ml":"undesigned","images":[]}
