{"MATERIAL":"corrugated metal/heavily patched","AVG_SLOPE":10.1378931309,"AVG_HEIGHT":1.78797299038,"TERAIN_SLP":0.71694106909,"AREA":28.6539819931,"VOLUME":51,"FLOORS":1,"INT_ZONE":"Borde Rural","FLOOD":2,"LANDSLIDE":"Amenaza Media","LEGAL_ID":"311","LEGAL_NAME":"EL MIRADOR","LEGAL_AREA":11.06,"LEGAL_LOTS":989,"LEGAL_POP":5340.6,"LEGAL_DENS":89.42,"LEGALIZING":null,"BLOCK_ID_":"002570040","BLOCK_POP":43,"BLOCK_BLD":11,"BLOCK_RISK":10.30951,"BLOCK_EDU":0,"BLOCK_HLTH":11.772145,"BLOCK_TRAN":94.782684,"BLOCK_CULT":0,"BLOCK_PARK":1.4149606,"BLOCK_SEC":100,"BLOCK_CENT":0,"BLOCK_DEF":54.5454545455,"BLD_INHAB":4,"OBJECTID":2,"AO_225":0.2,"id":621,"preds_material":[[5,"1216743140_612540_6927_3-512.jpg"],[5,"1216744110_726858_9183_3-512.jpg"]],"material_ml":"painted","preds_construction":[[2,"1216743140_612540_6927_3-512.jpg"]],"construction_ml":"complete","preds_design":[[2,"1216743140_612540_6927_3-512.jpg"]],"design_ml":"designed","images":[]}
