{"MATERIAL":"corrugated metal","AVG_SLOPE":8.91912842253,"AVG_HEIGHT":2.88793041275,"TERAIN_SLP":4.97906702714,"AREA":52.7365875926,"VOLUME":152,"FLOORS":1,"INT_ZONE":null,"FLOOD":2,"LANDSLIDE":"Amenaza Media","LEGAL_ID":"231","LEGAL_NAME":"BELLA FLOR","LEGAL_AREA":24.13,"LEGAL_LOTS":1732,"LEGAL_POP":9352.8,"LEGAL_DENS":71.77786987,"LEGALIZING":null,"BLOCK_ID_":"002580029","BLOCK_POP":123,"BLOCK_BLD":34,"BLOCK_RISK":10.367942,"BLOCK_EDU":81.358871,"BLOCK_HLTH":0,"BLOCK_TRAN":95.348518,"BLOCK_CULT":0,"BLOCK_PARK":98.700684,"BLOCK_SEC":100,"BLOCK_CENT":0,"BLOCK_DEF":50,"BLD_INHAB":4,"OBJECTID":1,"AO_225":0.16,"id":6223,"preds_material":[[5,"1216746190_057395_14358_3-512.jpg"]],"material_ml":"painted","preds_construction":[[2,"1216746044_048177_13503_1-512.jpg"],[2,"1216746044_173113_13504_1-512.jpg"],[2,"1216746044_298036_13505_1-512.jpg"],[2,"1216746044_423066_13506_1-512.jpg"],[2,"1216746044_553089_13507_1-512.jpg"],[2,"1216746044_688033_13508_1-512.jpg"],[2,"1216746190_602371_14360_3-512.jpg"],[2,"1216746190_857383_14361_3-512.jpg"],[2,"1216746191_107406_14362_3-512.jpg"],[2,"1216746191_457520_14363_3-512.jpg"],[1,"1216746191_457520_14363_3-512.jpg"]],"construction_ml":"complete","preds_design":[[1,"1216746044_553089_13507_1-512.jpg"],[1,"1216746044_688033_13508_1-512.jpg"]],"design_ml":"undesigned","images":[]}
