{"MATERIAL":"corrugated metal","AVG_SLOPE":4.11143726957,"AVG_HEIGHT":8.38344264089,"TERAIN_SLP":3.43118256602,"AREA":49.977926099,"VOLUME":419,"FLOORS":3,"INT_ZONE":null,"FLOOD":2,"LANDSLIDE":"Amenaza Media","LEGAL_ID":"231","LEGAL_NAME":"BELLA FLOR","LEGAL_AREA":24.13,"LEGAL_LOTS":1732,"LEGAL_POP":9352.8,"LEGAL_DENS":71.77786987,"LEGALIZING":null,"BLOCK_ID_":"002580033","BLOCK_POP":22,"BLOCK_BLD":8,"BLOCK_RISK":28.282001,"BLOCK_EDU":76.276733,"BLOCK_HLTH":0,"BLOCK_TRAN":99.37188,"BLOCK_CULT":0,"BLOCK_PARK":98.548706,"BLOCK_SEC":100,"BLOCK_CENT":0,"BLOCK_DEF":50,"BLD_INHAB":3,"OBJECTID":1,"AO_225":0.16,"id":6225,"preds_construction":[[2,"1216746030_828095_13407_1-512.jpg"],[2,"1216746031_488162_13410_1-512.jpg"],[2,"1216746031_653156_13411_1-512.jpg"],[2,"1216746031_653156_13411_1-512.jpg"],[2,"1216746202_677720_14389_3-512.jpg"]],"construction_ml":"complete","preds_design":[[1,"1216746203_122258_14390_3-512.jpg"]],"design_ml":"undesigned","images":[]}
