{"MATERIAL":"concrete","AVG_SLOPE":13.2833236497,"AVG_HEIGHT":6.45214801715,"TERAIN_SLP":3.99965562011,"AREA":82.3682497665,"VOLUME":531,"FLOORS":2,"INT_ZONE":"Borde Rural","FLOOD":2,"LANDSLIDE":"Amenaza Media","LEGAL_ID":"311","LEGAL_NAME":"EL MIRADOR","LEGAL_AREA":11.06,"LEGAL_LOTS":989,"LEGAL_POP":5340.6,"LEGAL_DENS":89.42,"LEGALIZING":null,"BLOCK_ID_":"002570045","BLOCK_POP":29,"BLOCK_BLD":10,"BLOCK_RISK":9.4966354,"BLOCK_EDU":0,"BLOCK_HLTH":12.654124,"BLOCK_TRAN":99.633873,"BLOCK_CULT":0,"BLOCK_PARK":1.5220021,"BLOCK_SEC":100,"BLOCK_CENT":0,"BLOCK_DEF":30,"BLD_INHAB":3,"OBJECTID":2,"AO_225":0.2,"id":623,"preds_material":[[5,"1216742715_039337_5820_3-512.jpg"],[5,"1216742715_874229_5821_3-512.jpg"],[5,"1216742716_984591_5822_3-512.jpg"],[1,"1216743063_552946_6741_1-512.jpg"],[1,"1216743064_017843_6742_1-512.jpg"],[3,"1216743064_017843_6742_1-512.jpg"],[1,"1216743064_452751_6743_1-512.jpg"],[3,"1216743064_452751_6743_1-512.jpg"],[3,"1216743064_857863_6744_1-512.jpg"],[1,"1216743065_217797_6745_1-512.jpg"],[1,"1216743065_602782_6746_1-512.jpg"],[1,"1216743065_997708_6747_1-512.jpg"],[1,"1216743066_412702_6748_1-512.jpg"],[1,"1216743066_862756_6749_1-512.jpg"],[1,"1216743067_322763_6750_1-512.jpg"],[1,"1216743067_762787_6751_1-512.jpg"],[1,"1216743068_202660_6752_1-512.jpg"],[5,"1216743069_898056_6755_1-512.jpg"],[5,"1216743070_812886_6756_1-512.jpg"],[5,"1216743072_262678_6757_1-512.jpg"],[5,"1216743073_018048_6758_1-512.jpg"],[5,"1216743073_637992_6759_1-512.jpg"],[5,"1216743074_147835_6760_1-512.jpg"],[5,"1216743074_597800_6761_1-512.jpg"],[5,"1216743075_032785_6762_1-512.jpg"],[5,"1216744103_702347_9176_3-512.jpg"],[5,"1216744104_511932_9177_3-512.jpg"],[5,"1216744104_511932_9177_3-512.jpg"],[5,"1216744105_417438_9178_3-512.jpg"]],"material_ml":"painted","preds_construction":[[1,"1216742347_792575_4917_1-512.jpg"],[2,"1216742715_039337_5820_3-512.jpg"],[2,"1216742715_874229_5821_3-512.jpg"],[2,"1216742716_984591_5822_3-512.jpg"],[2,"1216743063_552946_6741_1-512.jpg"],[2,"1216743064_017843_6742_1-512.jpg"],[2,"1216743064_017843_6742_1-512.jpg"],[2,"1216743064_452751_6743_1-512.jpg"],[2,"1216743064_452751_6743_1-512.jpg"],[2,"1216743064_857863_6744_1-512.jpg"],[2,"1216743065_217797_6745_1-512.jpg"],[2,"1216743065_602782_6746_1-512.jpg"],[2,"1216743065_602782_6746_1-512.jpg"],[2,"1216743065_997708_6747_1-512.jpg"],[2,"1216743066_412702_6748_1-512.jpg"],[2,"1216743066_862756_6749_1-512.jpg"],[1,"1216743066_862756_6749_1-512.jpg"],[2,"1216743067_322763_6750_1-512.jpg"],[2,"1216743067_762787_6751_1-512.jpg"],[2,"1216743068_202660_6752_1-512.jpg"],[2,"1216743069_898056_6755_1-512.jpg"],[2,"1216743070_812886_6756_1-512.jpg"],[2,"1216743072_262678_6757_1-512.jpg"],[2,"1216743073_018048_6758_1-512.jpg"],[2,"1216743073_637992_6759_1-512.jpg"],[2,"1216743074_147835_6760_1-512.jpg"],[2,"1216743074_597800_6761_1-512.jpg"],[2,"1216743075_032785_6762_1-512.jpg"],[2,"1216744103_702347_9176_3-512.jpg"],[2,"1216744104_511932_9177_3-512.jpg"],[2,"1216744104_511932_9177_3-512.jpg"],[2,"1216744105_417438_9178_3-512.jpg"]],"construction_ml":"complete","preds_design":[[2,"1216742714_269343_5819_3-512.jpg"],[2,"1216742715_039337_5820_3-512.jpg"],[2,"1216742715_874229_5821_3-512.jpg"],[2,"1216742716_984591_5822_3-512.jpg"],[1,"1216743063_552946_6741_1-512.jpg"],[1,"1216743064_017843_6742_1-512.jpg"],[1,"1216743064_017843_6742_1-512.jpg"],[1,"1216743064_452751_6743_1-512.jpg"],[1,"1216743064_452751_6743_1-512.jpg"],[1,"1216743064_857863_6744_1-512.jpg"],[1,"1216743065_217797_6745_1-512.jpg"],[1,"1216743065_602782_6746_1-512.jpg"],[1,"1216743065_602782_6746_1-512.jpg"],[1,"1216743065_997708_6747_1-512.jpg"],[1,"1216743066_412702_6748_1-512.jpg"],[1,"1216743066_862756_6749_1-512.jpg"],[1,"1216743067_322763_6750_1-512.jpg"],[1,"1216743067_762787_6751_1-512.jpg"],[1,"1216743068_202660_6752_1-512.jpg"],[1,"1216743069_898056_6755_1-512.jpg"],[1,"1216743070_812886_6756_1-512.jpg"],[1,"1216743072_262678_6757_1-512.jpg"],[1,"1216743073_018048_6758_1-512.jpg"],[1,"1216743073_637992_6759_1-512.jpg"],[1,"1216743074_147835_6760_1-512.jpg"],[1,"1216743074_597800_6761_1-512.jpg"],[1,"1216743075_032785_6762_1-512.jpg"],[2,"1216744103_702347_9176_3-512.jpg"],[2,"1216744104_511932_9177_3-512.jpg"],[2,"1216744104_511932_9177_3-512.jpg"],[2,"1216744105_417438_9178_3-512.jpg"],[2,"1216744105_417438_9178_3-512.jpg"]],"design_ml":"undesigned","images":[]}
