{"MATERIAL":"concrete","AVG_SLOPE":12.8945424186,"AVG_HEIGHT":8.06884974813,"TERAIN_SLP":2.89006696592,"AREA":66.209903648,"VOLUME":534,"FLOORS":3,"INT_ZONE":"Borde Rural","FLOOD":1,"LANDSLIDE":"Amenaza Media","LEGAL_ID":"311","LEGAL_NAME":"EL MIRADOR","LEGAL_AREA":11.06,"LEGAL_LOTS":989,"LEGAL_POP":5340.6,"LEGAL_DENS":89.42,"LEGALIZING":null,"BLOCK_ID_":"002570045","BLOCK_POP":29,"BLOCK_BLD":10,"BLOCK_RISK":9.4966354,"BLOCK_EDU":0,"BLOCK_HLTH":12.654124,"BLOCK_TRAN":99.633873,"BLOCK_CULT":0,"BLOCK_PARK":1.5220021,"BLOCK_SEC":100,"BLOCK_CENT":0,"BLOCK_DEF":30,"BLD_INHAB":3,"OBJECTID":2,"AO_225":0.2,"id":624,"preds_material":[[1,"1216743057_878493_6735_1-512.jpg"],[1,"1216743059_572779_6736_1-512.jpg"]],"material_ml":"brick","preds_construction":[[2,"1216743057_878493_6735_1-512.jpg"],[2,"1216743059_572779_6736_1-512.jpg"]],"construction_ml":"complete","preds_design":[[1,"1216743057_878493_6735_1-512.jpg"],[1,"1216743059_572779_6736_1-512.jpg"]],"design_ml":"undesigned","images":[]}
