{"MATERIAL":"corrugated metal","AVG_SLOPE":7.84145661379,"AVG_HEIGHT":4.08721394123,"TERAIN_SLP":26.1513327049,"AREA":21.6945589598,"VOLUME":89,"FLOORS":2,"INT_ZONE":null,"FLOOD":2,"LANDSLIDE":"Amenaza Media","LEGAL_ID":"231","LEGAL_NAME":"BELLA FLOR","LEGAL_AREA":24.13,"LEGAL_LOTS":1732,"LEGAL_POP":9352.8,"LEGAL_DENS":71.77786987,"LEGALIZING":null,"BLOCK_ID_":"002580011","BLOCK_POP":84,"BLOCK_BLD":21,"BLOCK_RISK":12.972908,"BLOCK_EDU":90.697731,"BLOCK_HLTH":0,"BLOCK_TRAN":84.377083,"BLOCK_CULT":0,"BLOCK_PARK":87.440224,"BLOCK_SEC":100,"BLOCK_CENT":0,"BLOCK_DEF":61.9047619048,"BLD_INHAB":4,"OBJECTID":1,"AO_225":0.16,"id":6322,"preds_material":[[1,"1216745954_958567_13107_1-512.jpg"],[5,"1216746263_951929_14651_3-512.jpg"],[2,"1216746264_156821_14652_3-512.jpg"],[5,"1216746264_156821_14652_3-512.jpg"],[5,"1216746264_347002_14653_3-512.jpg"],[2,"1216746264_347002_14653_3-512.jpg"],[5,"1216746264_556849_14654_3-512.jpg"],[2,"1216746264_556849_14654_3-512.jpg"],[5,"1216746264_751937_14655_3-512.jpg"],[5,"1216746265_831934_14659_3-512.jpg"],[5,"1216746266_101929_14660_3-512.jpg"],[5,"1216746266_507005_14661_3-512.jpg"],[5,"1216746266_917003_14662_3-512.jpg"]],"material_ml":"painted","preds_construction":[[2,"1216746264_156821_14652_3-512.jpg"],[2,"1216746264_347002_14653_3-512.jpg"],[2,"1216746264_556849_14654_3-512.jpg"],[2,"1216746264_556849_14654_3-512.jpg"],[2,"1216746264_751937_14655_3-512.jpg"],[2,"1216746264_751937_14655_3-512.jpg"],[2,"1216746265_022158_14656_3-512.jpg"],[2,"1216746265_831934_14659_3-512.jpg"],[2,"1216746266_101929_14660_3-512.jpg"],[2,"1216746266_507005_14661_3-512.jpg"]],"construction_ml":"complete","preds_design":[[2,"1216746264_556849_14654_3-512.jpg"],[2,"1216746264_751937_14655_3-512.jpg"],[2,"1216746264_751937_14655_3-512.jpg"],[2,"1216746265_022158_14656_3-512.jpg"],[2,"1216746265_291936_14657_3-512.jpg"],[2,"1216746265_291936_14657_3-512.jpg"],[2,"1216746265_561995_14658_3-512.jpg"],[2,"1216746265_831934_14659_3-512.jpg"],[2,"1216746265_831934_14659_3-512.jpg"],[2,"1216746266_101929_14660_3-512.jpg"]],"design_ml":"designed","images":[]}
