{"MATERIAL":"corrugated metal","AVG_SLOPE":4.91416407174,"AVG_HEIGHT":3.34463382599,"TERAIN_SLP":35.9869108496,"AREA":74.1541720206,"VOLUME":248,"FLOORS":2,"INT_ZONE":null,"FLOOD":2,"LANDSLIDE":"Amenaza Media","LEGAL_ID":"231","LEGAL_NAME":"BELLA FLOR","LEGAL_AREA":24.13,"LEGAL_LOTS":1732,"LEGAL_POP":9352.8,"LEGAL_DENS":71.77786987,"LEGALIZING":null,"BLOCK_ID_":"002580072","BLOCK_POP":49,"BLOCK_BLD":15,"BLOCK_RISK":15.257014,"BLOCK_EDU":90.809784,"BLOCK_HLTH":0,"BLOCK_TRAN":82.492615,"BLOCK_CULT":0,"BLOCK_PARK":96.162544,"BLOCK_SEC":100,"BLOCK_CENT":0,"BLOCK_DEF":60,"BLD_INHAB":3,"OBJECTID":1,"AO_225":0.16,"id":6347,"preds_material":[[1,"1216745956_218447_13113_3-512.jpg"],[1,"1216745956_593509_13115_3-512.jpg"],[2,"1216745956_593509_13115_3-512.jpg"],[3,"1216745956_593509_13115_3-512.jpg"],[3,"1216745957_063524_13118_3-512.jpg"],[3,"1216745957_213559_13119_3-512.jpg"],[3,"1216745957_363756_13120_3-512.jpg"],[5,"1216746262_727074_14645_1-512.jpg"],[5,"1216746262_931284_14646_1-512.jpg"],[5,"1216746263_157020_14647_1-512.jpg"]],"material_ml":"tin","preds_construction":[[1,"1216745956_218447_13113_3-512.jpg"],[1,"1216745956_433519_13114_3-512.jpg"],[2,"1216745956_593509_13115_3-512.jpg"],[1,"1216745956_593509_13115_3-512.jpg"],[2,"1216745957_063524_13118_3-512.jpg"],[2,"1216745957_213559_13119_3-512.jpg"],[1,"1216745957_213559_13119_3-512.jpg"],[2,"1216745957_363756_13120_3-512.jpg"],[2,"1216746261_807032_14641_1-512.jpg"],[2,"1216746262_727074_14645_1-512.jpg"],[2,"1216746262_931284_14646_1-512.jpg"],[2,"1216746263_157020_14647_1-512.jpg"]],"construction_ml":"complete","preds_design":[[1,"1216745956_013482_13112_3-512.jpg"],[1,"1216745956_218447_13113_3-512.jpg"],[1,"1216745956_218447_13113_3-512.jpg"],[1,"1216745956_593509_13115_3-512.jpg"],[1,"1216745956_908537_13117_3-512.jpg"],[1,"1216745957_063524_13118_3-512.jpg"],[1,"1216745957_213559_13119_3-512.jpg"],[1,"1216745957_363756_13120_3-512.jpg"],[2,"1216746261_807032_14641_1-512.jpg"],[1,"1216746262_727074_14645_1-512.jpg"],[1,"1216746262_931284_14646_1-512.jpg"],[1,"1216746263_157020_14647_1-512.jpg"]],"design_ml":"undesigned","images":[]}
