{"MATERIAL":"corrugated metal","AVG_SLOPE":6.66079218731,"AVG_HEIGHT":0.34840118962,"TERAIN_SLP":13.1741870528,"AREA":38.8408020411,"VOLUME":14,"FLOORS":1,"INT_ZONE":null,"FLOOD":2,"LANDSLIDE":"Amenaza Media","LEGAL_ID":"231","LEGAL_NAME":"BELLA FLOR","LEGAL_AREA":24.13,"LEGAL_LOTS":1732,"LEGAL_POP":9352.8,"LEGAL_DENS":71.77786987,"LEGALIZING":null,"BLOCK_ID_":"002580072","BLOCK_POP":49,"BLOCK_BLD":15,"BLOCK_RISK":15.257014,"BLOCK_EDU":90.809784,"BLOCK_HLTH":0,"BLOCK_TRAN":82.492615,"BLOCK_CULT":0,"BLOCK_PARK":96.162544,"BLOCK_SEC":100,"BLOCK_CENT":0,"BLOCK_DEF":60,"BLD_INHAB":3,"OBJECTID":1,"AO_225":0.16,"id":6348,"preds_material":[[6,"1216745956_013482_13112_3-512.jpg"],[1,"1216745956_433519_13114_3-512.jpg"],[2,"1216745956_433519_13114_3-512.jpg"],[3,"1216745956_753513_13116_3-512.jpg"],[2,"1216745956_753513_13116_3-512.jpg"],[1,"1216745956_753513_13116_3-512.jpg"],[5,"1216745956_753513_13116_3-512.jpg"],[3,"1216745956_908537_13117_3-512.jpg"],[2,"1216745956_908537_13117_3-512.jpg"],[2,"1216745956_908537_13117_3-512.jpg"],[1,"1216745956_908537_13117_3-512.jpg"],[2,"1216745957_063524_13118_3-512.jpg"],[1,"1216745957_063524_13118_3-512.jpg"],[2,"1216745957_213559_13119_3-512.jpg"],[1,"1216745957_213559_13119_3-512.jpg"],[2,"1216745957_363756_13120_3-512.jpg"],[1,"1216745957_363756_13120_3-512.jpg"],[5,"1216745957_363756_13120_3-512.jpg"],[2,"1216745957_513511_13121_3-512.jpg"],[1,"1216745957_513511_13121_3-512.jpg"],[2,"1216745957_663797_13122_3-512.jpg"],[1,"1216745957_663797_13122_3-512.jpg"],[1,"1216745957_808504_13123_3-512.jpg"],[2,"1216745957_808504_13123_3-512.jpg"],[5,"1216745957_808504_13123_3-512.jpg"],[1,"1216745957_953535_13124_3-512.jpg"],[5,"1216745957_953535_13124_3-512.jpg"],[1,"1216745958_098531_13125_3-512.jpg"],[2,"1216745958_098531_13125_3-512.jpg"],[5,"1216745958_098531_13125_3-512.jpg"],[1,"1216745958_243530_13126_3-512.jpg"],[2,"1216745958_243530_13126_3-512.jpg"],[1,"1216745958_388528_13127_3-512.jpg"],[6,"1216745958_528500_13128_3-512.jpg"],[6,"1216745958_668513_13129_3-512.jpg"],[5,"1216746260_846771_14638_1-512.jpg"],[5,"1216746261_241817_14639_1-512.jpg"],[5,"1216746261_566865_14640_1-512.jpg"],[5,"1216746261_807032_14641_1-512.jpg"],[5,"1216746262_062016_14642_1-512.jpg"],[5,"1216746262_282028_14643_1-512.jpg"],[5,"1216746262_506831_14644_1-512.jpg"]],"material_ml":"brick","preds_construction":[[1,"1216745956_013482_13112_3-512.jpg"],[2,"1216745956_013482_13112_3-512.jpg"],[2,"1216745956_753513_13116_3-512.jpg"],[1,"1216745956_753513_13116_3-512.jpg"],[2,"1216745956_908537_13117_3-512.jpg"],[2,"1216745956_908537_13117_3-512.jpg"],[2,"1216745957_063524_13118_3-512.jpg"],[2,"1216745957_213559_13119_3-512.jpg"],[2,"1216745957_363756_13120_3-512.jpg"],[2,"1216745957_513511_13121_3-512.jpg"],[2,"1216745957_663797_13122_3-512.jpg"],[2,"1216745957_808504_13123_3-512.jpg"],[2,"1216745957_953535_13124_3-512.jpg"],[2,"1216745958_098531_13125_3-512.jpg"],[2,"1216745958_243530_13126_3-512.jpg"],[1,"1216745958_243530_13126_3-512.jpg"],[1,"1216745958_388528_13127_3-512.jpg"],[2,"1216745958_388528_13127_3-512.jpg"],[1,"1216745958_528500_13128_3-512.jpg"],[2,"1216745958_528500_13128_3-512.jpg"],[1,"1216745958_668513_13129_3-512.jpg"],[1,"1216745958_808506_13130_3-512.jpg"],[2,"1216746260_846771_14638_1-512.jpg"],[2,"1216746261_241817_14639_1-512.jpg"],[2,"1216746261_566865_14640_1-512.jpg"],[2,"1216746261_807032_14641_1-512.jpg"],[2,"1216746262_062016_14642_1-512.jpg"],[2,"1216746262_282028_14643_1-512.jpg"],[2,"1216746262_506831_14644_1-512.jpg"]],"construction_ml":"complete","preds_design":[[1,"1216745956_433519_13114_3-512.jpg"],[1,"1216745956_753513_13116_3-512.jpg"],[2,"1216745956_908537_13117_3-512.jpg"],[2,"1216745957_063524_13118_3-512.jpg"],[2,"1216745957_213559_13119_3-512.jpg"],[2,"1216745957_363756_13120_3-512.jpg"],[2,"1216745957_513511_13121_3-512.jpg"],[2,"1216745957_663797_13122_3-512.jpg"],[2,"1216745957_808504_13123_3-512.jpg"],[2,"1216745957_953535_13124_3-512.jpg"],[2,"1216745958_098531_13125_3-512.jpg"],[2,"1216745958_243530_13126_3-512.jpg"],[2,"1216745958_388528_13127_3-512.jpg"],[2,"1216745958_388528_13127_3-512.jpg"],[2,"1216745958_528500_13128_3-512.jpg"],[1,"1216746260_846771_14638_1-512.jpg"],[1,"1216746261_241817_14639_1-512.jpg"],[1,"1216746261_566865_14640_1-512.jpg"],[1,"1216746261_807032_14641_1-512.jpg"],[1,"1216746262_062016_14642_1-512.jpg"],[1,"1216746262_282028_14643_1-512.jpg"],[1,"1216746262_506831_14644_1-512.jpg"]],"design_ml":"designed","images":[]}
