{"MATERIAL":"corrugated metal/heavily patched","AVG_SLOPE":3.87610593368,"AVG_HEIGHT":0.66641321071,"TERAIN_SLP":20.5180587878,"AREA":43.5681535435,"VOLUME":29,"FLOORS":1,"INT_ZONE":null,"FLOOD":2,"LANDSLIDE":"Amenaza Media","LEGAL_ID":"231","LEGAL_NAME":"BELLA FLOR","LEGAL_AREA":24.13,"LEGAL_LOTS":1732,"LEGAL_POP":9352.8,"LEGAL_DENS":71.77786987,"LEGALIZING":null,"BLOCK_ID_":"002580072","BLOCK_POP":49,"BLOCK_BLD":15,"BLOCK_RISK":15.257014,"BLOCK_EDU":90.809784,"BLOCK_HLTH":0,"BLOCK_TRAN":82.492615,"BLOCK_CULT":0,"BLOCK_PARK":96.162544,"BLOCK_SEC":100,"BLOCK_CENT":0,"BLOCK_DEF":60,"BLD_INHAB":3,"OBJECTID":1,"AO_225":0.16,"id":6354,"preds_material":[[5,"1216745960_288518_13141_3-512.jpg"],[5,"1216746259_597025_14635_1-512.jpg"],[5,"1216746260_007145_14636_1-512.jpg"]],"material_ml":"painted","preds_construction":[[1,"1216745958_808506_13130_3-512.jpg"],[1,"1216745959_083487_13132_3-512.jpg"],[1,"1216745959_218560_13133_3-512.jpg"],[1,"1216745959_353513_13134_3-512.jpg"],[2,"1216745959_488495_13135_3-512.jpg"],[2,"1216745959_618609_13136_3-512.jpg"],[2,"1216745959_748517_13137_3-512.jpg"],[2,"1216746259_166741_14634_1-512.jpg"],[2,"1216746259_597025_14635_1-512.jpg"],[2,"1216746260_007145_14636_1-512.jpg"]],"construction_ml":"complete","preds_design":[[2,"1216746259_597025_14635_1-512.jpg"],[2,"1216746260_007145_14636_1-512.jpg"]],"design_ml":"designed","images":[]}
