{"MATERIAL":"corrugated metal","AVG_SLOPE":4.90423389917,"AVG_HEIGHT":3.22529546212,"TERAIN_SLP":9.366601743,"AREA":23.5730927719,"VOLUME":76,"FLOORS":2,"INT_ZONE":null,"FLOOD":2,"LANDSLIDE":"Amenaza Media","LEGAL_ID":"231","LEGAL_NAME":"BELLA FLOR","LEGAL_AREA":24.13,"LEGAL_LOTS":1732,"LEGAL_POP":9352.8,"LEGAL_DENS":71.77786987,"LEGALIZING":null,"BLOCK_ID_":"002580072","BLOCK_POP":49,"BLOCK_BLD":15,"BLOCK_RISK":15.257014,"BLOCK_EDU":90.809784,"BLOCK_HLTH":0,"BLOCK_TRAN":82.492615,"BLOCK_CULT":0,"BLOCK_PARK":96.162544,"BLOCK_SEC":100,"BLOCK_CENT":0,"BLOCK_DEF":60,"BLD_INHAB":3,"OBJECTID":1,"AO_225":0.16,"id":6359,"preds_material":[[5,"1216746260_007145_14636_1-512.jpg"],[5,"1216746260_417023_14637_1-512.jpg"],[5,"1216746260_417023_14637_1-512.jpg"]],"material_ml":"painted","preds_construction":[[2,"1216745957_663797_13122_3-512.jpg"],[2,"1216746260_417023_14637_1-512.jpg"],[2,"1216746260_846771_14638_1-512.jpg"]],"construction_ml":"complete","preds_design":[[1,"1216746260_007145_14636_1-512.jpg"],[1,"1216746260_417023_14637_1-512.jpg"],[2,"1216746260_417023_14637_1-512.jpg"]],"design_ml":"undesigned","images":[]}
