{"MATERIAL":"corrugated metal/heavily patched","AVG_SLOPE":5.44425835331,"AVG_HEIGHT":7.94985812922,"TERAIN_SLP":26.6297550987,"AREA":87.4561908403,"VOLUME":695,"FLOORS":2,"INT_ZONE":null,"FLOOD":2,"LANDSLIDE":"Amenaza Media","LEGAL_ID":"231","LEGAL_NAME":"BELLA FLOR","LEGAL_AREA":24.13,"LEGAL_LOTS":1732,"LEGAL_POP":9352.8,"LEGAL_DENS":71.77786987,"LEGALIZING":null,"BLOCK_ID_":"002580003","BLOCK_POP":17,"BLOCK_BLD":6,"BLOCK_RISK":2.4962368,"BLOCK_EDU":93.26194,"BLOCK_HLTH":0,"BLOCK_TRAN":79.71769,"BLOCK_CULT":0,"BLOCK_PARK":86.697998,"BLOCK_SEC":100,"BLOCK_CENT":0,"BLOCK_DEF":66.6666666667,"BLD_INHAB":3,"OBJECTID":1,"AO_225":0.16,"id":6363,"preds_mat":[[5,"1216746265_831934_14659_1-512.jpg"],[5,"1216746266_101929_14660_1-512.jpg"],[5,"1216746266_101929_14660_1-512.jpg"],[5,"1216746266_101929_14660_1-512.jpg"],[5,"1216746266_507005_14661_1-512.jpg"],[5,"1216746266_507005_14661_1-512.jpg"],[5,"1216746266_917003_14662_1-512.jpg"],[1,"1216746268_047101_14664_1-512.jpg"]],"material_ml":"painted","images":[]}
