{"MATERIAL":"corrugated metal - painted","AVG_SLOPE":10.0958402391,"AVG_HEIGHT":0.90483622571,"TERAIN_SLP":22.6847587599,"AREA":49.1652942354,"VOLUME":44,"FLOORS":1,"INT_ZONE":null,"FLOOD":2,"LANDSLIDE":"Amenaza Media","LEGAL_ID":"231","LEGAL_NAME":"BELLA FLOR","LEGAL_AREA":24.13,"LEGAL_LOTS":1732,"LEGAL_POP":9352.8,"LEGAL_DENS":71.77786987,"LEGALIZING":null,"BLOCK_ID_":"002580001","BLOCK_POP":151,"BLOCK_BLD":45,"BLOCK_RISK":3.6859672,"BLOCK_EDU":94.19558,"BLOCK_HLTH":0,"BLOCK_TRAN":82.047791,"BLOCK_CULT":0,"BLOCK_PARK":90.92984,"BLOCK_SEC":100,"BLOCK_CENT":0,"BLOCK_DEF":44.4444444444,"BLD_INHAB":3,"OBJECTID":2,"AO_225":0.2,"id":6373,"preds_material":[[3,"1216746290_736871_14734_1-512.jpg"]],"material_ml":"tin","preds_construction":[[1,"1216745917_813678_12906_3-512.jpg"],[2,"1216745918_738707_12910_3-512.jpg"],[2,"1216746290_316900_14732_1-512.jpg"],[2,"1216746290_526897_14733_1-512.jpg"]],"construction_ml":"complete","preds_design":[[1,"1216745917_813678_12906_3-512.jpg"],[1,"1216745918_278684_12908_3-512.jpg"],[1,"1216745918_508677_12909_3-512.jpg"],[1,"1216745918_738707_12910_3-512.jpg"],[1,"1216746290_316900_14732_1-512.jpg"],[1,"1216746290_946882_14735_1-512.jpg"]],"design_ml":"undesigned","images":[]}
