{"MATERIAL":"corrugated metal - painted","AVG_SLOPE":7.04291956324,"AVG_HEIGHT":0.51083739638,"TERAIN_SLP":17.7935264534,"AREA":45.5117200996,"VOLUME":23,"FLOORS":1,"INT_ZONE":null,"FLOOD":2,"LANDSLIDE":"Amenaza Media","LEGAL_ID":"231","LEGAL_NAME":"BELLA FLOR","LEGAL_AREA":24.13,"LEGAL_LOTS":1732,"LEGAL_POP":9352.8,"LEGAL_DENS":71.77786987,"LEGALIZING":null,"BLOCK_ID_":"002580001","BLOCK_POP":151,"BLOCK_BLD":45,"BLOCK_RISK":3.6859672,"BLOCK_EDU":94.19558,"BLOCK_HLTH":0,"BLOCK_TRAN":82.047791,"BLOCK_CULT":0,"BLOCK_PARK":90.92984,"BLOCK_SEC":100,"BLOCK_CENT":0,"BLOCK_DEF":44.4444444444,"BLD_INHAB":3,"OBJECTID":2,"AO_225":0.2,"id":6480,"preds_material":[[1,"1216746287_456926_14720_1-512.jpg"],[1,"1216746287_751976_14721_1-512.jpg"],[1,"1216746288_066888_14722_1-512.jpg"],[5,"1216746288_066888_14722_1-512.jpg"],[1,"1216746288_336797_14723_1-512.jpg"],[5,"1216746288_336797_14723_1-512.jpg"],[3,"1216746288_596989_14724_1-512.jpg"],[1,"1216746288_596989_14724_1-512.jpg"],[3,"1216746288_866893_14725_1-512.jpg"],[1,"1216746289_066936_14726_1-512.jpg"],[3,"1216746289_066936_14726_1-512.jpg"],[6,"1216746289_066936_14726_1-512.jpg"],[6,"1216746289_271825_14727_1-512.jpg"],[5,"1216746289_271825_14727_1-512.jpg"]],"material_ml":"brick","preds_construction":[[2,"1216745920_913661_12923_3-512.jpg"],[2,"1216746288_336797_14723_1-512.jpg"],[1,"1216746288_336797_14723_1-512.jpg"],[2,"1216746288_596989_14724_1-512.jpg"],[2,"1216746288_866893_14725_1-512.jpg"],[2,"1216746289_066936_14726_1-512.jpg"],[2,"1216746289_271825_14727_1-512.jpg"]],"construction_ml":"complete","preds_design":[[1,"1216746288_596989_14724_1-512.jpg"],[1,"1216746288_866893_14725_1-512.jpg"],[1,"1216746289_066936_14726_1-512.jpg"],[1,"1216746289_271825_14727_1-512.jpg"]],"design_ml":"undesigned","images":[]}
