{"MATERIAL":"corrugated metal","AVG_SLOPE":9.61099678738,"AVG_HEIGHT":0.60911640349,"TERAIN_SLP":20.1162129387,"AREA":69.5319650448,"VOLUME":42,"FLOORS":1,"INT_ZONE":null,"FLOOD":2,"LANDSLIDE":"Amenaza Media","LEGAL_ID":"231","LEGAL_NAME":"BELLA FLOR","LEGAL_AREA":24.13,"LEGAL_LOTS":1732,"LEGAL_POP":9352.8,"LEGAL_DENS":71.77786987,"LEGALIZING":null,"BLOCK_ID_":"002580001","BLOCK_POP":151,"BLOCK_BLD":45,"BLOCK_RISK":3.6859672,"BLOCK_EDU":94.19558,"BLOCK_HLTH":0,"BLOCK_TRAN":82.047791,"BLOCK_CULT":0,"BLOCK_PARK":90.92984,"BLOCK_SEC":100,"BLOCK_CENT":0,"BLOCK_DEF":44.4444444444,"BLD_INHAB":3,"OBJECTID":2,"AO_225":0.2,"id":6482,"preds_material":[[5,"1216746283_406911_14708_1-512.jpg"],[6,"1216746286_131830_14716_1-512.jpg"],[2,"1216746286_131830_14716_1-512.jpg"],[6,"1216746286_481809_14717_1-512.jpg"],[2,"1216746286_481809_14717_1-512.jpg"],[6,"1216746286_811810_14718_1-512.jpg"],[2,"1216746286_811810_14718_1-512.jpg"],[1,"1216746286_811810_14718_1-512.jpg"],[2,"1216746287_751976_14721_1-512.jpg"],[1,"1216746287_751976_14721_1-512.jpg"],[6,"1216746287_751976_14721_1-512.jpg"],[2,"1216746288_066888_14722_1-512.jpg"],[6,"1216746288_066888_14722_1-512.jpg"],[1,"1216746288_066888_14722_1-512.jpg"],[2,"1216746288_336797_14723_1-512.jpg"]],"material_ml":"concrete","preds_construction":[[1,"1216745923_138700_12942_3-512.jpg"],[2,"1216746286_131830_14716_1-512.jpg"],[2,"1216746286_481809_14717_1-512.jpg"],[2,"1216746286_811810_14718_1-512.jpg"]],"construction_ml":"complete","preds_design":[[2,"1216746286_131830_14716_1-512.jpg"],[2,"1216746286_481809_14717_1-512.jpg"],[2,"1216746286_811810_14718_1-512.jpg"]],"design_ml":"designed","images":[]}
