{"MATERIAL":"corrugated metal - new","AVG_SLOPE":4.26034397223,"AVG_HEIGHT":6.53007340646,"TERAIN_SLP":10.0466879961,"AREA":84.2105835631,"VOLUME":550,"FLOORS":2,"INT_ZONE":null,"FLOOD":2,"LANDSLIDE":"Amenaza Media","LEGAL_ID":"231","LEGAL_NAME":"BELLA FLOR","LEGAL_AREA":24.13,"LEGAL_LOTS":1732,"LEGAL_POP":9352.8,"LEGAL_DENS":71.77786987,"LEGALIZING":null,"BLOCK_ID_":"002580001","BLOCK_POP":151,"BLOCK_BLD":45,"BLOCK_RISK":3.6859672,"BLOCK_EDU":94.19558,"BLOCK_HLTH":0,"BLOCK_TRAN":82.047791,"BLOCK_CULT":0,"BLOCK_PARK":90.92984,"BLOCK_SEC":100,"BLOCK_CENT":0,"BLOCK_DEF":44.4444444444,"BLD_INHAB":3,"OBJECTID":2,"AO_225":0.2,"id":6488,"preds_material":[[1,"1216746276_966935_14689_1-512.jpg"],[6,"1216746276_966935_14689_1-512.jpg"],[2,"1216746276_966935_14689_1-512.jpg"],[1,"1216746277_361876_14690_1-512.jpg"],[6,"1216746277_361876_14690_1-512.jpg"],[1,"1216746277_771895_14691_1-512.jpg"],[5,"1216746278_191862_14692_1-512.jpg"],[1,"1216746278_191862_14692_1-512.jpg"],[6,"1216746278_191862_14692_1-512.jpg"],[1,"1216746278_597172_14693_1-512.jpg"],[5,"1216746278_597172_14693_1-512.jpg"],[1,"1216746279_007096_14694_1-512.jpg"],[5,"1216746279_007096_14694_1-512.jpg"],[1,"1216746279_426930_14695_1-512.jpg"]],"material_ml":"brick","preds_construction":[[2,"1216745936_368606_13034_3-512.jpg"],[2,"1216745936_753604_13036_3-512.jpg"],[2,"1216745937_313593_13039_3-512.jpg"],[2,"1216745937_498604_13040_3-512.jpg"],[2,"1216745937_683610_13041_3-512.jpg"],[2,"1216745937_863608_13042_3-512.jpg"],[2,"1216745938_113395_13043_3-512.jpg"],[2,"1216745938_403583_13044_3-512.jpg"],[2,"1216746276_966935_14689_1-512.jpg"],[2,"1216746277_361876_14690_1-512.jpg"],[2,"1216746277_771895_14691_1-512.jpg"],[2,"1216746278_191862_14692_1-512.jpg"],[2,"1216746278_191862_14692_1-512.jpg"],[1,"1216746278_191862_14692_1-512.jpg"],[2,"1216746278_597172_14693_1-512.jpg"],[2,"1216746278_597172_14693_1-512.jpg"],[2,"1216746279_007096_14694_1-512.jpg"],[2,"1216746279_426930_14695_1-512.jpg"]],"construction_ml":"complete","preds_design":[[1,"1216745937_498604_13040_3-512.jpg"],[1,"1216745937_683610_13041_3-512.jpg"],[1,"1216745937_863608_13042_3-512.jpg"],[1,"1216745938_113395_13043_3-512.jpg"],[1,"1216745938_403583_13044_3-512.jpg"],[2,"1216746276_966935_14689_1-512.jpg"],[2,"1216746277_361876_14690_1-512.jpg"],[2,"1216746277_771895_14691_1-512.jpg"],[2,"1216746278_191862_14692_1-512.jpg"],[2,"1216746278_191862_14692_1-512.jpg"],[2,"1216746278_597172_14693_1-512.jpg"],[2,"1216746278_597172_14693_1-512.jpg"],[2,"1216746279_007096_14694_1-512.jpg"],[2,"1216746279_426930_14695_1-512.jpg"]],"design_ml":"designed","images":[]}
