{"MATERIAL":"corrugated metal - new","AVG_SLOPE":7.68717889506,"AVG_HEIGHT":2.38316895948,"TERAIN_SLP":17.178541387,"AREA":49.9645387745,"VOLUME":119,"FLOORS":1,"INT_ZONE":null,"FLOOD":2,"LANDSLIDE":"Amenaza Media","LEGAL_ID":"231","LEGAL_NAME":"BELLA FLOR","LEGAL_AREA":24.13,"LEGAL_LOTS":1732,"LEGAL_POP":9352.8,"LEGAL_DENS":71.77786987,"LEGALIZING":null,"BLOCK_ID_":null,"BLOCK_POP":0,"BLOCK_BLD":0,"BLOCK_RISK":0,"BLOCK_EDU":0,"BLOCK_HLTH":0,"BLOCK_TRAN":0,"BLOCK_CULT":0,"BLOCK_PARK":0,"BLOCK_SEC":0,"BLOCK_CENT":0,"BLOCK_DEF":0,"BLD_INHAB":0,"OBJECTID":2,"AO_225":0.2,"id":6495,"preds_material":[[5,"1216745938_753585_13045_1-512.jpg"],[5,"1216745939_183739_13046_1-512.jpg"],[1,"1216746276_966935_14689_3-512.jpg"],[1,"1216746276_966935_14689_3-512.jpg"],[1,"1216746277_361876_14690_3-512.jpg"],[1,"1216746277_771895_14691_3-512.jpg"],[5,"1216746277_771895_14691_3-512.jpg"],[1,"1216746278_191862_14692_3-512.jpg"],[1,"1216746278_597172_14693_3-512.jpg"]],"material_ml":"brick","preds_construction":[[2,"1216745938_753585_13045_1-512.jpg"],[1,"1216745938_753585_13045_1-512.jpg"],[2,"1216745938_753585_13045_1-512.jpg"],[2,"1216745939_183739_13046_1-512.jpg"],[1,"1216746276_966935_14689_3-512.jpg"],[1,"1216746276_966935_14689_3-512.jpg"],[2,"1216746276_966935_14689_3-512.jpg"],[1,"1216746277_361876_14690_3-512.jpg"],[2,"1216746277_361876_14690_3-512.jpg"],[1,"1216746277_771895_14691_3-512.jpg"],[2,"1216746277_771895_14691_3-512.jpg"],[2,"1216746277_771895_14691_3-512.jpg"]],"construction_ml":"complete","preds_design":[[2,"1216745938_753585_13045_1-512.jpg"],[1,"1216745938_753585_13045_1-512.jpg"],[2,"1216745939_183739_13046_1-512.jpg"],[1,"1216745939_183739_13046_1-512.jpg"],[2,"1216746276_966935_14689_3-512.jpg"],[2,"1216746276_966935_14689_3-512.jpg"],[2,"1216746277_361876_14690_3-512.jpg"],[2,"1216746277_771895_14691_3-512.jpg"],[2,"1216746277_771895_14691_3-512.jpg"]],"design_ml":"designed","images":[]}
