{"MATERIAL":"corrugated metal - dark","AVG_SLOPE":15.1609467213,"AVG_HEIGHT":1.97720723371,"TERAIN_SLP":10.0935158846,"AREA":52.6415083729,"VOLUME":104,"FLOORS":1,"INT_ZONE":null,"FLOOD":2,"LANDSLIDE":"Amenaza Media","LEGAL_ID":"231","LEGAL_NAME":"BELLA FLOR","LEGAL_AREA":24.13,"LEGAL_LOTS":1732,"LEGAL_POP":9352.8,"LEGAL_DENS":71.77786987,"LEGALIZING":null,"BLOCK_ID_":"002580002","BLOCK_POP":123,"BLOCK_BLD":34,"BLOCK_RISK":2.3278787,"BLOCK_EDU":94.289726,"BLOCK_HLTH":0,"BLOCK_TRAN":81.823814,"BLOCK_CULT":0,"BLOCK_PARK":90.769073,"BLOCK_SEC":100,"BLOCK_CENT":0,"BLOCK_DEF":47.0588235294,"BLD_INHAB":4,"OBJECTID":2,"AO_225":0.2,"id":6499,"preds_material":[[5,"1216746268_951904_14666_1-512.jpg"],[5,"1216746269_266983_14667_1-512.jpg"],[5,"1216746269_591995_14668_1-512.jpg"],[5,"1216746269_886964_14669_1-512.jpg"],[5,"1216746270_156967_14670_1-512.jpg"],[5,"1216746270_426892_14671_1-512.jpg"],[5,"1216746270_701922_14672_1-512.jpg"],[5,"1216746271_012035_14673_1-512.jpg"],[5,"1216746271_012035_14673_1-512.jpg"],[5,"1216746271_297059_14674_1-512.jpg"],[5,"1216746271_581928_14675_1-512.jpg"],[5,"1216746271_911860_14676_1-512.jpg"],[5,"1216746272_201818_14677_1-512.jpg"],[5,"1216746272_496832_14678_1-512.jpg"],[5,"1216746272_797054_14679_1-512.jpg"],[5,"1216746273_141863_14680_1-512.jpg"],[5,"1216746273_491899_14681_1-512.jpg"],[5,"1216746273_841865_14682_1-512.jpg"],[5,"1216746274_197193_14683_1-512.jpg"],[5,"1216746274_531872_14684_1-512.jpg"]],"material_ml":"painted","preds_construction":[[2,"1216745944_612211_13048_3-512.jpg"],[2,"1216745945_098613_13049_3-512.jpg"],[2,"1216745945_433627_13050_3-512.jpg"],[2,"1216745945_693536_13051_3-512.jpg"],[2,"1216745945_938580_13052_3-512.jpg"],[2,"1216745946_158549_13053_3-512.jpg"],[2,"1216745946_363460_13054_3-512.jpg"],[2,"1216745946_553443_13055_3-512.jpg"],[2,"1216746269_266983_14667_1-512.jpg"],[2,"1216746269_591995_14668_1-512.jpg"],[2,"1216746269_886964_14669_1-512.jpg"],[2,"1216746270_156967_14670_1-512.jpg"],[2,"1216746270_426892_14671_1-512.jpg"],[2,"1216746270_701922_14672_1-512.jpg"],[2,"1216746270_701922_14672_1-512.jpg"],[2,"1216746271_012035_14673_1-512.jpg"],[2,"1216746271_012035_14673_1-512.jpg"],[2,"1216746271_297059_14674_1-512.jpg"],[2,"1216746271_581928_14675_1-512.jpg"],[2,"1216746271_911860_14676_1-512.jpg"],[2,"1216746272_201818_14677_1-512.jpg"],[2,"1216746272_496832_14678_1-512.jpg"],[2,"1216746272_797054_14679_1-512.jpg"],[2,"1216746273_141863_14680_1-512.jpg"],[2,"1216746273_491899_14681_1-512.jpg"],[2,"1216746273_841865_14682_1-512.jpg"],[2,"1216746274_197193_14683_1-512.jpg"],[2,"1216746274_531872_14684_1-512.jpg"]],"construction_ml":"complete","preds_design":[[2,"1216746269_266983_14667_1-512.jpg"],[2,"1216746269_591995_14668_1-512.jpg"],[2,"1216746269_886964_14669_1-512.jpg"],[2,"1216746270_156967_14670_1-512.jpg"],[2,"1216746270_426892_14671_1-512.jpg"],[2,"1216746270_701922_14672_1-512.jpg"],[2,"1216746271_012035_14673_1-512.jpg"],[2,"1216746271_012035_14673_1-512.jpg"],[2,"1216746271_297059_14674_1-512.jpg"],[2,"1216746271_581928_14675_1-512.jpg"],[2,"1216746271_911860_14676_1-512.jpg"],[2,"1216746272_201818_14677_1-512.jpg"],[2,"1216746272_496832_14678_1-512.jpg"],[2,"1216746272_797054_14679_1-512.jpg"],[2,"1216746273_141863_14680_1-512.jpg"],[2,"1216746273_491899_14681_1-512.jpg"],[2,"1216746273_841865_14682_1-512.jpg"],[2,"1216746274_197193_14683_1-512.jpg"],[2,"1216746274_531872_14684_1-512.jpg"]],"design_ml":"designed","images":[]}
