{"MATERIAL":"concrete","AVG_SLOPE":13.1098998667,"AVG_HEIGHT":3.39934634358,"TERAIN_SLP":11.1049776855,"AREA":46.7008907935,"VOLUME":159,"FLOORS":2,"INT_ZONE":null,"FLOOD":1,"LANDSLIDE":"Amenaza Media","LEGAL_ID":"231","LEGAL_NAME":"BELLA FLOR","LEGAL_AREA":24.13,"LEGAL_LOTS":1732,"LEGAL_POP":9352.8,"LEGAL_DENS":71.77786987,"LEGALIZING":null,"BLOCK_ID_":null,"BLOCK_POP":0,"BLOCK_BLD":0,"BLOCK_RISK":0,"BLOCK_EDU":0,"BLOCK_HLTH":0,"BLOCK_TRAN":0,"BLOCK_CULT":0,"BLOCK_PARK":0,"BLOCK_SEC":0,"BLOCK_CENT":0,"BLOCK_DEF":0,"BLD_INHAB":0,"OBJECTID":2,"AO_225":0.2,"id":6502,"preds_material":[[5,"1216745934_598640_13024_1-512.jpg"],[5,"1216745934_773596_13025_1-512.jpg"],[5,"1216745935_073673_13027_1-512.jpg"],[5,"1216745935_613652_13030_1-512.jpg"],[5,"1216745935_768629_13031_1-512.jpg"],[5,"1216745935_973629_13032_1-512.jpg"],[5,"1216745936_173584_13033_1-512.jpg"],[5,"1216745936_368606_13034_1-512.jpg"],[5,"1216745936_563653_13035_1-512.jpg"],[5,"1216745936_563653_13035_1-512.jpg"],[1,"1216745937_128623_13038_1-512.jpg"],[1,"1216746279_007096_14694_3-512.jpg"],[1,"1216746279_426930_14695_3-512.jpg"],[1,"1216746279_861861_14696_3-512.jpg"],[1,"1216746280_226833_14697_3-512.jpg"],[1,"1216746280_561857_14698_3-512.jpg"]],"material_ml":"painted","preds_construction":[[2,"1216745935_428669_13029_1-512.jpg"],[1,"1216745935_428669_13029_1-512.jpg"],[2,"1216745935_613652_13030_1-512.jpg"],[1,"1216745935_613652_13030_1-512.jpg"],[2,"1216745935_768629_13031_1-512.jpg"],[1,"1216745935_768629_13031_1-512.jpg"],[2,"1216745935_973629_13032_1-512.jpg"],[1,"1216745935_973629_13032_1-512.jpg"],[2,"1216745936_173584_13033_1-512.jpg"],[2,"1216745936_368606_13034_1-512.jpg"],[1,"1216745936_368606_13034_1-512.jpg"],[2,"1216745936_563653_13035_1-512.jpg"],[1,"1216746279_007096_14694_3-512.jpg"],[2,"1216746279_007096_14694_3-512.jpg"],[1,"1216746279_426930_14695_3-512.jpg"],[1,"1216746279_861861_14696_3-512.jpg"],[1,"1216746279_861861_14696_3-512.jpg"],[1,"1216746280_226833_14697_3-512.jpg"]],"construction_ml":"incomplete","preds_design":[[1,"1216745935_428669_13029_1-512.jpg"],[1,"1216745935_613652_13030_1-512.jpg"],[1,"1216745935_768629_13031_1-512.jpg"],[2,"1216745935_768629_13031_1-512.jpg"],[1,"1216745935_973629_13032_1-512.jpg"],[1,"1216745936_173584_13033_1-512.jpg"],[1,"1216745936_368606_13034_1-512.jpg"],[2,"1216746279_007096_14694_3-512.jpg"],[2,"1216746279_426930_14695_3-512.jpg"],[2,"1216746279_861861_14696_3-512.jpg"],[2,"1216746279_861861_14696_3-512.jpg"],[2,"1216746280_226833_14697_3-512.jpg"],[2,"1216746280_561857_14698_3-512.jpg"],[1,"1216746280_561857_14698_3-512.jpg"]],"design_ml":"undesigned","images":[]}
