{"MATERIAL":"corrugated metal/heavily patched","AVG_SLOPE":7.53614086094,"AVG_HEIGHT":0.43700057396,"TERAIN_SLP":15.9975550959,"AREA":112.793125951,"VOLUME":49,"FLOORS":1,"INT_ZONE":null,"FLOOD":1,"LANDSLIDE":"Amenaza Media","LEGAL_ID":null,"LEGAL_NAME":null,"LEGAL_AREA":0,"LEGAL_LOTS":0,"LEGAL_POP":0,"LEGAL_DENS":0,"LEGALIZING":null,"BLOCK_ID_":null,"BLOCK_POP":0,"BLOCK_BLD":0,"BLOCK_RISK":0,"BLOCK_EDU":0,"BLOCK_HLTH":0,"BLOCK_TRAN":0,"BLOCK_CULT":0,"BLOCK_PARK":0,"BLOCK_SEC":0,"BLOCK_CENT":0,"BLOCK_DEF":0,"BLD_INHAB":0,"OBJECTID":2,"AO_225":0.2,"id":6520,"preds_material":[[5,"1216745928_713571_12989_1-512.jpg"],[5,"1216745928_964091_12991_1-512.jpg"],[5,"1216745929_099137_12992_1-512.jpg"],[5,"1216745929_239136_12993_1-512.jpg"],[5,"1216745929_358643_12994_1-512.jpg"],[5,"1216745929_503588_12995_1-512.jpg"],[5,"1216745929_648602_12996_1-512.jpg"],[5,"1216745929_798642_12997_1-512.jpg"],[5,"1216745929_798642_12997_1-512.jpg"],[5,"1216745929_953488_12998_1-512.jpg"],[5,"1216745929_953488_12998_1-512.jpg"],[5,"1216745930_108472_12999_1-512.jpg"],[5,"1216745930_268534_13000_1-512.jpg"],[5,"1216745930_433581_13001_1-512.jpg"],[5,"1216745930_603436_13002_1-512.jpg"],[5,"1216745930_943513_13004_1-512.jpg"],[5,"1216745931_123511_13005_1-512.jpg"],[5,"1216745931_308563_13006_1-512.jpg"],[5,"1216745932_783510_13014_1-512.jpg"],[1,"1216745933_143545_13016_1-512.jpg"],[6,"1216746280_561857_14698_3-512.jpg"],[6,"1216746280_876863_14699_3-512.jpg"],[5,"1216746281_136923_14700_3-512.jpg"],[5,"1216746281_416871_14701_3-512.jpg"],[1,"1216746281_416871_14701_3-512.jpg"],[5,"1216746281_741845_14702_3-512.jpg"],[1,"1216746281_741845_14702_3-512.jpg"],[5,"1216746282_041674_14703_3-512.jpg"],[1,"1216746282_041674_14703_3-512.jpg"],[5,"1216746282_326663_14704_3-512.jpg"],[1,"1216746282_326663_14704_3-512.jpg"]],"material_ml":"painted","preds_construction":[[2,"1216745929_648602_12996_1-512.jpg"],[2,"1216745929_798642_12997_1-512.jpg"],[2,"1216745929_953488_12998_1-512.jpg"],[2,"1216745930_108472_12999_1-512.jpg"],[2,"1216746281_741845_14702_3-512.jpg"],[2,"1216746282_041674_14703_3-512.jpg"],[2,"1216746282_326663_14704_3-512.jpg"]],"construction_ml":"complete","preds_design":[[1,"1216745929_099137_12992_1-512.jpg"],[1,"1216745929_239136_12993_1-512.jpg"],[1,"1216745929_358643_12994_1-512.jpg"],[1,"1216745929_503588_12995_1-512.jpg"],[1,"1216745929_648602_12996_1-512.jpg"],[1,"1216745929_798642_12997_1-512.jpg"],[1,"1216745929_953488_12998_1-512.jpg"],[1,"1216745930_108472_12999_1-512.jpg"],[1,"1216745930_268534_13000_1-512.jpg"],[1,"1216745930_433581_13001_1-512.jpg"],[1,"1216745930_603436_13002_1-512.jpg"],[1,"1216745930_773495_13003_1-512.jpg"],[2,"1216746281_741845_14702_3-512.jpg"],[2,"1216746282_041674_14703_3-512.jpg"],[2,"1216746282_326663_14704_3-512.jpg"]],"design_ml":"undesigned","images":[]}
