{"MATERIAL":"corrugated metal - dark","AVG_SLOPE":5.51139196019,"AVG_HEIGHT":0.70499337725,"TERAIN_SLP":17.1610127783,"AREA":29.8771088393,"VOLUME":21,"FLOORS":1,"INT_ZONE":"Borde Rural","FLOOD":2,"LANDSLIDE":"Amenaza Media","LEGAL_ID":"358","LEGAL_NAME":"EL PARAISO","LEGAL_AREA":26.04,"LEGAL_LOTS":2077,"LEGAL_POP":11215.8,"LEGAL_DENS":79.76190476,"LEGALIZING":null,"BLOCK_ID_":"002565009","BLOCK_POP":210,"BLOCK_BLD":45,"BLOCK_RISK":2.8288567,"BLOCK_EDU":0,"BLOCK_HLTH":13.238153,"BLOCK_TRAN":44.518749,"BLOCK_CULT":0,"BLOCK_PARK":20.050901,"BLOCK_SEC":100,"BLOCK_CENT":0,"BLOCK_DEF":44.4444444444,"BLD_INHAB":5,"OBJECTID":2,"AO_225":0.2,"id":666,"preds_material":[[5,"1216744572_994949_9935_1-512.jpg"],[1,"1216744573_409819_9936_1-512.jpg"],[5,"1216744573_409819_9936_1-512.jpg"],[5,"1216744573_829939_9937_1-512.jpg"],[1,"1216744573_829939_9937_1-512.jpg"],[5,"1216744574_219922_9938_1-512.jpg"],[1,"1216744574_219922_9938_1-512.jpg"],[5,"1216744574_535000_9939_1-512.jpg"],[5,"1216744574_865041_9940_1-512.jpg"],[5,"1216744575_185271_9941_1-512.jpg"],[1,"1216744575_185271_9941_1-512.jpg"],[5,"1216744575_519964_9942_1-512.jpg"],[1,"1216744575_519964_9942_1-512.jpg"],[1,"1216744575_770146_9943_1-512.jpg"],[5,"1216744575_770146_9943_1-512.jpg"],[1,"1216744576_080380_9944_1-512.jpg"],[5,"1216744576_080380_9944_1-512.jpg"],[1,"1216744576_380156_9945_1-512.jpg"],[5,"1216744576_380156_9945_1-512.jpg"],[1,"1216744576_680175_9946_1-512.jpg"],[5,"1216744576_970348_9947_1-512.jpg"]],"material_ml":"painted","preds_construction":[[2,"1216744573_829939_9937_1-512.jpg"],[2,"1216744574_219922_9938_1-512.jpg"],[2,"1216744574_535000_9939_1-512.jpg"],[2,"1216744574_865041_9940_1-512.jpg"],[2,"1216744575_185271_9941_1-512.jpg"],[2,"1216744575_519964_9942_1-512.jpg"],[2,"1216744575_770146_9943_1-512.jpg"],[2,"1216744576_080380_9944_1-512.jpg"],[2,"1216744576_380156_9945_1-512.jpg"],[2,"1216744576_680175_9946_1-512.jpg"],[2,"1216744576_970348_9947_1-512.jpg"]],"construction_ml":"complete","preds_design":[[2,"1216744573_829939_9937_1-512.jpg"],[2,"1216744574_219922_9938_1-512.jpg"],[2,"1216744574_535000_9939_1-512.jpg"],[2,"1216744574_865041_9940_1-512.jpg"],[2,"1216744575_185271_9941_1-512.jpg"],[2,"1216744575_519964_9942_1-512.jpg"],[2,"1216744575_770146_9943_1-512.jpg"],[2,"1216744576_080380_9944_1-512.jpg"],[2,"1216744576_380156_9945_1-512.jpg"],[2,"1216744576_680175_9946_1-512.jpg"],[2,"1216744576_970348_9947_1-512.jpg"]],"design_ml":"designed","images":[]}
