{"MATERIAL":"corrugated metal","AVG_SLOPE":7.38694944632,"AVG_HEIGHT":6.47509416493,"TERAIN_SLP":1.2073328608,"AREA":51.5739635699,"VOLUME":334,"FLOORS":2,"INT_ZONE":"Borde Rural","FLOOD":1,"LANDSLIDE":"Amenaza Media","LEGAL_ID":"358","LEGAL_NAME":"EL PARAISO","LEGAL_AREA":26.04,"LEGAL_LOTS":2077,"LEGAL_POP":11215.8,"LEGAL_DENS":79.76190476,"LEGALIZING":null,"BLOCK_ID_":"002565016","BLOCK_POP":142,"BLOCK_BLD":34,"BLOCK_RISK":4.6029954,"BLOCK_EDU":0.51673931,"BLOCK_HLTH":16.910906,"BLOCK_TRAN":46.423752,"BLOCK_CULT":0,"BLOCK_PARK":22.926834,"BLOCK_SEC":100,"BLOCK_CENT":0,"BLOCK_DEF":58.8235294118,"BLD_INHAB":4,"OBJECTID":2,"AO_225":0.2,"id":668,"preds_material":[[5,"1216741142_912992_1643_1-512.jpg"],[5,"1216741143_177956_1644_1-512.jpg"],[5,"1216741143_443024_1645_1-512.jpg"],[5,"1216741143_707985_1646_1-512.jpg"],[5,"1216741143_972991_1647_1-512.jpg"],[3,"1216744600_079850_10013_1-512.jpg"],[3,"1216744600_419779_10014_1-512.jpg"]],"material_ml":"painted","preds_construction":[[2,"1216741142_912992_1643_1-512.jpg"],[2,"1216741143_177956_1644_1-512.jpg"],[2,"1216741143_443024_1645_1-512.jpg"],[2,"1216741143_707985_1646_1-512.jpg"],[2,"1216741143_972991_1647_1-512.jpg"]],"construction_ml":"complete","preds_design":[[2,"1216741142_347966_1641_1-512.jpg"],[2,"1216741142_637981_1642_1-512.jpg"],[2,"1216741142_912992_1643_1-512.jpg"],[2,"1216741143_177956_1644_1-512.jpg"],[2,"1216741143_443024_1645_1-512.jpg"],[2,"1216741143_707985_1646_1-512.jpg"],[2,"1216741143_972991_1647_1-512.jpg"]],"design_ml":"designed","images":[]}
