{"MATERIAL":"corrugated metal","AVG_SLOPE":7.92933585812,"AVG_HEIGHT":5.31356147139,"TERAIN_SLP":16.3786885384,"AREA":68.288099117,"VOLUME":363,"FLOORS":2,"INT_ZONE":"Borde Rural","FLOOD":4,"LANDSLIDE":"Amenaza Media","LEGAL_ID":"358","LEGAL_NAME":"EL PARAISO","LEGAL_AREA":26.04,"LEGAL_LOTS":2077,"LEGAL_POP":11215.8,"LEGAL_DENS":79.76190476,"LEGALIZING":null,"BLOCK_ID_":"002565016","BLOCK_POP":142,"BLOCK_BLD":34,"BLOCK_RISK":4.6029954,"BLOCK_EDU":0.51673931,"BLOCK_HLTH":16.910906,"BLOCK_TRAN":46.423752,"BLOCK_CULT":0,"BLOCK_PARK":22.926834,"BLOCK_SEC":100,"BLOCK_CENT":0,"BLOCK_DEF":58.8235294118,"BLD_INHAB":4,"OBJECTID":2,"AO_225":0.2,"id":670,"preds_material":[[5,"1216741078_448314_1565_1-512.jpg"],[5,"1216741078_448314_1565_1-512.jpg"],[5,"1216741078_688396_1566_1-512.jpg"],[5,"1216741078_948299_1567_1-512.jpg"],[5,"1216741078_948299_1567_1-512.jpg"],[5,"1216741079_208308_1568_1-512.jpg"],[5,"1216741079_208308_1568_1-512.jpg"],[5,"1216741079_463281_1569_1-512.jpg"],[5,"1216741079_723278_1570_1-512.jpg"],[5,"1216741079_723278_1570_1-512.jpg"],[5,"1216741080_008288_1571_1-512.jpg"],[5,"1216741080_283279_1572_1-512.jpg"],[5,"1216741080_573276_1573_1-512.jpg"],[5,"1216741080_858294_1574_1-512.jpg"]],"material_ml":"painted","preds_construction":[[2,"1216741078_448314_1565_1-512.jpg"],[2,"1216741078_688396_1566_1-512.jpg"],[2,"1216741078_948299_1567_1-512.jpg"],[2,"1216741079_208308_1568_1-512.jpg"],[2,"1216741079_463281_1569_1-512.jpg"],[2,"1216741079_723278_1570_1-512.jpg"],[2,"1216741080_008288_1571_1-512.jpg"],[2,"1216741080_283279_1572_1-512.jpg"],[2,"1216741080_573276_1573_1-512.jpg"],[2,"1216741080_858294_1574_1-512.jpg"]],"construction_ml":"complete","preds_design":[[2,"1216741078_448314_1565_1-512.jpg"],[1,"1216741078_448314_1565_1-512.jpg"],[1,"1216741078_688396_1566_1-512.jpg"],[2,"1216741078_688396_1566_1-512.jpg"],[1,"1216741078_948299_1567_1-512.jpg"],[1,"1216741079_208308_1568_1-512.jpg"],[2,"1216741079_208308_1568_1-512.jpg"],[1,"1216741079_463281_1569_1-512.jpg"],[2,"1216741079_463281_1569_1-512.jpg"],[1,"1216741079_723278_1570_1-512.jpg"],[2,"1216741079_723278_1570_1-512.jpg"],[1,"1216741080_008288_1571_1-512.jpg"],[2,"1216741080_008288_1571_1-512.jpg"],[1,"1216741080_283279_1572_1-512.jpg"],[1,"1216741080_573276_1573_1-512.jpg"],[1,"1216741080_858294_1574_1-512.jpg"],[2,"1216741080_858294_1574_1-512.jpg"]],"design_ml":"undesigned","images":[]}
