{"MATERIAL":"corrugated metal","AVG_SLOPE":3.38337148537,"AVG_HEIGHT":5.11851643056,"TERAIN_SLP":2.71189097064,"AREA":69.1903125773,"VOLUME":354,"FLOORS":2,"INT_ZONE":"Borde Rural","FLOOD":2,"LANDSLIDE":"Amenaza Baja","LEGAL_ID":"358","LEGAL_NAME":"EL PARAISO","LEGAL_AREA":26.04,"LEGAL_LOTS":2077,"LEGAL_POP":11215.8,"LEGAL_DENS":79.76190476,"LEGALIZING":null,"BLOCK_ID_":"002565017","BLOCK_POP":92,"BLOCK_BLD":25,"BLOCK_RISK":13.76105,"BLOCK_EDU":0,"BLOCK_HLTH":14.142762,"BLOCK_TRAN":66.283325,"BLOCK_CULT":0,"BLOCK_PARK":20.151697,"BLOCK_SEC":100,"BLOCK_CENT":0,"BLOCK_DEF":36,"BLD_INHAB":4,"OBJECTID":2,"AO_225":0.2,"id":672,"preds_material":[[5,"1216744667_424785_10102_1-512.jpg"],[1,"1216744667_424785_10102_1-512.jpg"],[5,"1216744668_149656_10103_1-512.jpg"],[5,"1216744668_784605_10104_1-512.jpg"],[5,"1216744669_379629_10105_1-512.jpg"],[5,"1216744669_834466_10106_1-512.jpg"],[5,"1216744670_229673_10107_1-512.jpg"],[5,"1216744670_594498_10108_1-512.jpg"],[5,"1216744670_939605_10109_1-512.jpg"],[5,"1216744671_274536_10110_1-512.jpg"],[5,"1216744671_584487_10111_1-512.jpg"],[5,"1216744671_879719_10112_1-512.jpg"],[5,"1216744672_159515_10113_1-512.jpg"],[5,"1216744672_434529_10114_1-512.jpg"],[5,"1216744672_719643_10115_1-512.jpg"],[5,"1216744672_974585_10116_1-512.jpg"],[5,"1216744673_249707_10117_1-512.jpg"],[5,"1216744673_249707_10117_1-512.jpg"],[6,"1216744673_249707_10117_1-512.jpg"],[5,"1216744673_519601_10118_1-512.jpg"],[6,"1216744673_519601_10118_1-512.jpg"],[1,"1216744674_679654_10122_1-512.jpg"],[5,"1216744675_014670_10123_1-512.jpg"],[5,"1216745166_255534_10847_1-512.jpg"]],"material_ml":"painted","preds_construction":[[2,"1216744667_424785_10102_1-512.jpg"],[1,"1216744667_424785_10102_1-512.jpg"],[2,"1216744668_149656_10103_1-512.jpg"],[1,"1216744668_149656_10103_1-512.jpg"],[1,"1216744668_784605_10104_1-512.jpg"],[2,"1216744669_379629_10105_1-512.jpg"],[1,"1216744669_379629_10105_1-512.jpg"],[2,"1216744669_834466_10106_1-512.jpg"],[2,"1216744670_229673_10107_1-512.jpg"],[2,"1216744670_594498_10108_1-512.jpg"],[2,"1216744670_939605_10109_1-512.jpg"],[2,"1216744671_274536_10110_1-512.jpg"],[2,"1216744671_584487_10111_1-512.jpg"],[2,"1216744671_879719_10112_1-512.jpg"],[2,"1216744672_159515_10113_1-512.jpg"],[2,"1216744672_434529_10114_1-512.jpg"],[2,"1216744672_719643_10115_1-512.jpg"],[2,"1216744672_974585_10116_1-512.jpg"],[2,"1216744673_249707_10117_1-512.jpg"],[2,"1216744673_249707_10117_1-512.jpg"],[2,"1216744673_519601_10118_1-512.jpg"],[2,"1216744674_679654_10122_1-512.jpg"],[2,"1216744675_014670_10123_1-512.jpg"],[2,"1216745166_255534_10847_1-512.jpg"]],"construction_ml":"complete","preds_design":[[2,"1216744668_149656_10103_1-512.jpg"],[2,"1216744668_784605_10104_1-512.jpg"],[2,"1216744669_379629_10105_1-512.jpg"],[2,"1216744669_834466_10106_1-512.jpg"],[2,"1216744670_229673_10107_1-512.jpg"],[2,"1216744670_594498_10108_1-512.jpg"],[2,"1216744670_939605_10109_1-512.jpg"],[2,"1216744671_274536_10110_1-512.jpg"],[2,"1216744671_584487_10111_1-512.jpg"],[2,"1216744671_879719_10112_1-512.jpg"],[2,"1216744672_159515_10113_1-512.jpg"],[2,"1216744672_434529_10114_1-512.jpg"],[2,"1216744672_719643_10115_1-512.jpg"],[2,"1216744672_974585_10116_1-512.jpg"],[2,"1216744672_974585_10116_1-512.jpg"],[2,"1216744673_249707_10117_1-512.jpg"],[2,"1216744673_249707_10117_1-512.jpg"],[2,"1216744673_519601_10118_1-512.jpg"],[2,"1216744674_679654_10122_1-512.jpg"],[2,"1216744675_014670_10123_1-512.jpg"],[1,"1216745166_255534_10847_1-512.jpg"]],"design_ml":"designed","images":[]}
