{"MATERIAL":"corrugated metal","AVG_SLOPE":6.05233737761,"AVG_HEIGHT":2.96625128002,"TERAIN_SLP":1.89308374944,"AREA":68.6173359175,"VOLUME":204,"FLOORS":1,"INT_ZONE":"Borde Rural","FLOOD":1,"LANDSLIDE":"Amenaza Baja","LEGAL_ID":"358","LEGAL_NAME":"EL PARAISO","LEGAL_AREA":26.04,"LEGAL_LOTS":2077,"LEGAL_POP":11215.8,"LEGAL_DENS":79.76190476,"LEGALIZING":null,"BLOCK_ID_":"002565017","BLOCK_POP":92,"BLOCK_BLD":25,"BLOCK_RISK":13.76105,"BLOCK_EDU":0,"BLOCK_HLTH":14.142762,"BLOCK_TRAN":66.283325,"BLOCK_CULT":0,"BLOCK_PARK":20.151697,"BLOCK_SEC":100,"BLOCK_CENT":0,"BLOCK_DEF":36,"BLD_INHAB":4,"OBJECTID":2,"AO_225":0.2,"id":674,"preds_material":[[5,"1216745225_191764_10888_3-512.jpg"]],"material_ml":"painted","preds_construction":[[2,"1216745225_191764_10888_3-512.jpg"]],"construction_ml":"complete","preds_design":[[2,"1216745225_191764_10888_3-512.jpg"],[2,"1216745225_191764_10888_3-512.jpg"]],"design_ml":"designed","images":[]}
