{"MATERIAL":"corrugated metal","AVG_SLOPE":4.12589866302,"AVG_HEIGHT":7.4449564051,"TERAIN_SLP":0.73082877646,"AREA":91.931404149,"VOLUME":684,"FLOORS":2,"INT_ZONE":"Borde Rural","FLOOD":2,"LANDSLIDE":"Amenaza Baja","LEGAL_ID":"358","LEGAL_NAME":"EL PARAISO","LEGAL_AREA":26.04,"LEGAL_LOTS":2077,"LEGAL_POP":11215.8,"LEGAL_DENS":79.76190476,"LEGALIZING":null,"BLOCK_ID_":"002565017","BLOCK_POP":92,"BLOCK_BLD":25,"BLOCK_RISK":13.76105,"BLOCK_EDU":0,"BLOCK_HLTH":14.142762,"BLOCK_TRAN":66.283325,"BLOCK_CULT":0,"BLOCK_PARK":20.151697,"BLOCK_SEC":100,"BLOCK_CENT":0,"BLOCK_DEF":36,"BLD_INHAB":4,"OBJECTID":2,"AO_225":0.2,"id":676,"preds_material":[[5,"1216741143_443024_1645_3-512.jpg"],[5,"1216741143_707985_1646_3-512.jpg"],[5,"1216741143_972991_1647_3-512.jpg"],[5,"1216741144_232995_1648_3-512.jpg"],[5,"1216741144_492983_1649_3-512.jpg"],[5,"1216741144_747976_1650_3-512.jpg"],[5,"1216741145_013136_1651_3-512.jpg"],[5,"1216741145_273029_1652_3-512.jpg"],[5,"1216741145_532975_1653_3-512.jpg"],[5,"1216741145_797955_1654_3-512.jpg"],[5,"1216741146_068000_1655_3-512.jpg"],[5,"1216741146_352985_1656_3-512.jpg"],[5,"1216741146_632955_1657_3-512.jpg"],[5,"1216741146_632955_1657_3-512.jpg"],[5,"1216741146_947911_1658_3-512.jpg"],[5,"1216741147_263082_1659_3-512.jpg"],[5,"1216745222_451832_10887_3-512.jpg"]],"material_ml":"painted","preds_construction":[[2,"1216741143_443024_1645_3-512.jpg"],[2,"1216741143_707985_1646_3-512.jpg"],[2,"1216741143_972991_1647_3-512.jpg"],[2,"1216741144_232995_1648_3-512.jpg"],[2,"1216741144_492983_1649_3-512.jpg"],[2,"1216741144_747976_1650_3-512.jpg"],[2,"1216741145_013136_1651_3-512.jpg"],[2,"1216741145_273029_1652_3-512.jpg"],[2,"1216741145_532975_1653_3-512.jpg"],[2,"1216741145_797955_1654_3-512.jpg"],[2,"1216741146_068000_1655_3-512.jpg"],[2,"1216741146_352985_1656_3-512.jpg"],[2,"1216741146_632955_1657_3-512.jpg"],[2,"1216741146_632955_1657_3-512.jpg"],[2,"1216741146_947911_1658_3-512.jpg"],[2,"1216741147_263082_1659_3-512.jpg"],[2,"1216745222_451832_10887_3-512.jpg"]],"construction_ml":"complete","preds_design":[[2,"1216741143_443024_1645_3-512.jpg"],[2,"1216741143_707985_1646_3-512.jpg"],[2,"1216741143_972991_1647_3-512.jpg"],[2,"1216741144_232995_1648_3-512.jpg"],[2,"1216741144_492983_1649_3-512.jpg"],[2,"1216741144_747976_1650_3-512.jpg"],[2,"1216741145_013136_1651_3-512.jpg"],[2,"1216741145_273029_1652_3-512.jpg"],[2,"1216741145_532975_1653_3-512.jpg"],[2,"1216741145_797955_1654_3-512.jpg"],[2,"1216741146_068000_1655_3-512.jpg"],[2,"1216741146_352985_1656_3-512.jpg"],[2,"1216741146_632955_1657_3-512.jpg"],[2,"1216741146_947911_1658_3-512.jpg"],[2,"1216741147_263082_1659_3-512.jpg"],[2,"1216745222_451832_10887_3-512.jpg"],[1,"1216745222_451832_10887_3-512.jpg"]],"design_ml":"designed","images":[]}
