{"MATERIAL":"corrugated metal/heavily patched","AVG_SLOPE":10.5263299205,"AVG_HEIGHT":4.66870255926,"TERAIN_SLP":1.46120963315,"AREA":76.3218362992,"VOLUME":356,"FLOORS":2,"INT_ZONE":"Borde Rural","FLOOD":1,"LANDSLIDE":"Amenaza Baja","LEGAL_ID":"358","LEGAL_NAME":"EL PARAISO","LEGAL_AREA":26.04,"LEGAL_LOTS":2077,"LEGAL_POP":11215.8,"LEGAL_DENS":79.76190476,"LEGALIZING":null,"BLOCK_ID_":"002565017","BLOCK_POP":92,"BLOCK_BLD":25,"BLOCK_RISK":13.76105,"BLOCK_EDU":0,"BLOCK_HLTH":14.142762,"BLOCK_TRAN":66.283325,"BLOCK_CULT":0,"BLOCK_PARK":20.151697,"BLOCK_SEC":100,"BLOCK_CENT":0,"BLOCK_DEF":36,"BLD_INHAB":4,"OBJECTID":2,"AO_225":0.2,"id":680,"preds_material":[[5,"1216744686_574474_10158_1-512.jpg"],[3,"1216745183_581899_10854_1-512.jpg"],[3,"1216745185_036851_10855_1-512.jpg"],[5,"1216745230_106905_10895_3-512.jpg"],[5,"1216745230_481883_10896_3-512.jpg"],[5,"1216745230_851934_10897_3-512.jpg"],[5,"1216745231_191927_10898_3-512.jpg"],[5,"1216745231_556867_10899_3-512.jpg"],[5,"1216745231_821901_10900_3-512.jpg"],[5,"1216745231_821901_10900_3-512.jpg"],[6,"1216745231_821901_10900_3-512.jpg"],[5,"1216745232_116867_10901_3-512.jpg"],[1,"1216745232_116867_10901_3-512.jpg"],[6,"1216745232_116867_10901_3-512.jpg"],[5,"1216745232_431876_10902_3-512.jpg"],[1,"1216745232_431876_10902_3-512.jpg"],[5,"1216745232_741820_10903_3-512.jpg"],[1,"1216745232_741820_10903_3-512.jpg"],[5,"1216745233_061858_10904_3-512.jpg"],[1,"1216745233_061858_10904_3-512.jpg"],[5,"1216745233_336891_10905_3-512.jpg"],[1,"1216745233_336891_10905_3-512.jpg"],[5,"1216745233_656941_10906_3-512.jpg"],[1,"1216745233_656941_10906_3-512.jpg"],[1,"1216745233_941922_10907_3-512.jpg"],[5,"1216745233_941922_10907_3-512.jpg"],[5,"1216745233_941922_10907_3-512.jpg"],[5,"1216745234_296828_10908_3-512.jpg"],[1,"1216745234_296828_10908_3-512.jpg"],[5,"1216745234_296828_10908_3-512.jpg"],[5,"1216745234_591898_10909_3-512.jpg"],[1,"1216745234_591898_10909_3-512.jpg"],[5,"1216745234_591898_10909_3-512.jpg"],[5,"1216745234_936913_10910_3-512.jpg"],[5,"1216745234_936913_10910_3-512.jpg"],[6,"1216745234_936913_10910_3-512.jpg"],[5,"1216745235_281977_10911_3-512.jpg"],[6,"1216745235_281977_10911_3-512.jpg"],[5,"1216745235_631992_10912_3-512.jpg"],[1,"1216745235_631992_10912_3-512.jpg"],[5,"1216745236_416832_10914_3-512.jpg"],[5,"1216745236_781805_10915_3-512.jpg"],[5,"1216745333_696527_11329_3-512.jpg"],[5,"1216745338_291614_11340_3-512.jpg"],[5,"1216745338_951561_11341_3-512.jpg"],[1,"1216745342_866704_11353_3-512.jpg"],[1,"1216745343_051560_11354_3-512.jpg"],[5,"1216745343_051560_11354_3-512.jpg"],[1,"1216745343_231546_11355_3-512.jpg"],[5,"1216745343_231546_11355_3-512.jpg"],[1,"1216745343_406624_11356_3-512.jpg"],[5,"1216745343_406624_11356_3-512.jpg"],[5,"1216745343_581585_11357_3-512.jpg"],[1,"1216745343_581585_11357_3-512.jpg"],[1,"1216745343_751587_11358_3-512.jpg"],[5,"1216745343_751587_11358_3-512.jpg"],[5,"1216745343_921576_11359_3-512.jpg"],[1,"1216745343_921576_11359_3-512.jpg"],[5,"1216745343_921576_11359_3-512.jpg"],[5,"1216745344_096608_11360_3-512.jpg"],[1,"1216745344_096608_11360_3-512.jpg"],[5,"1216745344_096608_11360_3-512.jpg"],[5,"1216745344_271585_11361_3-512.jpg"],[1,"1216745344_271585_11361_3-512.jpg"],[5,"1216745344_451637_11362_3-512.jpg"],[5,"1216745344_631608_11363_3-512.jpg"],[5,"1216745344_811675_11364_3-512.jpg"],[5,"1216745344_996659_11365_3-512.jpg"],[2,"1216745344_996659_11365_3-512.jpg"],[5,"1216745344_996659_11365_3-512.jpg"],[5,"1216745345_181521_11366_3-512.jpg"],[5,"1216745345_181521_11366_3-512.jpg"],[2,"1216745345_181521_11366_3-512.jpg"],[5,"1216745345_371531_11367_3-512.jpg"],[2,"1216745345_371531_11367_3-512.jpg"],[5,"1216745345_371531_11367_3-512.jpg"],[5,"1216745345_371531_11367_3-512.jpg"],[2,"1216745345_561567_11368_3-512.jpg"],[5,"1216745345_561567_11368_3-512.jpg"],[2,"1216745345_751557_11369_3-512.jpg"],[5,"1216745345_751557_11369_3-512.jpg"],[2,"1216745345_946589_11370_3-512.jpg"],[5,"1216745346_141556_11371_3-512.jpg"],[5,"1216745346_141556_11371_3-512.jpg"],[2,"1216745346_141556_11371_3-512.jpg"],[5,"1216745346_336583_11372_3-512.jpg"],[2,"1216745346_336583_11372_3-512.jpg"],[5,"1216745346_531599_11373_3-512.jpg"],[5,"1216745346_726624_11374_3-512.jpg"],[5,"1216745346_921604_11375_3-512.jpg"],[5,"1216745347_116639_11376_3-512.jpg"],[5,"1216745347_306516_11377_3-512.jpg"],[5,"1216745347_501498_11378_3-512.jpg"],[5,"1216745347_901523_11380_3-512.jpg"],[5,"1216745348_106568_11381_3-512.jpg"],[5,"1216745348_316662_11382_3-512.jpg"],[5,"1216745348_526609_11383_3-512.jpg"],[5,"1216745348_526609_11383_3-512.jpg"],[5,"1216745348_746675_11384_3-512.jpg"],[5,"1216745348_746675_11384_3-512.jpg"],[5,"1216745348_971618_11385_3-512.jpg"],[5,"1216745348_971618_11385_3-512.jpg"],[5,"1216745349_201504_11386_3-512.jpg"],[5,"1216745349_201504_11386_3-512.jpg"],[1,"1216745349_201504_11386_3-512.jpg"],[5,"1216745349_441516_11387_3-512.jpg"],[1,"1216745349_441516_11387_3-512.jpg"],[5,"1216745349_441516_11387_3-512.jpg"],[5,"1216745349_691546_11388_3-512.jpg"],[1,"1216745349_691546_11388_3-512.jpg"],[5,"1216745349_691546_11388_3-512.jpg"],[5,"1216745349_951564_11389_3-512.jpg"],[1,"1216745349_951564_11389_3-512.jpg"],[5,"1216745349_951564_11389_3-512.jpg"],[5,"1216745350_216604_11390_3-512.jpg"],[1,"1216745350_216604_11390_3-512.jpg"],[5,"1216745350_216604_11390_3-512.jpg"],[5,"1216745350_491575_11391_3-512.jpg"],[1,"1216745350_491575_11391_3-512.jpg"],[5,"1216745350_781625_11392_3-512.jpg"],[1,"1216745350_781625_11392_3-512.jpg"],[5,"1216745351_091625_11393_3-512.jpg"],[1,"1216745351_091625_11393_3-512.jpg"],[5,"1216745351_421519_11394_3-512.jpg"],[1,"1216745351_421519_11394_3-512.jpg"],[5,"1216745351_776607_11395_3-512.jpg"],[1,"1216745351_776607_11395_3-512.jpg"],[1,"1216745352_156642_11396_3-512.jpg"],[5,"1216745352_156642_11396_3-512.jpg"],[1,"1216745352_621325_11397_3-512.jpg"]],"material_ml":"painted",