{"MATERIAL":"corrugated metal","AVG_SLOPE":5.05681946833,"AVG_HEIGHT":5.41820847235,"TERAIN_SLP":2.31259308419,"AREA":78.9362923809,"VOLUME":428,"FLOORS":2,"INT_ZONE":"Borde Rural","FLOOD":1,"LANDSLIDE":"Amenaza Baja","LEGAL_ID":"358","LEGAL_NAME":"EL PARAISO","LEGAL_AREA":26.04,"LEGAL_LOTS":2077,"LEGAL_POP":11215.8,"LEGAL_DENS":79.76190476,"LEGALIZING":null,"BLOCK_ID_":"002565017","BLOCK_POP":92,"BLOCK_BLD":25,"BLOCK_RISK":13.76105,"BLOCK_EDU":0,"BLOCK_HLTH":14.142762,"BLOCK_TRAN":66.283325,"BLOCK_CULT":0,"BLOCK_PARK":20.151697,"BLOCK_SEC":100,"BLOCK_CENT":0,"BLOCK_DEF":36,"BLD_INHAB":4,"OBJECTID":2,"AO_225":0.2,"id":681,"preds_material":[[5,"1216744678_789487_10132_1-512.jpg"],[5,"1216744679_369485_10133_1-512.jpg"],[5,"1216744680_024630_10134_1-512.jpg"],[5,"1216744680_569841_10135_1-512.jpg"],[5,"1216744681_024617_10136_1-512.jpg"],[5,"1216744681_404518_10137_1-512.jpg"],[5,"1216744681_404518_10137_1-512.jpg"],[5,"1216744681_719702_10138_1-512.jpg"],[5,"1216744681_719702_10138_1-512.jpg"],[5,"1216744682_019649_10139_1-512.jpg"],[5,"1216744682_019649_10139_1-512.jpg"],[5,"1216744682_299861_10140_1-512.jpg"],[5,"1216744682_299861_10140_1-512.jpg"],[5,"1216744682_564840_10141_1-512.jpg"],[5,"1216744682_564840_10141_1-512.jpg"],[5,"1216744682_814773_10142_1-512.jpg"],[5,"1216744682_814773_10142_1-512.jpg"],[5,"1216744683_049833_10143_1-512.jpg"],[5,"1216744683_049833_10143_1-512.jpg"],[5,"1216744683_279844_10144_1-512.jpg"],[5,"1216744683_279844_10144_1-512.jpg"],[5,"1216744683_514940_10145_1-512.jpg"],[5,"1216744683_514940_10145_1-512.jpg"],[5,"1216744683_744887_10146_1-512.jpg"],[5,"1216744683_744887_10146_1-512.jpg"],[5,"1216744683_974696_10147_1-512.jpg"],[5,"1216744684_194749_10148_1-512.jpg"],[5,"1216744684_419734_10149_1-512.jpg"],[5,"1216744684_669480_10150_1-512.jpg"],[5,"1216744684_899535_10151_1-512.jpg"],[5,"1216744685_604458_10154_1-512.jpg"],[5,"1216744685_814468_10155_1-512.jpg"],[5,"1216744686_059621_10156_1-512.jpg"],[5,"1216744686_304572_10157_1-512.jpg"],[5,"1216745170_947170_10848_1-512.jpg"],[5,"1216745170_947170_10848_1-512.jpg"],[5,"1216745172_537269_10849_1-512.jpg"],[5,"1216745174_797110_10850_1-512.jpg"],[3,"1216745174_797110_10850_1-512.jpg"],[5,"1216745174_797110_10850_1-512.jpg"],[5,"1216745177_082028_10851_1-512.jpg"],[3,"1216745177_082028_10851_1-512.jpg"],[3,"1216745179_447165_10852_1-512.jpg"],[5,"1216745179_447165_10852_1-512.jpg"]],"material_ml":"painted","preds_construction":[[2,"1216744679_369485_10133_1-512.jpg"],[2,"1216744680_024630_10134_1-512.jpg"],[1,"1216744680_569841_10135_1-512.jpg"],[1,"1216744681_024617_10136_1-512.jpg"],[1,"1216744681_404518_10137_1-512.jpg"],[2,"1216744681_404518_10137_1-512.jpg"],[1,"1216744681_719702_10138_1-512.jpg"],[2,"1216744681_719702_10138_1-512.jpg"],[1,"1216744682_019649_10139_1-512.jpg"],[2,"1216744682_019649_10139_1-512.jpg"],[1,"1216744682_299861_10140_1-512.jpg"],[2,"1216744682_299861_10140_1-512.jpg"],[1,"1216744682_564840_10141_1-512.jpg"],[2,"1216744682_564840_10141_1-512.jpg"],[1,"1216744682_814773_10142_1-512.jpg"],[2,"1216744682_814773_10142_1-512.jpg"],[2,"1216744683_049833_10143_1-512.jpg"],[1,"1216744683_049833_10143_1-512.jpg"],[2,"1216744683_279844_10144_1-512.jpg"],[1,"1216744683_279844_10144_1-512.jpg"],[2,"1216744683_514940_10145_1-512.jpg"],[1,"1216744683_514940_10145_1-512.jpg"],[2,"1216744683_744887_10146_1-512.jpg"],[1,"1216744683_744887_10146_1-512.jpg"],[2,"1216744683_974696_10147_1-512.jpg"],[2,"1216744684_194749_10148_1-512.jpg"],[2,"1216744684_419734_10149_1-512.jpg"],[2,"1216744684_669480_10150_1-512.jpg"],[2,"1216744684_899535_10151_1-512.jpg"],[2,"1216744685_369587_10153_1-512.jpg"],[2,"1216744685_604458_10154_1-512.jpg"],[2,"1216744685_814468_10155_1-512.jpg"],[2,"1216744686_059621_10156_1-512.jpg"],[2,"1216744686_304572_10157_1-512.jpg"],[2,"1216745170_947170_10848_1-512.jpg"],[2,"1216745170_947170_10848_1-512.jpg"],[2,"1216745172_537269_10849_1-512.jpg"],[2,"1216745174_797110_10850_1-512.jpg"],[2,"1216745174_797110_10850_1-512.jpg"],[1,"1216745174_797110_10850_1-512.jpg"],[2,"1216745177_082028_10851_1-512.jpg"],[2,"1216745177_082028_10851_1-512.jpg"],[2,"1216745179_447165_10852_1-512.jpg"],[2,"1216745179_447165_10852_1-512.jpg"]],"construction_ml":"complete","preds_design":[[1,"1216744678_789487_10132_1-512.jpg"],[1,"1216744679_369485_10133_1-512.jpg"],[1,"1216744680_024630_10134_1-512.jpg"],[1,"1216744680_569841_10135_1-512.jpg"],[1,"1216744681_024617_10136_1-512.jpg"],[2,"1216744681_024617_10136_1-512.jpg"],[1,"1216744681_404518_10137_1-512.jpg"],[2,"1216744681_404518_10137_1-512.jpg"],[2,"1216744681_719702_10138_1-512.jpg"],[1,"1216744681_719702_10138_1-512.jpg"],[1,"1216744682_019649_10139_1-512.jpg"],[2,"1216744682_019649_10139_1-512.jpg"],[1,"1216744682_299861_10140_1-512.jpg"],[2,"1216744682_299861_10140_1-512.jpg"],[2,"1216744682_564840_10141_1-512.jpg"],[1,"1216744682_564840_10141_1-512.jpg"],[2,"1216744682_814773_10142_1-512.jpg"],[1,"1216744682_814773_10142_1-512.jpg"],[2,"1216744683_049833_10143_1-512.jpg"],[1,"1216744683_049833_10143_1-512.jpg"],[2,"1216744683_279844_10144_1-512.jpg"],[1,"1216744683_279844_10144_1-512.jpg"],[2,"1216744683_514940_10145_1-512.jpg"],[1,"1216744683_514940_10145_1-512.jpg"],[2,"1216744683_744887_10146_1-512.jpg"],[1,"1216744683_744887_10146_1-512.jpg"],[2,"1216744683_974696_10147_1-512.jpg"],[2,"1216744684_194749_10148_1-512.jpg"],[2,"1216744684_419734_10149_1-512.jpg"],[2,"1216744684_669480_10150_1-512.jpg"],[2,"1216744684_899535_10151_1-512.jpg"],[2,"1216744685_369587_10153_1-512.jpg"],[2,"1216744685_604458_10154_1-512.jpg"],[2,"1216744685_814468_10155_1-512.jpg"],[2,"1216744686_059621_10156_1-512.jpg"],[2,"1216744686_304572_10157_1-512.jpg"],[1,"1216745170_947170_10848_1-512.jpg"],[1,"1216745172_537269_10849_1-512.jpg"],[1,"1216745174_797110_10850_1-512.jpg"],[1,"1216745174_797110_10850_1-512.jpg"],[1,"1216745177_082028_10851_1-512.jpg"],[1,"1216745177_082028_10851_1-512.jpg"],[1,"1216745179_447165_10852_1-512.jpg"],[1,"1216745179_447165_10852_1-512.jpg"]],"design_ml":"undesigned","images":[]}
