{"MATERIAL":"corrugated metal/heavily patched","AVG_SLOPE":5.11410354313,"AVG_HEIGHT":2.34887966936,"TERAIN_SLP":1.66909853035,"AREA":30.2637451003,"VOLUME":71,"FLOORS":1,"INT_ZONE":"Borde Rural","FLOOD":1,"LANDSLIDE":"Amenaza Baja","LEGAL_ID":"358","LEGAL_NAME":"EL PARAISO","LEGAL_AREA":26.04,"LEGAL_LOTS":2077,"LEGAL_POP":11215.8,"LEGAL_DENS":79.76190476,"LEGALIZING":null,"BLOCK_ID_":"002565017","BLOCK_POP":92,"BLOCK_BLD":25,"BLOCK_RISK":13.76105,"BLOCK_EDU":0,"BLOCK_HLTH":14.142762,"BLOCK_TRAN":66.283325,"BLOCK_CULT":0,"BLOCK_PARK":20.151697,"BLOCK_SEC":100,"BLOCK_CENT":0,"BLOCK_DEF":36,"BLD_INHAB":4,"OBJECTID":2,"AO_225":0.2,"id":686,"preds_material":[[5,"1216745237_181931_10916_3-512.jpg"],[5,"1216745237_517047_10917_3-512.jpg"],[1,"1216745330_651759_11317_3-512.jpg"],[5,"1216745332_016717_11322_3-512.jpg"],[1,"1216745332_016717_11322_3-512.jpg"],[5,"1216745333_436497_11328_3-512.jpg"],[1,"1216745342_676702_11352_3-512.jpg"]],"material_ml":"painted","preds_construction":[[2,"1216745237_181931_10916_3-512.jpg"],[2,"1216745342_676702_11352_3-512.jpg"]],"construction_ml":"complete","preds_design":[[1,"1216745237_181931_10916_3-512.jpg"],[1,"1216745237_517047_10917_3-512.jpg"]],"design_ml":"undesigned","images":[]}
