{"MATERIAL":"corrugated metal","AVG_SLOPE":6.16874724763,"AVG_HEIGHT":5.53203617708,"TERAIN_SLP":3.3792826974,"AREA":62.3282294549,"VOLUME":345,"FLOORS":2,"INT_ZONE":"Borde Rural","FLOOD":1,"LANDSLIDE":"Amenaza Baja","LEGAL_ID":"358","LEGAL_NAME":"EL PARAISO","LEGAL_AREA":26.04,"LEGAL_LOTS":2077,"LEGAL_POP":11215.8,"LEGAL_DENS":79.76190476,"LEGALIZING":null,"BLOCK_ID_":"002565018","BLOCK_POP":84,"BLOCK_BLD":28,"BLOCK_RISK":4.1359224,"BLOCK_EDU":0.46554992,"BLOCK_HLTH":15.374269,"BLOCK_TRAN":76.775894,"BLOCK_CULT":0,"BLOCK_PARK":21.419497,"BLOCK_SEC":100,"BLOCK_CENT":0,"BLOCK_DEF":50,"BLD_INHAB":3,"OBJECTID":2,"AO_225":0.2,"id":690,"preds_material":[[5,"1216741148_753015_1664_3-512.jpg"],[5,"1216741149_028071_1665_3-512.jpg"],[5,"1216741149_312917_1666_3-512.jpg"],[5,"1216741149_597901_1667_3-512.jpg"],[5,"1216741149_887910_1668_3-512.jpg"],[5,"1216741150_167903_1669_3-512.jpg"],[5,"1216741150_452965_1670_3-512.jpg"],[5,"1216741150_452965_1670_3-512.jpg"],[5,"1216741150_452965_1670_3-512.jpg"],[5,"1216741150_737896_1671_3-512.jpg"],[5,"1216741151_013104_1672_3-512.jpg"],[5,"1216741151_272959_1673_3-512.jpg"],[5,"1216741151_537888_1674_3-512.jpg"],[5,"1216745215_551973_10886_1-512.jpg"]],"material_ml":"painted","preds_construction":[[2,"1216741148_753015_1664_3-512.jpg"],[2,"1216741149_028071_1665_3-512.jpg"],[2,"1216741149_312917_1666_3-512.jpg"],[2,"1216741149_597901_1667_3-512.jpg"],[2,"1216741149_887910_1668_3-512.jpg"],[2,"1216741150_167903_1669_3-512.jpg"],[2,"1216741150_452965_1670_3-512.jpg"],[2,"1216741150_452965_1670_3-512.jpg"],[2,"1216741150_737896_1671_3-512.jpg"],[2,"1216741151_013104_1672_3-512.jpg"],[2,"1216741151_272959_1673_3-512.jpg"],[2,"1216741151_537888_1674_3-512.jpg"],[1,"1216741151_537888_1674_3-512.jpg"],[2,"1216745215_551973_10886_1-512.jpg"]],"construction_ml":"complete","preds_design":[[2,"1216741148_753015_1664_3-512.jpg"],[2,"1216741149_028071_1665_3-512.jpg"],[2,"1216741149_312917_1666_3-512.jpg"],[2,"1216741149_597901_1667_3-512.jpg"],[2,"1216741149_887910_1668_3-512.jpg"],[1,"1216741149_887910_1668_3-512.jpg"],[2,"1216741150_167903_1669_3-512.jpg"],[2,"1216741150_452965_1670_3-512.jpg"],[2,"1216741150_737896_1671_3-512.jpg"],[2,"1216741150_737896_1671_3-512.jpg"],[2,"1216741151_013104_1672_3-512.jpg"],[2,"1216741151_272959_1673_3-512.jpg"],[2,"1216741151_537888_1674_3-512.jpg"],[2,"1216745215_551973_10886_1-512.jpg"]],"design_ml":"designed","images":[]}
