{"MATERIAL":"corrugated metal","AVG_SLOPE":7.7151602153,"AVG_HEIGHT":2.60512540773,"TERAIN_SLP":1.52495682228,"AREA":55.340140988,"VOLUME":144,"FLOORS":1,"INT_ZONE":"Borde Rural","FLOOD":2,"LANDSLIDE":"Amenaza Baja","LEGAL_ID":"358","LEGAL_NAME":"EL PARAISO","LEGAL_AREA":26.04,"LEGAL_LOTS":2077,"LEGAL_POP":11215.8,"LEGAL_DENS":79.76190476,"LEGALIZING":null,"BLOCK_ID_":"002565018","BLOCK_POP":84,"BLOCK_BLD":28,"BLOCK_RISK":4.1359224,"BLOCK_EDU":0.46554992,"BLOCK_HLTH":15.374269,"BLOCK_TRAN":76.775894,"BLOCK_CULT":0,"BLOCK_PARK":21.419497,"BLOCK_SEC":100,"BLOCK_CENT":0,"BLOCK_DEF":50,"BLD_INHAB":3,"OBJECTID":2,"AO_225":0.2,"id":693,"preds_material":[[5,"1216741465_071242_2578_3-512.jpg"],[5,"1216741465_506252_2579_3-512.jpg"],[5,"1216741465_506252_2579_3-512.jpg"],[5,"1216741465_881250_2580_3-512.jpg"],[5,"1216741465_881250_2580_3-512.jpg"],[5,"1216741466_226256_2581_3-512.jpg"],[5,"1216741466_226256_2581_3-512.jpg"],[5,"1216741466_536225_2582_3-512.jpg"],[5,"1216745198_947002_10870_1-512.jpg"],[5,"1216745199_622049_10871_1-512.jpg"],[5,"1216745200_307136_10872_1-512.jpg"]],"material_ml":"painted","preds_construction":[[2,"1216741465_071242_2578_3-512.jpg"],[2,"1216741465_506252_2579_3-512.jpg"],[2,"1216741465_506252_2579_3-512.jpg"],[2,"1216741465_881250_2580_3-512.jpg"],[2,"1216741465_881250_2580_3-512.jpg"],[2,"1216741466_226256_2581_3-512.jpg"],[2,"1216741466_226256_2581_3-512.jpg"],[2,"1216741466_536225_2582_3-512.jpg"],[2,"1216745198_947002_10870_1-512.jpg"],[2,"1216745199_622049_10871_1-512.jpg"],[2,"1216745200_307136_10872_1-512.jpg"]],"construction_ml":"complete","preds_design":[[1,"1216741465_506252_2579_3-512.jpg"],[2,"1216741465_506252_2579_3-512.jpg"],[1,"1216741465_881250_2580_3-512.jpg"],[1,"1216741465_881250_2580_3-512.jpg"],[2,"1216741465_881250_2580_3-512.jpg"],[2,"1216741466_226256_2581_3-512.jpg"],[1,"1216741466_226256_2581_3-512.jpg"],[1,"1216741466_226256_2581_3-512.jpg"],[2,"1216741466_536225_2582_3-512.jpg"],[1,"1216745198_947002_10870_1-512.jpg"],[1,"1216745199_622049_10871_1-512.jpg"]],"design_ml":"undesigned","images":[]}
