{"MATERIAL":"corrugated metal - rusty","AVG_SLOPE":6.06282080164,"AVG_HEIGHT":2.57202687216,"TERAIN_SLP":0.88608542444,"AREA":31.8615127792,"VOLUME":82,"FLOORS":1,"INT_ZONE":"Borde Rural","FLOOD":2,"LANDSLIDE":"Amenaza Baja","LEGAL_ID":"358","LEGAL_NAME":"EL PARAISO","LEGAL_AREA":26.04,"LEGAL_LOTS":2077,"LEGAL_POP":11215.8,"LEGAL_DENS":79.76190476,"LEGALIZING":null,"BLOCK_ID_":"002565018","BLOCK_POP":84,"BLOCK_BLD":28,"BLOCK_RISK":4.1359224,"BLOCK_EDU":0.46554992,"BLOCK_HLTH":15.374269,"BLOCK_TRAN":76.775894,"BLOCK_CULT":0,"BLOCK_PARK":21.419497,"BLOCK_SEC":100,"BLOCK_CENT":0,"BLOCK_DEF":50,"BLD_INHAB":3,"OBJECTID":2,"AO_225":0.2,"id":694,"preds_material":[[5,"1216741466_831235_2583_3-512.jpg"],[5,"1216741466_831235_2583_3-512.jpg"],[5,"1216741467_106222_2584_3-512.jpg"],[5,"1216741467_106222_2584_3-512.jpg"],[1,"1216741467_106222_2584_3-512.jpg"],[5,"1216741467_376231_2585_3-512.jpg"],[1,"1216741467_376231_2585_3-512.jpg"],[5,"1216741467_631237_2586_3-512.jpg"],[1,"1216741467_631237_2586_3-512.jpg"],[5,"1216741467_881234_2587_3-512.jpg"],[1,"1216741467_881234_2587_3-512.jpg"],[1,"1216741468_121234_2588_3-512.jpg"],[5,"1216741468_121234_2588_3-512.jpg"],[1,"1216741468_356210_2589_3-512.jpg"],[1,"1216741468_586220_2590_3-512.jpg"],[1,"1216741468_826210_2591_3-512.jpg"],[1,"1216741469_056216_2592_3-512.jpg"],[1,"1216741469_286263_2593_3-512.jpg"],[1,"1216741469_521224_2594_3-512.jpg"],[5,"1216745196_642043_10867_1-512.jpg"],[5,"1216745198_206817_10869_1-512.jpg"],[5,"1216745199_622049_10871_1-512.jpg"]],"material_ml":"brick","preds_construction":[[2,"1216741466_831235_2583_3-512.jpg"],[2,"1216741466_831235_2583_3-512.jpg"],[2,"1216741467_106222_2584_3-512.jpg"],[2,"1216741467_106222_2584_3-512.jpg"],[1,"1216741467_106222_2584_3-512.jpg"],[2,"1216741467_376231_2585_3-512.jpg"],[2,"1216741467_376231_2585_3-512.jpg"],[1,"1216741467_376231_2585_3-512.jpg"],[2,"1216741467_631237_2586_3-512.jpg"],[2,"1216741467_631237_2586_3-512.jpg"],[1,"1216741467_631237_2586_3-512.jpg"],[2,"1216741467_881234_2587_3-512.jpg"],[2,"1216741467_881234_2587_3-512.jpg"],[1,"1216741467_881234_2587_3-512.jpg"],[2,"1216741468_121234_2588_3-512.jpg"],[2,"1216741468_121234_2588_3-512.jpg"],[1,"1216741468_121234_2588_3-512.jpg"],[2,"1216741468_356210_2589_3-512.jpg"],[1,"1216741468_356210_2589_3-512.jpg"],[1,"1216741468_586220_2590_3-512.jpg"],[2,"1216741468_586220_2590_3-512.jpg"],[2,"1216741468_826210_2591_3-512.jpg"],[1,"1216741468_826210_2591_3-512.jpg"],[2,"1216741469_056216_2592_3-512.jpg"],[2,"1216741469_286263_2593_3-512.jpg"],[2,"1216745196_642043_10867_1-512.jpg"],[2,"1216745197_456988_10868_1-512.jpg"],[2,"1216745198_206817_10869_1-512.jpg"],[2,"1216745199_622049_10871_1-512.jpg"]],"construction_ml":"complete","preds_design":[[2,"1216741466_831235_2583_3-512.jpg"],[1,"1216741466_831235_2583_3-512.jpg"],[2,"1216741467_106222_2584_3-512.jpg"],[1,"1216741467_106222_2584_3-512.jpg"],[2,"1216741467_376231_2585_3-512.jpg"],[1,"1216741467_376231_2585_3-512.jpg"],[2,"1216741467_631237_2586_3-512.jpg"],[1,"1216741467_631237_2586_3-512.jpg"],[2,"1216741467_881234_2587_3-512.jpg"],[1,"1216741467_881234_2587_3-512.jpg"],[2,"1216741467_881234_2587_3-512.jpg"],[1,"1216741468_121234_2588_3-512.jpg"],[1,"1216741468_121234_2588_3-512.jpg"],[2,"1216741468_121234_2588_3-512.jpg"],[2,"1216741468_121234_2588_3-512.jpg"],[1,"1216741468_356210_2589_3-512.jpg"],[1,"1216741468_586220_2590_3-512.jpg"],[1,"1216745196_642043_10867_1-512.jpg"],[1,"1216745197_456988_10868_1-512.jpg"],[1,"1216745198_206817_10869_1-512.jpg"]],"design_ml":"undesigned","images":[]}
