{"MATERIAL":"corrugated metal/heavily patched","AVG_SLOPE":6.79115452888,"AVG_HEIGHT":2.54966412873,"TERAIN_SLP":2.81191996812,"AREA":65.3901786556,"VOLUME":167,"FLOORS":1,"INT_ZONE":"Borde Rural","FLOOD":1,"LANDSLIDE":"Amenaza Baja","LEGAL_ID":"358","LEGAL_NAME":"EL PARAISO","LEGAL_AREA":26.04,"LEGAL_LOTS":2077,"LEGAL_POP":11215.8,"LEGAL_DENS":79.76190476,"LEGALIZING":null,"BLOCK_ID_":"002565018","BLOCK_POP":84,"BLOCK_BLD":28,"BLOCK_RISK":4.1359224,"BLOCK_EDU":0.46554992,"BLOCK_HLTH":15.374269,"BLOCK_TRAN":76.775894,"BLOCK_CULT":0,"BLOCK_PARK":21.419497,"BLOCK_SEC":100,"BLOCK_CENT":0,"BLOCK_DEF":50,"BLD_INHAB":3,"OBJECTID":2,"AO_225":0.2,"id":698,"preds_material":[[1,"1216741152_352908_1677_3-512.jpg"],[1,"1216741152_637874_1678_3-512.jpg"],[1,"1216741152_932907_1679_3-512.jpg"],[1,"1216741153_232983_1680_3-512.jpg"],[1,"1216741153_572904_1681_3-512.jpg"],[1,"1216741153_952949_1682_3-512.jpg"],[1,"1216741154_382883_1683_3-512.jpg"],[1,"1216741154_807871_1684_3-512.jpg"],[5,"1216743476_350487_7570_1-512.jpg"],[5,"1216743476_350487_7570_1-512.jpg"],[5,"1216745202_126988_10874_1-512.jpg"],[5,"1216745202_982035_10875_1-512.jpg"],[5,"1216745202_982035_10875_1-512.jpg"],[5,"1216745207_646941_10880_1-512.jpg"]],"material_ml":"brick","preds_construction":[[2,"1216743476_350487_7570_1-512.jpg"],[2,"1216745202_126988_10874_1-512.jpg"],[2,"1216745202_982035_10875_1-512.jpg"],[2,"1216745202_982035_10875_1-512.jpg"]],"construction_ml":"complete","preds_design":[[2,"1216743476_350487_7570_1-512.jpg"],[1,"1216745202_982035_10875_1-512.jpg"]],"design_ml":"undesigned","images":[]}
