{"MATERIAL":"corrugated metal/heavily patched","AVG_SLOPE":7.73297164863,"AVG_HEIGHT":2.15293138796,"TERAIN_SLP":2.05578057061,"AREA":62.6114544789,"VOLUME":135,"FLOORS":1,"INT_ZONE":"Borde Rural","FLOOD":1,"LANDSLIDE":"Amenaza Baja","LEGAL_ID":"358","LEGAL_NAME":"EL PARAISO","LEGAL_AREA":26.04,"LEGAL_LOTS":2077,"LEGAL_POP":11215.8,"LEGAL_DENS":79.76190476,"LEGALIZING":null,"BLOCK_ID_":"002565018","BLOCK_POP":84,"BLOCK_BLD":28,"BLOCK_RISK":4.1359224,"BLOCK_EDU":0.46554992,"BLOCK_HLTH":15.374269,"BLOCK_TRAN":76.775894,"BLOCK_CULT":0,"BLOCK_PARK":21.419497,"BLOCK_SEC":100,"BLOCK_CENT":0,"BLOCK_DEF":50,"BLD_INHAB":3,"OBJECTID":2,"AO_225":0.2,"id":701,"preds_material":[[2,"1216745189_227132_10859_1-512.jpg"],[3,"1216745189_227132_10859_1-512.jpg"],[5,"1216745189_227132_10859_1-512.jpg"],[1,"1216745189_227132_10859_1-512.jpg"],[5,"1216745229_156641_10893_1-512.jpg"],[5,"1216745229_641885_10894_1-512.jpg"],[5,"1216745229_641885_10894_1-512.jpg"],[5,"1216745230_106905_10895_1-512.jpg"],[5,"1216745230_106905_10895_1-512.jpg"],[5,"1216745230_481883_10896_1-512.jpg"],[5,"1216745230_851934_10897_1-512.jpg"],[5,"1216745231_191927_10898_1-512.jpg"]],"material_ml":"painted","preds_construction":[[2,"1216745189_227132_10859_1-512.jpg"],[1,"1216745189_227132_10859_1-512.jpg"],[2,"1216745229_156641_10893_1-512.jpg"],[2,"1216745229_641885_10894_1-512.jpg"],[2,"1216745229_641885_10894_1-512.jpg"],[2,"1216745230_106905_10895_1-512.jpg"],[2,"1216745230_106905_10895_1-512.jpg"],[2,"1216745230_481883_10896_1-512.jpg"],[2,"1216745230_851934_10897_1-512.jpg"],[2,"1216745231_191927_10898_1-512.jpg"]],"construction_ml":"complete","preds_design":[[1,"1216745189_227132_10859_1-512.jpg"],[2,"1216745229_156641_10893_1-512.jpg"],[2,"1216745229_641885_10894_1-512.jpg"],[2,"1216745229_641885_10894_1-512.jpg"],[2,"1216745230_106905_10895_1-512.jpg"],[1,"1216745230_106905_10895_1-512.jpg"],[2,"1216745230_106905_10895_1-512.jpg"],[2,"1216745230_481883_10896_1-512.jpg"],[2,"1216745230_851934_10897_1-512.jpg"],[2,"1216745231_191927_10898_1-512.jpg"]],"design_ml":"designed","images":[]}
