{"MATERIAL":"corrugated metal/heavily patched","AVG_SLOPE":8.64035403259,"AVG_HEIGHT":2.16558817275,"TERAIN_SLP":2.18544758373,"AREA":45.368029751,"VOLUME":98,"FLOORS":1,"INT_ZONE":"Borde Rural","FLOOD":1,"LANDSLIDE":"Amenaza Baja","LEGAL_ID":"358","LEGAL_NAME":"EL PARAISO","LEGAL_AREA":26.04,"LEGAL_LOTS":2077,"LEGAL_POP":11215.8,"LEGAL_DENS":79.76190476,"LEGALIZING":null,"BLOCK_ID_":"002565018","BLOCK_POP":84,"BLOCK_BLD":28,"BLOCK_RISK":4.1359224,"BLOCK_EDU":0.46554992,"BLOCK_HLTH":15.374269,"BLOCK_TRAN":76.775894,"BLOCK_CULT":0,"BLOCK_PARK":21.419497,"BLOCK_SEC":100,"BLOCK_CENT":0,"BLOCK_DEF":50,"BLD_INHAB":3,"OBJECTID":2,"AO_225":0.2,"id":702,"preds_material":[[1,"1216745190_467009_10860_1-512.jpg"],[3,"1216745190_467009_10860_1-512.jpg"],[5,"1216745237_517047_10917_1-512.jpg"],[2,"1216745332_941450_11326_1-512.jpg"],[1,"1216745336_161558_11337_1-512.jpg"],[1,"1216745336_716609_11338_1-512.jpg"],[5,"1216745354_746525_11402_1-512.jpg"],[5,"1216745355_056500_11403_1-512.jpg"],[5,"1216745358_241523_11413_1-512.jpg"],[5,"1216745358_601525_11414_1-512.jpg"],[5,"1216745359_041585_11415_1-512.jpg"],[5,"1216745359_486639_11416_1-512.jpg"],[5,"1216745359_896336_11417_1-512.jpg"],[5,"1216745360_266142_11418_1-512.jpg"]],"material_ml":"painted","preds_construction":[[2,"1216745190_467009_10860_1-512.jpg"],[2,"1216745237_517047_10917_1-512.jpg"],[2,"1216745336_161558_11337_1-512.jpg"],[2,"1216745354_746525_11402_1-512.jpg"],[2,"1216745355_056500_11403_1-512.jpg"],[2,"1216745358_241523_11413_1-512.jpg"],[2,"1216745358_601525_11414_1-512.jpg"],[2,"1216745359_041585_11415_1-512.jpg"],[2,"1216745359_486639_11416_1-512.jpg"],[2,"1216745359_896336_11417_1-512.jpg"],[2,"1216745360_266142_11418_1-512.jpg"]],"construction_ml":"complete","preds_design":[[1,"1216745190_467009_10860_1-512.jpg"],[1,"1216745336_161558_11337_1-512.jpg"],[1,"1216745336_161558_11337_1-512.jpg"],[1,"1216745336_716609_11338_1-512.jpg"],[2,"1216745354_746525_11402_1-512.jpg"],[2,"1216745355_056500_11403_1-512.jpg"],[2,"1216745358_241523_11413_1-512.jpg"],[2,"1216745358_601525_11414_1-512.jpg"],[2,"1216745359_041585_11415_1-512.jpg"],[2,"1216745359_486639_11416_1-512.jpg"],[2,"1216745359_896336_11417_1-512.jpg"],[2,"1216745360_266142_11418_1-512.jpg"]],"design_ml":"designed","images":[]}
