{"MATERIAL":"concrete","AVG_SLOPE":9.2196811313,"AVG_HEIGHT":4.27315771451,"TERAIN_SLP":10.9130811607,"AREA":67.6147837428,"VOLUME":289,"FLOORS":2,"INT_ZONE":"Borde Rural","FLOOD":1,"LANDSLIDE":"Amenaza Baja","LEGAL_ID":"358","LEGAL_NAME":"EL PARAISO","LEGAL_AREA":26.04,"LEGAL_LOTS":2077,"LEGAL_POP":11215.8,"LEGAL_DENS":79.76190476,"LEGALIZING":null,"BLOCK_ID_":"002565024","BLOCK_POP":240,"BLOCK_BLD":61,"BLOCK_RISK":2.3657384,"BLOCK_EDU":0.63970935,"BLOCK_HLTH":20.487314,"BLOCK_TRAN":69.686203,"BLOCK_CULT":0,"BLOCK_PARK":24.319061,"BLOCK_SEC":54.195568,"BLOCK_CENT":0,"BLOCK_DEF":31.1475409836,"BLD_INHAB":4,"OBJECTID":2,"AO_225":0.2,"id":706,"preds_material":[[2,"1216741159_257891_1702_3-512.jpg"],[2,"1216741159_522904_1703_3-512.jpg"],[2,"1216741159_802900_1704_3-512.jpg"],[2,"1216741160_077840_1705_3-512.jpg"],[5,"1216741160_377841_1706_3-512.jpg"],[2,"1216741160_377841_1706_3-512.jpg"],[5,"1216741160_377841_1706_3-512.jpg"],[2,"1216741160_647831_1707_3-512.jpg"],[5,"1216741160_647831_1707_3-512.jpg"],[2,"1216741160_952912_1708_3-512.jpg"],[5,"1216741160_952912_1708_3-512.jpg"],[2,"1216741161_247833_1709_3-512.jpg"],[2,"1216741161_532900_1710_3-512.jpg"],[2,"1216741161_827849_1711_3-512.jpg"],[2,"1216741162_172907_1712_3-512.jpg"]],"material_ml":"concrete","preds_construction":[[2,"1216741159_257891_1702_3-512.jpg"],[2,"1216741159_522904_1703_3-512.jpg"],[2,"1216741159_802900_1704_3-512.jpg"],[2,"1216741160_077840_1705_3-512.jpg"],[2,"1216741160_377841_1706_3-512.jpg"],[2,"1216741160_377841_1706_3-512.jpg"],[2,"1216741160_377841_1706_3-512.jpg"],[2,"1216741160_647831_1707_3-512.jpg"],[2,"1216741160_647831_1707_3-512.jpg"],[2,"1216741160_952912_1708_3-512.jpg"],[2,"1216741160_952912_1708_3-512.jpg"],[2,"1216741161_247833_1709_3-512.jpg"],[2,"1216741161_532900_1710_3-512.jpg"],[2,"1216741161_827849_1711_3-512.jpg"],[2,"1216741162_172907_1712_3-512.jpg"]],"construction_ml":"complete","preds_design":[[2,"1216741159_257891_1702_3-512.jpg"],[2,"1216741159_522904_1703_3-512.jpg"],[2,"1216741159_802900_1704_3-512.jpg"],[2,"1216741160_077840_1705_3-512.jpg"],[2,"1216741160_377841_1706_3-512.jpg"],[2,"1216741160_377841_1706_3-512.jpg"],[1,"1216741160_377841_1706_3-512.jpg"],[2,"1216741160_647831_1707_3-512.jpg"],[2,"1216741160_647831_1707_3-512.jpg"],[2,"1216741160_952912_1708_3-512.jpg"],[2,"1216741160_952912_1708_3-512.jpg"],[1,"1216741160_952912_1708_3-512.jpg"],[2,"1216741161_247833_1709_3-512.jpg"],[2,"1216741161_532900_1710_3-512.jpg"],[2,"1216741161_827849_1711_3-512.jpg"],[2,"1216741162_172907_1712_3-512.jpg"]],"design_ml":"designed","images":[]}
