{"MATERIAL":"corrugated metal - dark","AVG_SLOPE":6.48155478116,"AVG_HEIGHT":1.41064761609,"TERAIN_SLP":21.8719627719,"AREA":82.0628628376,"VOLUME":116,"FLOORS":1,"INT_ZONE":"Borde Rural","FLOOD":1,"LANDSLIDE":"Amenaza Baja","LEGAL_ID":"358","LEGAL_NAME":"EL PARAISO","LEGAL_AREA":26.04,"LEGAL_LOTS":2077,"LEGAL_POP":11215.8,"LEGAL_DENS":79.76190476,"LEGALIZING":null,"BLOCK_ID_":"002565024","BLOCK_POP":240,"BLOCK_BLD":61,"BLOCK_RISK":2.3657384,"BLOCK_EDU":0.63970935,"BLOCK_HLTH":20.487314,"BLOCK_TRAN":69.686203,"BLOCK_CULT":0,"BLOCK_PARK":24.319061,"BLOCK_SEC":54.195568,"BLOCK_CENT":0,"BLOCK_DEF":31.1475409836,"BLD_INHAB":4,"OBJECTID":2,"AO_225":0.2,"id":707,"preds_material":[[5,"1216741156_033109_1688_3-512.jpg"],[5,"1216741156_292916_1689_3-512.jpg"],[5,"1216741156_527852_1690_3-512.jpg"],[5,"1216741156_747869_1691_3-512.jpg"],[5,"1216741156_972903_1692_3-512.jpg"],[5,"1216741157_192887_1693_3-512.jpg"],[5,"1216741157_407857_1694_3-512.jpg"],[5,"1216741157_622917_1695_3-512.jpg"],[5,"1216741157_842918_1696_3-512.jpg"],[5,"1216741158_062909_1697_3-512.jpg"],[5,"1216741158_287874_1698_3-512.jpg"],[5,"1216741158_522879_1699_3-512.jpg"],[5,"1216741158_757862_1700_3-512.jpg"],[2,"1216741158_757862_1700_3-512.jpg"],[5,"1216741158_997847_1701_3-512.jpg"],[2,"1216741158_997847_1701_3-512.jpg"],[5,"1216741159_257891_1702_3-512.jpg"],[5,"1216741159_522904_1703_3-512.jpg"],[5,"1216741159_802900_1704_3-512.jpg"],[5,"1216741160_077840_1705_3-512.jpg"],[5,"1216743477_445528_7571_3-512.jpg"],[5,"1216743478_335534_7572_3-512.jpg"],[5,"1216743479_120681_7573_3-512.jpg"],[5,"1216743480_000612_7574_3-512.jpg"],[5,"1216743480_800474_7575_3-512.jpg"],[5,"1216743481_395503_7576_3-512.jpg"],[5,"1216743481_965521_7577_3-512.jpg"],[5,"1216743482_500470_7578_3-512.jpg"],[5,"1216743483_005662_7579_3-512.jpg"],[5,"1216745204_617056_10877_3-512.jpg"],[5,"1216745205_531987_10878_3-512.jpg"],[5,"1216745205_531987_10878_3-512.jpg"],[5,"1216745206_331835_10879_3-512.jpg"]],"material_ml":"painted","preds_construction":[[2,"1216741155_757864_1687_3-512.jpg"],[2,"1216741156_033109_1688_3-512.jpg"],[2,"1216741156_292916_1689_3-512.jpg"],[1,"1216741156_292916_1689_3-512.jpg"],[2,"1216741156_527852_1690_3-512.jpg"],[2,"1216741156_747869_1691_3-512.jpg"],[2,"1216741156_972903_1692_3-512.jpg"],[2,"1216741157_192887_1693_3-512.jpg"],[2,"1216741157_407857_1694_3-512.jpg"],[2,"1216741157_622917_1695_3-512.jpg"],[2,"1216741157_842918_1696_3-512.jpg"],[2,"1216741158_062909_1697_3-512.jpg"],[2,"1216741158_287874_1698_3-512.jpg"],[2,"1216741158_522879_1699_3-512.jpg"],[2,"1216741158_522879_1699_3-512.jpg"],[2,"1216741158_757862_1700_3-512.jpg"],[2,"1216741158_757862_1700_3-512.jpg"],[2,"1216741158_997847_1701_3-512.jpg"],[2,"1216741158_997847_1701_3-512.jpg"],[1,"1216741158_997847_1701_3-512.jpg"],[2,"1216741159_257891_1702_3-512.jpg"],[1,"1216741159_257891_1702_3-512.jpg"],[2,"1216741159_522904_1703_3-512.jpg"],[1,"1216741159_522904_1703_3-512.jpg"],[2,"1216741159_802900_1704_3-512.jpg"],[2,"1216741160_077840_1705_3-512.jpg"],[2,"1216743477_445528_7571_3-512.jpg"],[2,"1216743478_335534_7572_3-512.jpg"],[2,"1216743479_120681_7573_3-512.jpg"],[2,"1216743480_000612_7574_3-512.jpg"],[2,"1216743480_800474_7575_3-512.jpg"],[2,"1216743481_395503_7576_3-512.jpg"],[2,"1216743481_965521_7577_3-512.jpg"],[2,"1216743482_500470_7578_3-512.jpg"],[2,"1216745204_617056_10877_3-512.jpg"],[2,"1216745205_531987_10878_3-512.jpg"]],"construction_ml":"complete","preds_design":[[2,"1216741156_033109_1688_3-512.jpg"],[1,"1216741156_033109_1688_3-512.jpg"],[1,"1216741156_292916_1689_3-512.jpg"],[2,"1216741156_527852_1690_3-512.jpg"],[1,"1216741156_527852_1690_3-512.jpg"],[2,"1216741156_747869_1691_3-512.jpg"],[1,"1216741156_747869_1691_3-512.jpg"],[2,"1216741156_972903_1692_3-512.jpg"],[2,"1216741157_192887_1693_3-512.jpg"],[2,"1216741157_407857_1694_3-512.jpg"],[1,"1216741157_407857_1694_3-512.jpg"],[2,"1216741157_622917_1695_3-512.jpg"],[1,"1216741157_622917_1695_3-512.jpg"],[2,"1216741157_842918_1696_3-512.jpg"],[1,"1216741157_842918_1696_3-512.jpg"],[1,"1216741158_062909_1697_3-512.jpg"],[2,"1216741158_062909_1697_3-512.jpg"],[1,"1216741158_287874_1698_3-512.jpg"],[2,"1216741158_287874_1698_3-512.jpg"],[1,"1216741158_522879_1699_3-512.jpg"],[2,"1216741158_522879_1699_3-512.jpg"],[2,"1216741158_522879_1699_3-512.jpg"],[1,"1216741158_757862_1700_3-512.jpg"],[2,"1216741158_757862_1700_3-512.jpg"],[2,"1216741158_757862_1700_3-512.jpg"],[2,"1216741158_997847_1701_3-512.jpg"],[1,"1216741158_997847_1701_3-512.jpg"],[2,"1216741158_997847_1701_3-512.jpg"],[1,"1216741159_257891_1702_3-512.jpg"],[2,"1216741159_257891_1702_3-512.jpg"],[2,"1216741159_522904_1703_3-512.jpg"],[1,"1216741159_522904_1703_3-512.jpg"],[2,"1216741159_802900_1704_3-512.jpg"],[1,"1216741159_802900_1704_3-512.jpg"],[2,"1216741160_077840_1705_3-512.jpg"],[2,"1216743477_445528_7571_3-512.jpg"],[2,"1216743478_335534_7572_3-512.jpg"],[2,"1216743479_120681_7573_3-512.jpg"],[2,"1216743480_000612_7574_3-512.jpg"],[2,"1216743480_800474_7575_3-512.jpg"],[2,"1216743481_395503_7576_3-512.jpg"],[2,"1216743481_965521_7577_3-512.jpg"],[2,"1216743482_500470_7578_3-512.jpg"],[2,"1216745204_617056_10877_3-512.jpg"],[2,"1216745205_531987_10878_3-512.jpg"]],"design_ml":"designed","images":[]}
