{"MATERIAL":"corrugated metal/heavily patched","AVG_SLOPE":5.64089886872,"AVG_HEIGHT":0.35715226544,"TERAIN_SLP":14.2208121036,"AREA":59.5257899833,"VOLUME":21,"FLOORS":1,"INT_ZONE":"Borde Rural","FLOOD":2,"LANDSLIDE":"Amenaza Baja","LEGAL_ID":"358","LEGAL_NAME":"EL PARAISO","LEGAL_AREA":26.04,"LEGAL_LOTS":2077,"LEGAL_POP":11215.8,"LEGAL_DENS":79.76190476,"LEGALIZING":null,"BLOCK_ID_":"002565024","BLOCK_POP":240,"BLOCK_BLD":61,"BLOCK_RISK":2.3657384,"BLOCK_EDU":0.63970935,"BLOCK_HLTH":20.487314,"BLOCK_TRAN":69.686203,"BLOCK_CULT":0,"BLOCK_PARK":24.319061,"BLOCK_SEC":54.195568,"BLOCK_CENT":0,"BLOCK_DEF":31.1475409836,"BLD_INHAB":4,"OBJECTID":2,"AO_225":0.2,"id":715,"preds_material":[[5,"1216741456_656331_2556_3-512.jpg"],[5,"1216741456_871297_2557_3-512.jpg"],[5,"1216741457_091276_2558_3-512.jpg"]],"material_ml":"painted","preds_construction":[[2,"1216741456_656331_2556_3-512.jpg"],[2,"1216741456_871297_2557_3-512.jpg"],[2,"1216741457_091276_2558_3-512.jpg"]],"construction_ml":"complete","preds_design":[[2,"1216741456_656331_2556_3-512.jpg"],[1,"1216741456_656331_2556_3-512.jpg"],[1,"1216741456_871297_2557_3-512.jpg"],[2,"1216741456_871297_2557_3-512.jpg"],[1,"1216741457_091276_2558_3-512.jpg"]],"design_ml":"undesigned","images":[]}
