{"MATERIAL":"corrugated metal","AVG_SLOPE":10.3000424586,"AVG_HEIGHT":6.20089212583,"TERAIN_SLP":10.2721066931,"AREA":65.2401669574,"VOLUME":405,"FLOORS":2,"INT_ZONE":"Borde Rural","FLOOD":1,"LANDSLIDE":"Amenaza Baja","LEGAL_ID":"358","LEGAL_NAME":"EL PARAISO","LEGAL_AREA":26.04,"LEGAL_LOTS":2077,"LEGAL_POP":11215.8,"LEGAL_DENS":79.76190476,"LEGALIZING":null,"BLOCK_ID_":"002565023","BLOCK_POP":147,"BLOCK_BLD":35,"BLOCK_RISK":9.4944563,"BLOCK_EDU":0.56284523,"BLOCK_HLTH":18.27063,"BLOCK_TRAN":85.020897,"BLOCK_CULT":0,"BLOCK_PARK":22.599808,"BLOCK_SEC":100,"BLOCK_CENT":0,"BLOCK_DEF":22.8571428571,"BLD_INHAB":4,"OBJECTID":2,"AO_225":0.2,"id":717,"preds_material":[[5,"1216741465_506252_2579_1-512.jpg"],[5,"1216741465_881250_2580_1-512.jpg"],[5,"1216741465_881250_2580_1-512.jpg"],[5,"1216741466_226256_2581_1-512.jpg"],[5,"1216741466_226256_2581_1-512.jpg"],[5,"1216741466_536225_2582_1-512.jpg"],[5,"1216741466_831235_2583_1-512.jpg"],[5,"1216741467_106222_2584_1-512.jpg"],[5,"1216741467_376231_2585_1-512.jpg"],[5,"1216741467_376231_2585_1-512.jpg"],[5,"1216741467_631237_2586_1-512.jpg"],[5,"1216741467_631237_2586_1-512.jpg"],[5,"1216741467_881234_2587_1-512.jpg"],[5,"1216741467_881234_2587_1-512.jpg"],[5,"1216741468_121234_2588_1-512.jpg"],[5,"1216741468_121234_2588_1-512.jpg"],[5,"1216741468_356210_2589_1-512.jpg"],[5,"1216741468_586220_2590_1-512.jpg"],[2,"1216745197_456988_10868_3-512.jpg"],[5,"1216745198_206817_10869_3-512.jpg"],[5,"1216745198_947002_10870_3-512.jpg"]],"material_ml":"painted","preds_construction":[[2,"1216741465_881250_2580_1-512.jpg"],[2,"1216741465_881250_2580_1-512.jpg"],[2,"1216741466_226256_2581_1-512.jpg"],[2,"1216741466_226256_2581_1-512.jpg"],[2,"1216741466_536225_2582_1-512.jpg"],[2,"1216741466_831235_2583_1-512.jpg"],[2,"1216741467_106222_2584_1-512.jpg"],[2,"1216741467_376231_2585_1-512.jpg"],[2,"1216741467_376231_2585_1-512.jpg"],[2,"1216741467_631237_2586_1-512.jpg"],[2,"1216741467_631237_2586_1-512.jpg"],[2,"1216741467_881234_2587_1-512.jpg"],[2,"1216741467_881234_2587_1-512.jpg"],[2,"1216741468_121234_2588_1-512.jpg"],[2,"1216741468_121234_2588_1-512.jpg"],[2,"1216741468_356210_2589_1-512.jpg"],[2,"1216741468_586220_2590_1-512.jpg"],[1,"1216745197_456988_10868_3-512.jpg"],[2,"1216745197_456988_10868_3-512.jpg"],[2,"1216745198_206817_10869_3-512.jpg"],[2,"1216745198_206817_10869_3-512.jpg"],[2,"1216745198_947002_10870_3-512.jpg"]],"construction_ml":"complete","preds_design":[[2,"1216741465_506252_2579_1-512.jpg"],[2,"1216741465_881250_2580_1-512.jpg"],[2,"1216741466_226256_2581_1-512.jpg"],[2,"1216741466_536225_2582_1-512.jpg"],[2,"1216741466_831235_2583_1-512.jpg"],[2,"1216741467_106222_2584_1-512.jpg"],[2,"1216741467_376231_2585_1-512.jpg"],[2,"1216741467_376231_2585_1-512.jpg"],[2,"1216741467_631237_2586_1-512.jpg"],[2,"1216741467_631237_2586_1-512.jpg"],[2,"1216741467_881234_2587_1-512.jpg"],[2,"1216741467_881234_2587_1-512.jpg"],[2,"1216741468_121234_2588_1-512.jpg"],[2,"1216741468_121234_2588_1-512.jpg"],[2,"1216741468_356210_2589_1-512.jpg"],[2,"1216741468_586220_2590_1-512.jpg"],[1,"1216745197_456988_10868_3-512.jpg"],[2,"1216745198_206817_10869_3-512.jpg"],[1,"1216745198_206817_10869_3-512.jpg"],[2,"1216745198_947002_10870_3-512.jpg"]],"design_ml":"designed","images":[]}
