{"MATERIAL":"corrugated metal","AVG_SLOPE":7.01920005014,"AVG_HEIGHT":4.37541543122,"TERAIN_SLP":14.5751853716,"AREA":67.7694164462,"VOLUME":297,"FLOORS":2,"INT_ZONE":"Borde Rural","FLOOD":1,"LANDSLIDE":"Amenaza Baja","LEGAL_ID":"358","LEGAL_NAME":"EL PARAISO","LEGAL_AREA":26.04,"LEGAL_LOTS":2077,"LEGAL_POP":11215.8,"LEGAL_DENS":79.76190476,"LEGALIZING":null,"BLOCK_ID_":"002565023","BLOCK_POP":147,"BLOCK_BLD":35,"BLOCK_RISK":9.4944563,"BLOCK_EDU":0.56284523,"BLOCK_HLTH":18.27063,"BLOCK_TRAN":85.020897,"BLOCK_CULT":0,"BLOCK_PARK":22.599808,"BLOCK_SEC":100,"BLOCK_CENT":0,"BLOCK_DEF":22.8571428571,"BLD_INHAB":4,"OBJECTID":2,"AO_225":0.2,"id":719,"preds_material":[[5,"1216741454_306280_2544_1-512.jpg"],[6,"1216741454_306280_2544_1-512.jpg"],[5,"1216741454_306280_2544_3-512.jpg"],[5,"1216741454_306280_2544_3-512.jpg"],[5,"1216741454_486286_2545_1-512.jpg"],[6,"1216741454_486286_2545_1-512.jpg"],[5,"1216741454_486286_2545_3-512.jpg"],[5,"1216741454_486286_2545_3-512.jpg"],[6,"1216741454_666344_2546_1-512.jpg"],[5,"1216741454_666344_2546_3-512.jpg"],[5,"1216741454_666344_2546_3-512.jpg"],[6,"1216741454_851347_2547_1-512.jpg"],[5,"1216741454_851347_2547_3-512.jpg"],[6,"1216741455_036473_2548_1-512.jpg"],[5,"1216741455_036473_2548_1-512.jpg"],[5,"1216741455_036473_2548_3-512.jpg"],[5,"1216741455_036473_2548_3-512.jpg"],[5,"1216741455_231337_2549_1-512.jpg"],[6,"1216741455_231337_2549_1-512.jpg"],[5,"1216741455_231337_2549_3-512.jpg"],[5,"1216741455_231337_2549_3-512.jpg"],[6,"1216741455_431287_2550_1-512.jpg"],[5,"1216741455_431287_2550_1-512.jpg"],[5,"1216741455_431287_2550_3-512.jpg"],[5,"1216741455_431287_2550_3-512.jpg"],[5,"1216741455_631350_2551_1-512.jpg"],[6,"1216741455_631350_2551_1-512.jpg"],[5,"1216741455_631350_2551_3-512.jpg"],[5,"1216741455_631350_2551_3-512.jpg"],[5,"1216741455_831334_2552_1-512.jpg"],[5,"1216741455_831334_2552_3-512.jpg"],[5,"1216741455_831334_2552_3-512.jpg"],[5,"1216741456_036452_2553_1-512.jpg"],[5,"1216741456_036452_2553_3-512.jpg"],[5,"1216741456_241349_2554_1-512.jpg"],[5,"1216741456_241349_2554_1-512.jpg"],[5,"1216741456_241349_2554_3-512.jpg"],[5,"1216741456_241349_2554_3-512.jpg"],[5,"1216741456_446295_2555_1-512.jpg"],[5,"1216741456_446295_2555_1-512.jpg"],[5,"1216741456_446295_2555_3-512.jpg"],[5,"1216741456_446295_2555_3-512.jpg"],[5,"1216741456_656331_2556_1-512.jpg"],[5,"1216741456_871297_2557_1-512.jpg"],[5,"1216741457_091276_2558_1-512.jpg"]],"material_ml":"painted","preds_construction":[[2,"1216741454_306280_2544_1-512.jpg"],[2,"1216741454_306280_2544_1-512.jpg"],[2,"1216741454_306280_2544_3-512.jpg"],[2,"1216741454_306280_2544_3-512.jpg"],[2,"1216741454_486286_2545_1-512.jpg"],[2,"1216741454_486286_2545_1-512.jpg"],[2,"1216741454_486286_2545_3-512.jpg"],[2,"1216741454_486286_2545_3-512.jpg"],[2,"1216741454_666344_2546_1-512.jpg"],[2,"1216741454_666344_2546_3-512.jpg"],[2,"1216741454_666344_2546_3-512.jpg"],[2,"1216741454_851347_2547_1-512.jpg"],[2,"1216741454_851347_2547_3-512.jpg"],[2,"1216741455_036473_2548_1-512.jpg"],[2,"1216741455_036473_2548_1-512.jpg"],[2,"1216741455_036473_2548_3-512.jpg"],[2,"1216741455_036473_2548_3-512.jpg"],[2,"1216741455_231337_2549_1-512.jpg"],[2,"1216741455_231337_2549_1-512.jpg"],[2,"1216741455_231337_2549_3-512.jpg"],[2,"1216741455_231337_2549_3-512.jpg"],[2,"1216741455_431287_2550_1-512.jpg"],[2,"1216741455_431287_2550_1-512.jpg"],[2,"1216741455_431287_2550_3-512.jpg"],[2,"1216741455_431287_2550_3-512.jpg"],[2,"1216741455_631350_2551_1-512.jpg"],[2,"1216741455_631350_2551_1-512.jpg"],[2,"1216741455_631350_2551_3-512.jpg"],[2,"1216741455_631350_2551_3-512.jpg"],[2,"1216741455_831334_2552_1-512.jpg"],[2,"1216741455_831334_2552_3-512.jpg"],[2,"1216741455_831334_2552_3-512.jpg"],[2,"1216741456_036452_2553_1-512.jpg"],[2,"1216741456_036452_2553_3-512.jpg"],[2,"1216741456_241349_2554_1-512.jpg"],[2,"1216741456_241349_2554_1-512.jpg"],[2,"1216741456_241349_2554_3-512.jpg"],[2,"1216741456_241349_2554_3-512.jpg"],[2,"1216741456_446295_2555_1-512.jpg"],[2,"1216741456_446295_2555_1-512.jpg"],[2,"1216741456_446295_2555_3-512.jpg"],[2,"1216741456_446295_2555_3-512.jpg"],[2,"1216741456_656331_2556_1-512.jpg"],[2,"1216741456_871297_2557_1-512.jpg"],[2,"1216741457_091276_2558_1-512.jpg"]],"construction_ml":"complete","preds_design":[[2,"1216741454_306280_2544_1-512.jpg"],[1,"1216741454_306280_2544_1-512.jpg"],[2,"1216741454_306280_2544_3-512.jpg"],[2,"1216741454_306280_2544_3-512.jpg"],[2,"1216741454_486286_2545_1-512.jpg"],[1,"1216741454_486286_2545_1-512.jpg"],[2,"1216741454_486286_2545_3-512.jpg"],[2,"1216741454_486286_2545_3-512.jpg"],[2,"1216741454_666344_2546_1-512.jpg"],[2,"1216741454_666344_2546_3-512.jpg"],[2,"1216741454_666344_2546_3-512.jpg"],[2,"1216741454_851347_2547_1-512.jpg"],[2,"1216741454_851347_2547_3-512.jpg"],[2,"1216741455_036473_2548_1-512.jpg"],[2,"1216741455_036473_2548_1-512.jpg"],[2,"1216741455_036473_2548_3-512.jpg"],[1,"1216741455_036473_2548_3-512.jpg"],[2,"1216741455_231337_2549_1-512.jpg"],[2,"1216741455_231337_2549_1-512.jpg"],[2,"1216741455_231337_2549_3-512.jpg"],[1,"1216741455_231337_2549_3-512.jpg"],[2,"1216741455_231337_2549_3-512.jpg"],[2,"1216741455_431287_2550_1-512.jpg"],[2,"1216741455_431287_2550_1-512.jpg"],[2,"1216741455_431287_2550_3-512.jpg"],[1,"1216741455_431287_2550_3-512.jpg"],[2,"1216741455_631350_2551_1-512.jpg"],[2,"1216741455_631350_2551_1-512.jpg"],[2,"1216741455_631350_2551_3-512.jpg"],[1,"1216741455_631350_2551_3-512.jpg"],[2,"1216741455_831334_2552_1-512.jpg"],[1,"1216741455_831334_2552_3-512.jpg"],[2,"1216741455_831334_2552_3-512.jpg"],[2,"1216741456_036452_2553_1-512.jpg"],[1,"1216741456_036452_2553_3-512.jpg"],[2,"1216741456_036452_2553_3-512.jpg"],[2,"1216741456_241349_2554_1-512.jpg"],[2,"1216741456_241349_2554_1-512.jpg"],[1,"1216741456_241349_2554_1-512.jpg"],[1,"1216741456_241349_2554_3-512.jpg"],[2,"1216741456_241349_2554_3-512.jpg"],[1,"1216741456_241349_2554_3-512.jpg"],[2,"1216741456_241349_2554_3-512.jpg"],[2,"1216741456_446295_2555_1-512.jpg"],[2,"1216741456_446295_2555_1-512.jpg"],[1,"1216741456_446295_2555_1-512.jpg"],[1,"1216741456_446295_2555_3-512.jpg"],[2,"1216741456_446295_2555_3-512.jpg"],[1,"1216741456_446295_2555_3-512.jpg"],[2,"1216741456_656331_2556_1-512.jpg"],[2,"1216741456_871297_2557_1-512.jpg"],[2,"1216741457_091276_2558_1-512.jpg"],[2,"1216741457_091276_2558_1-512.jpg"],[1,"1216741457_091276_2558_1-512.jpg"]],"design_ml":"designed","images":[]}
