{"MATERIAL":"corrugated metal/heavily patched","AVG_SLOPE":5.48197570945,"AVG_HEIGHT":2.46260537532,"TERAIN_SLP":2.73011315107,"AREA":50.727847884,"VOLUME":125,"FLOORS":1,"INT_ZONE":"Borde Rural","FLOOD":1,"LANDSLIDE":"Amenaza Baja","LEGAL_ID":"358","LEGAL_NAME":"EL PARAISO","LEGAL_AREA":26.04,"LEGAL_LOTS":2077,"LEGAL_POP":11215.8,"LEGAL_DENS":79.76190476,"LEGALIZING":null,"BLOCK_ID_":"002565021","BLOCK_POP":201,"BLOCK_BLD":50,"BLOCK_RISK":12.856069,"BLOCK_EDU":0.45438612,"BLOCK_HLTH":15.035325,"BLOCK_TRAN":90.579323,"BLOCK_CULT":0,"BLOCK_PARK":19.830591,"BLOCK_SEC":100,"BLOCK_CENT":0,"BLOCK_DEF":36,"BLD_INHAB":4,"OBJECTID":2,"AO_225":0.2,"id":731,"preds_material":[[5,"1216742232_182044_4503_3-512.jpg"],[5,"1216742232_407150_4504_3-512.jpg"],[5,"1216742232_627105_4505_3-512.jpg"],[5,"1216742232_847110_4506_3-512.jpg"],[5,"1216742233_087131_4507_3-512.jpg"],[5,"1216742233_327122_4508_3-512.jpg"],[5,"1216742233_327122_4508_3-512.jpg"],[5,"1216742233_571996_4509_3-512.jpg"],[5,"1216742233_571996_4509_3-512.jpg"],[5,"1216742233_812003_4510_3-512.jpg"],[5,"1216742233_812003_4510_3-512.jpg"],[5,"1216742234_006971_4511_3-512.jpg"],[5,"1216742234_207023_4512_3-512.jpg"],[5,"1216742234_412042_4513_3-512.jpg"],[5,"1216742234_571998_4514_3-512.jpg"],[5,"1216742234_832050_4515_3-512.jpg"],[5,"1216742235_087108_4516_3-512.jpg"],[5,"1216742235_307217_4517_3-512.jpg"],[5,"1216742235_527417_4518_3-512.jpg"],[5,"1216742235_747444_4519_3-512.jpg"],[5,"1216742235_982229_4520_3-512.jpg"],[5,"1216742236_182006_4521_3-512.jpg"],[5,"1216742236_422149_4522_3-512.jpg"],[5,"1216742236_667156_4523_3-512.jpg"],[5,"1216742236_667156_4523_3-512.jpg"],[5,"1216742236_927181_4524_3-512.jpg"],[6,"1216743047_053123_6713_3-512.jpg"],[6,"1216743047_713059_6714_3-512.jpg"],[6,"1216743048_438125_6715_3-512.jpg"]],"material_ml":"painted","preds_construction":[[2,"1216742232_182044_4503_3-512.jpg"],[2,"1216742232_407150_4504_3-512.jpg"],[2,"1216742232_627105_4505_3-512.jpg"],[2,"1216742232_847110_4506_3-512.jpg"],[2,"1216742233_087131_4507_3-512.jpg"],[2,"1216742233_327122_4508_3-512.jpg"],[2,"1216742233_327122_4508_3-512.jpg"],[2,"1216742233_571996_4509_3-512.jpg"],[2,"1216742233_571996_4509_3-512.jpg"],[2,"1216742233_812003_4510_3-512.jpg"],[2,"1216742233_812003_4510_3-512.jpg"],[2,"1216742234_006971_4511_3-512.jpg"],[2,"1216742234_207023_4512_3-512.jpg"],[2,"1216742234_412042_4513_3-512.jpg"],[2,"1216742234_571998_4514_3-512.jpg"],[2,"1216742234_832050_4515_3-512.jpg"],[2,"1216742235_087108_4516_3-512.jpg"],[2,"1216742235_307217_4517_3-512.jpg"],[2,"1216742235_527417_4518_3-512.jpg"],[2,"1216742235_747444_4519_3-512.jpg"],[2,"1216742235_982229_4520_3-512.jpg"],[2,"1216742236_182006_4521_3-512.jpg"],[2,"1216742236_422149_4522_3-512.jpg"],[2,"1216742236_667156_4523_3-512.jpg"],[2,"1216743046_183051_6711_3-512.jpg"],[2,"1216743046_583014_6712_3-512.jpg"],[2,"1216743047_053123_6713_3-512.jpg"],[2,"1216743047_713059_6714_3-512.jpg"],[2,"1216743048_438125_6715_3-512.jpg"],[2,"1216743161_472378_6972_1-512.jpg"]],"construction_ml":"complete","preds_design":[[2,"1216742232_182044_4503_3-512.jpg"],[2,"1216742232_407150_4504_3-512.jpg"],[2,"1216742232_627105_4505_3-512.jpg"],[2,"1216742232_847110_4506_3-512.jpg"],[2,"1216742233_087131_4507_3-512.jpg"],[2,"1216742233_327122_4508_3-512.jpg"],[2,"1216742233_571996_4509_3-512.jpg"],[2,"1216742233_571996_4509_3-512.jpg"],[2,"1216742233_812003_4510_3-512.jpg"],[2,"1216742233_812003_4510_3-512.jpg"],[2,"1216742234_006971_4511_3-512.jpg"],[2,"1216742234_207023_4512_3-512.jpg"],[2,"1216742234_412042_4513_3-512.jpg"],[2,"1216742234_571998_4514_3-512.jpg"],[2,"1216742234_832050_4515_3-512.jpg"],[2,"1216742235_087108_4516_3-512.jpg"],[2,"1216742235_307217_4517_3-512.jpg"],[2,"1216742235_527417_4518_3-512.jpg"],[2,"1216742235_747444_4519_3-512.jpg"],[2,"1216742235_982229_4520_3-512.jpg"],[2,"1216742236_182006_4521_3-512.jpg"],[2,"1216742236_422149_4522_3-512.jpg"],[2,"1216742236_667156_4523_3-512.jpg"],[2,"1216743047_053123_6713_3-512.jpg"],[2,"1216743047_713059_6714_3-512.jpg"],[2,"1216743048_438125_6715_3-512.jpg"]],"design_ml":"designed","images":[]}
