{"MATERIAL":"corrugated metal/heavily patched","AVG_SLOPE":5.33503501725,"AVG_HEIGHT":4.24255314828,"TERAIN_SLP":10.3534839975,"AREA":75.4251904718,"VOLUME":320,"FLOORS":2,"INT_ZONE":"Borde Rural","FLOOD":3,"LANDSLIDE":"Amenaza Baja","LEGAL_ID":"358","LEGAL_NAME":"EL PARAISO","LEGAL_AREA":26.04,"LEGAL_LOTS":2077,"LEGAL_POP":11215.8,"LEGAL_DENS":79.76190476,"LEGALIZING":null,"BLOCK_ID_":"002565022","BLOCK_POP":175,"BLOCK_BLD":45,"BLOCK_RISK":2.6169446,"BLOCK_EDU":0.50544518,"BLOCK_HLTH":16.574329,"BLOCK_TRAN":87.964363,"BLOCK_CULT":0,"BLOCK_PARK":21.189735,"BLOCK_SEC":46.024174,"BLOCK_CENT":0,"BLOCK_DEF":37.7777777778,"BLD_INHAB":4,"OBJECTID":2,"AO_225":0.2,"id":737,"preds_material":[[5,"1216741479_456172_2622_3-512.jpg"],[5,"1216741479_721165_2623_3-512.jpg"],[5,"1216741479_986169_2624_3-512.jpg"],[5,"1216741480_246158_2625_3-512.jpg"],[5,"1216741480_246158_2625_3-512.jpg"],[5,"1216741480_496162_2626_3-512.jpg"],[5,"1216741480_496162_2626_3-512.jpg"],[5,"1216741480_736150_2627_3-512.jpg"],[5,"1216741480_736150_2627_3-512.jpg"],[5,"1216741480_976163_2628_3-512.jpg"],[5,"1216741480_976163_2628_3-512.jpg"],[5,"1216745195_147202_10865_3-512.jpg"],[2,"1216745195_147202_10865_3-512.jpg"],[5,"1216745369_211255_11447_3-512.jpg"],[5,"1216745369_546410_11448_3-512.jpg"],[1,"1216745369_546410_11448_3-512.jpg"],[5,"1216745369_866237_11449_3-512.jpg"],[1,"1216745369_866237_11449_3-512.jpg"],[2,"1216745369_866237_11449_3-512.jpg"],[5,"1216745370_181383_11450_3-512.jpg"],[1,"1216745370_181383_11450_3-512.jpg"],[2,"1216745370_181383_11450_3-512.jpg"],[1,"1216745370_496292_11451_3-512.jpg"],[1,"1216745370_811451_11452_3-512.jpg"],[1,"1216745371_111263_11453_3-512.jpg"],[5,"1216745371_111263_11453_3-512.jpg"],[1,"1216745371_396142_11454_3-512.jpg"]],"material_ml":"painted","preds_construction":[[2,"1216741479_456172_2622_3-512.jpg"],[2,"1216741479_721165_2623_3-512.jpg"],[2,"1216741479_986169_2624_3-512.jpg"],[2,"1216741479_986169_2624_3-512.jpg"],[2,"1216741479_986169_2624_3-512.jpg"],[2,"1216741480_246158_2625_3-512.jpg"],[2,"1216741480_246158_2625_3-512.jpg"],[2,"1216741480_496162_2626_3-512.jpg"],[2,"1216741480_496162_2626_3-512.jpg"],[2,"1216741480_736150_2627_3-512.jpg"],[2,"1216741480_736150_2627_3-512.jpg"],[2,"1216741480_976163_2628_3-512.jpg"],[2,"1216745369_211255_11447_3-512.jpg"],[2,"1216745369_546410_11448_3-512.jpg"],[2,"1216745369_866237_11449_3-512.jpg"],[2,"1216745370_181383_11450_3-512.jpg"],[2,"1216745370_181383_11450_3-512.jpg"],[2,"1216745370_496292_11451_3-512.jpg"],[2,"1216745370_811451_11452_3-512.jpg"]],"construction_ml":"complete","preds_design":[[2,"1216741479_456172_2622_3-512.jpg"],[2,"1216741479_721165_2623_3-512.jpg"],[2,"1216741479_986169_2624_3-512.jpg"],[2,"1216741480_246158_2625_3-512.jpg"],[2,"1216741480_246158_2625_3-512.jpg"],[2,"1216741480_496162_2626_3-512.jpg"],[2,"1216741480_496162_2626_3-512.jpg"],[2,"1216741480_736150_2627_3-512.jpg"],[2,"1216741480_736150_2627_3-512.jpg"],[2,"1216741480_976163_2628_3-512.jpg"],[2,"1216745369_211255_11447_3-512.jpg"],[2,"1216745369_546410_11448_3-512.jpg"],[2,"1216745369_546410_11448_3-512.jpg"],[2,"1216745369_866237_11449_3-512.jpg"],[2,"1216745369_866237_11449_3-512.jpg"],[2,"1216745370_181383_11450_3-512.jpg"],[2,"1216745370_181383_11450_3-512.jpg"],[2,"1216745370_496292_11451_3-512.jpg"],[2,"1216745370_811451_11452_3-512.jpg"],[2,"1216745371_111263_11453_3-512.jpg"],[2,"1216745371_396142_11454_3-512.jpg"]],"design_ml":"designed","images":[]}
