{"MATERIAL":"corrugated metal/heavily patched","AVG_SLOPE":6.46424357948,"AVG_HEIGHT":0.79754834119,"TERAIN_SLP":18.9595392917,"AREA":64.157796455,"VOLUME":51,"FLOORS":1,"INT_ZONE":"Borde Rural","FLOOD":1,"LANDSLIDE":"Amenaza Baja","LEGAL_ID":"358","LEGAL_NAME":"EL PARAISO","LEGAL_AREA":26.04,"LEGAL_LOTS":2077,"LEGAL_POP":11215.8,"LEGAL_DENS":79.76190476,"LEGALIZING":null,"BLOCK_ID_":"002565022","BLOCK_POP":175,"BLOCK_BLD":45,"BLOCK_RISK":2.6169446,"BLOCK_EDU":0.50544518,"BLOCK_HLTH":16.574329,"BLOCK_TRAN":87.964363,"BLOCK_CULT":0,"BLOCK_PARK":21.189735,"BLOCK_SEC":46.024174,"BLOCK_CENT":0,"BLOCK_DEF":37.7777777778,"BLD_INHAB":4,"OBJECTID":2,"AO_225":0.2,"id":738,"preds_material":[[5,"1216743451_386397_7567_3-512.jpg"]],"material_ml":"painted","preds_construction":[[1,"1216743451_386397_7567_3-512.jpg"]],"construction_ml":"incomplete","preds_design":[[1,"1216743451_386397_7567_3-512.jpg"]],"design_ml":"undesigned","images":[]}
