{"MATERIAL":"corrugated metal","AVG_SLOPE":6.41968877644,"AVG_HEIGHT":4.98472195486,"TERAIN_SLP":3.41973103535,"AREA":65.9507648828,"VOLUME":329,"FLOORS":2,"INT_ZONE":"Borde Rural","FLOOD":1,"LANDSLIDE":"Amenaza Baja","LEGAL_ID":"358","LEGAL_NAME":"EL PARAISO","LEGAL_AREA":26.04,"LEGAL_LOTS":2077,"LEGAL_POP":11215.8,"LEGAL_DENS":79.76190476,"LEGALIZING":null,"BLOCK_ID_":"002565022","BLOCK_POP":175,"BLOCK_BLD":45,"BLOCK_RISK":2.6169446,"BLOCK_EDU":0.50544518,"BLOCK_HLTH":16.574329,"BLOCK_TRAN":87.964363,"BLOCK_CULT":0,"BLOCK_PARK":21.189735,"BLOCK_SEC":46.024174,"BLOCK_CENT":0,"BLOCK_DEF":37.7777777778,"BLD_INHAB":4,"OBJECTID":2,"AO_225":0.2,"id":750,"preds_material":[[5,"1216741489_731147_2658_1-512.jpg"],[5,"1216741489_731147_2658_1-512.jpg"],[2,"1216741489_731147_2658_1-512.jpg"],[5,"1216741489_731147_2658_3-512.jpg"],[5,"1216741489_731147_2658_3-512.jpg"],[5,"1216741490_036312_2659_1-512.jpg"],[5,"1216741490_036312_2659_1-512.jpg"],[5,"1216741490_036312_2659_3-512.jpg"],[5,"1216741490_036312_2659_3-512.jpg"],[5,"1216741490_336113_2660_1-512.jpg"],[5,"1216741490_336113_2660_1-512.jpg"],[5,"1216741490_336113_2660_3-512.jpg"],[5,"1216741490_336113_2660_3-512.jpg"],[5,"1216741490_656116_2661_1-512.jpg"],[5,"1216741490_656116_2661_1-512.jpg"],[5,"1216741490_656116_2661_3-512.jpg"],[5,"1216741490_656116_2661_3-512.jpg"],[5,"1216741490_986109_2662_1-512.jpg"],[5,"1216741490_986109_2662_1-512.jpg"],[5,"1216741490_986109_2662_3-512.jpg"],[5,"1216741490_986109_2662_3-512.jpg"],[5,"1216741490_986109_2662_3-512.jpg"],[5,"1216741491_321135_2663_1-512.jpg"],[5,"1216741491_321135_2663_3-512.jpg"],[6,"1216745376_736315_11477_3-512.jpg"],[5,"1216745376_911272_11478_3-512.jpg"],[5,"1216745377_066207_11479_3-512.jpg"],[1,"1216745377_066207_11479_3-512.jpg"],[1,"1216745377_240998_11480_3-512.jpg"],[1,"1216745377_421001_11481_3-512.jpg"],[1,"1216745377_421001_11481_3-512.jpg"],[5,"1216745377_421001_11481_3-512.jpg"],[1,"1216745377_421001_11481_3-512.jpg"],[1,"1216745377_556230_11482_3-512.jpg"],[1,"1216745377_556230_11482_3-512.jpg"],[1,"1216745377_791234_11483_3-512.jpg"],[1,"1216745377_791234_11483_3-512.jpg"],[1,"1216745377_791234_11483_3-512.jpg"],[1,"1216745377_791234_11483_3-512.jpg"],[1,"1216745378_011387_11484_3-512.jpg"],[1,"1216745378_011387_11484_3-512.jpg"],[1,"1216745378_011387_11484_3-512.jpg"],[1,"1216745378_011387_11484_3-512.jpg"],[1,"1216745378_231252_11485_3-512.jpg"],[1,"1216745378_231252_11485_3-512.jpg"],[1,"1216745378_231252_11485_3-512.jpg"],[1,"1216745378_446220_11486_3-512.jpg"],[1,"1216745378_676172_11487_3-512.jpg"],[1,"1216745378_916237_11488_3-512.jpg"],[1,"1216745379_146226_11489_3-512.jpg"],[1,"1216745379_381203_11490_3-512.jpg"]],"material_ml":"painted","preds_construction":[[2,"1216741489_731147_2658_1-512.jpg"],[2,"1216741489_731147_2658_1-512.jpg"],[2,"1216741489_731147_2658_1-512.jpg"],[2,"1216741489_731147_2658_3-512.jpg"],[2,"1216741489_731147_2658_3-512.jpg"],[2,"1216741490_036312_2659_1-512.jpg"],[2,"1216741490_036312_2659_1-512.jpg"],[2,"1216741490_036312_2659_3-512.jpg"],[2,"1216741490_036312_2659_3-512.jpg"],[2,"1216741490_336113_2660_1-512.jpg"],[2,"1216741490_336113_2660_1-512.jpg"],[2,"1216741490_336113_2660_3-512.jpg"],[2,"1216741490_336113_2660_3-512.jpg"],[2,"1216741490_656116_2661_1-512.jpg"],[2,"1216741490_656116_2661_1-512.jpg"],[2,"1216741490_656116_2661_3-512.jpg"],[2,"1216741490_656116_2661_3-512.jpg"],[2,"1216741490_986109_2662_1-512.jpg"],[2,"1216741490_986109_2662_1-512.jpg"],[2,"1216741490_986109_2662_3-512.jpg"],[2,"1216741490_986109_2662_3-512.jpg"],[2,"1216741490_986109_2662_3-512.jpg"],[2,"1216741491_321135_2663_1-512.jpg"],[2,"1216741491_321135_2663_3-512.jpg"],[2,"1216745376_736315_11477_3-512.jpg"],[2,"1216745376_911272_11478_3-512.jpg"],[2,"1216745377_066207_11479_3-512.jpg"],[2,"1216745377_240998_11480_3-512.jpg"],[1,"1216745377_240998_11480_3-512.jpg"],[1,"1216745377_421001_11481_3-512.jpg"],[2,"1216745377_556230_11482_3-512.jpg"],[2,"1216745377_556230_11482_3-512.jpg"],[2,"1216745377_791234_11483_3-512.jpg"],[2,"1216745377_791234_11483_3-512.jpg"],[2,"1216745377_791234_11483_3-512.jpg"],[1,"1216745377_791234_11483_3-512.jpg"],[2,"1216745378_011387_11484_3-512.jpg"],[2,"1216745378_011387_11484_3-512.jpg"],[1,"1216745378_011387_11484_3-512.jpg"],[2,"1216745378_011387_11484_3-512.jpg"],[1,"1216745378_011387_11484_3-512.jpg"],[2,"1216745378_231252_11485_3-512.jpg"],[2,"1216745378_231252_11485_3-512.jpg"],[2,"1216745378_231252_11485_3-512.jpg"],[1,"1216745378_231252_11485_3-512.jpg"],[2,"1216745378_446220_11486_3-512.jpg"],[1,"1216745378_446220_11486_3-512.jpg"],[2,"1216745378_676172_11487_3-512.jpg"],[2,"1216745378_916237_11488_3-512.jpg"],[2,"1216745379_146226_11489_3-512.jpg"]],"construction_ml":"complete","preds_design":[[2,"1216741489_731147_2658_1-512.jpg"],[2,"1216741489_731147_2658_1-512.jpg"],[2,"1216741489_731147_2658_1-512.jpg"],[2,"1216741489_731147_2658_3-512.jpg"],[2,"1216741489_731147_2658_3-512.jpg"],[2,"1216741490_036312_2659_1-512.jpg"],[2,"1216741490_036312_2659_1-512.jpg"],[2,"1216741490_036312_2659_3-512.jpg"],[2,"1216741490_036312_2659_3-512.jpg"],[2,"1216741490_336113_2660_1-512.jpg"],[2,"1216741490_336113_2660_1-512.jpg"],[2,"1216741490_336113_2660_3-512.jpg"],[2,"1216741490_336113_2660_3-512.jpg"],[2,"1216741490_656116_2661_1-512.jpg"],[2,"1216741490_656116_2661_1-512.jpg"],[2,"1216741490_656116_2661_3-512.jpg"],[2,"1216741490_656116_2661_3-512.jpg"],[2,"1216741490_986109_2662_1-512.jpg"],[2,"1216741490_986109_2662_1-512.jpg"],[2,"1216741490_986109_2662_3-512.jpg"],[2,"1216741490_986109_2662_3-512.jpg"],[2,"1216741490_986109_2662_3-512.jpg"],[2,"1216741491_321135_2663_1-512.jpg"],[2,"1216741491_321135_2663_3-512.jpg"],[1,"1216745376_736315_11477_3-512.jpg"],[1,"1216745376_911272_11478_3-512.jpg"],[1,"1216745377_066207_11479_3-512.jpg"],[2,"1216745377_066207_11479_3-512.jpg"],[1,"1216745377_240998_11480_3-512.jpg"],[2,"1216745377_240998_11480_3-512.jpg"],[2,"1216745377_421001_11481_3-512.jpg"],[2,"1216745377_421001_11481_3-512.jpg"],[1,"1216745377_421001_11481_3-512.jpg"],[2,"1216745377_421001_11481_3-512.jpg"],[2,"1216745377_556230_11482_3-512.jpg"],[2,"1216745377_791234_11483_3-512.jpg"],[2,"1216745377_791234_11483_3-512.jpg"],[2,"1216745377_791234_11483_3-512.jpg"],[2,"1216745378_011387_11484_3-512.jpg"],[2,"1216745378_011387_11484_3-512.jpg"],[2,"1216745378_011387_11484_3-512.jpg"],[2,"1216745378_231252_11485_3-512.jpg"],[2,"1216745378_231252_11485_3-512.jpg"],[2,"1216745378_231252_11485_3-512.jpg"],[2,"1216745378_446220_11486_3-512.jpg"],[2,"1216745378_676172_11487_3-512.jpg"],[2,"1216745378_916237_11488_3-512.jpg"],[2,"1216745379_146226_11489_3-512.jpg"],[2,"1216745379_381203_11490_3-512.jpg"]],"design_ml":"designed","images":[]}
