{"MATERIAL":"corrugated metal - dark","AVG_SLOPE":10.5798832983,"AVG_HEIGHT":2.78011755428,"TERAIN_SLP":3.11341049358,"AREA":64.9427378365,"VOLUME":181,"FLOORS":1,"INT_ZONE":"Borde Rural","FLOOD":2,"LANDSLIDE":"Amenaza Baja","LEGAL_ID":"358","LEGAL_NAME":"EL PARAISO","LEGAL_AREA":26.04,"LEGAL_LOTS":2077,"LEGAL_POP":11215.8,"LEGAL_DENS":79.76190476,"LEGALIZING":null,"BLOCK_ID_":"002565021","BLOCK_POP":201,"BLOCK_BLD":50,"BLOCK_RISK":12.856069,"BLOCK_EDU":0.45438612,"BLOCK_HLTH":15.035325,"BLOCK_TRAN":90.579323,"BLOCK_CULT":0,"BLOCK_PARK":19.830591,"BLOCK_SEC":100,"BLOCK_CENT":0,"BLOCK_DEF":36,"BLD_INHAB":4,"OBJECTID":2,"AO_225":0.2,"id":752,"preds_material":[[5,"1216743443_005849_7566_1-512.jpg"]],"material_ml":"painted","preds_construction":[[2,"1216743443_005849_7566_1-512.jpg"]],"construction_ml":"complete","preds_design":[[2,"1216743443_005849_7566_1-512.jpg"]],"design_ml":"designed","images":[]}
