{"MATERIAL":"corrugated metal - dark","AVG_SLOPE":11.3462061488,"AVG_HEIGHT":2.56702808087,"TERAIN_SLP":2.29846175317,"AREA":60.893144117,"VOLUME":156,"FLOORS":1,"INT_ZONE":"Borde Rural","FLOOD":1,"LANDSLIDE":"Amenaza Baja","LEGAL_ID":"358","LEGAL_NAME":"EL PARAISO","LEGAL_AREA":26.04,"LEGAL_LOTS":2077,"LEGAL_POP":11215.8,"LEGAL_DENS":79.76190476,"LEGALIZING":null,"BLOCK_ID_":"002565021","BLOCK_POP":201,"BLOCK_BLD":50,"BLOCK_RISK":12.856069,"BLOCK_EDU":0.45438612,"BLOCK_HLTH":15.035325,"BLOCK_TRAN":90.579323,"BLOCK_CULT":0,"BLOCK_PARK":19.830591,"BLOCK_SEC":100,"BLOCK_CENT":0,"BLOCK_DEF":36,"BLD_INHAB":4,"OBJECTID":2,"AO_225":0.2,"id":754,"preds_material":[[5,"1216743434_565765_7563_1-512.jpg"],[5,"1216743435_690928_7564_1-512.jpg"]],"material_ml":"painted","preds_construction":[[2,"1216743434_565765_7563_1-512.jpg"],[2,"1216743435_690928_7564_1-512.jpg"]],"construction_ml":"complete","preds_design":[[2,"1216743434_565765_7563_1-512.jpg"],[2,"1216743435_690928_7564_1-512.jpg"]],"design_ml":"designed","images":[]}
