{"MATERIAL":"corrugated metal - painted","AVG_SLOPE":12.1193854251,"AVG_HEIGHT":4.78960749327,"TERAIN_SLP":6.43291997433,"AREA":69.7606011325,"VOLUME":334,"FLOORS":2,"INT_ZONE":"Borde Rural","FLOOD":2,"LANDSLIDE":"Amenaza Baja","LEGAL_ID":"358","LEGAL_NAME":"EL PARAISO","LEGAL_AREA":26.04,"LEGAL_LOTS":2077,"LEGAL_POP":11215.8,"LEGAL_DENS":79.76190476,"LEGALIZING":null,"BLOCK_ID_":"002565022","BLOCK_POP":175,"BLOCK_BLD":45,"BLOCK_RISK":2.6169446,"BLOCK_EDU":0.50544518,"BLOCK_HLTH":16.574329,"BLOCK_TRAN":87.964363,"BLOCK_CULT":0,"BLOCK_PARK":21.189735,"BLOCK_SEC":46.024174,"BLOCK_CENT":0,"BLOCK_DEF":37.7777777778,"BLD_INHAB":4,"OBJECTID":2,"AO_225":0.2,"id":755,"preds_material":[[2,"1216741485_941162_2646_1-512.jpg"],[1,"1216741486_281175_2647_1-512.jpg"],[5,"1216741486_281175_2647_1-512.jpg"],[2,"1216741486_281175_2647_1-512.jpg"],[1,"1216741486_281175_2647_3-512.jpg"],[1,"1216741486_621221_2648_1-512.jpg"],[2,"1216741486_621221_2648_1-512.jpg"],[5,"1216741486_621221_2648_1-512.jpg"],[1,"1216741486_621221_2648_3-512.jpg"],[1,"1216741486_621221_2648_3-512.jpg"],[5,"1216741486_621221_2648_3-512.jpg"],[1,"1216741486_946128_2649_1-512.jpg"],[2,"1216741486_946128_2649_1-512.jpg"],[1,"1216741486_946128_2649_3-512.jpg"],[5,"1216741486_946128_2649_3-512.jpg"],[2,"1216741486_946128_2649_3-512.jpg"],[6,"1216741486_946128_2649_3-512.jpg"],[1,"1216741486_946128_2649_3-512.jpg"],[1,"1216741487_271152_2650_1-512.jpg"],[2,"1216741487_271152_2650_1-512.jpg"],[5,"1216741487_271152_2650_3-512.jpg"],[1,"1216741487_271152_2650_3-512.jpg"],[2,"1216741487_271152_2650_3-512.jpg"],[6,"1216741487_271152_2650_3-512.jpg"],[1,"1216741487_271152_2650_3-512.jpg"],[1,"1216741487_596108_2651_1-512.jpg"],[2,"1216741487_596108_2651_1-512.jpg"],[1,"1216741487_596108_2651_3-512.jpg"],[2,"1216741487_596108_2651_3-512.jpg"],[5,"1216741487_596108_2651_3-512.jpg"],[1,"1216741487_921153_2652_1-512.jpg"],[5,"1216745374_011334_11464_3-512.jpg"],[5,"1216745374_246372_11465_3-512.jpg"],[5,"1216745374_471353_11466_3-512.jpg"],[5,"1216745374_691413_11467_3-512.jpg"],[5,"1216745374_911374_11468_3-512.jpg"],[5,"1216745375_121361_11469_3-512.jpg"],[5,"1216745375_311455_11470_3-512.jpg"],[5,"1216745375_556196_11471_3-512.jpg"],[5,"1216745375_801245_11472_3-512.jpg"],[5,"1216745375_991204_11473_3-512.jpg"],[5,"1216745376_176270_11474_3-512.jpg"],[5,"1216745376_361244_11475_3-512.jpg"],[5,"1216745376_556209_11476_3-512.jpg"],[5,"1216745376_736315_11477_3-512.jpg"],[5,"1216745376_911272_11478_3-512.jpg"],[5,"1216745377_066207_11479_3-512.jpg"]],"material_ml":"painted","preds_construction":[[2,"1216741485_941162_2646_1-512.jpg"],[2,"1216741486_281175_2647_1-512.jpg"],[2,"1216741486_281175_2647_1-512.jpg"],[1,"1216741486_281175_2647_1-512.jpg"],[2,"1216741486_281175_2647_3-512.jpg"],[2,"1216741486_621221_2648_1-512.jpg"],[2,"1216741486_621221_2648_1-512.jpg"],[2,"1216741486_621221_2648_3-512.jpg"],[2,"1216741486_946128_2649_1-512.jpg"],[2,"1216741486_946128_2649_1-512.jpg"],[2,"1216741486_946128_2649_3-512.jpg"],[2,"1216741486_946128_2649_3-512.jpg"],[2,"1216741487_271152_2650_1-512.jpg"],[2,"1216741487_271152_2650_1-512.jpg"],[2,"1216741487_271152_2650_1-512.jpg"],[2,"1216741487_271152_2650_3-512.jpg"],[2,"1216741487_271152_2650_3-512.jpg"],[2,"1216741487_596108_2651_1-512.jpg"],[2,"1216741487_596108_2651_1-512.jpg"],[2,"1216741487_596108_2651_3-512.jpg"],[2,"1216741487_596108_2651_3-512.jpg"],[2,"1216741487_921153_2652_1-512.jpg"],[2,"1216745374_011334_11464_3-512.jpg"],[2,"1216745374_246372_11465_3-512.jpg"],[2,"1216745374_471353_11466_3-512.jpg"],[2,"1216745374_691413_11467_3-512.jpg"],[2,"1216745374_911374_11468_3-512.jpg"],[2,"1216745375_121361_11469_3-512.jpg"],[2,"1216745375_311455_11470_3-512.jpg"],[2,"1216745375_556196_11471_3-512.jpg"],[2,"1216745375_556196_11471_3-512.jpg"],[2,"1216745375_801245_11472_3-512.jpg"],[2,"1216745375_991204_11473_3-512.jpg"],[2,"1216745376_176270_11474_3-512.jpg"],[2,"1216745376_361244_11475_3-512.jpg"],[2,"1216745376_556209_11476_3-512.jpg"],[2,"1216745376_736315_11477_3-512.jpg"],[2,"1216745376_911272_11478_3-512.jpg"],[2,"1216745377_066207_11479_3-512.jpg"]],"construction_ml":"complete","preds_design":[[2,"1216741485_941162_2646_1-512.jpg"],[1,"1216741486_281175_2647_1-512.jpg"],[2,"1216741486_281175_2647_1-512.jpg"],[2,"1216741486_281175_2647_1-512.jpg"],[2,"1216741486_281175_2647_3-512.jpg"],[2,"1216741486_621221_2648_1-512.jpg"],[1,"1216741486_621221_2648_1-512.jpg"],[2,"1216741486_621221_2648_3-512.jpg"],[1,"1216741486_621221_2648_3-512.jpg"],[2,"1216741486_621221_2648_3-512.jpg"],[2,"1216741486_946128_2649_1-512.jpg"],[1,"1216741486_946128_2649_1-512.jpg"],[2,"1216741486_946128_2649_3-512.jpg"],[2,"1216741486_946128_2649_3-512.jpg"],[2,"1216741487_271152_2650_1-512.jpg"],[1,"1216741487_271152_2650_1-512.jpg"],[2,"1216741487_271152_2650_3-512.jpg"],[2,"1216741487_271152_2650_3-512.jpg"],[2,"1216741487_596108_2651_1-512.jpg"],[1,"1216741487_596108_2651_1-512.jpg"],[2,"1216741487_596108_2651_3-512.jpg"],[2,"1216741487_596108_2651_3-512.jpg"],[1,"1216741487_921153_2652_1-512.jpg"],[2,"1216745374_011334_11464_3-512.jpg"],[2,"1216745374_246372_11465_3-512.jpg"],[2,"1216745374_246372_11465_3-512.jpg"],[2,"1216745374_471353_11466_3-512.jpg"],[2,"1216745374_691413_11467_3-512.jpg"],[2,"1216745374_911374_11468_3-512.jpg"],[2,"1216745375_121361_11469_3-512.jpg"],[2,"1216745375_311455_11470_3-512.jpg"],[2,"1216745375_556196_11471_3-512.jpg"],[2,"1216745375_556196_11471_3-512.jpg"],[2,"1216745375_801245_11472_3-512.jpg"],[2,"1216745375_991204_11473_3-512.jpg"],[2,"1216745376_176270_11474_3-512.jpg"],[2,"1216745376_361244_11475_3-512.jpg"],[2,"1216745376_556209_11476_3-512.jpg"],[2,"1216745376_736315_11477_3-512.jpg"],[2,"1216745376_911272_11478_3-512.jpg"],[2,"1216745377_066207_11479_3-512.jpg"]],"design_ml":"designed","images":[]}
