{"MATERIAL":"corrugated metal","AVG_SLOPE":6.17250045007,"AVG_HEIGHT":4.77124164887,"TERAIN_SLP":1.96116050323,"AREA":54.9915998363,"VOLUME":262,"FLOORS":2,"INT_ZONE":"Borde Rural","FLOOD":2,"LANDSLIDE":"Amenaza Baja","LEGAL_ID":"358","LEGAL_NAME":"EL PARAISO","LEGAL_AREA":26.04,"LEGAL_LOTS":2077,"LEGAL_POP":11215.8,"LEGAL_DENS":79.76190476,"LEGALIZING":null,"BLOCK_ID_":"002565021","BLOCK_POP":201,"BLOCK_BLD":50,"BLOCK_RISK":12.856069,"BLOCK_EDU":0.45438612,"BLOCK_HLTH":15.035325,"BLOCK_TRAN":90.579323,"BLOCK_CULT":0,"BLOCK_PARK":19.830591,"BLOCK_SEC":100,"BLOCK_CENT":0,"BLOCK_DEF":36,"BLD_INHAB":4,"OBJECTID":2,"AO_225":0.2,"id":756,"preds_material":[[5,"1216742225_932078_4472_3-512.jpg"],[5,"1216742226_132127_4473_3-512.jpg"],[5,"1216742226_332075_4474_3-512.jpg"],[5,"1216742226_917157_4477_3-512.jpg"],[5,"1216742227_112063_4478_3-512.jpg"],[5,"1216742227_307132_4479_3-512.jpg"],[5,"1216742227_502072_4480_3-512.jpg"],[5,"1216742227_692082_4481_3-512.jpg"],[5,"1216742227_887143_4482_3-512.jpg"],[5,"1216743040_988034_6690_3-512.jpg"],[5,"1216743041_238106_6691_3-512.jpg"],[5,"1216743041_477927_6692_3-512.jpg"],[5,"1216743041_707940_6693_3-512.jpg"],[1,"1216743166_562156_6991_1-512.jpg"],[1,"1216743166_867121_6992_1-512.jpg"],[1,"1216743167_242012_6993_1-512.jpg"],[3,"1216743167_647135_6994_1-512.jpg"],[1,"1216743167_647135_6994_1-512.jpg"],[4,"1216743167_647135_6994_1-512.jpg"]],"material_ml":"painted","preds_construction":[[2,"1216742225_932078_4472_3-512.jpg"],[2,"1216742226_132127_4473_3-512.jpg"],[2,"1216742226_332075_4474_3-512.jpg"],[2,"1216742226_917157_4477_3-512.jpg"],[2,"1216742227_112063_4478_3-512.jpg"],[2,"1216742227_307132_4479_3-512.jpg"],[2,"1216742227_502072_4480_3-512.jpg"],[2,"1216742227_692082_4481_3-512.jpg"],[2,"1216742227_887143_4482_3-512.jpg"],[2,"1216743040_988034_6690_3-512.jpg"],[2,"1216743041_238106_6691_3-512.jpg"],[2,"1216743041_477927_6692_3-512.jpg"],[2,"1216743041_707940_6693_3-512.jpg"],[2,"1216743166_562156_6991_1-512.jpg"],[2,"1216743166_867121_6992_1-512.jpg"],[2,"1216743167_242012_6993_1-512.jpg"],[2,"1216743167_647135_6994_1-512.jpg"],[2,"1216743167_647135_6994_1-512.jpg"]],"construction_ml":"complete","preds_design":[[2,"1216742225_932078_4472_3-512.jpg"],[2,"1216742226_132127_4473_3-512.jpg"],[2,"1216742226_917157_4477_3-512.jpg"],[2,"1216742227_112063_4478_3-512.jpg"],[2,"1216742227_307132_4479_3-512.jpg"],[2,"1216742227_502072_4480_3-512.jpg"],[2,"1216742227_692082_4481_3-512.jpg"],[2,"1216742227_887143_4482_3-512.jpg"],[2,"1216743040_988034_6690_3-512.jpg"],[2,"1216743041_238106_6691_3-512.jpg"],[2,"1216743041_477927_6692_3-512.jpg"],[2,"1216743041_707940_6693_3-512.jpg"],[2,"1216743166_562156_6991_1-512.jpg"],[2,"1216743166_867121_6992_1-512.jpg"],[1,"1216743167_242012_6993_1-512.jpg"],[1,"1216743167_647135_6994_1-512.jpg"],[1,"1216743167_647135_6994_1-512.jpg"],[2,"1216743167_647135_6994_1-512.jpg"]],"design_ml":"designed","images":[]}
