{"MATERIAL":"corrugated metal","AVG_SLOPE":7.13872202041,"AVG_HEIGHT":2.63637507098,"TERAIN_SLP":1.4599182423,"AREA":50.1069256501,"VOLUME":132,"FLOORS":1,"INT_ZONE":"Borde Rural","FLOOD":2,"LANDSLIDE":"Amenaza Baja","LEGAL_ID":"358","LEGAL_NAME":"EL PARAISO","LEGAL_AREA":26.04,"LEGAL_LOTS":2077,"LEGAL_POP":11215.8,"LEGAL_DENS":79.76190476,"LEGALIZING":null,"BLOCK_ID_":"002565021","BLOCK_POP":201,"BLOCK_BLD":50,"BLOCK_RISK":12.856069,"BLOCK_EDU":0.45438612,"BLOCK_HLTH":15.035325,"BLOCK_TRAN":90.579323,"BLOCK_CULT":0,"BLOCK_PARK":19.830591,"BLOCK_SEC":100,"BLOCK_CENT":0,"BLOCK_DEF":36,"BLD_INHAB":4,"OBJECTID":2,"AO_225":0.2,"id":760,"preds_material":[[6,"1216742220_732101_4448_3-512.jpg"],[6,"1216742220_976826_4449_3-512.jpg"],[6,"1216742221_221739_4450_3-512.jpg"],[6,"1216742221_492121_4451_3-512.jpg"],[6,"1216742221_682109_4452_3-512.jpg"],[6,"1216742221_872109_4453_3-512.jpg"],[6,"1216742222_072107_4454_3-512.jpg"],[6,"1216742222_277165_4455_3-512.jpg"],[6,"1216742222_472077_4456_3-512.jpg"],[6,"1216742222_667160_4457_3-512.jpg"],[6,"1216742222_872099_4458_3-512.jpg"],[6,"1216742223_077173_4459_3-512.jpg"],[6,"1216742223_282098_4460_3-512.jpg"],[6,"1216742223_497178_4461_3-512.jpg"],[4,"1216743174_162123_6998_1-512.jpg"]],"material_ml":"other/unclear","preds_construction":[[2,"1216742220_497121_4447_3-512.jpg"],[2,"1216742220_732101_4448_3-512.jpg"],[2,"1216742220_976826_4449_3-512.jpg"],[2,"1216742221_221739_4450_3-512.jpg"],[2,"1216742221_492121_4451_3-512.jpg"],[2,"1216742221_682109_4452_3-512.jpg"],[2,"1216742221_872109_4453_3-512.jpg"],[2,"1216742222_072107_4454_3-512.jpg"],[2,"1216742222_277165_4455_3-512.jpg"],[2,"1216742222_472077_4456_3-512.jpg"],[2,"1216742222_667160_4457_3-512.jpg"],[2,"1216742222_872099_4458_3-512.jpg"],[1,"1216742222_872099_4458_3-512.jpg"],[1,"1216742223_077173_4459_3-512.jpg"],[2,"1216742223_077173_4459_3-512.jpg"],[2,"1216742223_282098_4460_3-512.jpg"],[1,"1216742223_282098_4460_3-512.jpg"],[2,"1216742223_497178_4461_3-512.jpg"],[1,"1216742223_497178_4461_3-512.jpg"],[2,"1216742223_707180_4462_3-512.jpg"],[2,"1216743174_162123_6998_1-512.jpg"]],"construction_ml":"complete","preds_design":[[2,"1216742220_732101_4448_3-512.jpg"],[2,"1216742220_976826_4449_3-512.jpg"],[2,"1216742221_221739_4450_3-512.jpg"],[2,"1216742221_492121_4451_3-512.jpg"],[2,"1216742221_682109_4452_3-512.jpg"],[2,"1216742221_872109_4453_3-512.jpg"],[2,"1216742222_072107_4454_3-512.jpg"],[2,"1216742222_277165_4455_3-512.jpg"],[2,"1216742222_472077_4456_3-512.jpg"],[2,"1216742222_667160_4457_3-512.jpg"],[2,"1216742222_872099_4458_3-512.jpg"],[2,"1216742223_077173_4459_3-512.jpg"],[2,"1216742223_282098_4460_3-512.jpg"],[2,"1216742223_497178_4461_3-512.jpg"],[2,"1216742223_707180_4462_3-512.jpg"],[1,"1216743174_162123_6998_1-512.jpg"]],"design_ml":"designed","images":[]}
