{"MATERIAL":"under construction","AVG_SLOPE":17.4418982323,"AVG_HEIGHT":5.45438136047,"TERAIN_SLP":1.48139492008,"AREA":72.5303347525,"VOLUME":396,"FLOORS":2,"INT_ZONE":"Borde Rural","FLOOD":3,"LANDSLIDE":"Amenaza Baja","LEGAL_ID":"358","LEGAL_NAME":"EL PARAISO","LEGAL_AREA":26.04,"LEGAL_LOTS":2077,"LEGAL_POP":11215.8,"LEGAL_DENS":79.76190476,"LEGALIZING":null,"BLOCK_ID_":"002565022","BLOCK_POP":175,"BLOCK_BLD":45,"BLOCK_RISK":2.6169446,"BLOCK_EDU":0.50544518,"BLOCK_HLTH":16.574329,"BLOCK_TRAN":87.964363,"BLOCK_CULT":0,"BLOCK_PARK":21.189735,"BLOCK_SEC":46.024174,"BLOCK_CENT":0,"BLOCK_DEF":37.7777777778,"BLD_INHAB":4,"OBJECTID":2,"AO_225":0.2,"id":771,"preds_material":[[5,"1216741495_461113_2675_1-512.jpg"],[5,"1216741495_461113_2675_3-512.jpg"],[5,"1216741495_796097_2676_1-512.jpg"],[5,"1216741495_796097_2676_1-512.jpg"],[5,"1216741495_796097_2676_3-512.jpg"],[5,"1216741495_796097_2676_3-512.jpg"],[5,"1216741496_116085_2677_1-512.jpg"],[5,"1216741496_116085_2677_1-512.jpg"],[5,"1216741496_116085_2677_3-512.jpg"],[5,"1216741496_116085_2677_3-512.jpg"],[5,"1216741496_421102_2678_1-512.jpg"],[5,"1216741496_421102_2678_3-512.jpg"],[5,"1216741496_421102_2678_3-512.jpg"],[5,"1216741496_716080_2679_1-512.jpg"],[5,"1216741496_716080_2679_1-512.jpg"],[5,"1216741496_716080_2679_3-512.jpg"],[5,"1216741496_716080_2679_3-512.jpg"],[1,"1216745382_056715_11498_3-512.jpg"],[1,"1216745382_376220_11499_3-512.jpg"],[1,"1216745382_656364_11500_3-512.jpg"],[1,"1216745382_906612_11501_3-512.jpg"]],"material_ml":"painted","preds_construction":[[2,"1216741495_461113_2675_1-512.jpg"],[2,"1216741495_461113_2675_3-512.jpg"],[2,"1216741495_796097_2676_1-512.jpg"],[2,"1216741495_796097_2676_1-512.jpg"],[2,"1216741495_796097_2676_3-512.jpg"],[2,"1216741495_796097_2676_3-512.jpg"],[2,"1216741496_116085_2677_1-512.jpg"],[2,"1216741496_116085_2677_1-512.jpg"],[2,"1216741496_116085_2677_3-512.jpg"],[2,"1216741496_116085_2677_3-512.jpg"],[2,"1216741496_421102_2678_1-512.jpg"],[2,"1216741496_421102_2678_3-512.jpg"],[2,"1216741496_421102_2678_3-512.jpg"],[1,"1216741496_421102_2678_3-512.jpg"],[2,"1216741496_716080_2679_1-512.jpg"],[2,"1216741496_716080_2679_1-512.jpg"],[2,"1216741496_716080_2679_3-512.jpg"],[2,"1216741496_716080_2679_3-512.jpg"],[1,"1216741496_716080_2679_3-512.jpg"],[2,"1216745381_726972_11497_3-512.jpg"],[2,"1216745382_056715_11498_3-512.jpg"],[2,"1216745382_376220_11499_3-512.jpg"],[2,"1216745382_656364_11500_3-512.jpg"],[2,"1216745382_656364_11500_3-512.jpg"],[2,"1216745382_906612_11501_3-512.jpg"]],"construction_ml":"complete","preds_design":[[2,"1216741495_461113_2675_1-512.jpg"],[1,"1216741495_461113_2675_3-512.jpg"],[2,"1216741495_461113_2675_3-512.jpg"],[2,"1216741495_796097_2676_1-512.jpg"],[2,"1216741495_796097_2676_1-512.jpg"],[2,"1216741495_796097_2676_3-512.jpg"],[1,"1216741495_796097_2676_3-512.jpg"],[2,"1216741495_796097_2676_3-512.jpg"],[2,"1216741496_116085_2677_1-512.jpg"],[2,"1216741496_116085_2677_1-512.jpg"],[2,"1216741496_116085_2677_3-512.jpg"],[2,"1216741496_116085_2677_3-512.jpg"],[1,"1216741496_116085_2677_3-512.jpg"],[2,"1216741496_421102_2678_1-512.jpg"],[2,"1216741496_421102_2678_3-512.jpg"],[2,"1216741496_421102_2678_3-512.jpg"],[2,"1216741496_716080_2679_1-512.jpg"],[1,"1216741496_716080_2679_1-512.jpg"],[2,"1216741496_716080_2679_1-512.jpg"],[2,"1216741496_716080_2679_3-512.jpg"],[2,"1216741496_716080_2679_3-512.jpg"],[2,"1216745382_056715_11498_3-512.jpg"],[2,"1216745382_376220_11499_3-512.jpg"],[2,"1216745382_656364_11500_3-512.jpg"],[2,"1216745382_906612_11501_3-512.jpg"]],"design_ml":"designed","images":[]}
