{"MATERIAL":"corrugated metal/heavily patched","AVG_SLOPE":4.24665255094,"AVG_HEIGHT":2.60922321505,"TERAIN_SLP":1.56745206692,"AREA":56.6161675093,"VOLUME":148,"FLOORS":1,"INT_ZONE":"Borde Rural","FLOOD":1,"LANDSLIDE":"Amenaza Baja","LEGAL_ID":"358","LEGAL_NAME":"EL PARAISO","LEGAL_AREA":26.04,"LEGAL_LOTS":2077,"LEGAL_POP":11215.8,"LEGAL_DENS":79.76190476,"LEGALIZING":null,"BLOCK_ID_":"002565022","BLOCK_POP":175,"BLOCK_BLD":45,"BLOCK_RISK":2.6169446,"BLOCK_EDU":0.50544518,"BLOCK_HLTH":16.574329,"BLOCK_TRAN":87.964363,"BLOCK_CULT":0,"BLOCK_PARK":21.189735,"BLOCK_SEC":46.024174,"BLOCK_CENT":0,"BLOCK_DEF":37.7777777778,"BLD_INHAB":4,"OBJECTID":2,"AO_225":0.2,"id":774,"preds_material":[[5,"1216741496_996067_2680_3-512.jpg"],[5,"1216741496_996067_2680_3-512.jpg"],[5,"1216741496_996067_2680_3-512.jpg"],[5,"1216741496_996067_2680_3-512.jpg"],[5,"1216741497_271108_2681_1-512.jpg"],[5,"1216741497_271108_2681_1-512.jpg"],[5,"1216741497_271108_2681_3-512.jpg"],[5,"1216741497_271108_2681_3-512.jpg"],[5,"1216741497_556062_2682_1-512.jpg"],[5,"1216741497_556062_2682_1-512.jpg"],[5,"1216741497_556062_2682_3-512.jpg"],[5,"1216741497_556062_2682_3-512.jpg"],[5,"1216741497_846059_2683_1-512.jpg"],[5,"1216741497_846059_2683_1-512.jpg"],[5,"1216741497_846059_2683_3-512.jpg"],[5,"1216741497_846059_2683_3-512.jpg"],[5,"1216741498_116078_2684_1-512.jpg"],[5,"1216741498_116078_2684_1-512.jpg"],[6,"1216741498_116078_2684_1-512.jpg"],[5,"1216741498_116078_2684_3-512.jpg"],[5,"1216741498_116078_2684_3-512.jpg"],[1,"1216745383_146372_11502_3-512.jpg"],[1,"1216745383_386393_11503_3-512.jpg"],[1,"1216745383_626389_11504_3-512.jpg"],[6,"1216745383_626389_11504_3-512.jpg"],[1,"1216745383_866469_11505_3-512.jpg"],[6,"1216745383_866469_11505_3-512.jpg"],[1,"1216745384_106608_11506_3-512.jpg"],[1,"1216745384_326359_11507_3-512.jpg"],[1,"1216745384_541320_11508_3-512.jpg"],[1,"1216745384_761352_11509_3-512.jpg"]],"material_ml":"painted","preds_construction":[[2,"1216741496_996067_2680_3-512.jpg"],[2,"1216741496_996067_2680_3-512.jpg"],[2,"1216741497_271108_2681_1-512.jpg"],[2,"1216741497_271108_2681_1-512.jpg"],[2,"1216741497_271108_2681_3-512.jpg"],[1,"1216741497_271108_2681_3-512.jpg"],[2,"1216741497_271108_2681_3-512.jpg"],[2,"1216741497_556062_2682_1-512.jpg"],[2,"1216741497_556062_2682_1-512.jpg"],[2,"1216741497_556062_2682_3-512.jpg"],[2,"1216741497_556062_2682_3-512.jpg"],[2,"1216741497_846059_2683_1-512.jpg"],[2,"1216741497_846059_2683_1-512.jpg"],[2,"1216741497_846059_2683_3-512.jpg"],[2,"1216741497_846059_2683_3-512.jpg"],[1,"1216741497_846059_2683_3-512.jpg"],[2,"1216741498_116078_2684_1-512.jpg"],[2,"1216741498_116078_2684_1-512.jpg"],[2,"1216741498_116078_2684_1-512.jpg"],[2,"1216741498_116078_2684_3-512.jpg"],[2,"1216741498_116078_2684_3-512.jpg"],[1,"1216741498_116078_2684_3-512.jpg"],[2,"1216745383_146372_11502_3-512.jpg"],[2,"1216745383_386393_11503_3-512.jpg"],[2,"1216745383_626389_11504_3-512.jpg"],[2,"1216745383_626389_11504_3-512.jpg"],[2,"1216745383_866469_11505_3-512.jpg"],[2,"1216745383_866469_11505_3-512.jpg"],[2,"1216745384_106608_11506_3-512.jpg"],[2,"1216745384_326359_11507_3-512.jpg"],[2,"1216745384_541320_11508_3-512.jpg"],[2,"1216745384_761352_11509_3-512.jpg"]],"construction_ml":"complete","preds_design":[[2,"1216741496_996067_2680_3-512.jpg"],[1,"1216741496_996067_2680_3-512.jpg"],[2,"1216741496_996067_2680_3-512.jpg"],[2,"1216741497_271108_2681_1-512.jpg"],[2,"1216741497_271108_2681_1-512.jpg"],[2,"1216741497_271108_2681_3-512.jpg"],[2,"1216741497_271108_2681_3-512.jpg"],[1,"1216741497_271108_2681_3-512.jpg"],[2,"1216741497_556062_2682_1-512.jpg"],[2,"1216741497_556062_2682_1-512.jpg"],[2,"1216741497_556062_2682_3-512.jpg"],[2,"1216741497_556062_2682_3-512.jpg"],[1,"1216741497_556062_2682_3-512.jpg"],[2,"1216741497_846059_2683_1-512.jpg"],[2,"1216741497_846059_2683_1-512.jpg"],[2,"1216741497_846059_2683_3-512.jpg"],[2,"1216741497_846059_2683_3-512.jpg"],[1,"1216741497_846059_2683_3-512.jpg"],[2,"1216741498_116078_2684_1-512.jpg"],[2,"1216741498_116078_2684_1-512.jpg"],[2,"1216741498_116078_2684_1-512.jpg"],[2,"1216741498_116078_2684_3-512.jpg"],[2,"1216741498_116078_2684_3-512.jpg"],[1,"1216741498_116078_2684_3-512.jpg"],[2,"1216745383_146372_11502_3-512.jpg"],[2,"1216745383_386393_11503_3-512.jpg"],[2,"1216745383_626389_11504_3-512.jpg"],[2,"1216745383_626389_11504_3-512.jpg"],[2,"1216745383_866469_11505_3-512.jpg"],[2,"1216745383_866469_11505_3-512.jpg"],[2,"1216745384_106608_11506_3-512.jpg"],[2,"1216745384_326359_11507_3-512.jpg"],[2,"1216745384_541320_11508_3-512.jpg"],[2,"1216745384_761352_11509_3-512.jpg"]],"design_ml":"designed","images":[]}
