{"MATERIAL":"corrugated metal/heavily patched","AVG_SLOPE":5.4579644651,"AVG_HEIGHT":4.69365780905,"TERAIN_SLP":5.153974141,"AREA":65.161140677,"VOLUME":306,"FLOORS":2,"INT_ZONE":"Borde Rural","FLOOD":1,"LANDSLIDE":"Amenaza Baja","LEGAL_ID":"358","LEGAL_NAME":"EL PARAISO","LEGAL_AREA":26.04,"LEGAL_LOTS":2077,"LEGAL_POP":11215.8,"LEGAL_DENS":79.76190476,"LEGALIZING":null,"BLOCK_ID_":"002565023","BLOCK_POP":147,"BLOCK_BLD":35,"BLOCK_RISK":9.4944563,"BLOCK_EDU":0.56284523,"BLOCK_HLTH":18.27063,"BLOCK_TRAN":85.020897,"BLOCK_CULT":0,"BLOCK_PARK":22.599808,"BLOCK_SEC":100,"BLOCK_CENT":0,"BLOCK_DEF":22.8571428571,"BLD_INHAB":4,"OBJECTID":2,"AO_225":0.2,"id":778,"preds_material":[[5,"1216741438_391417_2509_1-512.jpg"],[5,"1216741438_391417_2509_3-512.jpg"],[5,"1216741438_881421_2510_1-512.jpg"],[5,"1216741438_881421_2510_1-512.jpg"],[5,"1216741438_881421_2510_3-512.jpg"],[5,"1216741438_881421_2510_3-512.jpg"],[5,"1216741439_381416_2511_1-512.jpg"],[5,"1216741439_381416_2511_3-512.jpg"],[2,"1216741439_381416_2511_3-512.jpg"],[5,"1216741439_971404_2512_1-512.jpg"],[5,"1216741439_971404_2512_3-512.jpg"],[5,"1216741439_971404_2512_3-512.jpg"],[5,"1216741440_766383_2513_1-512.jpg"],[5,"1216741440_766383_2513_3-512.jpg"],[5,"1216741440_766383_2513_3-512.jpg"],[5,"1216741441_601384_2514_1-512.jpg"],[2,"1216741441_601384_2514_1-512.jpg"],[5,"1216741441_601384_2514_3-512.jpg"],[5,"1216741441_601384_2514_3-512.jpg"],[5,"1216741442_226407_2515_1-512.jpg"]],"material_ml":"painted","preds_construction":[[2,"1216741438_391417_2509_1-512.jpg"],[2,"1216741438_391417_2509_3-512.jpg"],[2,"1216741438_881421_2510_1-512.jpg"],[2,"1216741438_881421_2510_1-512.jpg"],[2,"1216741438_881421_2510_3-512.jpg"],[2,"1216741438_881421_2510_3-512.jpg"],[2,"1216741439_381416_2511_1-512.jpg"],[2,"1216741439_381416_2511_3-512.jpg"],[2,"1216741439_381416_2511_3-512.jpg"],[2,"1216741439_971404_2512_1-512.jpg"],[2,"1216741439_971404_2512_3-512.jpg"],[2,"1216741439_971404_2512_3-512.jpg"],[2,"1216741440_766383_2513_1-512.jpg"],[2,"1216741440_766383_2513_1-512.jpg"],[2,"1216741440_766383_2513_3-512.jpg"],[2,"1216741440_766383_2513_3-512.jpg"],[2,"1216741441_601384_2514_1-512.jpg"],[2,"1216741441_601384_2514_1-512.jpg"],[2,"1216741441_601384_2514_3-512.jpg"],[2,"1216741441_601384_2514_3-512.jpg"],[2,"1216741442_226407_2515_1-512.jpg"]],"construction_ml":"complete","preds_design":[[2,"1216741438_391417_2509_1-512.jpg"],[1,"1216741438_391417_2509_3-512.jpg"],[2,"1216741438_391417_2509_3-512.jpg"],[2,"1216741438_881421_2510_1-512.jpg"],[2,"1216741438_881421_2510_1-512.jpg"],[1,"1216741438_881421_2510_3-512.jpg"],[2,"1216741438_881421_2510_3-512.jpg"],[2,"1216741438_881421_2510_3-512.jpg"],[2,"1216741439_381416_2511_1-512.jpg"],[1,"1216741439_381416_2511_3-512.jpg"],[2,"1216741439_381416_2511_3-512.jpg"],[2,"1216741439_381416_2511_3-512.jpg"],[1,"1216741439_381416_2511_3-512.jpg"],[2,"1216741439_971404_2512_1-512.jpg"],[2,"1216741439_971404_2512_3-512.jpg"],[2,"1216741439_971404_2512_3-512.jpg"],[1,"1216741439_971404_2512_3-512.jpg"],[2,"1216741440_766383_2513_1-512.jpg"],[2,"1216741440_766383_2513_3-512.jpg"],[2,"1216741440_766383_2513_3-512.jpg"],[1,"1216741440_766383_2513_3-512.jpg"],[2,"1216741441_601384_2514_1-512.jpg"],[2,"1216741441_601384_2514_1-512.jpg"],[2,"1216741441_601384_2514_3-512.jpg"],[2,"1216741441_601384_2514_3-512.jpg"],[2,"1216741442_226407_2515_1-512.jpg"]],"design_ml":"designed","images":[]}
