{"MATERIAL":"extreme haphazard","AVG_SLOPE":4.37077570465,"AVG_HEIGHT":0.22730206113,"TERAIN_SLP":9.96635055953,"AREA":61.1174432929,"VOLUME":14,"FLOORS":1,"INT_ZONE":"Borde Rural","FLOOD":1,"LANDSLIDE":"Amenaza Baja","LEGAL_ID":"358","LEGAL_NAME":"EL PARAISO","LEGAL_AREA":26.04,"LEGAL_LOTS":2077,"LEGAL_POP":11215.8,"LEGAL_DENS":79.76190476,"LEGALIZING":null,"BLOCK_ID_":"002565023","BLOCK_POP":147,"BLOCK_BLD":35,"BLOCK_RISK":9.4944563,"BLOCK_EDU":0.56284523,"BLOCK_HLTH":18.27063,"BLOCK_TRAN":85.020897,"BLOCK_CULT":0,"BLOCK_PARK":22.599808,"BLOCK_SEC":100,"BLOCK_CENT":0,"BLOCK_DEF":22.8571428571,"BLD_INHAB":4,"OBJECTID":2,"AO_225":0.2,"id":780,"preds_material":[[5,"1216741491_321135_2663_1-512.jpg"],[5,"1216741492_736109_2667_1-512.jpg"],[5,"1216741493_086151_2668_1-512.jpg"],[5,"1216741493_786150_2670_1-512.jpg"],[5,"1216741494_126092_2671_1-512.jpg"],[5,"1216741494_456087_2672_1-512.jpg"],[5,"1216745378_916237_11488_1-512.jpg"],[5,"1216745379_146226_11489_1-512.jpg"],[1,"1216745379_146226_11489_1-512.jpg"],[1,"1216745379_381203_11490_1-512.jpg"],[5,"1216745379_381203_11490_1-512.jpg"],[1,"1216745379_621445_11491_1-512.jpg"]],"material_ml":"painted","preds_construction":[[2,"1216741491_321135_2663_1-512.jpg"],[2,"1216741492_736109_2667_1-512.jpg"],[2,"1216741493_086151_2668_1-512.jpg"],[2,"1216741493_786150_2670_1-512.jpg"],[2,"1216741494_126092_2671_1-512.jpg"],[2,"1216741494_456087_2672_1-512.jpg"],[1,"1216745378_676172_11487_1-512.jpg"],[2,"1216745378_676172_11487_1-512.jpg"],[1,"1216745378_916237_11488_1-512.jpg"],[2,"1216745378_916237_11488_1-512.jpg"],[1,"1216745379_146226_11489_1-512.jpg"],[2,"1216745379_146226_11489_1-512.jpg"],[2,"1216745379_381203_11490_1-512.jpg"],[1,"1216745379_381203_11490_1-512.jpg"],[2,"1216745379_621445_11491_1-512.jpg"],[1,"1216745379_621445_11491_1-512.jpg"]],"construction_ml":"complete","preds_design":[[2,"1216741491_321135_2663_1-512.jpg"],[2,"1216741493_086151_2668_1-512.jpg"],[2,"1216741493_786150_2670_1-512.jpg"],[2,"1216741494_126092_2671_1-512.jpg"],[2,"1216741494_456087_2672_1-512.jpg"],[1,"1216745378_916237_11488_1-512.jpg"],[1,"1216745379_146226_11489_1-512.jpg"],[1,"1216745379_381203_11490_1-512.jpg"],[1,"1216745379_621445_11491_1-512.jpg"],[1,"1216745379_881225_11492_1-512.jpg"]],"design_ml":"undesigned","images":[]}
