{"MATERIAL":"corrugated metal","AVG_SLOPE":5.56077370278,"AVG_HEIGHT":4.09637407866,"TERAIN_SLP":9.31857128553,"AREA":67.5154069577,"VOLUME":277,"FLOORS":2,"INT_ZONE":"Borde Rural","FLOOD":1,"LANDSLIDE":"Amenaza Baja","LEGAL_ID":"358","LEGAL_NAME":"EL PARAISO","LEGAL_AREA":26.04,"LEGAL_LOTS":2077,"LEGAL_POP":11215.8,"LEGAL_DENS":79.76190476,"LEGALIZING":null,"BLOCK_ID_":"002565023","BLOCK_POP":147,"BLOCK_BLD":35,"BLOCK_RISK":9.4944563,"BLOCK_EDU":0.56284523,"BLOCK_HLTH":18.27063,"BLOCK_TRAN":85.020897,"BLOCK_CULT":0,"BLOCK_PARK":22.599808,"BLOCK_SEC":100,"BLOCK_CENT":0,"BLOCK_DEF":22.8571428571,"BLD_INHAB":4,"OBJECTID":2,"AO_225":0.2,"id":781,"preds_material":[[5,"1216741444_416378_2521_1-512.jpg"],[5,"1216741444_416378_2521_3-512.jpg"],[2,"1216741444_416378_2521_3-512.jpg"],[5,"1216741444_891411_2522_1-512.jpg"],[5,"1216741444_891411_2522_3-512.jpg"],[2,"1216741444_891411_2522_3-512.jpg"],[5,"1216741444_891411_2522_3-512.jpg"],[5,"1216741445_616356_2523_1-512.jpg"],[5,"1216741445_616356_2523_3-512.jpg"],[2,"1216741445_616356_2523_3-512.jpg"],[5,"1216741446_806357_2524_1-512.jpg"],[5,"1216741446_806357_2524_3-512.jpg"],[1,"1216741446_806357_2524_3-512.jpg"],[2,"1216741446_806357_2524_3-512.jpg"],[5,"1216741447_896378_2525_1-512.jpg"],[5,"1216741447_896378_2525_1-512.jpg"],[5,"1216741447_896378_2525_3-512.jpg"],[5,"1216741447_896378_2525_3-512.jpg"],[1,"1216741447_896378_2525_3-512.jpg"],[6,"1216741447_896378_2525_3-512.jpg"],[5,"1216741448_846347_2526_1-512.jpg"],[5,"1216741448_846347_2526_1-512.jpg"],[5,"1216741448_846347_2526_3-512.jpg"],[5,"1216741448_846347_2526_3-512.jpg"],[1,"1216741448_846347_2526_3-512.jpg"]],"material_ml":"painted","preds_construction":[[2,"1216741444_416378_2521_1-512.jpg"],[2,"1216741444_416378_2521_3-512.jpg"],[2,"1216741444_891411_2522_1-512.jpg"],[2,"1216741444_891411_2522_1-512.jpg"],[2,"1216741444_891411_2522_3-512.jpg"],[2,"1216741444_891411_2522_3-512.jpg"],[2,"1216741445_616356_2523_1-512.jpg"],[2,"1216741445_616356_2523_3-512.jpg"],[2,"1216741446_806357_2524_1-512.jpg"],[2,"1216741446_806357_2524_3-512.jpg"],[2,"1216741447_896378_2525_1-512.jpg"],[2,"1216741447_896378_2525_1-512.jpg"],[2,"1216741447_896378_2525_3-512.jpg"],[2,"1216741447_896378_2525_3-512.jpg"],[2,"1216741448_846347_2526_1-512.jpg"],[2,"1216741448_846347_2526_1-512.jpg"],[2,"1216741448_846347_2526_3-512.jpg"],[2,"1216741448_846347_2526_3-512.jpg"]],"construction_ml":"complete","preds_design":[[2,"1216741444_416378_2521_1-512.jpg"],[2,"1216741444_416378_2521_3-512.jpg"],[2,"1216741444_891411_2522_1-512.jpg"],[2,"1216741444_891411_2522_1-512.jpg"],[2,"1216741444_891411_2522_3-512.jpg"],[2,"1216741445_616356_2523_1-512.jpg"],[2,"1216741445_616356_2523_3-512.jpg"],[2,"1216741446_806357_2524_1-512.jpg"],[2,"1216741446_806357_2524_3-512.jpg"],[1,"1216741446_806357_2524_3-512.jpg"],[1,"1216741447_896378_2525_1-512.jpg"],[2,"1216741447_896378_2525_1-512.jpg"],[1,"1216741447_896378_2525_1-512.jpg"],[2,"1216741447_896378_2525_3-512.jpg"],[1,"1216741447_896378_2525_3-512.jpg"],[1,"1216741448_846347_2526_1-512.jpg"],[2,"1216741448_846347_2526_1-512.jpg"],[2,"1216741448_846347_2526_3-512.jpg"],[1,"1216741448_846347_2526_3-512.jpg"],[2,"1216741448_846347_2526_3-512.jpg"]],"design_ml":"designed","images":[]}
