{"MATERIAL":"corrugated metal/heavily patched","AVG_SLOPE":7.08743263515,"AVG_HEIGHT":7.70641335114,"TERAIN_SLP":4.47480834618,"AREA":72.2052334561,"VOLUME":556,"FLOORS":2,"INT_ZONE":"Borde Rural","FLOOD":1,"LANDSLIDE":"Amenaza Baja","LEGAL_ID":"358","LEGAL_NAME":"EL PARAISO","LEGAL_AREA":26.04,"LEGAL_LOTS":2077,"LEGAL_POP":11215.8,"LEGAL_DENS":79.76190476,"LEGALIZING":null,"BLOCK_ID_":"002565022","BLOCK_POP":175,"BLOCK_BLD":45,"BLOCK_RISK":2.6169446,"BLOCK_EDU":0.50544518,"BLOCK_HLTH":16.574329,"BLOCK_TRAN":87.964363,"BLOCK_CULT":0,"BLOCK_PARK":21.189735,"BLOCK_SEC":46.024174,"BLOCK_CENT":0,"BLOCK_DEF":37.7777777778,"BLD_INHAB":4,"OBJECTID":2,"AO_225":0.2,"id":782,"preds_construction":[[2,"1216743443_005849_7566_3-512.jpg"]],"construction_ml":"complete","preds_design":[[1,"1216743443_005849_7566_3-512.jpg"]],"design_ml":"undesigned","images":[]}
