{"MATERIAL":"corrugated metal/heavily patched","AVG_SLOPE":8.77028749584,"AVG_HEIGHT":4.66653619385,"TERAIN_SLP":11.2308744904,"AREA":69.0145071314,"VOLUME":322,"FLOORS":2,"INT_ZONE":"Borde Rural","FLOOD":1,"LANDSLIDE":"Amenaza Baja","LEGAL_ID":"358","LEGAL_NAME":"EL PARAISO","LEGAL_AREA":26.04,"LEGAL_LOTS":2077,"LEGAL_POP":11215.8,"LEGAL_DENS":79.76190476,"LEGALIZING":null,"BLOCK_ID_":"002565023","BLOCK_POP":147,"BLOCK_BLD":35,"BLOCK_RISK":9.4944563,"BLOCK_EDU":0.56284523,"BLOCK_HLTH":18.27063,"BLOCK_TRAN":85.020897,"BLOCK_CULT":0,"BLOCK_PARK":22.599808,"BLOCK_SEC":100,"BLOCK_CENT":0,"BLOCK_DEF":22.8571428571,"BLD_INHAB":4,"OBJECTID":2,"AO_225":0.2,"id":785,"preds_material":[[5,"1216741452_061332_2532_1-512.jpg"],[5,"1216741452_061332_2532_1-512.jpg"],[5,"1216741452_061332_2532_3-512.jpg"],[5,"1216741452_061332_2532_3-512.jpg"],[1,"1216741452_061332_2532_3-512.jpg"],[5,"1216741452_291361_2533_1-512.jpg"],[5,"1216741452_291361_2533_1-512.jpg"],[5,"1216741452_291361_2533_3-512.jpg"],[5,"1216741452_291361_2533_3-512.jpg"],[5,"1216741452_291361_2533_3-512.jpg"],[5,"1216741452_501346_2534_1-512.jpg"],[5,"1216741452_501346_2534_3-512.jpg"],[5,"1216741452_501346_2534_3-512.jpg"],[5,"1216741452_696326_2535_1-512.jpg"],[5,"1216741452_696326_2535_3-512.jpg"],[5,"1216741452_696326_2535_3-512.jpg"],[5,"1216741452_696326_2535_3-512.jpg"],[5,"1216741452_886300_2536_1-512.jpg"],[5,"1216741452_886300_2536_1-512.jpg"],[5,"1216741452_886300_2536_3-512.jpg"],[5,"1216741452_886300_2536_3-512.jpg"],[5,"1216741452_886300_2536_3-512.jpg"],[5,"1216741453_071339_2537_1-512.jpg"],[5,"1216741453_071339_2537_1-512.jpg"],[5,"1216741453_071339_2537_3-512.jpg"],[5,"1216741453_071339_2537_3-512.jpg"],[5,"1216741453_071339_2537_3-512.jpg"],[5,"1216741453_251326_2538_1-512.jpg"]],"material_ml":"painted","preds_construction":[[2,"1216741452_061332_2532_1-512.jpg"],[2,"1216741452_061332_2532_1-512.jpg"],[2,"1216741452_061332_2532_3-512.jpg"],[2,"1216741452_061332_2532_3-512.jpg"],[2,"1216741452_291361_2533_1-512.jpg"],[2,"1216741452_291361_2533_1-512.jpg"],[2,"1216741452_291361_2533_3-512.jpg"],[2,"1216741452_291361_2533_3-512.jpg"],[2,"1216741452_501346_2534_1-512.jpg"],[2,"1216741452_501346_2534_3-512.jpg"],[2,"1216741452_501346_2534_3-512.jpg"],[2,"1216741452_696326_2535_1-512.jpg"],[2,"1216741452_696326_2535_3-512.jpg"],[2,"1216741452_886300_2536_1-512.jpg"],[2,"1216741452_886300_2536_1-512.jpg"],[2,"1216741452_886300_2536_3-512.jpg"],[2,"1216741452_886300_2536_3-512.jpg"],[2,"1216741453_071339_2537_1-512.jpg"],[2,"1216741453_071339_2537_1-512.jpg"],[2,"1216741453_071339_2537_3-512.jpg"],[2,"1216741453_071339_2537_3-512.jpg"],[2,"1216741453_071339_2537_3-512.jpg"],[2,"1216741453_251326_2538_1-512.jpg"],[2,"1216741453_251326_2538_3-512.jpg"]],"construction_ml":"complete","preds_design":[[2,"1216741452_061332_2532_1-512.jpg"],[1,"1216741452_061332_2532_1-512.jpg"],[2,"1216741452_061332_2532_3-512.jpg"],[1,"1216741452_061332_2532_3-512.jpg"],[2,"1216741452_291361_2533_1-512.jpg"],[1,"1216741452_291361_2533_1-512.jpg"],[2,"1216741452_291361_2533_3-512.jpg"],[1,"1216741452_291361_2533_3-512.jpg"],[2,"1216741452_501346_2534_1-512.jpg"],[2,"1216741452_501346_2534_3-512.jpg"],[1,"1216741452_501346_2534_3-512.jpg"],[2,"1216741452_696326_2535_1-512.jpg"],[2,"1216741452_696326_2535_3-512.jpg"],[2,"1216741452_696326_2535_3-512.jpg"],[2,"1216741452_886300_2536_1-512.jpg"],[1,"1216741452_886300_2536_1-512.jpg"],[2,"1216741452_886300_2536_1-512.jpg"],[2,"1216741452_886300_2536_3-512.jpg"],[2,"1216741452_886300_2536_3-512.jpg"],[2,"1216741452_886300_2536_3-512.jpg"],[2,"1216741453_071339_2537_1-512.jpg"],[1,"1216741453_071339_2537_1-512.jpg"],[2,"1216741453_071339_2537_3-512.jpg"],[2,"1216741453_071339_2537_3-512.jpg"],[2,"1216741453_071339_2537_3-512.jpg"],[2,"1216741453_251326_2538_1-512.jpg"],[2,"1216741453_251326_2538_3-512.jpg"]],"design_ml":"designed","images":[]}
