{"MATERIAL":"corrugated metal/heavily patched","AVG_SLOPE":5.5045469441,"AVG_HEIGHT":0.52292629779,"TERAIN_SLP":14.3912886504,"AREA":60.4467424924,"VOLUME":32,"FLOORS":1,"INT_ZONE":"Borde Rural","FLOOD":1,"LANDSLIDE":"Amenaza Baja","LEGAL_ID":"358","LEGAL_NAME":"EL PARAISO","LEGAL_AREA":26.04,"LEGAL_LOTS":2077,"LEGAL_POP":11215.8,"LEGAL_DENS":79.76190476,"LEGALIZING":null,"BLOCK_ID_":"002565023","BLOCK_POP":147,"BLOCK_BLD":35,"BLOCK_RISK":9.4944563,"BLOCK_EDU":0.56284523,"BLOCK_HLTH":18.27063,"BLOCK_TRAN":85.020897,"BLOCK_CULT":0,"BLOCK_PARK":22.599808,"BLOCK_SEC":100,"BLOCK_CENT":0,"BLOCK_DEF":22.8571428571,"BLD_INHAB":4,"OBJECTID":2,"AO_225":0.2,"id":786,"preds_material":[[5,"1216741453_251326_2538_1-512.jpg"],[5,"1216741453_251326_2538_3-512.jpg"],[5,"1216741453_431372_2539_1-512.jpg"],[5,"1216741453_431372_2539_1-512.jpg"],[2,"1216741453_431372_2539_1-512.jpg"],[5,"1216741453_431372_2539_3-512.jpg"],[5,"1216741453_431372_2539_3-512.jpg"],[1,"1216741453_431372_2539_3-512.jpg"],[5,"1216741453_611297_2540_1-512.jpg"],[5,"1216741453_611297_2540_3-512.jpg"],[5,"1216741453_611297_2540_3-512.jpg"],[1,"1216741453_611297_2540_3-512.jpg"],[5,"1216741453_786343_2541_1-512.jpg"],[5,"1216741453_786343_2541_1-512.jpg"],[5,"1216741453_786343_2541_3-512.jpg"],[5,"1216741453_961390_2542_1-512.jpg"],[6,"1216741453_961390_2542_1-512.jpg"],[5,"1216741454_131292_2543_1-512.jpg"],[6,"1216741454_131292_2543_1-512.jpg"]],"material_ml":"painted","preds_construction":[[2,"1216741453_251326_2538_1-512.jpg"],[2,"1216741453_251326_2538_3-512.jpg"],[2,"1216741453_431372_2539_1-512.jpg"],[2,"1216741453_431372_2539_1-512.jpg"],[2,"1216741453_431372_2539_3-512.jpg"],[2,"1216741453_431372_2539_3-512.jpg"],[2,"1216741453_611297_2540_1-512.jpg"],[2,"1216741453_611297_2540_1-512.jpg"],[2,"1216741453_611297_2540_3-512.jpg"],[2,"1216741453_611297_2540_3-512.jpg"],[2,"1216741453_786343_2541_1-512.jpg"],[2,"1216741453_786343_2541_1-512.jpg"],[2,"1216741453_786343_2541_3-512.jpg"],[2,"1216741453_961390_2542_1-512.jpg"],[2,"1216741453_961390_2542_1-512.jpg"],[2,"1216741454_131292_2543_1-512.jpg"],[2,"1216741454_131292_2543_1-512.jpg"]],"construction_ml":"complete","preds_design":[[1,"1216741453_251326_2538_1-512.jpg"],[2,"1216741453_251326_2538_3-512.jpg"],[2,"1216741453_251326_2538_3-512.jpg"],[1,"1216741453_431372_2539_1-512.jpg"],[2,"1216741453_431372_2539_1-512.jpg"],[2,"1216741453_431372_2539_3-512.jpg"],[2,"1216741453_431372_2539_3-512.jpg"],[1,"1216741453_611297_2540_1-512.jpg"],[2,"1216741453_611297_2540_3-512.jpg"],[2,"1216741453_611297_2540_3-512.jpg"],[1,"1216741453_786343_2541_1-512.jpg"],[2,"1216741453_786343_2541_3-512.jpg"],[1,"1216741453_961390_2542_1-512.jpg"],[2,"1216741453_961390_2542_1-512.jpg"],[2,"1216741454_131292_2543_1-512.jpg"],[1,"1216741454_131292_2543_1-512.jpg"]],"design_ml":"designed","images":[]}
