{"MATERIAL":"extreme haphazard","AVG_SLOPE":13.0939847103,"AVG_HEIGHT":0.38926780533,"TERAIN_SLP":11.677575439,"AREA":56.6598900577,"VOLUME":22,"FLOORS":1,"INT_ZONE":"Borde Rural","FLOOD":2,"LANDSLIDE":"Amenaza Baja","LEGAL_ID":"358","LEGAL_NAME":"EL PARAISO","LEGAL_AREA":26.04,"LEGAL_LOTS":2077,"LEGAL_POP":11215.8,"LEGAL_DENS":79.76190476,"LEGALIZING":null,"BLOCK_ID_":"002565023","BLOCK_POP":147,"BLOCK_BLD":35,"BLOCK_RISK":9.4944563,"BLOCK_EDU":0.56284523,"BLOCK_HLTH":18.27063,"BLOCK_TRAN":85.020897,"BLOCK_CULT":0,"BLOCK_PARK":22.599808,"BLOCK_SEC":100,"BLOCK_CENT":0,"BLOCK_DEF":22.8571428571,"BLD_INHAB":4,"OBJECTID":2,"AO_225":0.2,"id":787,"preds_material":[[5,"1216741482_461180_2634_1-512.jpg"],[5,"1216741482_716138_2635_1-512.jpg"],[5,"1216741482_976140_2636_1-512.jpg"],[5,"1216741483_236137_2637_1-512.jpg"],[5,"1216741483_506157_2638_1-512.jpg"],[5,"1216741483_781220_2639_1-512.jpg"],[5,"1216741484_071179_2640_1-512.jpg"],[5,"1216741484_361174_2641_1-512.jpg"],[5,"1216741484_671183_2642_1-512.jpg"],[5,"1216741484_996138_2643_1-512.jpg"],[5,"1216741485_296198_2644_1-512.jpg"],[5,"1216741485_606127_2645_1-512.jpg"],[5,"1216741485_941162_2646_1-512.jpg"],[5,"1216745373_766495_11463_1-512.jpg"],[5,"1216745374_011334_11464_1-512.jpg"]],"material_ml":"painted","preds_construction":[[1,"1216741482_716138_2635_1-512.jpg"],[1,"1216741482_976140_2636_1-512.jpg"],[2,"1216741482_976140_2636_1-512.jpg"],[1,"1216741483_236137_2637_1-512.jpg"],[1,"1216741483_506157_2638_1-512.jpg"],[1,"1216741483_781220_2639_1-512.jpg"],[1,"1216741484_071179_2640_1-512.jpg"],[1,"1216741484_361174_2641_1-512.jpg"],[1,"1216741484_671183_2642_1-512.jpg"],[1,"1216741484_996138_2643_1-512.jpg"],[1,"1216741485_296198_2644_1-512.jpg"],[1,"1216741485_606127_2645_1-512.jpg"],[1,"1216741485_941162_2646_1-512.jpg"],[2,"1216745373_766495_11463_1-512.jpg"],[2,"1216745374_011334_11464_1-512.jpg"],[2,"1216745374_011334_11464_1-512.jpg"],[2,"1216745374_246372_11465_1-512.jpg"],[2,"1216745374_246372_11465_1-512.jpg"],[2,"1216745374_471353_11466_1-512.jpg"]],"construction_ml":"incomplete","preds_design":[[2,"1216741482_461180_2634_1-512.jpg"],[2,"1216741482_716138_2635_1-512.jpg"],[2,"1216741482_976140_2636_1-512.jpg"],[2,"1216741483_236137_2637_1-512.jpg"],[2,"1216741483_506157_2638_1-512.jpg"],[2,"1216741483_781220_2639_1-512.jpg"],[2,"1216741484_071179_2640_1-512.jpg"],[2,"1216741484_361174_2641_1-512.jpg"],[2,"1216741484_671183_2642_1-512.jpg"],[2,"1216741484_996138_2643_1-512.jpg"],[2,"1216741485_296198_2644_1-512.jpg"],[2,"1216741485_606127_2645_1-512.jpg"],[2,"1216741485_941162_2646_1-512.jpg"],[2,"1216745373_766495_11463_1-512.jpg"],[2,"1216745374_011334_11464_1-512.jpg"],[2,"1216745374_011334_11464_1-512.jpg"],[2,"1216745374_246372_11465_1-512.jpg"]],"design_ml":"designed","images":[]}
