{"MATERIAL":"corrugated metal","AVG_SLOPE":9.86657342628,"AVG_HEIGHT":5.54748266181,"TERAIN_SLP":12.1804334255,"AREA":62.0353616835,"VOLUME":344,"FLOORS":2,"INT_ZONE":"Borde Rural","FLOOD":1,"LANDSLIDE":"Amenaza Baja","LEGAL_ID":"358","LEGAL_NAME":"EL PARAISO","LEGAL_AREA":26.04,"LEGAL_LOTS":2077,"LEGAL_POP":11215.8,"LEGAL_DENS":79.76190476,"LEGALIZING":null,"BLOCK_ID_":"002565023","BLOCK_POP":147,"BLOCK_BLD":35,"BLOCK_RISK":9.4944563,"BLOCK_EDU":0.56284523,"BLOCK_HLTH":18.27063,"BLOCK_TRAN":85.020897,"BLOCK_CULT":0,"BLOCK_PARK":22.599808,"BLOCK_SEC":100,"BLOCK_CENT":0,"BLOCK_DEF":22.8571428571,"BLD_INHAB":4,"OBJECTID":2,"AO_225":0.2,"id":790,"preds_material":[[2,"1216741487_921153_2652_1-512.jpg"],[5,"1216745375_801245_11472_1-512.jpg"],[5,"1216745375_991204_11473_1-512.jpg"],[1,"1216745375_991204_11473_1-512.jpg"],[5,"1216745376_176270_11474_1-512.jpg"],[1,"1216745376_176270_11474_1-512.jpg"],[5,"1216745376_361244_11475_1-512.jpg"],[5,"1216745376_556209_11476_1-512.jpg"],[5,"1216745376_736315_11477_1-512.jpg"],[5,"1216745376_911272_11478_1-512.jpg"],[1,"1216745376_911272_11478_1-512.jpg"],[5,"1216745376_911272_11478_1-512.jpg"],[5,"1216745377_066207_11479_1-512.jpg"],[1,"1216745377_066207_11479_1-512.jpg"],[5,"1216745377_066207_11479_1-512.jpg"],[5,"1216745377_240998_11480_1-512.jpg"],[5,"1216745377_240998_11480_1-512.jpg"],[1,"1216745377_240998_11480_1-512.jpg"],[6,"1216745377_421001_11481_1-512.jpg"],[5,"1216745377_421001_11481_1-512.jpg"]],"material_ml":"painted","preds_construction":[[2,"1216741487_921153_2652_1-512.jpg"],[2,"1216745375_801245_11472_1-512.jpg"],[2,"1216745375_991204_11473_1-512.jpg"],[2,"1216745376_176270_11474_1-512.jpg"],[2,"1216745376_361244_11475_1-512.jpg"],[2,"1216745376_361244_11475_1-512.jpg"],[2,"1216745376_556209_11476_1-512.jpg"],[2,"1216745376_556209_11476_1-512.jpg"],[2,"1216745376_736315_11477_1-512.jpg"],[2,"1216745376_736315_11477_1-512.jpg"],[2,"1216745376_911272_11478_1-512.jpg"],[2,"1216745376_911272_11478_1-512.jpg"],[2,"1216745377_066207_11479_1-512.jpg"],[2,"1216745377_066207_11479_1-512.jpg"],[2,"1216745377_240998_11480_1-512.jpg"],[2,"1216745377_240998_11480_1-512.jpg"],[2,"1216745377_421001_11481_1-512.jpg"]],"construction_ml":"complete","preds_design":[[2,"1216741487_921153_2652_1-512.jpg"],[1,"1216745375_801245_11472_1-512.jpg"],[1,"1216745375_991204_11473_1-512.jpg"],[1,"1216745376_176270_11474_1-512.jpg"],[1,"1216745376_361244_11475_1-512.jpg"],[1,"1216745376_361244_11475_1-512.jpg"],[1,"1216745376_556209_11476_1-512.jpg"],[1,"1216745376_736315_11477_1-512.jpg"],[1,"1216745376_911272_11478_1-512.jpg"],[1,"1216745376_911272_11478_1-512.jpg"],[1,"1216745377_066207_11479_1-512.jpg"],[1,"1216745377_066207_11479_1-512.jpg"],[1,"1216745377_240998_11480_1-512.jpg"],[1,"1216745377_240998_11480_1-512.jpg"],[1,"1216745377_421001_11481_1-512.jpg"]],"design_ml":"undesigned","images":[]}
