{"MATERIAL":"corrugated metal/heavily patched","AVG_SLOPE":6.38907081797,"AVG_HEIGHT":6.64709726693,"TERAIN_SLP":15.4172469463,"AREA":35.1610678824,"VOLUME":234,"FLOORS":2,"INT_ZONE":"Borde Rural","FLOOD":1,"LANDSLIDE":"Amenaza Baja","LEGAL_ID":"358","LEGAL_NAME":"EL PARAISO","LEGAL_AREA":26.04,"LEGAL_LOTS":2077,"LEGAL_POP":11215.8,"LEGAL_DENS":79.76190476,"LEGALIZING":null,"BLOCK_ID_":"002565024","BLOCK_POP":240,"BLOCK_BLD":61,"BLOCK_RISK":2.3657384,"BLOCK_EDU":0.63970935,"BLOCK_HLTH":20.487314,"BLOCK_TRAN":69.686203,"BLOCK_CULT":0,"BLOCK_PARK":24.319061,"BLOCK_SEC":54.195568,"BLOCK_CENT":0,"BLOCK_DEF":31.1475409836,"BLD_INHAB":4,"OBJECTID":2,"AO_225":0.2,"id":793,"preds_material":[[5,"1216741164_017881_1718_3-512.jpg"],[5,"1216741164_292869_1719_3-512.jpg"],[5,"1216741164_562946_1720_3-512.jpg"],[5,"1216741164_817861_1721_3-512.jpg"],[5,"1216741165_067837_1722_3-512.jpg"],[5,"1216741165_312856_1723_3-512.jpg"],[5,"1216741165_312856_1723_3-512.jpg"],[5,"1216741165_532862_1724_3-512.jpg"],[5,"1216741165_532862_1724_3-512.jpg"],[5,"1216741165_532862_1724_3-512.jpg"],[5,"1216741165_742860_1725_3-512.jpg"],[5,"1216741165_742860_1725_3-512.jpg"],[5,"1216741165_742860_1725_3-512.jpg"],[5,"1216741165_952960_1726_3-512.jpg"],[5,"1216741166_147830_1727_3-512.jpg"],[5,"1216741166_342869_1728_3-512.jpg"],[5,"1216741166_537813_1729_3-512.jpg"],[5,"1216741166_722853_1730_3-512.jpg"]],"material_ml":"painted","preds_construction":[[2,"1216741163_727820_1717_3-512.jpg"],[2,"1216741164_017881_1718_3-512.jpg"],[2,"1216741164_292869_1719_3-512.jpg"],[2,"1216741164_562946_1720_3-512.jpg"],[2,"1216741164_817861_1721_3-512.jpg"],[2,"1216741165_067837_1722_3-512.jpg"],[2,"1216741165_312856_1723_3-512.jpg"],[2,"1216741165_312856_1723_3-512.jpg"],[2,"1216741165_532862_1724_3-512.jpg"],[2,"1216741165_532862_1724_3-512.jpg"],[2,"1216741165_742860_1725_3-512.jpg"],[2,"1216741165_742860_1725_3-512.jpg"],[2,"1216741165_742860_1725_3-512.jpg"],[2,"1216741165_952960_1726_3-512.jpg"],[2,"1216741166_147830_1727_3-512.jpg"],[2,"1216741166_342869_1728_3-512.jpg"],[2,"1216741166_537813_1729_3-512.jpg"],[2,"1216741166_722853_1730_3-512.jpg"]],"construction_ml":"complete","preds_design":[[2,"1216741163_727820_1717_3-512.jpg"],[2,"1216741164_017881_1718_3-512.jpg"],[2,"1216741164_292869_1719_3-512.jpg"],[2,"1216741164_562946_1720_3-512.jpg"],[2,"1216741164_817861_1721_3-512.jpg"],[2,"1216741165_067837_1722_3-512.jpg"],[2,"1216741165_312856_1723_3-512.jpg"],[1,"1216741165_312856_1723_3-512.jpg"],[2,"1216741165_312856_1723_3-512.jpg"],[2,"1216741165_532862_1724_3-512.jpg"],[1,"1216741165_532862_1724_3-512.jpg"],[2,"1216741165_532862_1724_3-512.jpg"],[2,"1216741165_742860_1725_3-512.jpg"],[2,"1216741165_742860_1725_3-512.jpg"],[1,"1216741165_742860_1725_3-512.jpg"],[2,"1216741165_952960_1726_3-512.jpg"],[2,"1216741166_147830_1727_3-512.jpg"],[2,"1216741166_342869_1728_3-512.jpg"],[2,"1216741166_537813_1729_3-512.jpg"],[2,"1216741166_722853_1730_3-512.jpg"]],"design_ml":"designed","images":[]}
