{"MATERIAL":"corrugated metal","AVG_SLOPE":4.61189403235,"AVG_HEIGHT":6.10825139479,"TERAIN_SLP":10.8773307826,"AREA":74.8789208467,"VOLUME":457,"FLOORS":2,"INT_ZONE":"Borde Rural","FLOOD":1,"LANDSLIDE":"Amenaza Baja","LEGAL_ID":"358","LEGAL_NAME":"EL PARAISO","LEGAL_AREA":26.04,"LEGAL_LOTS":2077,"LEGAL_POP":11215.8,"LEGAL_DENS":79.76190476,"LEGALIZING":null,"BLOCK_ID_":"002565025","BLOCK_POP":159,"BLOCK_BLD":45,"BLOCK_RISK":2.8837605,"BLOCK_EDU":0.73928654,"BLOCK_HLTH":23.268343,"BLOCK_TRAN":66.479042,"BLOCK_CULT":0,"BLOCK_PARK":26.304276,"BLOCK_SEC":54.195568,"BLOCK_CENT":0,"BLOCK_DEF":28.8888888889,"BLD_INHAB":4,"OBJECTID":2,"AO_225":0.2,"id":807,"preds_material":[[5,"1216741167_802828_1736_1-512.jpg"],[5,"1216741167_982820_1737_1-512.jpg"],[5,"1216741168_162883_1738_1-512.jpg"],[5,"1216741168_337822_1739_1-512.jpg"],[5,"1216741168_507804_1740_1-512.jpg"],[5,"1216741168_677795_1741_1-512.jpg"],[5,"1216741168_847798_1742_1-512.jpg"],[5,"1216741169_023097_1743_1-512.jpg"],[5,"1216741169_197823_1744_1-512.jpg"],[5,"1216741169_377814_1745_1-512.jpg"],[5,"1216741169_557795_1746_1-512.jpg"]],"material_ml":"painted","preds_construction":[[2,"1216741167_802828_1736_1-512.jpg"],[2,"1216741167_982820_1737_1-512.jpg"],[2,"1216741168_162883_1738_1-512.jpg"],[2,"1216741168_337822_1739_1-512.jpg"],[2,"1216741168_507804_1740_1-512.jpg"],[2,"1216741168_677795_1741_1-512.jpg"],[2,"1216741168_847798_1742_1-512.jpg"],[2,"1216741169_023097_1743_1-512.jpg"],[2,"1216741169_197823_1744_1-512.jpg"],[2,"1216741169_377814_1745_1-512.jpg"],[2,"1216741169_557795_1746_1-512.jpg"]],"construction_ml":"complete","preds_design":[[2,"1216741167_802828_1736_1-512.jpg"],[2,"1216741167_982820_1737_1-512.jpg"],[2,"1216741168_162883_1738_1-512.jpg"],[2,"1216741168_337822_1739_1-512.jpg"],[2,"1216741168_507804_1740_1-512.jpg"],[2,"1216741168_677795_1741_1-512.jpg"],[2,"1216741168_847798_1742_1-512.jpg"],[2,"1216741169_023097_1743_1-512.jpg"],[2,"1216741169_197823_1744_1-512.jpg"],[2,"1216741169_377814_1745_1-512.jpg"],[2,"1216741169_557795_1746_1-512.jpg"]],"design_ml":"designed","images":[]}
