{"MATERIAL":"corrugated metal","AVG_SLOPE":6.11730756952,"AVG_HEIGHT":4.30125077754,"TERAIN_SLP":7.18165115828,"AREA":35.2851012444,"VOLUME":152,"FLOORS":2,"INT_ZONE":"Borde Rural","FLOOD":1,"LANDSLIDE":"Amenaza Baja","LEGAL_ID":"358","LEGAL_NAME":"EL PARAISO","LEGAL_AREA":26.04,"LEGAL_LOTS":2077,"LEGAL_POP":11215.8,"LEGAL_DENS":79.76190476,"LEGALIZING":null,"BLOCK_ID_":"002565024","BLOCK_POP":240,"BLOCK_BLD":61,"BLOCK_RISK":2.3657384,"BLOCK_EDU":0.63970935,"BLOCK_HLTH":20.487314,"BLOCK_TRAN":69.686203,"BLOCK_CULT":0,"BLOCK_PARK":24.319061,"BLOCK_SEC":54.195568,"BLOCK_CENT":0,"BLOCK_DEF":31.1475409836,"BLD_INHAB":4,"OBJECTID":2,"AO_225":0.2,"id":814,"preds_material":[[5,"1216741170_107802_1749_3-512.jpg"],[5,"1216741170_302812_1750_3-512.jpg"],[5,"1216741170_497789_1751_3-512.jpg"],[5,"1216741170_697793_1752_3-512.jpg"],[5,"1216741170_902812_1753_3-512.jpg"],[5,"1216741171_097805_1754_3-512.jpg"],[5,"1216741171_687784_1757_3-512.jpg"],[5,"1216741171_877806_1758_3-512.jpg"]],"material_ml":"painted","preds_construction":[[2,"1216741170_107802_1749_3-512.jpg"],[2,"1216741170_302812_1750_3-512.jpg"],[2,"1216741170_497789_1751_3-512.jpg"],[2,"1216741170_697793_1752_3-512.jpg"],[2,"1216741170_902812_1753_3-512.jpg"],[2,"1216741171_097805_1754_3-512.jpg"],[2,"1216741171_687784_1757_3-512.jpg"],[2,"1216741171_877806_1758_3-512.jpg"]],"construction_ml":"complete","preds_design":[[2,"1216741170_107802_1749_3-512.jpg"],[2,"1216741170_302812_1750_3-512.jpg"],[2,"1216741170_497789_1751_3-512.jpg"],[2,"1216741170_697793_1752_3-512.jpg"],[2,"1216741170_902812_1753_3-512.jpg"],[2,"1216741171_097805_1754_3-512.jpg"],[2,"1216741171_687784_1757_3-512.jpg"],[2,"1216741171_877806_1758_3-512.jpg"],[1,"1216741171_877806_1758_3-512.jpg"]],"design_ml":"designed","images":[]}
