{"MATERIAL":"corrugated metal - painted","AVG_SLOPE":11.0680768143,"AVG_HEIGHT":4.28102388876,"TERAIN_SLP":6.90111989309,"AREA":79.1699417707,"VOLUME":339,"FLOORS":2,"INT_ZONE":"Borde Rural","FLOOD":2,"LANDSLIDE":"Amenaza Baja","LEGAL_ID":"358","LEGAL_NAME":"EL PARAISO","LEGAL_AREA":26.04,"LEGAL_LOTS":2077,"LEGAL_POP":11215.8,"LEGAL_DENS":79.76190476,"LEGALIZING":null,"BLOCK_ID_":"002565025","BLOCK_POP":159,"BLOCK_BLD":45,"BLOCK_RISK":2.8837605,"BLOCK_EDU":0.73928654,"BLOCK_HLTH":23.268343,"BLOCK_TRAN":66.479042,"BLOCK_CULT":0,"BLOCK_PARK":26.304276,"BLOCK_SEC":54.195568,"BLOCK_CENT":0,"BLOCK_DEF":28.8888888889,"BLD_INHAB":4,"OBJECTID":2,"AO_225":0.2,"id":818,"preds_material":[[5,"1216741057_673410_1494_1-512.jpg"],[5,"1216741057_963448_1495_1-512.jpg"],[5,"1216741058_243385_1496_1-512.jpg"],[5,"1216741058_513387_1497_1-512.jpg"],[5,"1216741058_513387_1497_1-512.jpg"],[5,"1216741058_773375_1498_1-512.jpg"],[5,"1216741058_773375_1498_1-512.jpg"],[5,"1216741059_068434_1499_1-512.jpg"],[5,"1216741059_068434_1499_1-512.jpg"],[5,"1216741059_343366_1500_1-512.jpg"],[5,"1216741059_343366_1500_1-512.jpg"]],"material_ml":"painted","preds_construction":[[2,"1216741057_673410_1494_1-512.jpg"],[2,"1216741057_963448_1495_1-512.jpg"],[2,"1216741058_243385_1496_1-512.jpg"],[2,"1216741058_513387_1497_1-512.jpg"],[2,"1216741058_513387_1497_1-512.jpg"],[2,"1216741058_773375_1498_1-512.jpg"],[2,"1216741058_773375_1498_1-512.jpg"],[2,"1216741059_068434_1499_1-512.jpg"],[2,"1216741059_068434_1499_1-512.jpg"],[2,"1216741059_343366_1500_1-512.jpg"],[2,"1216741059_343366_1500_1-512.jpg"]],"construction_ml":"complete","preds_design":[[2,"1216741057_673410_1494_1-512.jpg"],[2,"1216741057_963448_1495_1-512.jpg"],[2,"1216741058_243385_1496_1-512.jpg"],[2,"1216741058_513387_1497_1-512.jpg"],[2,"1216741058_513387_1497_1-512.jpg"],[2,"1216741058_773375_1498_1-512.jpg"],[2,"1216741058_773375_1498_1-512.jpg"],[2,"1216741059_068434_1499_1-512.jpg"],[2,"1216741059_068434_1499_1-512.jpg"],[2,"1216741059_343366_1500_1-512.jpg"],[2,"1216741059_343366_1500_1-512.jpg"]],"design_ml":"designed","images":[]}
