{"MATERIAL":"corrugated metal/heavily patched","AVG_SLOPE":13.508477714,"AVG_HEIGHT":4.30637117764,"TERAIN_SLP":1.79717257487,"AREA":65.0706025125,"VOLUME":280,"FLOORS":2,"INT_ZONE":"Borde Rural","FLOOD":1,"LANDSLIDE":"Amenaza Baja","LEGAL_ID":"358","LEGAL_NAME":"EL PARAISO","LEGAL_AREA":26.04,"LEGAL_LOTS":2077,"LEGAL_POP":11215.8,"LEGAL_DENS":79.76190476,"LEGALIZING":null,"BLOCK_ID_":"002565023","BLOCK_POP":147,"BLOCK_BLD":35,"BLOCK_RISK":9.4944563,"BLOCK_EDU":0.56284523,"BLOCK_HLTH":18.27063,"BLOCK_TRAN":85.020897,"BLOCK_CULT":0,"BLOCK_PARK":22.599808,"BLOCK_SEC":100,"BLOCK_CENT":0,"BLOCK_DEF":22.8571428571,"BLD_INHAB":4,"OBJECTID":2,"AO_225":0.2,"id":824,"preds_material":[[5,"1216741434_836404_2497_1-512.jpg"],[5,"1216741435_061478_2498_1-512.jpg"],[5,"1216741435_061478_2498_1-512.jpg"],[5,"1216741435_061478_2498_3-512.jpg"],[5,"1216741435_061478_2498_3-512.jpg"],[5,"1216741435_291431_2499_1-512.jpg"],[5,"1216741435_291431_2499_3-512.jpg"],[5,"1216741435_536386_2500_1-512.jpg"],[5,"1216741435_536386_2500_3-512.jpg"],[5,"1216741435_536386_2500_3-512.jpg"],[5,"1216741435_786415_2501_1-512.jpg"],[1,"1216741435_786415_2501_1-512.jpg"],[5,"1216741435_786415_2501_3-512.jpg"],[5,"1216741435_786415_2501_3-512.jpg"],[5,"1216741436_036910_2502_1-512.jpg"],[1,"1216741436_036910_2502_1-512.jpg"],[5,"1216741436_036910_2502_3-512.jpg"],[5,"1216741436_036910_2502_3-512.jpg"]],"material_ml":"painted","preds_construction":[[1,"1216741434_836404_2497_1-512.jpg"],[1,"1216741435_061478_2498_1-512.jpg"],[2,"1216741435_061478_2498_1-512.jpg"],[2,"1216741435_061478_2498_3-512.jpg"],[2,"1216741435_061478_2498_3-512.jpg"],[1,"1216741435_291431_2499_1-512.jpg"],[2,"1216741435_291431_2499_3-512.jpg"],[1,"1216741435_536386_2500_1-512.jpg"],[2,"1216741435_536386_2500_3-512.jpg"],[2,"1216741435_536386_2500_3-512.jpg"],[2,"1216741435_536386_2500_3-512.jpg"],[1,"1216741435_786415_2501_1-512.jpg"],[2,"1216741435_786415_2501_1-512.jpg"],[2,"1216741435_786415_2501_3-512.jpg"],[2,"1216741435_786415_2501_3-512.jpg"],[1,"1216741436_036910_2502_1-512.jpg"],[2,"1216741436_036910_2502_1-512.jpg"],[1,"1216741436_036910_2502_1-512.jpg"],[2,"1216741436_036910_2502_3-512.jpg"],[2,"1216741436_036910_2502_3-512.jpg"]],"construction_ml":"complete","preds_design":[[2,"1216741434_836404_2497_1-512.jpg"],[2,"1216741435_061478_2498_1-512.jpg"],[2,"1216741435_061478_2498_1-512.jpg"],[2,"1216741435_061478_2498_3-512.jpg"],[2,"1216741435_061478_2498_3-512.jpg"],[2,"1216741435_291431_2499_1-512.jpg"],[2,"1216741435_291431_2499_3-512.jpg"],[2,"1216741435_536386_2500_1-512.jpg"],[2,"1216741435_536386_2500_3-512.jpg"],[2,"1216741435_536386_2500_3-512.jpg"],[2,"1216741435_786415_2501_1-512.jpg"],[2,"1216741435_786415_2501_1-512.jpg"],[2,"1216741435_786415_2501_3-512.jpg"],[2,"1216741435_786415_2501_3-512.jpg"],[2,"1216741436_036910_2502_1-512.jpg"],[2,"1216741436_036910_2502_1-512.jpg"],[2,"1216741436_036910_2502_3-512.jpg"],[2,"1216741436_036910_2502_3-512.jpg"]],"design_ml":"designed","images":[]}
