{"MATERIAL":"concrete","AVG_SLOPE":10.6174256187,"AVG_HEIGHT":4.31392887454,"TERAIN_SLP":7.99663531545,"AREA":66.0027609314,"VOLUME":285,"FLOORS":2,"INT_ZONE":"Borde Rural","FLOOD":1,"LANDSLIDE":"Amenaza Baja","LEGAL_ID":"358","LEGAL_NAME":"EL PARAISO","LEGAL_AREA":26.04,"LEGAL_LOTS":2077,"LEGAL_POP":11215.8,"LEGAL_DENS":79.76190476,"LEGALIZING":null,"BLOCK_ID_":"002565023","BLOCK_POP":147,"BLOCK_BLD":35,"BLOCK_RISK":9.4944563,"BLOCK_EDU":0.56284523,"BLOCK_HLTH":18.27063,"BLOCK_TRAN":85.020897,"BLOCK_CULT":0,"BLOCK_PARK":22.599808,"BLOCK_SEC":100,"BLOCK_CENT":0,"BLOCK_DEF":22.8571428571,"BLD_INHAB":4,"OBJECTID":2,"AO_225":0.2,"id":825,"preds_material":[[2,"1216741442_226407_2515_1-512.jpg"],[5,"1216741442_226407_2515_3-512.jpg"],[2,"1216741442_671417_2516_1-512.jpg"],[5,"1216741442_671417_2516_3-512.jpg"],[5,"1216741442_671417_2516_3-512.jpg"],[2,"1216741443_051547_2517_1-512.jpg"],[5,"1216741443_051547_2517_3-512.jpg"],[5,"1216741443_051547_2517_3-512.jpg"],[2,"1216741443_391406_2518_1-512.jpg"],[5,"1216741443_391406_2518_3-512.jpg"],[2,"1216741443_391406_2518_3-512.jpg"],[2,"1216741443_716420_2519_1-512.jpg"],[5,"1216741443_716420_2519_1-512.jpg"],[5,"1216741443_716420_2519_3-512.jpg"],[5,"1216741443_716420_2519_3-512.jpg"],[2,"1216741443_716420_2519_3-512.jpg"],[5,"1216741444_046844_2520_1-512.jpg"],[2,"1216741444_046844_2520_1-512.jpg"],[5,"1216741444_046844_2520_3-512.jpg"],[5,"1216741444_046844_2520_3-512.jpg"],[2,"1216741444_046844_2520_3-512.jpg"],[2,"1216741444_416378_2521_1-512.jpg"]],"material_ml":"painted","preds_construction":[[2,"1216741442_226407_2515_1-512.jpg"],[2,"1216741442_226407_2515_3-512.jpg"],[2,"1216741442_671417_2516_1-512.jpg"],[2,"1216741442_671417_2516_3-512.jpg"],[2,"1216741442_671417_2516_3-512.jpg"],[2,"1216741443_051547_2517_1-512.jpg"],[2,"1216741443_051547_2517_3-512.jpg"],[2,"1216741443_051547_2517_3-512.jpg"],[2,"1216741443_391406_2518_1-512.jpg"],[2,"1216741443_391406_2518_3-512.jpg"],[2,"1216741443_391406_2518_3-512.jpg"],[2,"1216741443_716420_2519_1-512.jpg"],[2,"1216741443_716420_2519_1-512.jpg"],[2,"1216741443_716420_2519_3-512.jpg"],[2,"1216741443_716420_2519_3-512.jpg"],[2,"1216741444_046844_2520_1-512.jpg"],[2,"1216741444_046844_2520_1-512.jpg"],[2,"1216741444_046844_2520_3-512.jpg"],[2,"1216741444_046844_2520_3-512.jpg"],[2,"1216741444_416378_2521_1-512.jpg"]],"construction_ml":"complete","preds_design":[[2,"1216741442_226407_2515_1-512.jpg"],[2,"1216741442_226407_2515_3-512.jpg"],[2,"1216741442_671417_2516_1-512.jpg"],[2,"1216741442_671417_2516_3-512.jpg"],[2,"1216741442_671417_2516_3-512.jpg"],[2,"1216741443_051547_2517_1-512.jpg"],[2,"1216741443_051547_2517_3-512.jpg"],[2,"1216741443_051547_2517_3-512.jpg"],[2,"1216741443_391406_2518_1-512.jpg"],[2,"1216741443_391406_2518_3-512.jpg"],[2,"1216741443_391406_2518_3-512.jpg"],[2,"1216741443_716420_2519_1-512.jpg"],[2,"1216741443_716420_2519_1-512.jpg"],[2,"1216741443_716420_2519_3-512.jpg"],[2,"1216741443_716420_2519_3-512.jpg"],[2,"1216741444_046844_2520_1-512.jpg"],[2,"1216741444_046844_2520_1-512.jpg"],[2,"1216741444_046844_2520_3-512.jpg"],[2,"1216741444_046844_2520_3-512.jpg"],[2,"1216741444_416378_2521_1-512.jpg"]],"design_ml":"designed","images":[]}
