{"MATERIAL":"corrugated metal/heavily patched","AVG_SLOPE":5.07573192157,"AVG_HEIGHT":7.66020247484,"TERAIN_SLP":2.66385094077,"AREA":67.2749959732,"VOLUME":515,"FLOORS":2,"INT_ZONE":"Borde Rural","FLOOD":1,"LANDSLIDE":"Amenaza Baja","LEGAL_ID":"358","LEGAL_NAME":"EL PARAISO","LEGAL_AREA":26.04,"LEGAL_LOTS":2077,"LEGAL_POP":11215.8,"LEGAL_DENS":79.76190476,"LEGALIZING":null,"BLOCK_ID_":"002565024","BLOCK_POP":240,"BLOCK_BLD":61,"BLOCK_RISK":2.3657384,"BLOCK_EDU":0.63970935,"BLOCK_HLTH":20.487314,"BLOCK_TRAN":69.686203,"BLOCK_CULT":0,"BLOCK_PARK":24.319061,"BLOCK_SEC":54.195568,"BLOCK_CENT":0,"BLOCK_DEF":31.1475409836,"BLD_INHAB":4,"OBJECTID":2,"AO_225":0.2,"id":841,"preds_material":[[5,"1216741173_472813_1766_3-512.jpg"],[5,"1216741173_672831_1767_3-512.jpg"],[5,"1216741173_877852_1768_3-512.jpg"],[5,"1216741174_072818_1769_3-512.jpg"],[5,"1216741174_272791_1770_3-512.jpg"],[5,"1216741174_272791_1770_3-512.jpg"],[5,"1216741174_477788_1771_3-512.jpg"],[5,"1216741174_477788_1771_3-512.jpg"],[5,"1216741174_692788_1772_3-512.jpg"],[5,"1216741174_902796_1773_3-512.jpg"],[5,"1216741175_117760_1774_3-512.jpg"]],"material_ml":"painted","preds_construction":[[2,"1216741173_472813_1766_3-512.jpg"],[2,"1216741173_672831_1767_3-512.jpg"],[2,"1216741173_877852_1768_3-512.jpg"],[2,"1216741174_072818_1769_3-512.jpg"],[2,"1216741174_272791_1770_3-512.jpg"],[2,"1216741174_272791_1770_3-512.jpg"],[2,"1216741174_477788_1771_3-512.jpg"],[2,"1216741174_477788_1771_3-512.jpg"],[1,"1216741174_477788_1771_3-512.jpg"],[2,"1216741174_692788_1772_3-512.jpg"],[2,"1216741174_902796_1773_3-512.jpg"],[2,"1216741175_117760_1774_3-512.jpg"]],"construction_ml":"complete","preds_design":[[2,"1216741173_472813_1766_3-512.jpg"],[2,"1216741173_672831_1767_3-512.jpg"],[2,"1216741173_877852_1768_3-512.jpg"],[2,"1216741174_072818_1769_3-512.jpg"],[2,"1216741174_272791_1770_3-512.jpg"],[2,"1216741174_272791_1770_3-512.jpg"],[2,"1216741174_477788_1771_3-512.jpg"],[2,"1216741174_477788_1771_3-512.jpg"],[2,"1216741174_692788_1772_3-512.jpg"],[2,"1216741174_902796_1773_3-512.jpg"],[2,"1216741175_117760_1774_3-512.jpg"]],"design_ml":"designed","images":[]}
