{"MATERIAL":"corrugated metal/heavily patched","AVG_SLOPE":19.2587234393,"AVG_HEIGHT":4.01755837623,"TERAIN_SLP":2.12152759877,"AREA":10.4331581529,"VOLUME":42,"FLOORS":2,"INT_ZONE":"Borde Rural","FLOOD":1,"LANDSLIDE":"Amenaza Baja","LEGAL_ID":"358","LEGAL_NAME":"EL PARAISO","LEGAL_AREA":26.04,"LEGAL_LOTS":2077,"LEGAL_POP":11215.8,"LEGAL_DENS":79.76190476,"LEGALIZING":null,"BLOCK_ID_":"002565024","BLOCK_POP":240,"BLOCK_BLD":61,"BLOCK_RISK":2.3657384,"BLOCK_EDU":0.63970935,"BLOCK_HLTH":20.487314,"BLOCK_TRAN":69.686203,"BLOCK_CULT":0,"BLOCK_PARK":24.319061,"BLOCK_SEC":54.195568,"BLOCK_CENT":0,"BLOCK_DEF":31.1475409836,"BLD_INHAB":4,"OBJECTID":2,"AO_225":0.2,"id":843,"preds_material":[[1,"1216741177_427753_1784_3-512.jpg"],[6,"1216741177_427753_1784_3-512.jpg"],[6,"1216741177_757792_1785_3-512.jpg"],[5,"1216741177_757792_1785_3-512.jpg"],[1,"1216741177_757792_1785_3-512.jpg"],[1,"1216741178_187754_1786_3-512.jpg"],[5,"1216741178_187754_1786_3-512.jpg"],[6,"1216741178_187754_1786_3-512.jpg"],[1,"1216741178_792787_1787_3-512.jpg"],[5,"1216741178_792787_1787_3-512.jpg"],[6,"1216741178_792787_1787_3-512.jpg"],[2,"1216741178_792787_1787_3-512.jpg"],[5,"1216741179_457739_1788_3-512.jpg"],[1,"1216741179_457739_1788_3-512.jpg"],[5,"1216741180_437736_1789_3-512.jpg"],[6,"1216741180_437736_1789_3-512.jpg"],[5,"1216741180_927737_1790_3-512.jpg"],[6,"1216741180_927737_1790_3-512.jpg"],[2,"1216744033_075469_9166_3-512.jpg"]],"material_ml":"painted","preds_construction":[[1,"1216741177_427753_1784_3-512.jpg"],[2,"1216741177_427753_1784_3-512.jpg"],[1,"1216741177_757792_1785_3-512.jpg"],[2,"1216741178_187754_1786_3-512.jpg"],[1,"1216741178_187754_1786_3-512.jpg"],[2,"1216741178_187754_1786_3-512.jpg"],[1,"1216741178_792787_1787_3-512.jpg"],[2,"1216741178_792787_1787_3-512.jpg"],[2,"1216741178_792787_1787_3-512.jpg"],[1,"1216741179_457739_1788_3-512.jpg"],[2,"1216741179_457739_1788_3-512.jpg"],[2,"1216741180_437736_1789_3-512.jpg"],[1,"1216741180_437736_1789_3-512.jpg"],[1,"1216741180_927737_1790_3-512.jpg"],[2,"1216741180_927737_1790_3-512.jpg"],[2,"1216744033_075469_9166_3-512.jpg"]],"construction_ml":"complete","preds_design":[[1,"1216741177_427753_1784_3-512.jpg"],[1,"1216741177_757792_1785_3-512.jpg"],[1,"1216741178_187754_1786_3-512.jpg"],[1,"1216741178_792787_1787_3-512.jpg"],[1,"1216741178_792787_1787_3-512.jpg"],[1,"1216741179_457739_1788_3-512.jpg"],[1,"1216741180_437736_1789_3-512.jpg"],[1,"1216741180_927737_1790_3-512.jpg"],[2,"1216744033_075469_9166_3-512.jpg"]],"design_ml":"undesigned","images":[]}
