{"MATERIAL":"concrete","AVG_SLOPE":11.7507839614,"AVG_HEIGHT":6.39877591135,"TERAIN_SLP":2.39631239883,"AREA":64.8403177698,"VOLUME":415,"FLOORS":2,"INT_ZONE":"Borde Rural","FLOOD":1,"LANDSLIDE":"Amenaza Baja","LEGAL_ID":"358","LEGAL_NAME":"EL PARAISO","LEGAL_AREA":26.04,"LEGAL_LOTS":2077,"LEGAL_POP":11215.8,"LEGAL_DENS":79.76190476,"LEGALIZING":null,"BLOCK_ID_":"002565025","BLOCK_POP":159,"BLOCK_BLD":45,"BLOCK_RISK":2.8837605,"BLOCK_EDU":0.73928654,"BLOCK_HLTH":23.268343,"BLOCK_TRAN":66.479042,"BLOCK_CULT":0,"BLOCK_PARK":26.304276,"BLOCK_SEC":54.195568,"BLOCK_CENT":0,"BLOCK_DEF":28.8888888889,"BLD_INHAB":4,"OBJECTID":2,"AO_225":0.2,"id":848,"preds_material":[[5,"1216741037_323535_1429_1-512.jpg"],[5,"1216741037_888565_1430_1-512.jpg"]],"material_ml":"painted","preds_construction":[[2,"1216741036_573526_1428_1-512.jpg"],[2,"1216741037_323535_1429_1-512.jpg"],[2,"1216741037_888565_1430_1-512.jpg"]],"construction_ml":"complete","preds_design":[[2,"1216741036_573526_1428_1-512.jpg"],[2,"1216741037_323535_1429_1-512.jpg"],[2,"1216741037_888565_1430_1-512.jpg"]],"design_ml":"designed","images":[]}
