{"MATERIAL":"corrugated metal/heavily patched","AVG_SLOPE":7.53121952906,"AVG_HEIGHT":2.54360239956,"TERAIN_SLP":2.69505882983,"AREA":68.3168884062,"VOLUME":174,"FLOORS":1,"INT_ZONE":"Borde Rural","FLOOD":1,"LANDSLIDE":"Amenaza Baja","LEGAL_ID":"358","LEGAL_NAME":"EL PARAISO","LEGAL_AREA":26.04,"LEGAL_LOTS":2077,"LEGAL_POP":11215.8,"LEGAL_DENS":79.76190476,"LEGALIZING":null,"BLOCK_ID_":"002565025","BLOCK_POP":159,"BLOCK_BLD":45,"BLOCK_RISK":2.8837605,"BLOCK_EDU":0.73928654,"BLOCK_HLTH":23.268343,"BLOCK_TRAN":66.479042,"BLOCK_CULT":0,"BLOCK_PARK":26.304276,"BLOCK_SEC":54.195568,"BLOCK_CENT":0,"BLOCK_DEF":28.8888888889,"BLD_INHAB":4,"OBJECTID":2,"AO_225":0.2,"id":852,"preds_material":[[3,"1216741043_678542_1446_1-512.jpg"],[3,"1216741043_998529_1447_1-512.jpg"],[5,"1216741043_998529_1447_1-512.jpg"],[3,"1216741044_298507_1448_1-512.jpg"],[3,"1216741044_583457_1449_1-512.jpg"],[5,"1216741044_583457_1449_1-512.jpg"],[5,"1216741044_873465_1450_1-512.jpg"],[3,"1216741044_873465_1450_1-512.jpg"],[3,"1216741045_158505_1451_1-512.jpg"],[3,"1216741045_438496_1452_1-512.jpg"],[3,"1216741045_708495_1453_1-512.jpg"],[5,"1216741173_877852_1768_1-512.jpg"]],"material_ml":"tin","preds_construction":[[2,"1216741043_678542_1446_1-512.jpg"],[2,"1216741043_998529_1447_1-512.jpg"],[2,"1216741043_998529_1447_1-512.jpg"],[2,"1216741044_298507_1448_1-512.jpg"],[2,"1216741044_583457_1449_1-512.jpg"],[2,"1216741044_583457_1449_1-512.jpg"],[2,"1216741044_873465_1450_1-512.jpg"],[2,"1216741044_873465_1450_1-512.jpg"],[2,"1216741045_158505_1451_1-512.jpg"],[2,"1216741045_438496_1452_1-512.jpg"],[2,"1216741045_708495_1453_1-512.jpg"]],"construction_ml":"complete","preds_design":[[1,"1216741043_678542_1446_1-512.jpg"],[1,"1216741043_998529_1447_1-512.jpg"],[2,"1216741043_998529_1447_1-512.jpg"],[1,"1216741044_298507_1448_1-512.jpg"],[1,"1216741044_583457_1449_1-512.jpg"],[2,"1216741044_583457_1449_1-512.jpg"],[2,"1216741044_873465_1450_1-512.jpg"],[1,"1216741044_873465_1450_1-512.jpg"],[1,"1216741045_158505_1451_1-512.jpg"],[1,"1216741045_438496_1452_1-512.jpg"],[1,"1216741045_708495_1453_1-512.jpg"]],"design_ml":"undesigned","images":[]}
