{"MATERIAL":"corrugated metal/heavily patched","AVG_SLOPE":5.39607030172,"AVG_HEIGHT":2.31207285271,"TERAIN_SLP":3.15047470668,"AREA":64.114040421,"VOLUME":148,"FLOORS":1,"INT_ZONE":"Borde Rural","FLOOD":2,"LANDSLIDE":"Amenaza Baja","LEGAL_ID":"358","LEGAL_NAME":"EL PARAISO","LEGAL_AREA":26.04,"LEGAL_LOTS":2077,"LEGAL_POP":11215.8,"LEGAL_DENS":79.76190476,"LEGALIZING":null,"BLOCK_ID_":"002565025","BLOCK_POP":159,"BLOCK_BLD":45,"BLOCK_RISK":2.8837605,"BLOCK_EDU":0.73928654,"BLOCK_HLTH":23.268343,"BLOCK_TRAN":66.479042,"BLOCK_CULT":0,"BLOCK_PARK":26.304276,"BLOCK_SEC":54.195568,"BLOCK_CENT":0,"BLOCK_DEF":28.8888888889,"BLD_INHAB":4,"OBJECTID":2,"AO_225":0.2,"id":854,"preds_material":[[5,"1216741047_123462_1458_1-512.jpg"],[5,"1216741047_483445_1459_1-512.jpg"],[5,"1216741047_863438_1460_1-512.jpg"],[5,"1216741048_228530_1461_1-512.jpg"],[3,"1216741048_228530_1461_1-512.jpg"],[5,"1216741048_578453_1462_1-512.jpg"],[3,"1216741048_578453_1462_1-512.jpg"],[5,"1216741048_913455_1463_1-512.jpg"],[5,"1216741048_913455_1463_1-512.jpg"],[3,"1216741048_913455_1463_1-512.jpg"],[5,"1216741049_243456_1464_1-512.jpg"],[1,"1216741049_243456_1464_1-512.jpg"],[5,"1216741174_477788_1771_1-512.jpg"]],"material_ml":"painted","preds_construction":[[2,"1216741047_123462_1458_1-512.jpg"],[2,"1216741047_483445_1459_1-512.jpg"],[2,"1216741047_863438_1460_1-512.jpg"],[2,"1216741048_228530_1461_1-512.jpg"],[2,"1216741048_228530_1461_1-512.jpg"],[2,"1216741048_578453_1462_1-512.jpg"],[2,"1216741048_578453_1462_1-512.jpg"],[2,"1216741048_913455_1463_1-512.jpg"],[2,"1216741048_913455_1463_1-512.jpg"],[2,"1216741049_243456_1464_1-512.jpg"]],"construction_ml":"complete","preds_design":[[2,"1216741047_123462_1458_1-512.jpg"],[2,"1216741047_483445_1459_1-512.jpg"],[2,"1216741047_863438_1460_1-512.jpg"],[2,"1216741048_228530_1461_1-512.jpg"],[2,"1216741048_228530_1461_1-512.jpg"],[2,"1216741048_578453_1462_1-512.jpg"],[2,"1216741048_578453_1462_1-512.jpg"],[2,"1216741048_913455_1463_1-512.jpg"],[2,"1216741048_913455_1463_1-512.jpg"],[2,"1216741049_243456_1464_1-512.jpg"]],"design_ml":"designed","images":[]}
