{"MATERIAL":"corrugated metal/heavily patched","AVG_SLOPE":6.74028292727,"AVG_HEIGHT":2.37687622393,"TERAIN_SLP":3.37490076777,"AREA":64.0910831298,"VOLUME":152,"FLOORS":1,"INT_ZONE":null,"FLOOD":2,"LANDSLIDE":"Amenaza Media","LEGAL_ID":"358","LEGAL_NAME":"EL PARAISO","LEGAL_AREA":26.04,"LEGAL_LOTS":2077,"LEGAL_POP":11215.8,"LEGAL_DENS":79.76190476,"LEGALIZING":null,"BLOCK_ID_":"002565026","BLOCK_POP":155,"BLOCK_BLD":40,"BLOCK_RISK":2.1372881,"BLOCK_EDU":0.87826133,"BLOCK_HLTH":26.985096,"BLOCK_TRAN":39.48484,"BLOCK_CULT":0,"BLOCK_PARK":28.706987,"BLOCK_SEC":54.195568,"BLOCK_CENT":0,"BLOCK_DEF":47.5,"BLD_INHAB":4,"OBJECTID":2,"AO_225":0.2,"id":858,"preds_material":[[1,"1216743704_574297_8168_3-512.jpg"],[5,"1216743704_574297_8168_3-512.jpg"],[5,"1216743704_759357_8169_3-512.jpg"],[1,"1216743704_759357_8169_3-512.jpg"],[5,"1216743704_934453_8170_3-512.jpg"],[1,"1216743704_934453_8170_3-512.jpg"],[5,"1216743705_109367_8171_3-512.jpg"],[1,"1216743705_109367_8171_3-512.jpg"],[5,"1216743705_289337_8172_3-512.jpg"],[1,"1216743705_289337_8172_3-512.jpg"],[5,"1216743705_489410_8173_3-512.jpg"],[1,"1216743705_489410_8173_3-512.jpg"],[5,"1216743705_664462_8174_3-512.jpg"],[1,"1216743705_664462_8174_3-512.jpg"],[5,"1216743705_829700_8175_3-512.jpg"],[5,"1216743706_039646_8176_3-512.jpg"],[1,"1216743706_039646_8176_3-512.jpg"],[5,"1216743706_219739_8177_3-512.jpg"],[5,"1216743706_399751_8178_3-512.jpg"],[5,"1216743706_574702_8179_3-512.jpg"],[5,"1216743706_749671_8180_3-512.jpg"],[5,"1216743707_869371_8186_3-512.jpg"]],"material_ml":"painted","preds_construction":[[2,"1216743704_574297_8168_3-512.jpg"],[2,"1216743704_759357_8169_3-512.jpg"],[2,"1216743704_759357_8169_3-512.jpg"],[2,"1216743704_934453_8170_3-512.jpg"],[2,"1216743704_934453_8170_3-512.jpg"],[2,"1216743705_109367_8171_3-512.jpg"],[2,"1216743705_109367_8171_3-512.jpg"],[2,"1216743705_289337_8172_3-512.jpg"],[2,"1216743705_289337_8172_3-512.jpg"],[2,"1216743705_489410_8173_3-512.jpg"],[2,"1216743705_489410_8173_3-512.jpg"],[2,"1216743705_664462_8174_3-512.jpg"],[2,"1216743705_664462_8174_3-512.jpg"],[2,"1216743705_829700_8175_3-512.jpg"],[2,"1216743706_039646_8176_3-512.jpg"],[2,"1216743706_219739_8177_3-512.jpg"],[2,"1216743706_399751_8178_3-512.jpg"],[2,"1216743706_574702_8179_3-512.jpg"],[2,"1216743707_869371_8186_3-512.jpg"]],"construction_ml":"complete","preds_design":[[2,"1216743704_574297_8168_3-512.jpg"],[2,"1216743704_759357_8169_3-512.jpg"],[1,"1216743704_759357_8169_3-512.jpg"],[2,"1216743704_934453_8170_3-512.jpg"],[1,"1216743704_934453_8170_3-512.jpg"],[1,"1216743705_109367_8171_3-512.jpg"],[2,"1216743705_109367_8171_3-512.jpg"],[1,"1216743705_289337_8172_3-512.jpg"],[2,"1216743705_289337_8172_3-512.jpg"],[1,"1216743705_489410_8173_3-512.jpg"],[2,"1216743705_489410_8173_3-512.jpg"],[1,"1216743705_664462_8174_3-512.jpg"],[2,"1216743705_664462_8174_3-512.jpg"],[1,"1216743705_829700_8175_3-512.jpg"],[1,"1216743706_039646_8176_3-512.jpg"],[1,"1216743706_219739_8177_3-512.jpg"],[1,"1216743706_399751_8178_3-512.jpg"],[1,"1216743706_574702_8179_3-512.jpg"],[1,"1216743706_749671_8180_3-512.jpg"],[2,"1216743707_869371_8186_3-512.jpg"]],"design_ml":"undesigned","images":[]}
