{"MATERIAL":"corrugated metal/heavily patched","AVG_SLOPE":5.25398981373,"AVG_HEIGHT":2.29487786159,"TERAIN_SLP":1.81552101699,"AREA":59.725483956,"VOLUME":137,"FLOORS":1,"INT_ZONE":null,"FLOOD":1,"LANDSLIDE":"Amenaza Media","LEGAL_ID":"358","LEGAL_NAME":"EL PARAISO","LEGAL_AREA":26.04,"LEGAL_LOTS":2077,"LEGAL_POP":11215.8,"LEGAL_DENS":79.76190476,"LEGALIZING":null,"BLOCK_ID_":"002565026","BLOCK_POP":155,"BLOCK_BLD":40,"BLOCK_RISK":2.1372881,"BLOCK_EDU":0.87826133,"BLOCK_HLTH":26.985096,"BLOCK_TRAN":39.48484,"BLOCK_CULT":0,"BLOCK_PARK":28.706987,"BLOCK_SEC":54.195568,"BLOCK_CENT":0,"BLOCK_DEF":47.5,"BLD_INHAB":4,"OBJECTID":2,"AO_225":0.2,"id":859,"preds_material":[[2,"1216743702_309454_8157_3-512.jpg"],[2,"1216743702_519387_8158_3-512.jpg"],[5,"1216743702_519387_8158_3-512.jpg"],[5,"1216743702_724327_8159_3-512.jpg"],[2,"1216743702_724327_8159_3-512.jpg"],[5,"1216743702_939391_8160_3-512.jpg"],[2,"1216743702_939391_8160_3-512.jpg"],[2,"1216743702_939391_8160_3-512.jpg"],[2,"1216743703_139549_8161_3-512.jpg"],[5,"1216743703_139549_8161_3-512.jpg"],[1,"1216743703_334733_8162_3-512.jpg"],[2,"1216743703_334733_8162_3-512.jpg"],[5,"1216743703_334733_8162_3-512.jpg"],[1,"1216743703_334733_8162_3-512.jpg"],[1,"1216743703_534566_8163_3-512.jpg"],[5,"1216743703_534566_8163_3-512.jpg"],[2,"1216743703_534566_8163_3-512.jpg"],[1,"1216743703_739577_8164_3-512.jpg"],[5,"1216743703_739577_8164_3-512.jpg"],[1,"1216743703_964353_8165_3-512.jpg"],[5,"1216743703_964353_8165_3-512.jpg"],[1,"1216743704_174423_8166_3-512.jpg"],[1,"1216743704_374455_8167_3-512.jpg"],[5,"1216744023_752740_9161_3-512.jpg"]],"material_ml":"painted","preds_construction":[[2,"1216743702_309454_8157_3-512.jpg"],[2,"1216743702_519387_8158_3-512.jpg"],[2,"1216743702_724327_8159_3-512.jpg"],[2,"1216743702_939391_8160_3-512.jpg"],[2,"1216743703_139549_8161_3-512.jpg"],[2,"1216743703_334733_8162_3-512.jpg"],[2,"1216743703_534566_8163_3-512.jpg"],[2,"1216743703_739577_8164_3-512.jpg"],[2,"1216743703_964353_8165_3-512.jpg"],[2,"1216743704_174423_8166_3-512.jpg"],[2,"1216743704_374455_8167_3-512.jpg"]],"construction_ml":"complete","preds_design":[[1,"1216743702_309454_8157_3-512.jpg"],[1,"1216743702_519387_8158_3-512.jpg"],[1,"1216743702_724327_8159_3-512.jpg"],[1,"1216743702_939391_8160_3-512.jpg"],[1,"1216743703_139549_8161_3-512.jpg"],[2,"1216743703_139549_8161_3-512.jpg"],[2,"1216743703_334733_8162_3-512.jpg"],[1,"1216743703_334733_8162_3-512.jpg"],[2,"1216743703_534566_8163_3-512.jpg"],[1,"1216743703_534566_8163_3-512.jpg"],[2,"1216743703_739577_8164_3-512.jpg"],[1,"1216743703_739577_8164_3-512.jpg"],[2,"1216743703_964353_8165_3-512.jpg"],[1,"1216743703_964353_8165_3-512.jpg"],[2,"1216743704_174423_8166_3-512.jpg"],[2,"1216743704_374455_8167_3-512.jpg"]],"design_ml":"undesigned","images":[]}
