{"MATERIAL":"corrugated metal/heavily patched","AVG_SLOPE":9.32524065326,"AVG_HEIGHT":1.91924185939,"TERAIN_SLP":9.06883950719,"AREA":42.0871924415,"VOLUME":81,"FLOORS":1,"INT_ZONE":null,"FLOOD":1,"LANDSLIDE":"Amenaza Baja","LEGAL_ID":"358","LEGAL_NAME":"EL PARAISO","LEGAL_AREA":26.04,"LEGAL_LOTS":2077,"LEGAL_POP":11215.8,"LEGAL_DENS":79.76190476,"LEGALIZING":null,"BLOCK_ID_":"002565026","BLOCK_POP":155,"BLOCK_BLD":40,"BLOCK_RISK":2.1372881,"BLOCK_EDU":0.87826133,"BLOCK_HLTH":26.985096,"BLOCK_TRAN":39.48484,"BLOCK_CULT":0,"BLOCK_PARK":28.706987,"BLOCK_SEC":54.195568,"BLOCK_CENT":0,"BLOCK_DEF":47.5,"BLD_INHAB":4,"OBJECTID":2,"AO_225":0.2,"id":861,"preds_material":[[1,"1216741044_583457_1449_3-512.jpg"],[1,"1216741044_873465_1450_3-512.jpg"],[5,"1216741045_158505_1451_3-512.jpg"],[1,"1216741045_158505_1451_3-512.jpg"],[5,"1216741045_438496_1452_3-512.jpg"],[5,"1216741045_708495_1453_3-512.jpg"],[5,"1216741045_978503_1454_3-512.jpg"],[5,"1216741046_243672_1455_3-512.jpg"],[1,"1216741046_243672_1455_3-512.jpg"],[1,"1216741046_518486_1456_3-512.jpg"],[6,"1216741046_808489_1457_3-512.jpg"],[2,"1216741046_808489_1457_3-512.jpg"],[2,"1216741047_123462_1458_3-512.jpg"],[6,"1216741047_123462_1458_3-512.jpg"],[6,"1216741047_483445_1459_3-512.jpg"]],"material_ml":"brick","preds_construction":[[2,"1216741044_298507_1448_3-512.jpg"],[2,"1216741044_583457_1449_3-512.jpg"],[2,"1216741044_873465_1450_3-512.jpg"],[2,"1216741045_158505_1451_3-512.jpg"],[2,"1216741045_438496_1452_3-512.jpg"],[2,"1216741045_708495_1453_3-512.jpg"],[2,"1216741045_978503_1454_3-512.jpg"],[2,"1216741046_243672_1455_3-512.jpg"],[2,"1216741046_518486_1456_3-512.jpg"],[2,"1216741046_808489_1457_3-512.jpg"],[2,"1216741047_123462_1458_3-512.jpg"],[2,"1216741047_483445_1459_3-512.jpg"]],"construction_ml":"complete","preds_design":[[2,"1216741044_298507_1448_3-512.jpg"],[2,"1216741044_873465_1450_3-512.jpg"],[1,"1216741045_158505_1451_3-512.jpg"],[2,"1216741045_158505_1451_3-512.jpg"],[1,"1216741045_438496_1452_3-512.jpg"],[2,"1216741045_438496_1452_3-512.jpg"],[1,"1216741045_708495_1453_3-512.jpg"],[2,"1216741045_708495_1453_3-512.jpg"],[2,"1216741045_978503_1454_3-512.jpg"],[1,"1216741045_978503_1454_3-512.jpg"],[2,"1216741046_243672_1455_3-512.jpg"],[2,"1216741046_518486_1456_3-512.jpg"],[1,"1216741046_518486_1456_3-512.jpg"],[1,"1216741046_808489_1457_3-512.jpg"],[2,"1216741046_808489_1457_3-512.jpg"],[1,"1216741047_123462_1458_3-512.jpg"],[2,"1216741047_123462_1458_3-512.jpg"],[1,"1216741047_483445_1459_3-512.jpg"]],"design_ml":"designed","images":[]}
