{"MATERIAL":"corrugated metal - new","AVG_SLOPE":6.55448172915,"AVG_HEIGHT":5.67634710136,"TERAIN_SLP":4.827762111,"AREA":63.4198733914,"VOLUME":360,"FLOORS":2,"INT_ZONE":null,"FLOOD":1,"LANDSLIDE":"Amenaza Baja","LEGAL_ID":"358","LEGAL_NAME":"EL PARAISO","LEGAL_AREA":26.04,"LEGAL_LOTS":2077,"LEGAL_POP":11215.8,"LEGAL_DENS":79.76190476,"LEGALIZING":null,"BLOCK_ID_":"002565026","BLOCK_POP":155,"BLOCK_BLD":40,"BLOCK_RISK":2.1372881,"BLOCK_EDU":0.87826133,"BLOCK_HLTH":26.985096,"BLOCK_TRAN":39.48484,"BLOCK_CULT":0,"BLOCK_PARK":28.706987,"BLOCK_SEC":54.195568,"BLOCK_CENT":0,"BLOCK_DEF":47.5,"BLD_INHAB":4,"OBJECTID":2,"AO_225":0.2,"id":862,"preds_material":[[5,"1216741042_763492_1443_3-512.jpg"],[5,"1216741043_058535_1444_3-512.jpg"],[5,"1216741043_363502_1445_3-512.jpg"],[5,"1216741043_678542_1446_3-512.jpg"],[5,"1216741043_998529_1447_3-512.jpg"],[5,"1216741044_298507_1448_3-512.jpg"],[5,"1216741044_583457_1449_3-512.jpg"],[5,"1216741044_873465_1450_3-512.jpg"],[5,"1216741045_158505_1451_3-512.jpg"],[5,"1216741045_438496_1452_3-512.jpg"],[1,"1216741045_708495_1453_3-512.jpg"]],"material_ml":"painted","preds_construction":[[2,"1216741042_763492_1443_3-512.jpg"],[2,"1216741043_058535_1444_3-512.jpg"],[2,"1216741043_363502_1445_3-512.jpg"],[2,"1216741043_678542_1446_3-512.jpg"],[2,"1216741043_998529_1447_3-512.jpg"],[2,"1216741044_298507_1448_3-512.jpg"],[2,"1216741044_583457_1449_3-512.jpg"],[2,"1216741044_873465_1450_3-512.jpg"],[2,"1216741045_158505_1451_3-512.jpg"],[2,"1216741045_438496_1452_3-512.jpg"],[2,"1216741045_708495_1453_3-512.jpg"]],"construction_ml":"complete","preds_design":[[2,"1216741042_763492_1443_3-512.jpg"],[2,"1216741043_058535_1444_3-512.jpg"],[2,"1216741043_363502_1445_3-512.jpg"],[2,"1216741043_678542_1446_3-512.jpg"],[2,"1216741043_998529_1447_3-512.jpg"],[2,"1216741044_298507_1448_3-512.jpg"],[2,"1216741044_583457_1449_3-512.jpg"],[2,"1216741044_873465_1450_3-512.jpg"],[2,"1216741045_158505_1451_3-512.jpg"],[2,"1216741045_438496_1452_3-512.jpg"],[2,"1216741045_708495_1453_3-512.jpg"]],"design_ml":"designed","images":[]}
