{"MATERIAL":"corrugated metal - painted","AVG_SLOPE":6.03685061111,"AVG_HEIGHT":6.00564504001,"TERAIN_SLP":3.5268540464,"AREA":66.6564847117,"VOLUME":400,"FLOORS":2,"INT_ZONE":null,"FLOOD":1,"LANDSLIDE":"Amenaza Media","LEGAL_ID":"358","LEGAL_NAME":"EL PARAISO","LEGAL_AREA":26.04,"LEGAL_LOTS":2077,"LEGAL_POP":11215.8,"LEGAL_DENS":79.76190476,"LEGALIZING":null,"BLOCK_ID_":"002565026","BLOCK_POP":155,"BLOCK_BLD":40,"BLOCK_RISK":2.1372881,"BLOCK_EDU":0.87826133,"BLOCK_HLTH":26.985096,"BLOCK_TRAN":39.48484,"BLOCK_CULT":0,"BLOCK_PARK":28.706987,"BLOCK_SEC":54.195568,"BLOCK_CENT":0,"BLOCK_DEF":47.5,"BLD_INHAB":4,"OBJECTID":2,"AO_225":0.2,"id":863,"preds_material":[[5,"1216743705_829700_8175_3-512.jpg"],[2,"1216743705_829700_8175_3-512.jpg"],[5,"1216743706_039646_8176_3-512.jpg"],[5,"1216743706_219739_8177_3-512.jpg"],[5,"1216743706_399751_8178_3-512.jpg"],[5,"1216743706_574702_8179_3-512.jpg"],[5,"1216743706_749671_8180_3-512.jpg"],[5,"1216743706_934679_8181_3-512.jpg"],[5,"1216743707_119715_8182_3-512.jpg"],[5,"1216743707_304667_8183_3-512.jpg"],[5,"1216743707_489692_8184_3-512.jpg"],[5,"1216743707_674985_8185_3-512.jpg"],[2,"1216743716_339501_8217_3-512.jpg"],[5,"1216744025_267768_9163_3-512.jpg"],[5,"1216744026_052890_9164_3-512.jpg"]],"material_ml":"painted","preds_construction":[[2,"1216743705_829700_8175_3-512.jpg"],[2,"1216743706_039646_8176_3-512.jpg"],[2,"1216743706_219739_8177_3-512.jpg"],[2,"1216743706_399751_8178_3-512.jpg"],[2,"1216743706_574702_8179_3-512.jpg"],[2,"1216743706_749671_8180_3-512.jpg"],[2,"1216743706_934679_8181_3-512.jpg"],[2,"1216743707_119715_8182_3-512.jpg"],[2,"1216743707_304667_8183_3-512.jpg"],[2,"1216743707_489692_8184_3-512.jpg"],[2,"1216743707_674985_8185_3-512.jpg"],[2,"1216744025_267768_9163_3-512.jpg"],[2,"1216744026_052890_9164_3-512.jpg"]],"construction_ml":"complete","preds_design":[[2,"1216743705_829700_8175_3-512.jpg"],[2,"1216743706_039646_8176_3-512.jpg"],[2,"1216743706_219739_8177_3-512.jpg"],[2,"1216743706_399751_8178_3-512.jpg"],[2,"1216743706_574702_8179_3-512.jpg"],[2,"1216743706_749671_8180_3-512.jpg"],[2,"1216743706_934679_8181_3-512.jpg"],[2,"1216743707_119715_8182_3-512.jpg"],[2,"1216743707_304667_8183_3-512.jpg"],[2,"1216743707_489692_8184_3-512.jpg"],[2,"1216743707_674985_8185_3-512.jpg"],[2,"1216744025_267768_9163_3-512.jpg"],[2,"1216744026_052890_9164_3-512.jpg"]],"design_ml":"designed","images":[]}
