{"MATERIAL":"corrugated metal","AVG_SLOPE":7.31667424615,"AVG_HEIGHT":0.41259976319,"TERAIN_SLP":16.2947766045,"AREA":60.9751320567,"VOLUME":25,"FLOORS":1,"INT_ZONE":null,"FLOOD":1,"LANDSLIDE":"Amenaza Media","LEGAL_ID":"358","LEGAL_NAME":"EL PARAISO","LEGAL_AREA":26.04,"LEGAL_LOTS":2077,"LEGAL_POP":11215.8,"LEGAL_DENS":79.76190476,"LEGALIZING":null,"BLOCK_ID_":"002565027","BLOCK_POP":146,"BLOCK_BLD":38,"BLOCK_RISK":2.3715286,"BLOCK_EDU":1.0613019,"BLOCK_HLTH":31.602531,"BLOCK_TRAN":37.277332,"BLOCK_CULT":0,"BLOCK_PARK":47.038616,"BLOCK_SEC":100,"BLOCK_CENT":0,"BLOCK_DEF":47.3684210526,"BLD_INHAB":4,"OBJECTID":1,"AO_225":0.16,"id":867,"preds_material":[[5,"1216743651_834644_7944_1-512.jpg"],[5,"1216743652_014549_7945_1-512.jpg"],[5,"1216743652_719661_7949_1-512.jpg"],[2,"1216743652_899654_7950_1-512.jpg"],[5,"1216743652_899654_7950_1-512.jpg"],[2,"1216743653_074645_7951_1-512.jpg"],[5,"1216743653_074645_7951_1-512.jpg"],[2,"1216743662_719627_7996_1-512.jpg"],[2,"1216743663_049631_7997_1-512.jpg"],[2,"1216743663_389728_7998_1-512.jpg"],[2,"1216743663_734537_7999_1-512.jpg"],[2,"1216743664_114539_8000_1-512.jpg"],[2,"1216743664_624599_8001_1-512.jpg"],[2,"1216743665_274736_8002_1-512.jpg"],[2,"1216743666_079664_8003_1-512.jpg"],[2,"1216743667_134698_8004_1-512.jpg"],[2,"1216743668_059670_8005_1-512.jpg"],[2,"1216743669_009668_8006_1-512.jpg"],[2,"1216743669_814470_8007_1-512.jpg"],[2,"1216743670_364370_8008_1-512.jpg"],[1,"1216743670_834338_8009_1-512.jpg"],[1,"1216743671_279411_8010_1-512.jpg"],[1,"1216743671_694240_8011_1-512.jpg"],[1,"1216743672_084264_8012_1-512.jpg"],[1,"1216743672_459522_8013_1-512.jpg"],[1,"1216743672_459522_8013_1-512.jpg"],[1,"1216743672_824335_8014_1-512.jpg"],[1,"1216743672_824335_8014_1-512.jpg"],[1,"1216743673_204281_8015_1-512.jpg"],[1,"1216743673_589343_8016_1-512.jpg"],[1,"1216743673_969240_8017_1-512.jpg"],[1,"1216743674_324228_8018_1-512.jpg"],[5,"1216743674_644189_8019_1-512.jpg"],[1,"1216743674_644189_8019_1-512.jpg"],[5,"1216743674_944277_8020_1-512.jpg"],[5,"1216743675_229307_8021_1-512.jpg"],[5,"1216743675_499522_8022_1-512.jpg"],[5,"1216743675_759116_8023_1-512.jpg"],[5,"1216743676_014065_8024_1-512.jpg"],[6,"1216743676_269141_8025_1-512.jpg"],[5,"1216743676_269141_8025_1-512.jpg"],[6,"1216743676_534084_8026_1-512.jpg"],[5,"1216743676_534084_8026_1-512.jpg"],[6,"1216743676_814120_8027_1-512.jpg"],[6,"1216743677_099178_8028_1-512.jpg"],[6,"1216743677_364114_8029_1-512.jpg"],[6,"1216743677_614092_8030_1-512.jpg"],[6,"1216743677_844007_8031_1-512.jpg"],[6,"1216743678_064044_8032_1-512.jpg"],[1,"1216743679_029100_8037_1-512.jpg"],[1,"1216743679_199136_8038_1-512.jpg"],[1,"1216743679_364105_8039_1-512.jpg"],[1,"1216743679_529179_8040_1-512.jpg"],[1,"1216743679_694108_8041_1-512.jpg"],[1,"1216743679_884423_8042_1-512.jpg"],[2,"1216743679_884423_8042_1-512.jpg"],[2,"1216743680_044499_8043_1-512.jpg"],[1,"1216743680_044499_8043_1-512.jpg"],[2,"1216743680_204494_8044_1-512.jpg"],[2,"1216743680_369456_8045_1-512.jpg"],[2,"1216743680_534472_8046_1-512.jpg"],[2,"1216743680_704528_8047_1-512.jpg"],[2,"1216743680_874474_8048_1-512.jpg"],[5,"1216743681_049460_8049_1-512.jpg"],[2,"1216743681_049460_8049_1-512.jpg"],[5,"1216743681_224484_8050_1-512.jpg"],[5,"1216743681_409467_8051_1-512.jpg"],[5,"1216743681_604469_8052_1-512.jpg"],[5,"1216743681_804480_8053_1-512.jpg"],[1,"1216743682_014374_8054_1-512.jpg"],[5,"1216743682_014374_8054_1-512.jpg"],[1,"1216743682_234586_8055_1-512.jpg"],[5,"1216743682_234586_8055_1-512.jpg"],[1,"1216743682_459399_8056_1-512.jpg"],[1,"1216743682_679412_8057_1-512.jpg"],[1,"1216743682_889416_8058_1-512.jpg"],[1,"1216743683_094403_8059_1-512.jpg"],[1,"1216743683_309427_8060_1-512.jpg"],[1,"1216743683_519616_8061_1-512.jpg"],[2,"1216743685_039552_8069_1-512.jpg"],[2,"1216743685_214584_8070_1-512.jpg"],[2,"1216743685_389549_8071_1-512.jpg"],[2,"1216743685_559819_8072_1-512.jpg"],[2,"1216743685_729534_8073_1-512.jpg"],[2,"1216743685_899603_8074_1-512.jpg"],[5,"1216743686_064504_8075_1-512.jpg"],[2,"1216743686_064504_8075_1-512.jpg"],[5,"1216743686_229526_8076_1-512.jpg"],[2,"1216743686_229526_8076_1-512.jpg"],[5,"1216743686_399523_8077_1-512.jpg"],[5,"1216743686_574519_8078_1-512.jpg"],[5,"1216743686_744635_8079_1-512.jpg"],[5,"1216743686_919485_8080_1-512.jpg"],[5,"1216743687_104511_8081_1-512.jpg"],[5,"1216743687_104511_8081_1-512.jpg"],[5,"1216743687_294631_8082_1-512.jpg"],[5,"1216743687_494543_8083_1-512.jpg"],[5,"1216743687_709538_8084_1-512.jpg"],[5,"1216743687_929555_8085_1-512.jpg"],[5,"1216743688_149423_8086_1-512.jpg"],[5,"1216743688_369443_8087_1-512.jpg"],[5,"1216743688_369443_8087_1-512.jpg"],[5,"1216743688_584539_8088_1-512.jpg"],[5,"1216743688_794555_8089_1-512.jpg"],[5,"1216743688_994536_8090_1-512.jpg"],[5,"1216743689_194534_8091_1-512.jpg"],[5,"1216743689_394540_8092_1-512.jpg"],[5,"1216743689_594542_8093_1-512.jpg"],[5,"1216743689_784609_8094_1-512.jpg"],[5,"1216743690_529509_8098_1-512.jpg"],[5,"1216743690_704419_8099_1-512.jpg"],[5,"1216743690_874429_8100_1-512.jpg"],[5,"1216743691_039466_8101_1-512.jpg"],[5,"1216743691_199445_8102_1-512.jpg"],[5,"1216743691_354494_8103_1-512.jpg"],[5,"1216743691_509510_8104_1-512.jpg"],[5,"1216743691_664557_8105_1-512.jpg"],[5,"1216743691_819509_8106_1-512.jpg"],[5,"1216743691_819509_8106_1-512.jpg"],[5,"1216743691_974552_8107_1-512.jpg"],[5,"1216743692_129489_8108_1-512.jpg"],[5,"1216743692_284454_8109_1-512.jpg"],[5,"1216743692_439460_8110_1-512.jpg"],[5,"1216743692_439460_8110_1-512.jpg"],[5,"1216743692_594463_8111_1-512.jpg"],[5,"1216743692_749481_8112_1-512.jpg"],[5,"1216743692_904472_8113_1-512.jpg"],[5,"1216743693_059499_8114_1-512.jpg"],[5,"1216743693_214501_8115_1-512.jpg"],[5,"1216743693_369435_8116_1-512.jpg"],[5,"1216743693_369435_8116_1-512.jpg"],[5,"1216743693_534690_8117_1-512.jpg"],[1,"1216743693_534690_8117_1-512.jpg"],[5,"1216743693_704551_8118_1-512.jpg"],[5,"1216743693_879472_8119_1-512.jpg"],[5,"1216743694_059485_8120_1-512.jpg"],[5,"1216743694_244337_8121_1-512.jpg"],[5,"1216743694_424395_8122_1-512.jpg"],[5,"1216743694_599337_8123_1-512.jpg"],[5,"1216743694_954331_8125_1-512.jpg"],[5,"1216743695_129418_8126_1-512.jpg"],[2,"1216743695_614484_8129_1-512.jpg"],[2,"1216743695_774486_8130_1-512.jpg"],[2,"1216743695_929517_8131_1-512.jpg"],[2,"1216743696_079505_8132_1-512.jpg"],[2,"1216743696_229538_8133_1-512.jpg"],[2,"1216743696_384357_8134_1-512.jpg"],[2,"1216743696_539605_8135_1-512.jpg"],[5,"1216743696_699421_8136_1-512.jpg"],[2,"1216743696_699421_8136_1-512.jpg"],[5,"1216743696_859369_8137_1-512.jpg"],[5,"1216743697_024362_8138_1-512.jpg"],[5,"1216743697_194323_8139_1-512.jpg"],[5,"1216743697_374405_8140_1-512.jpg"],[5,"1216743697_559656_8141_1-512.jpg"],[5,"1216743697_754443_8142_1-512.jpg"],[5,"1216743697_959410_8143_1-512.jpg"],[1,"1216743700_489532_8151_1-512.jpg"],[1,"1216743700_854555_8152_1-512.jpg"],[1,"1216743701_204313_8153_1-512.jpg"],[1,"1216743701_529433_8154_1-512.jpg"]],"material_ml":"painted",