{"MATERIAL":"corrugated metal","AVG_SLOPE":7.5966850002,"AVG_HEIGHT":2.38715644924,"TERAIN_SLP":7.73340557465,"AREA":59.3981633636,"VOLUME":142,"FLOORS":1,"INT_ZONE":null,"FLOOD":1,"LANDSLIDE":"Amenaza Baja","LEGAL_ID":"358","LEGAL_NAME":"EL PARAISO","LEGAL_AREA":26.04,"LEGAL_LOTS":2077,"LEGAL_POP":11215.8,"LEGAL_DENS":79.76190476,"LEGALIZING":null,"BLOCK_ID_":"002565026","BLOCK_POP":155,"BLOCK_BLD":40,"BLOCK_RISK":2.1372881,"BLOCK_EDU":0.87826133,"BLOCK_HLTH":26.985096,"BLOCK_TRAN":39.48484,"BLOCK_CULT":0,"BLOCK_PARK":28.706987,"BLOCK_SEC":54.195568,"BLOCK_CENT":0,"BLOCK_DEF":47.5,"BLD_INHAB":4,"OBJECTID":2,"AO_225":0.2,"id":868,"preds_material":[[1,"1216743651_654555_7943_3-512.jpg"],[1,"1216743651_834644_7944_3-512.jpg"],[5,"1216743651_834644_7944_3-512.jpg"],[1,"1216743652_014549_7945_3-512.jpg"],[1,"1216743652_189591_7946_3-512.jpg"],[1,"1216743652_544516_7948_3-512.jpg"],[1,"1216743652_719661_7949_3-512.jpg"],[5,"1216743652_719661_7949_3-512.jpg"],[6,"1216743652_899654_7950_3-512.jpg"],[6,"1216743653_074645_7951_3-512.jpg"],[6,"1216743653_244519_7952_3-512.jpg"],[2,"1216743653_764616_7955_1-512.jpg"],[5,"1216743653_764616_7955_1-512.jpg"],[6,"1216743653_764616_7955_3-512.jpg"],[5,"1216743653_764616_7955_3-512.jpg"],[2,"1216743653_939689_7956_1-512.jpg"],[1,"1216743653_939689_7956_1-512.jpg"],[5,"1216743653_939689_7956_1-512.jpg"],[5,"1216743653_939689_7956_3-512.jpg"],[6,"1216743653_939689_7956_3-512.jpg"],[2,"1216743654_114662_7957_1-512.jpg"],[1,"1216743654_114662_7957_1-512.jpg"],[5,"1216743654_114662_7957_1-512.jpg"],[6,"1216743654_114662_7957_3-512.jpg"],[5,"1216743654_114662_7957_3-512.jpg"],[2,"1216743654_289694_7958_1-512.jpg"],[1,"1216743654_289694_7958_1-512.jpg"],[5,"1216743654_289694_7958_1-512.jpg"],[5,"1216743654_289694_7958_3-512.jpg"],[6,"1216743654_289694_7958_3-512.jpg"],[2,"1216743654_464723_7959_1-512.jpg"],[1,"1216743654_464723_7959_1-512.jpg"],[5,"1216743654_464723_7959_3-512.jpg"],[1,"1216743654_639764_7960_1-512.jpg"],[2,"1216743654_639764_7960_1-512.jpg"],[5,"1216743654_639764_7960_1-512.jpg"],[5,"1216743654_639764_7960_3-512.jpg"],[1,"1216743654_814701_7961_1-512.jpg"],[5,"1216743654_814701_7961_1-512.jpg"],[5,"1216743654_814701_7961_1-512.jpg"],[5,"1216743654_814701_7961_3-512.jpg"],[2,"1216743654_814701_7961_3-512.jpg"],[6,"1216743654_989719_7962_1-512.jpg"],[1,"1216743654_989719_7962_1-512.jpg"],[5,"1216743654_989719_7962_1-512.jpg"],[5,"1216743654_989719_7962_1-512.jpg"],[5,"1216743654_989719_7962_3-512.jpg"],[2,"1216743654_989719_7962_3-512.jpg"],[6,"1216743655_159744_7963_1-512.jpg"],[1,"1216743655_159744_7963_1-512.jpg"],[5,"1216743655_159744_7963_1-512.jpg"],[5,"1216743655_159744_7963_3-512.jpg"],[2,"1216743655_159744_7963_3-512.jpg"],[6,"1216743655_329617_7964_1-512.jpg"],[5,"1216743655_329617_7964_1-512.jpg"],[1,"1216743655_329617_7964_1-512.jpg"],[5,"1216743655_329617_7964_1-512.jpg"],[2,"1216743655_329617_7964_3-512.jpg"],[5,"1216743655_329617_7964_3-512.jpg"],[6,"1216743655_499790_7965_1-512.jpg"],[5,"1216743655_499790_7965_1-512.jpg"],[5,"1216743655_499790_7965_1-512.jpg"],[1,"1216743655_499790_7965_1-512.jpg"],[2,"1216743655_499790_7965_3-512.jpg"],[6,"1216743655_669635_7966_1-512.jpg"],[5,"1216743655_669635_7966_1-512.jpg"],[5,"1216743655_669635_7966_1-512.jpg"],[6,"1216743655_669635_7966_1-512.jpg"],[1,"1216743655_669635_7966_1-512.jpg"],[2,"1216743655_669635_7966_3-512.jpg"],[6,"1216743655_839640_7967_1-512.jpg"],[5,"1216743655_839640_7967_1-512.jpg"],[2,"1216743655_839640_7967_3-512.jpg"],[5,"1216743655_839640_7967_3-512.jpg"],[5,"1216743656_009671_7968_1-512.jpg"],[6,"1216743656_009671_7968_1-512.jpg"],[5,"1216743656_009671_7968_1-512.jpg"],[5,"1216743656_009671_7968_3-512.jpg"],[2,"1216743656_009671_7968_3-512.jpg"],[6,"1216743656_009671_7968_3-512.jpg"],[5,"1216743656_009671_7968_3-512.jpg"],[5,"1216743656_179652_7969_1-512.jpg"],[6,"1216743656_179652_7969_1-512.jpg"],[5,"1216743656_179652_7969_1-512.jpg"],[5,"1216743656_179652_7969_3-512.jpg"],[6,"1216743656_179652_7969_3-512.jpg"],[2,"1216743656_179652_7969_3-512.jpg"],[5,"1216743656_349656_7970_1-512.jpg"],[6,"1216743656_349656_7970_1-512.jpg"],[5,"1216743656_349656_7970_1-512.jpg"],[5,"1216743656_349656_7970_3-512.jpg"],[5,"1216743656_519769_7971_1-512.jpg"],[6,"1216743656_519769_7971_1-512.jpg"],[2,"1216743656_519769_7971_1-512.jpg"],[5,"1216743656_519769_7971_1-512.jpg"],[5,"1216743656_519769_7971_3-512.jpg"],[5,"1216743656_689728_7972_1-512.jpg"],[5,"1216743656_689728_7972_1-512.jpg"],[1,"1216743656_689728_7972_1-512.jpg"],[5,"1216743656_689728_7972_3-512.jpg"],[5,"1216743656_854707_7973_1-512.jpg"],[5,"1216743656_854707_7973_3-512.jpg"],[5,"1216743656_854707_7973_3-512.jpg"],[5,"1216743657_024662_7974_1-512.jpg"],[5,"1216743657_024662_7974_1-512.jpg"],[5,"1216743657_024662_7974_3-512.jpg"],[5,"1216743657_024662_7974_3-512.jpg"],[5,"1216743657_194720_7975_1-512.jpg"],[5,"1216743657_194720_7975_1-512.jpg"],[2,"1216743657_194720_7975_1-512.jpg"],[5,"1216743657_194720_7975_3-512.jpg"],[5,"1216743657_194720_7975_3-512.jpg"],[5,"1216743657_364563_7976_1-512.jpg"],[5,"1216743657_364563_7976_1-512.jpg"],[5,"1216743657_364563_7976_3-512.jpg"],[5,"1216743657_534607_7977_1-512.jpg"],[5,"1216743657_534607_7977_1-512.jpg"],[5,"1216743657_534607_7977_3-512.jpg"],[5,"1216743657_704556_7978_1-512.jpg"],[5,"1216743657_704556_7978_3-512.jpg"],[5,"1216743657_879593_7979_1-512.jpg"],[5,"1216743657_879593_7979_1-512.jpg"],[5,"1216743657_879593_7979_3-512.jpg"],[5,"1216743657_879593_7979_3-512.jpg"],[2,"1216743657_879593_7979_3-512.jpg"],[5,"1216743658_054539_7980_1-512.jpg"],[5,"1216743658_054539_7980_1-512.jpg"],[5,"1216743658_054539_7980_3-512.jpg"],[5,"1216743658_054539_7980_3-512.jpg"],[1,"1216743658_054539_7980_3-512.jpg"],[5,"1216743658_234553_7981_1-512.jpg"],[5,"1216743658_234553_7981_1-512.jpg"],[6,"1216743658_234553_7981_1-512.jpg"],[1,"1216743658_234553_7981_3-512.jpg"],[5,"1216743658_234553_7981_3-512.jpg"],[5,"1216743658_424554_7982_1-512.jpg"],[5,"1216743658_424554_7982_1-512.jpg"],[6,"1216743658_424554_7982_1-512.jpg"],[1,"1216743658_424554_7982_1-512.jpg"],[1,"1216743658_424554_7982_3-512.jpg"],[5,"1216743658_619639_7983_1-512.jpg"],[1,"1216743658_619639_7983_1-512.jpg"],[5,"1216743658_619639_7983_1-512.jpg"],[1,"1216743658_619639_7983_3-512.jpg"],[5,"1216743658_824583_7984_1-512.jpg"],[1,"1216743658_824583_7984_1-512.jpg"],[1,"1216743658_824583_7984_3-512.jpg"],[5,"1216743658_824583_7984_3-512.jpg"],[5,"1216743659_039681_7985_1-512.jpg"],[1,"1216743659_039681_7985_1-512.jpg"],[1,"1216743659_039681_7985_3-512.jpg"],[5,"1216743659_039681_7985_3-512.jpg"],[1,"1216743659_269738_7986_1-512.jpg"],[5,"1216743659_269738_7986_1-512.jpg"],[5,"1216743659_269738_7986_1-512.jpg"],[6,"1216743659_269738_7986_1-512.jpg"],[5,"1216743659_269738_7986_3-512.jpg"],[1,"1216743659_269738_7986_3-512.jpg"],[5,"1216743659_504560_7987_1-512.jpg"],[1,"1216743659_504560_7987_1-512.jpg"],[6,"1216743659_504560_7987_1-512.jpg"],[5,"1216743659_504560_7987_1-512.jpg"],[5,"1216743659_504560_7987_3-512.jpg"],[1,"1216743659_504560_7987_3-512.jpg"],[5,"1216743659_754546_7988_1-512.jpg"],[5,"1216743659_754546_7988_1-512.jpg"],[6,"1216743659_754546_7988_1-512.jpg"],[5,"1216743659_754546_7988_3-512.jpg"],[1,"1216743659_754546_7988_3-512.jpg"],[5,"1216743660_024637_7989_1-512.jpg"],[5,"1216743660_024637_7989_3-512.jpg"],[5,"1216743660_314577_7990_1-512.jpg"],[5,"1216743660_314577_7990_3-512.jpg"],[5,"1216743660_674616_7991_1-512.jpg"],[5,"1216743660_674616_7991_3-512.jpg"],[5,"1216743661_104684_7992_1-512.jpg"],[5,"1216743661_104684_7992_1-512.jpg"],[2,"1216743661_104684_7992_1-512.jpg"],[5,"1216743661_104684_7992_3-512.jpg"],[5,"1216743661_569688_7993_1-512.jpg"],[2,"1216743661_569688_7993_1-512.jpg"],[5,"1216743661_569688_7993_1-512.jpg"],[5,"1216743661_569688_7993_3-512.jpg"]],"material_ml":"painted",