{"MATERIAL":"corrugated metal","AVG_SLOPE":4.74031654008,"AVG_HEIGHT":0.43571499977,"TERAIN_SLP":14.2039503827,"AREA":60.4563707915,"VOLUME":26,"FLOORS":1,"INT_ZONE":null,"FLOOD":4,"LANDSLIDE":"Amenaza Baja","LEGAL_ID":"358","LEGAL_NAME":"EL PARAISO","LEGAL_AREA":26.04,"LEGAL_LOTS":2077,"LEGAL_POP":11215.8,"LEGAL_DENS":79.76190476,"LEGALIZING":null,"BLOCK_ID_":"002565026","BLOCK_POP":155,"BLOCK_BLD":40,"BLOCK_RISK":2.1372881,"BLOCK_EDU":0.87826133,"BLOCK_HLTH":26.985096,"BLOCK_TRAN":39.48484,"BLOCK_CULT":0,"BLOCK_PARK":28.706987,"BLOCK_SEC":54.195568,"BLOCK_CENT":0,"BLOCK_DEF":47.5,"BLD_INHAB":4,"OBJECTID":2,"AO_225":0.2,"id":872,"preds_material":[[1,"1216741055_423390_1485_3-512.jpg"],[1,"1216741055_668517_1486_3-512.jpg"],[1,"1216741055_908416_1487_3-512.jpg"],[1,"1216741056_158425_1488_3-512.jpg"],[1,"1216741056_393425_1489_3-512.jpg"],[1,"1216741056_633389_1490_3-512.jpg"],[1,"1216741056_883388_1491_3-512.jpg"],[1,"1216741057_138432_1492_3-512.jpg"],[5,"1216741057_138432_1492_3-512.jpg"],[1,"1216741057_393393_1493_3-512.jpg"],[5,"1216741057_393393_1493_3-512.jpg"],[5,"1216741057_673410_1494_3-512.jpg"],[6,"1216741057_963448_1495_3-512.jpg"]],"material_ml":"brick","preds_construction":[[2,"1216741055_423390_1485_3-512.jpg"],[2,"1216741055_668517_1486_3-512.jpg"],[2,"1216741055_908416_1487_3-512.jpg"],[2,"1216741056_158425_1488_3-512.jpg"],[2,"1216741056_393425_1489_3-512.jpg"],[2,"1216741056_633389_1490_3-512.jpg"],[2,"1216741056_883388_1491_3-512.jpg"],[2,"1216741057_138432_1492_3-512.jpg"],[2,"1216741057_393393_1493_3-512.jpg"],[2,"1216741057_673410_1494_3-512.jpg"],[2,"1216741057_963448_1495_3-512.jpg"]],"construction_ml":"complete","preds_design":[[2,"1216741055_423390_1485_3-512.jpg"],[2,"1216741055_668517_1486_3-512.jpg"],[2,"1216741055_908416_1487_3-512.jpg"],[2,"1216741056_158425_1488_3-512.jpg"],[2,"1216741056_393425_1489_3-512.jpg"],[2,"1216741056_633389_1490_3-512.jpg"],[2,"1216741056_883388_1491_3-512.jpg"],[2,"1216741057_138432_1492_3-512.jpg"],[2,"1216741057_393393_1493_3-512.jpg"],[2,"1216741057_673410_1494_3-512.jpg"],[2,"1216741057_963448_1495_3-512.jpg"]],"design_ml":"designed","images":[]}
