{"MATERIAL":"corrugated metal","AVG_SLOPE":4.97653560449,"AVG_HEIGHT":6.75946365294,"TERAIN_SLP":12.4198161467,"AREA":75.4418099301,"VOLUME":510,"FLOORS":2,"INT_ZONE":"Borde Rural","FLOOD":3,"LANDSLIDE":"Amenaza Baja","LEGAL_ID":"358","LEGAL_NAME":"EL PARAISO","LEGAL_AREA":26.04,"LEGAL_LOTS":2077,"LEGAL_POP":11215.8,"LEGAL_DENS":79.76190476,"LEGALIZING":null,"BLOCK_ID_":"002565025","BLOCK_POP":159,"BLOCK_BLD":45,"BLOCK_RISK":2.8837605,"BLOCK_EDU":0.73928654,"BLOCK_HLTH":23.268343,"BLOCK_TRAN":66.479042,"BLOCK_CULT":0,"BLOCK_PARK":26.304276,"BLOCK_SEC":54.195568,"BLOCK_CENT":0,"BLOCK_DEF":28.8888888889,"BLD_INHAB":4,"OBJECTID":2,"AO_225":0.2,"id":877,"preds_material":[[5,"1216741062_063377_1510_1-512.jpg"],[5,"1216741062_338381_1511_1-512.jpg"],[5,"1216741062_593375_1512_1-512.jpg"],[5,"1216741062_838387_1513_1-512.jpg"],[5,"1216741063_078376_1514_1-512.jpg"],[5,"1216741063_078376_1514_1-512.jpg"],[5,"1216741063_308413_1515_1-512.jpg"],[5,"1216741063_308413_1515_1-512.jpg"],[5,"1216741063_538377_1516_1-512.jpg"],[5,"1216741063_538377_1516_1-512.jpg"],[1,"1216741063_538377_1516_1-512.jpg"],[5,"1216741063_773416_1517_1-512.jpg"],[5,"1216741063_773416_1517_1-512.jpg"],[5,"1216741064_003520_1518_1-512.jpg"]],"material_ml":"painted","preds_construction":[[2,"1216741062_063377_1510_1-512.jpg"],[2,"1216741062_338381_1511_1-512.jpg"],[2,"1216741062_593375_1512_1-512.jpg"],[2,"1216741062_838387_1513_1-512.jpg"],[2,"1216741063_078376_1514_1-512.jpg"],[2,"1216741063_308413_1515_1-512.jpg"],[2,"1216741063_308413_1515_1-512.jpg"],[2,"1216741063_538377_1516_1-512.jpg"],[2,"1216741063_538377_1516_1-512.jpg"],[2,"1216741063_773416_1517_1-512.jpg"],[2,"1216741063_773416_1517_1-512.jpg"],[2,"1216741064_003520_1518_1-512.jpg"]],"construction_ml":"complete","preds_design":[[2,"1216741062_063377_1510_1-512.jpg"],[2,"1216741062_338381_1511_1-512.jpg"],[2,"1216741062_593375_1512_1-512.jpg"],[2,"1216741062_838387_1513_1-512.jpg"],[2,"1216741063_078376_1514_1-512.jpg"],[2,"1216741063_308413_1515_1-512.jpg"],[2,"1216741063_308413_1515_1-512.jpg"],[2,"1216741063_538377_1516_1-512.jpg"],[2,"1216741063_538377_1516_1-512.jpg"],[2,"1216741063_773416_1517_1-512.jpg"],[2,"1216741063_773416_1517_1-512.jpg"],[2,"1216741064_003520_1518_1-512.jpg"]],"design_ml":"designed","images":[]}
