{"MATERIAL":"corrugated metal","AVG_SLOPE":9.79813287814,"AVG_HEIGHT":3.83814222172,"TERAIN_SLP":12.0132942001,"AREA":70.5388597572,"VOLUME":271,"FLOORS":2,"INT_ZONE":null,"FLOOD":1,"LANDSLIDE":"Amenaza Baja","LEGAL_ID":"358","LEGAL_NAME":"EL PARAISO","LEGAL_AREA":26.04,"LEGAL_LOTS":2077,"LEGAL_POP":11215.8,"LEGAL_DENS":79.76190476,"LEGALIZING":null,"BLOCK_ID_":"002565026","BLOCK_POP":155,"BLOCK_BLD":40,"BLOCK_RISK":2.1372881,"BLOCK_EDU":0.87826133,"BLOCK_HLTH":26.985096,"BLOCK_TRAN":39.48484,"BLOCK_CULT":0,"BLOCK_PARK":28.706987,"BLOCK_SEC":54.195568,"BLOCK_CENT":0,"BLOCK_DEF":47.5,"BLD_INHAB":4,"OBJECTID":2,"AO_225":0.2,"id":879,"preds_material":[[5,"1216741060_123363_1503_3-512.jpg"],[5,"1216741060_393386_1504_3-512.jpg"],[5,"1216741060_678392_1505_3-512.jpg"],[5,"1216741060_953398_1506_3-512.jpg"],[5,"1216741061_238408_1507_3-512.jpg"],[5,"1216741061_508383_1508_3-512.jpg"],[5,"1216741061_783364_1509_3-512.jpg"],[5,"1216741061_783364_1509_3-512.jpg"],[5,"1216741062_063377_1510_3-512.jpg"],[5,"1216741062_063377_1510_3-512.jpg"],[5,"1216741062_338381_1511_3-512.jpg"],[5,"1216741062_593375_1512_3-512.jpg"]],"material_ml":"painted","preds_construction":[[2,"1216741060_123363_1503_3-512.jpg"],[2,"1216741060_393386_1504_3-512.jpg"],[1,"1216741060_393386_1504_3-512.jpg"],[2,"1216741060_678392_1505_3-512.jpg"],[2,"1216741060_953398_1506_3-512.jpg"],[2,"1216741061_238408_1507_3-512.jpg"],[2,"1216741061_508383_1508_3-512.jpg"],[2,"1216741061_783364_1509_3-512.jpg"],[2,"1216741061_783364_1509_3-512.jpg"],[2,"1216741062_063377_1510_3-512.jpg"],[2,"1216741062_063377_1510_3-512.jpg"],[2,"1216741062_338381_1511_3-512.jpg"],[2,"1216741062_593375_1512_3-512.jpg"]],"construction_ml":"complete","preds_design":[[2,"1216741060_123363_1503_3-512.jpg"],[2,"1216741060_393386_1504_3-512.jpg"],[2,"1216741060_678392_1505_3-512.jpg"],[2,"1216741060_953398_1506_3-512.jpg"],[2,"1216741061_238408_1507_3-512.jpg"],[2,"1216741061_508383_1508_3-512.jpg"],[2,"1216741061_783364_1509_3-512.jpg"],[2,"1216741061_783364_1509_3-512.jpg"],[2,"1216741062_063377_1510_3-512.jpg"],[2,"1216741062_338381_1511_3-512.jpg"],[1,"1216741062_338381_1511_3-512.jpg"],[2,"1216741062_593375_1512_3-512.jpg"],[1,"1216741062_593375_1512_3-512.jpg"]],"design_ml":"designed","images":[]}
