{"MATERIAL":"corrugated metal","AVG_SLOPE":5.71420443805,"AVG_HEIGHT":6.8170270477,"TERAIN_SLP":7.87252214471,"AREA":68.2058777365,"VOLUME":465,"FLOORS":2,"INT_ZONE":"Borde Rural","FLOOD":1,"LANDSLIDE":"Amenaza Baja","LEGAL_ID":"358","LEGAL_NAME":"EL PARAISO","LEGAL_AREA":26.04,"LEGAL_LOTS":2077,"LEGAL_POP":11215.8,"LEGAL_DENS":79.76190476,"LEGALIZING":null,"BLOCK_ID_":"002565025","BLOCK_POP":159,"BLOCK_BLD":45,"BLOCK_RISK":2.8837605,"BLOCK_EDU":0.73928654,"BLOCK_HLTH":23.268343,"BLOCK_TRAN":66.479042,"BLOCK_CULT":0,"BLOCK_PARK":26.304276,"BLOCK_SEC":54.195568,"BLOCK_CENT":0,"BLOCK_DEF":28.8888888889,"BLD_INHAB":4,"OBJECTID":2,"AO_225":0.2,"id":881,"preds_material":[[5,"1216741064_003520_1518_1-512.jpg"],[5,"1216741064_003520_1518_1-512.jpg"],[5,"1216741064_218390_1519_1-512.jpg"],[5,"1216741064_433351_1520_1-512.jpg"],[5,"1216741064_433351_1520_1-512.jpg"],[5,"1216741064_653377_1521_1-512.jpg"],[5,"1216741064_653377_1521_1-512.jpg"],[5,"1216741064_873353_1522_1-512.jpg"],[5,"1216741064_873353_1522_1-512.jpg"],[5,"1216741065_088429_1523_1-512.jpg"],[5,"1216741065_303374_1524_1-512.jpg"]],"material_ml":"painted","preds_construction":[[2,"1216741064_003520_1518_1-512.jpg"],[2,"1216741064_218390_1519_1-512.jpg"],[2,"1216741064_433351_1520_1-512.jpg"],[2,"1216741064_653377_1521_1-512.jpg"],[2,"1216741064_653377_1521_1-512.jpg"],[2,"1216741064_873353_1522_1-512.jpg"],[2,"1216741064_873353_1522_1-512.jpg"],[2,"1216741065_088429_1523_1-512.jpg"],[2,"1216741065_303374_1524_1-512.jpg"]],"construction_ml":"complete","preds_design":[[2,"1216741064_003520_1518_1-512.jpg"],[2,"1216741064_003520_1518_1-512.jpg"],[2,"1216741064_218390_1519_1-512.jpg"],[2,"1216741064_218390_1519_1-512.jpg"],[2,"1216741064_433351_1520_1-512.jpg"],[2,"1216741064_433351_1520_1-512.jpg"],[2,"1216741064_653377_1521_1-512.jpg"],[2,"1216741064_653377_1521_1-512.jpg"],[2,"1216741064_873353_1522_1-512.jpg"],[2,"1216741064_873353_1522_1-512.jpg"],[2,"1216741065_088429_1523_1-512.jpg"],[2,"1216741065_303374_1524_1-512.jpg"]],"design_ml":"designed","images":[]}
