{"MATERIAL":"corrugated metal/heavily patched","AVG_SLOPE":6.60840458835,"AVG_HEIGHT":0.4281018845,"TERAIN_SLP":13.4675294397,"AREA":53.0783118539,"VOLUME":23,"FLOORS":1,"INT_ZONE":"Borde Rural","FLOOD":1,"LANDSLIDE":"Amenaza Baja","LEGAL_ID":"358","LEGAL_NAME":"EL PARAISO","LEGAL_AREA":26.04,"LEGAL_LOTS":2077,"LEGAL_POP":11215.8,"LEGAL_DENS":79.76190476,"LEGALIZING":null,"BLOCK_ID_":"002565025","BLOCK_POP":159,"BLOCK_BLD":45,"BLOCK_RISK":2.8837605,"BLOCK_EDU":0.73928654,"BLOCK_HLTH":23.268343,"BLOCK_TRAN":66.479042,"BLOCK_CULT":0,"BLOCK_PARK":26.304276,"BLOCK_SEC":54.195568,"BLOCK_CENT":0,"BLOCK_DEF":28.8888888889,"BLD_INHAB":4,"OBJECTID":2,"AO_225":0.2,"id":883,"preds_material":[[5,"1216741165_742860_1725_1-512.jpg"],[5,"1216741165_952960_1726_1-512.jpg"],[5,"1216741166_147830_1727_1-512.jpg"],[5,"1216741166_342869_1728_1-512.jpg"],[5,"1216741166_537813_1729_1-512.jpg"],[5,"1216741166_722853_1730_1-512.jpg"],[5,"1216741166_902853_1731_1-512.jpg"],[5,"1216741167_082847_1732_1-512.jpg"],[5,"1216741167_082847_1732_1-512.jpg"],[5,"1216741167_267832_1733_1-512.jpg"],[5,"1216741167_447827_1734_1-512.jpg"]],"material_ml":"painted","preds_construction":[[2,"1216741165_742860_1725_1-512.jpg"],[2,"1216741165_952960_1726_1-512.jpg"],[2,"1216741166_147830_1727_1-512.jpg"],[2,"1216741166_342869_1728_1-512.jpg"],[2,"1216741166_537813_1729_1-512.jpg"],[2,"1216741166_722853_1730_1-512.jpg"],[2,"1216741166_902853_1731_1-512.jpg"],[2,"1216741167_082847_1732_1-512.jpg"],[2,"1216741167_267832_1733_1-512.jpg"],[2,"1216741167_447827_1734_1-512.jpg"],[2,"1216741167_622832_1735_1-512.jpg"]],"construction_ml":"complete","preds_design":[[1,"1216741165_742860_1725_1-512.jpg"],[2,"1216741165_742860_1725_1-512.jpg"],[2,"1216741165_952960_1726_1-512.jpg"],[1,"1216741165_952960_1726_1-512.jpg"],[2,"1216741166_147830_1727_1-512.jpg"],[2,"1216741166_342869_1728_1-512.jpg"],[1,"1216741166_342869_1728_1-512.jpg"],[2,"1216741166_537813_1729_1-512.jpg"],[2,"1216741166_722853_1730_1-512.jpg"],[1,"1216741166_722853_1730_1-512.jpg"],[2,"1216741166_902853_1731_1-512.jpg"],[1,"1216741166_902853_1731_1-512.jpg"],[2,"1216741167_082847_1732_1-512.jpg"],[1,"1216741167_082847_1732_1-512.jpg"],[2,"1216741167_267832_1733_1-512.jpg"],[1,"1216741167_447827_1734_1-512.jpg"]],"design_ml":"designed","images":[]}
