{"MATERIAL":"under construction","AVG_SLOPE":10.4998748996,"AVG_HEIGHT":0.65540623712,"TERAIN_SLP":14.2157352242,"AREA":69.4289044153,"VOLUME":46,"FLOORS":1,"INT_ZONE":"Borde Rural","FLOOD":2,"LANDSLIDE":"Amenaza Baja","LEGAL_ID":"358","LEGAL_NAME":"EL PARAISO","LEGAL_AREA":26.04,"LEGAL_LOTS":2077,"LEGAL_POP":11215.8,"LEGAL_DENS":79.76190476,"LEGALIZING":null,"BLOCK_ID_":"002565025","BLOCK_POP":159,"BLOCK_BLD":45,"BLOCK_RISK":2.8837605,"BLOCK_EDU":0.73928654,"BLOCK_HLTH":23.268343,"BLOCK_TRAN":66.479042,"BLOCK_CULT":0,"BLOCK_PARK":26.304276,"BLOCK_SEC":54.195568,"BLOCK_CENT":0,"BLOCK_DEF":28.8888888889,"BLD_INHAB":4,"OBJECTID":2,"AO_225":0.2,"id":888,"preds_material":[[1,"1216743486_200430_7585_3-512.jpg"],[1,"1216743486_660298_7586_3-512.jpg"],[1,"1216743487_115396_7587_3-512.jpg"],[1,"1216743487_515475_7588_3-512.jpg"],[1,"1216743487_930174_7589_3-512.jpg"],[5,"1216743487_930174_7589_3-512.jpg"],[1,"1216743488_350251_7590_3-512.jpg"]],"material_ml":"brick","preds_construction":[[2,"1216743486_200430_7585_3-512.jpg"],[1,"1216743486_200430_7585_3-512.jpg"],[2,"1216743486_660298_7586_3-512.jpg"],[2,"1216743487_115396_7587_3-512.jpg"],[2,"1216743487_515475_7588_3-512.jpg"],[2,"1216743487_930174_7589_3-512.jpg"],[2,"1216743488_350251_7590_3-512.jpg"]],"construction_ml":"complete","preds_design":[[1,"1216743486_200430_7585_3-512.jpg"],[1,"1216743486_660298_7586_3-512.jpg"],[1,"1216743487_115396_7587_3-512.jpg"],[1,"1216743487_515475_7588_3-512.jpg"],[1,"1216743487_930174_7589_3-512.jpg"],[1,"1216743488_350251_7590_3-512.jpg"]],"design_ml":"undesigned","images":[]}
