{"MATERIAL":"corrugated metal - new","AVG_SLOPE":5.40297202329,"AVG_HEIGHT":4.91454266338,"TERAIN_SLP":4.83924043755,"AREA":74.6834057999,"VOLUME":367,"FLOORS":2,"INT_ZONE":"Borde Rural","FLOOD":2,"LANDSLIDE":"Amenaza Media","LEGAL_ID":"358","LEGAL_NAME":"EL PARAISO","LEGAL_AREA":26.04,"LEGAL_LOTS":2077,"LEGAL_POP":11215.8,"LEGAL_DENS":79.76190476,"LEGALIZING":null,"BLOCK_ID_":"002565026","BLOCK_POP":155,"BLOCK_BLD":40,"BLOCK_RISK":2.1372881,"BLOCK_EDU":0.87826133,"BLOCK_HLTH":26.985096,"BLOCK_TRAN":39.48484,"BLOCK_CULT":0,"BLOCK_PARK":28.706987,"BLOCK_SEC":54.195568,"BLOCK_CENT":0,"BLOCK_DEF":47.5,"BLD_INHAB":4,"OBJECTID":2,"AO_225":0.2,"id":892,"preds_material":[[5,"1216743495_465430_7609_3-512.jpg"],[5,"1216743495_770426_7610_3-512.jpg"],[5,"1216743496_050300_7611_3-512.jpg"],[5,"1216743496_050300_7611_3-512.jpg"],[5,"1216743496_330303_7612_3-512.jpg"],[5,"1216743496_330303_7612_3-512.jpg"],[3,"1216743496_330303_7612_3-512.jpg"],[5,"1216743496_605309_7613_3-512.jpg"],[3,"1216743496_605309_7613_3-512.jpg"],[5,"1216743496_860381_7614_3-512.jpg"],[5,"1216743497_770164_7617_3-512.jpg"],[5,"1216743498_080246_7618_3-512.jpg"],[5,"1216743506_455248_7641_3-512.jpg"],[5,"1216743506_720234_7642_3-512.jpg"],[5,"1216743508_225179_7647_3-512.jpg"],[1,"1216743510_150103_7653_3-512.jpg"],[1,"1216743631_194726_7898_3-512.jpg"],[1,"1216743631_935079_7899_3-512.jpg"],[1,"1216743632_659766_7900_3-512.jpg"],[1,"1216743633_550020_7901_3-512.jpg"],[1,"1216743634_480206_7902_3-512.jpg"]],"material_ml":"painted","preds_construction":[[2,"1216743495_465430_7609_3-512.jpg"],[2,"1216743495_770426_7610_3-512.jpg"],[2,"1216743496_050300_7611_3-512.jpg"],[2,"1216743496_050300_7611_3-512.jpg"],[2,"1216743496_330303_7612_3-512.jpg"],[2,"1216743496_330303_7612_3-512.jpg"],[2,"1216743496_605309_7613_3-512.jpg"],[2,"1216743496_605309_7613_3-512.jpg"],[2,"1216743496_860381_7614_3-512.jpg"],[2,"1216743497_770164_7617_3-512.jpg"],[2,"1216743498_080246_7618_3-512.jpg"],[2,"1216743506_455248_7641_3-512.jpg"],[2,"1216743506_720234_7642_3-512.jpg"],[2,"1216743508_225179_7647_3-512.jpg"],[2,"1216743510_150103_7653_3-512.jpg"],[2,"1216743631_194726_7898_3-512.jpg"],[2,"1216743631_935079_7899_3-512.jpg"],[2,"1216743632_659766_7900_3-512.jpg"],[2,"1216743633_550020_7901_3-512.jpg"],[2,"1216743634_480206_7902_3-512.jpg"]],"construction_ml":"complete","preds_design":[[1,"1216743495_180397_7608_3-512.jpg"],[1,"1216743495_465430_7609_3-512.jpg"],[1,"1216743495_770426_7610_3-512.jpg"],[1,"1216743496_050300_7611_3-512.jpg"],[1,"1216743496_330303_7612_3-512.jpg"],[1,"1216743496_330303_7612_3-512.jpg"],[1,"1216743496_330303_7612_3-512.jpg"],[1,"1216743496_605309_7613_3-512.jpg"],[1,"1216743496_860381_7614_3-512.jpg"],[1,"1216743497_770164_7617_3-512.jpg"],[1,"1216743498_080246_7618_3-512.jpg"],[2,"1216743498_080246_7618_3-512.jpg"],[2,"1216743506_455248_7641_3-512.jpg"],[2,"1216743506_720234_7642_3-512.jpg"],[2,"1216743508_225179_7647_3-512.jpg"],[2,"1216743510_150103_7653_3-512.jpg"],[2,"1216743631_194726_7898_3-512.jpg"],[2,"1216743631_935079_7899_3-512.jpg"],[2,"1216743632_659766_7900_3-512.jpg"],[2,"1216743633_550020_7901_3-512.jpg"],[2,"1216743634_480206_7902_3-512.jpg"]],"design_ml":"undesigned","images":[]}
