{"MATERIAL":"corrugated metal - painted","AVG_SLOPE":13.2833961202,"AVG_HEIGHT":10.2654704314,"TERAIN_SLP":6.8560781257,"AREA":75.4261014536,"VOLUME":774,"FLOORS":3,"INT_ZONE":"Borde Rural","FLOOD":2,"LANDSLIDE":"Amenaza Baja","LEGAL_ID":"358","LEGAL_NAME":"EL PARAISO","LEGAL_AREA":26.04,"LEGAL_LOTS":2077,"LEGAL_POP":11215.8,"LEGAL_DENS":79.76190476,"LEGALIZING":null,"BLOCK_ID_":"002565026","BLOCK_POP":155,"BLOCK_BLD":40,"BLOCK_RISK":2.1372881,"BLOCK_EDU":0.87826133,"BLOCK_HLTH":26.985096,"BLOCK_TRAN":39.48484,"BLOCK_CULT":0,"BLOCK_PARK":28.706987,"BLOCK_SEC":54.195568,"BLOCK_CENT":0,"BLOCK_DEF":47.5,"BLD_INHAB":4,"OBJECTID":2,"AO_225":0.2,"id":893,"preds_material":[[5,"1216743493_340515_7601_3-512.jpg"],[5,"1216743493_940401_7603_3-512.jpg"],[2,"1216743493_940401_7603_3-512.jpg"],[5,"1216743494_180397_7604_3-512.jpg"],[2,"1216743494_180397_7604_3-512.jpg"],[5,"1216743494_425466_7605_3-512.jpg"],[2,"1216743494_425466_7605_3-512.jpg"],[5,"1216743494_670387_7606_3-512.jpg"],[5,"1216743494_670387_7606_3-512.jpg"],[2,"1216743494_670387_7606_3-512.jpg"],[5,"1216743494_920455_7607_3-512.jpg"],[5,"1216743494_920455_7607_3-512.jpg"],[5,"1216743495_180397_7608_3-512.jpg"],[5,"1216743629_679893_7896_3-512.jpg"],[1,"1216743630_359956_7897_3-512.jpg"]],"material_ml":"painted","preds_construction":[[2,"1216743493_340515_7601_3-512.jpg"],[2,"1216743493_940401_7603_3-512.jpg"],[2,"1216743494_180397_7604_3-512.jpg"],[2,"1216743494_425466_7605_3-512.jpg"],[2,"1216743494_425466_7605_3-512.jpg"],[2,"1216743494_670387_7606_3-512.jpg"],[2,"1216743494_670387_7606_3-512.jpg"],[2,"1216743494_920455_7607_3-512.jpg"],[2,"1216743494_920455_7607_3-512.jpg"],[2,"1216743495_180397_7608_3-512.jpg"],[2,"1216743629_679893_7896_3-512.jpg"],[2,"1216743630_359956_7897_3-512.jpg"]],"construction_ml":"complete","preds_design":[[2,"1216743493_340515_7601_3-512.jpg"],[2,"1216743493_940401_7603_3-512.jpg"],[2,"1216743494_180397_7604_3-512.jpg"],[2,"1216743494_425466_7605_3-512.jpg"],[1,"1216743494_425466_7605_3-512.jpg"],[2,"1216743494_670387_7606_3-512.jpg"],[1,"1216743494_670387_7606_3-512.jpg"],[2,"1216743494_920455_7607_3-512.jpg"],[1,"1216743494_920455_7607_3-512.jpg"],[2,"1216743495_180397_7608_3-512.jpg"],[2,"1216743629_679893_7896_3-512.jpg"],[2,"1216743630_359956_7897_3-512.jpg"]],"design_ml":"designed","images":[]}
