{"MATERIAL":"corrugated metal/heavily patched","AVG_SLOPE":6.63508306606,"AVG_HEIGHT":2.94298651094,"TERAIN_SLP":15.8956503988,"AREA":59.2060113447,"VOLUME":174,"FLOORS":1,"INT_ZONE":null,"FLOOD":1,"LANDSLIDE":"Amenaza Baja","LEGAL_ID":"358","LEGAL_NAME":"EL PARAISO","LEGAL_AREA":26.04,"LEGAL_LOTS":2077,"LEGAL_POP":11215.8,"LEGAL_DENS":79.76190476,"LEGALIZING":null,"BLOCK_ID_":"002565026","BLOCK_POP":155,"BLOCK_BLD":40,"BLOCK_RISK":2.1372881,"BLOCK_EDU":0.87826133,"BLOCK_HLTH":26.985096,"BLOCK_TRAN":39.48484,"BLOCK_CULT":0,"BLOCK_PARK":28.706987,"BLOCK_SEC":54.195568,"BLOCK_CENT":0,"BLOCK_DEF":47.5,"BLD_INHAB":4,"OBJECTID":2,"AO_225":0.2,"id":900,"preds_material":[[5,"1216741053_948438_1479_3-512.jpg"],[5,"1216741054_208448_1480_3-512.jpg"],[5,"1216741054_208448_1480_3-512.jpg"],[5,"1216741054_453397_1481_3-512.jpg"],[5,"1216741054_453397_1481_3-512.jpg"],[5,"1216741054_693399_1482_3-512.jpg"],[5,"1216741054_938450_1483_3-512.jpg"],[5,"1216741055_183400_1484_3-512.jpg"],[5,"1216741055_423390_1485_3-512.jpg"],[5,"1216741055_668517_1486_3-512.jpg"],[5,"1216741055_908416_1487_3-512.jpg"],[5,"1216741056_158425_1488_3-512.jpg"],[5,"1216741056_393425_1489_3-512.jpg"],[5,"1216741056_393425_1489_3-512.jpg"]],"material_ml":"painted","preds_construction":[[2,"1216741053_948438_1479_3-512.jpg"],[2,"1216741053_948438_1479_3-512.jpg"],[2,"1216741054_208448_1480_3-512.jpg"],[2,"1216741054_208448_1480_3-512.jpg"],[2,"1216741054_453397_1481_3-512.jpg"],[2,"1216741054_453397_1481_3-512.jpg"],[2,"1216741054_693399_1482_3-512.jpg"],[2,"1216741054_938450_1483_3-512.jpg"],[2,"1216741055_183400_1484_3-512.jpg"],[2,"1216741055_423390_1485_3-512.jpg"],[2,"1216741055_668517_1486_3-512.jpg"],[2,"1216741055_908416_1487_3-512.jpg"],[2,"1216741056_158425_1488_3-512.jpg"],[2,"1216741056_393425_1489_3-512.jpg"],[2,"1216741056_393425_1489_3-512.jpg"]],"construction_ml":"complete","preds_design":[[2,"1216741053_948438_1479_3-512.jpg"],[2,"1216741054_208448_1480_3-512.jpg"],[2,"1216741054_453397_1481_3-512.jpg"],[2,"1216741054_693399_1482_3-512.jpg"],[2,"1216741054_938450_1483_3-512.jpg"],[2,"1216741055_183400_1484_3-512.jpg"],[2,"1216741055_423390_1485_3-512.jpg"],[2,"1216741055_668517_1486_3-512.jpg"],[2,"1216741055_908416_1487_3-512.jpg"],[2,"1216741056_158425_1488_3-512.jpg"],[2,"1216741056_393425_1489_3-512.jpg"]],"design_ml":"designed","images":[]}
