{"MATERIAL":"corrugated metal/heavily patched","AVG_SLOPE":3.58978149812,"AVG_HEIGHT":3.49929003959,"TERAIN_SLP":13.3187390354,"AREA":65.8608795375,"VOLUME":230,"FLOORS":2,"INT_ZONE":null,"FLOOD":1,"LANDSLIDE":"Amenaza Baja","LEGAL_ID":"358","LEGAL_NAME":"EL PARAISO","LEGAL_AREA":26.04,"LEGAL_LOTS":2077,"LEGAL_POP":11215.8,"LEGAL_DENS":79.76190476,"LEGALIZING":null,"BLOCK_ID_":"002565026","BLOCK_POP":155,"BLOCK_BLD":40,"BLOCK_RISK":2.1372881,"BLOCK_EDU":0.87826133,"BLOCK_HLTH":26.985096,"BLOCK_TRAN":39.48484,"BLOCK_CULT":0,"BLOCK_PARK":28.706987,"BLOCK_SEC":54.195568,"BLOCK_CENT":0,"BLOCK_DEF":47.5,"BLD_INHAB":4,"OBJECTID":2,"AO_225":0.2,"id":901,"preds_material":[[1,"1216741057_138432_1492_3-512.jpg"],[6,"1216741057_138432_1492_3-512.jpg"],[1,"1216741057_393393_1493_3-512.jpg"],[6,"1216741057_393393_1493_3-512.jpg"],[1,"1216741057_673410_1494_3-512.jpg"],[6,"1216741057_673410_1494_3-512.jpg"],[1,"1216741057_963448_1495_3-512.jpg"],[1,"1216741058_243385_1496_3-512.jpg"],[1,"1216741058_513387_1497_3-512.jpg"],[1,"1216741058_773375_1498_3-512.jpg"],[1,"1216741059_068434_1499_3-512.jpg"],[1,"1216741059_343366_1500_3-512.jpg"],[2,"1216741059_343366_1500_3-512.jpg"]],"material_ml":"brick","preds_construction":[[2,"1216741056_883388_1491_3-512.jpg"],[2,"1216741057_138432_1492_3-512.jpg"],[2,"1216741057_393393_1493_3-512.jpg"],[2,"1216741057_673410_1494_3-512.jpg"],[2,"1216741057_963448_1495_3-512.jpg"],[2,"1216741058_243385_1496_3-512.jpg"],[2,"1216741058_513387_1497_3-512.jpg"],[2,"1216741058_773375_1498_3-512.jpg"],[2,"1216741059_068434_1499_3-512.jpg"],[2,"1216741059_343366_1500_3-512.jpg"],[2,"1216741059_598388_1501_3-512.jpg"]],"construction_ml":"complete","preds_design":[[2,"1216741056_883388_1491_3-512.jpg"],[2,"1216741057_138432_1492_3-512.jpg"],[2,"1216741057_393393_1493_3-512.jpg"],[2,"1216741057_673410_1494_3-512.jpg"],[2,"1216741057_963448_1495_3-512.jpg"],[2,"1216741058_243385_1496_3-512.jpg"],[2,"1216741058_513387_1497_3-512.jpg"],[2,"1216741058_773375_1498_3-512.jpg"],[2,"1216741059_068434_1499_3-512.jpg"],[2,"1216741059_343366_1500_3-512.jpg"],[2,"1216741059_598388_1501_3-512.jpg"]],"design_ml":"designed","images":[]}
