{"MATERIAL":"corrugated metal/heavily patched","AVG_SLOPE":11.0957747544,"AVG_HEIGHT":4.22231573513,"TERAIN_SLP":8.32483536663,"AREA":71.6975733863,"VOLUME":303,"FLOORS":2,"INT_ZONE":null,"FLOOD":1,"LANDSLIDE":"Amenaza Media","LEGAL_ID":"358","LEGAL_NAME":"EL PARAISO","LEGAL_AREA":26.04,"LEGAL_LOTS":2077,"LEGAL_POP":11215.8,"LEGAL_DENS":79.76190476,"LEGALIZING":null,"BLOCK_ID_":"002565026","BLOCK_POP":155,"BLOCK_BLD":40,"BLOCK_RISK":2.1372881,"BLOCK_EDU":0.87826133,"BLOCK_HLTH":26.985096,"BLOCK_TRAN":39.48484,"BLOCK_CULT":0,"BLOCK_PARK":28.706987,"BLOCK_SEC":54.195568,"BLOCK_CENT":0,"BLOCK_DEF":47.5,"BLD_INHAB":4,"OBJECTID":2,"AO_225":0.2,"id":904,"preds_material":[[5,"1216743647_374878_7924_3-512.jpg"],[5,"1216743647_709943_7925_3-512.jpg"],[5,"1216743648_039850_7926_3-512.jpg"],[5,"1216743648_324952_7927_3-512.jpg"],[5,"1216743648_594973_7928_3-512.jpg"],[5,"1216743648_849973_7929_3-512.jpg"],[5,"1216743649_089996_7930_3-512.jpg"],[5,"1216743649_284623_7931_3-512.jpg"],[5,"1216743649_504595_7932_3-512.jpg"],[5,"1216743649_724684_7933_3-512.jpg"],[5,"1216743649_939734_7934_3-512.jpg"],[5,"1216743650_144597_7935_3-512.jpg"],[5,"1216743650_344630_7936_3-512.jpg"],[5,"1216743650_539656_7937_3-512.jpg"],[5,"1216743650_729673_7938_3-512.jpg"],[5,"1216743650_919654_7939_3-512.jpg"],[5,"1216743651_104635_7940_3-512.jpg"],[1,"1216743652_544516_7948_3-512.jpg"],[1,"1216743652_719661_7949_3-512.jpg"],[1,"1216743652_899654_7950_3-512.jpg"],[1,"1216743653_074645_7951_3-512.jpg"],[1,"1216743653_244519_7952_3-512.jpg"],[1,"1216743653_414556_7953_3-512.jpg"]],"material_ml":"painted","preds_construction":[[2,"1216743647_374878_7924_3-512.jpg"],[2,"1216743647_709943_7925_3-512.jpg"],[2,"1216743648_039850_7926_3-512.jpg"],[2,"1216743648_324952_7927_3-512.jpg"],[2,"1216743648_594973_7928_3-512.jpg"],[2,"1216743648_849973_7929_3-512.jpg"],[2,"1216743649_089996_7930_3-512.jpg"],[2,"1216743649_284623_7931_3-512.jpg"],[2,"1216743649_504595_7932_3-512.jpg"],[2,"1216743649_724684_7933_3-512.jpg"],[2,"1216743649_939734_7934_3-512.jpg"],[2,"1216743650_144597_7935_3-512.jpg"],[2,"1216743650_344630_7936_3-512.jpg"],[2,"1216743650_539656_7937_3-512.jpg"],[2,"1216743650_729673_7938_3-512.jpg"],[2,"1216743650_919654_7939_3-512.jpg"],[2,"1216743651_104635_7940_3-512.jpg"],[2,"1216743651_834644_7944_3-512.jpg"],[2,"1216743652_719661_7949_3-512.jpg"],[2,"1216743652_899654_7950_3-512.jpg"],[2,"1216743653_074645_7951_3-512.jpg"],[2,"1216743653_244519_7952_3-512.jpg"],[2,"1216743653_414556_7953_3-512.jpg"]],"construction_ml":"complete","preds_design":[[1,"1216743647_374878_7924_3-512.jpg"],[1,"1216743647_709943_7925_3-512.jpg"],[1,"1216743648_039850_7926_3-512.jpg"],[2,"1216743648_039850_7926_3-512.jpg"],[1,"1216743648_324952_7927_3-512.jpg"],[2,"1216743648_324952_7927_3-512.jpg"],[1,"1216743648_594973_7928_3-512.jpg"],[2,"1216743648_594973_7928_3-512.jpg"],[1,"1216743648_849973_7929_3-512.jpg"],[1,"1216743649_089996_7930_3-512.jpg"],[1,"1216743649_284623_7931_3-512.jpg"],[1,"1216743649_284623_7931_3-512.jpg"],[1,"1216743649_504595_7932_3-512.jpg"],[1,"1216743649_724684_7933_3-512.jpg"],[1,"1216743649_939734_7934_3-512.jpg"],[1,"1216743650_144597_7935_3-512.jpg"],[1,"1216743650_344630_7936_3-512.jpg"],[1,"1216743650_539656_7937_3-512.jpg"],[1,"1216743650_729673_7938_3-512.jpg"],[1,"1216743650_919654_7939_3-512.jpg"],[1,"1216743651_104635_7940_3-512.jpg"],[1,"1216743652_719661_7949_3-512.jpg"],[1,"1216743652_899654_7950_3-512.jpg"],[1,"1216743653_074645_7951_3-512.jpg"],[1,"1216743653_244519_7952_3-512.jpg"],[1,"1216743653_414556_7953_3-512.jpg"]],"design_ml":"undesigned","images":[]}
