{"MATERIAL":"corrugated metal - painted","AVG_SLOPE":11.9465967554,"AVG_HEIGHT":0.05401511709,"TERAIN_SLP":11.2877616652,"AREA":82.7708322875,"VOLUME":4,"FLOORS":1,"INT_ZONE":"Borde Rural","FLOOD":2,"LANDSLIDE":"Amenaza Media","LEGAL_ID":"358","LEGAL_NAME":"EL PARAISO","LEGAL_AREA":26.04,"LEGAL_LOTS":2077,"LEGAL_POP":11215.8,"LEGAL_DENS":79.76190476,"LEGALIZING":null,"BLOCK_ID_":"002565084","BLOCK_POP":5,"BLOCK_BLD":2,"BLOCK_RISK":4.576663,"BLOCK_EDU":99.999947,"BLOCK_HLTH":100,"BLOCK_TRAN":54.692978,"BLOCK_CULT":0,"BLOCK_PARK":89.918785,"BLOCK_SEC":54.028103,"BLOCK_CENT":0,"BLOCK_DEF":0,"BLD_INHAB":2,"OBJECTID":1,"AO_225":0.16,"id":909,"preds_material":[[5,"1216743717_709615_8220_1-512.jpg"]],"material_ml":"painted","preds_construction":[[2,"1216743717_239358_8219_1-512.jpg"],[2,"1216743717_709615_8220_1-512.jpg"]],"construction_ml":"complete","preds_design":[[2,"1216743717_239358_8219_1-512.jpg"],[2,"1216743717_709615_8220_1-512.jpg"]],"design_ml":"designed","images":[]}
