{"MATERIAL":"corrugated metal","AVG_SLOPE":13.9813291677,"AVG_HEIGHT":4.75504507215,"TERAIN_SLP":2.36818651572,"AREA":43.6032912176,"VOLUME":207,"FLOORS":2,"INT_ZONE":"Borde Rural","FLOOD":3,"LANDSLIDE":"Amenaza Media","LEGAL_ID":"358","LEGAL_NAME":"EL PARAISO","LEGAL_AREA":26.04,"LEGAL_LOTS":2077,"LEGAL_POP":11215.8,"LEGAL_DENS":79.76190476,"LEGALIZING":null,"BLOCK_ID_":"002565004","BLOCK_POP":249,"BLOCK_BLD":61,"BLOCK_RISK":4.2710481,"BLOCK_EDU":0,"BLOCK_HLTH":9.2319002,"BLOCK_TRAN":51.905426,"BLOCK_CULT":0,"BLOCK_PARK":0,"BLOCK_SEC":100,"BLOCK_CENT":0,"BLOCK_DEF":55.737704918,"BLD_INHAB":4,"OBJECTID":2,"AO_225":0.2,"id":91,"preds_material":[[5,"1216744512_760294_9809_1-512.jpg"],[1,"1216744512_760294_9809_1-512.jpg"],[5,"1216744901_623441_10544_1-512.jpg"]],"material_ml":"painted","preds_construction":[[2,"1216744512_760294_9809_1-512.jpg"],[2,"1216744901_623441_10544_1-512.jpg"]],"construction_ml":"complete","preds_design":[[2,"1216744512_760294_9809_1-512.jpg"],[2,"1216744901_623441_10544_1-512.jpg"]],"design_ml":"designed","images":[]}
