{"MATERIAL":"corrugated metal - painted","AVG_SLOPE":4.21005756556,"AVG_HEIGHT":9.0016659817,"TERAIN_SLP":12.4783208915,"AREA":451.690262192,"VOLUME":4066,"FLOORS":3,"INT_ZONE":"Borde Rural","FLOOD":2,"LANDSLIDE":"Amenaza Media","LEGAL_ID":"358","LEGAL_NAME":"EL PARAISO","LEGAL_AREA":26.04,"LEGAL_LOTS":2077,"LEGAL_POP":11215.8,"LEGAL_DENS":79.76190476,"LEGALIZING":null,"BLOCK_ID_":"002565084","BLOCK_POP":5,"BLOCK_BLD":2,"BLOCK_RISK":4.576663,"BLOCK_EDU":99.999947,"BLOCK_HLTH":100,"BLOCK_TRAN":54.692978,"BLOCK_CULT":0,"BLOCK_PARK":89.918785,"BLOCK_SEC":54.028103,"BLOCK_CENT":0,"BLOCK_DEF":0,"BLD_INHAB":2,"OBJECTID":1,"AO_225":0.16,"id":911,"preds_material":[[5,"1216743721_339515_8225_1-512.jpg"],[5,"1216743721_849315_8226_1-512.jpg"],[5,"1216743722_294224_8227_1-512.jpg"],[5,"1216743722_674541_8228_1-512.jpg"]],"material_ml":"painted","preds_construction":[[2,"1216743721_339515_8225_1-512.jpg"],[2,"1216743721_849315_8226_1-512.jpg"],[2,"1216743722_294224_8227_1-512.jpg"],[2,"1216743722_674541_8228_1-512.jpg"]],"construction_ml":"complete","preds_design":[[2,"1216743721_339515_8225_1-512.jpg"],[2,"1216743721_849315_8226_1-512.jpg"],[2,"1216743722_294224_8227_1-512.jpg"],[2,"1216743722_674541_8228_1-512.jpg"]],"design_ml":"designed","images":[]}
