{"MATERIAL":"corrugated metal - painted","AVG_SLOPE":6.42518778971,"AVG_HEIGHT":11.5880810158,"TERAIN_SLP":15.7212172006,"AREA":73.8930335764,"VOLUME":856,"FLOORS":3,"INT_ZONE":"Borde Rural","FLOOD":3,"LANDSLIDE":"Amenaza Media","LEGAL_ID":"358","LEGAL_NAME":"EL PARAISO","LEGAL_AREA":26.04,"LEGAL_LOTS":2077,"LEGAL_POP":11215.8,"LEGAL_DENS":79.76190476,"LEGALIZING":null,"BLOCK_ID_":"002565084","BLOCK_POP":5,"BLOCK_BLD":2,"BLOCK_RISK":4.576663,"BLOCK_EDU":99.999947,"BLOCK_HLTH":100,"BLOCK_TRAN":54.692978,"BLOCK_CULT":0,"BLOCK_PARK":89.918785,"BLOCK_SEC":54.028103,"BLOCK_CENT":0,"BLOCK_DEF":0,"BLD_INHAB":2,"OBJECTID":1,"AO_225":0.16,"id":913,"preds_material":[[5,"1216743718_404732_8221_1-512.jpg"],[5,"1216743719_264303_8222_1-512.jpg"],[5,"1216743720_084640_8223_1-512.jpg"],[5,"1216744023_752740_9161_1-512.jpg"]],"material_ml":"painted","preds_construction":[[2,"1216743718_404732_8221_1-512.jpg"],[2,"1216743719_264303_8222_1-512.jpg"],[2,"1216743720_084640_8223_1-512.jpg"]],"construction_ml":"complete","preds_design":[[2,"1216743718_404732_8221_1-512.jpg"],[2,"1216743719_264303_8222_1-512.jpg"],[2,"1216743720_084640_8223_1-512.jpg"]],"design_ml":"designed","images":[]}
