{"MATERIAL":"corrugated metal","AVG_SLOPE":4.73406801989,"AVG_HEIGHT":1.29042722344,"TERAIN_SLP":25.997860522,"AREA":60.5157517375,"VOLUME":78,"FLOORS":1,"INT_ZONE":"Borde Rural","FLOOD":1,"LANDSLIDE":"Amenaza Baja","LEGAL_ID":"358","LEGAL_NAME":"EL PARAISO","LEGAL_AREA":26.04,"LEGAL_LOTS":2077,"LEGAL_POP":11215.8,"LEGAL_DENS":79.76190476,"LEGALIZING":null,"BLOCK_ID_":"002565037","BLOCK_POP":129,"BLOCK_BLD":33,"BLOCK_RISK":4.6575618,"BLOCK_EDU":0.88229668,"BLOCK_HLTH":27.09024,"BLOCK_TRAN":73.03878,"BLOCK_CULT":0,"BLOCK_PARK":48.343414,"BLOCK_SEC":54.028103,"BLOCK_CENT":0,"BLOCK_DEF":27.2727272727,"BLD_INHAB":4,"OBJECTID":2,"AO_225":0.2,"id":915,"preds_material":[[5,"1216741029_138598_1409_3-512.jpg"],[5,"1216741029_338611_1410_3-512.jpg"],[5,"1216741029_543572_1411_3-512.jpg"],[5,"1216741029_763578_1412_3-512.jpg"],[5,"1216741029_993554_1413_3-512.jpg"],[5,"1216741030_233581_1414_3-512.jpg"],[5,"1216741030_478647_1415_3-512.jpg"],[5,"1216741030_733556_1416_3-512.jpg"],[5,"1216741030_998610_1417_3-512.jpg"],[5,"1216741031_288595_1418_3-512.jpg"],[5,"1216741031_613704_1419_3-512.jpg"],[5,"1216741032_008661_1420_3-512.jpg"],[5,"1216741032_568582_1421_3-512.jpg"],[5,"1216741033_353567_1422_3-512.jpg"],[5,"1216741034_298576_1423_3-512.jpg"],[5,"1216741034_813546_1424_3-512.jpg"],[5,"1216741035_213548_1425_3-512.jpg"],[5,"1216741035_588587_1426_3-512.jpg"],[5,"1216741035_993561_1427_3-512.jpg"],[5,"1216744027_477241_9165_1-512.jpg"]],"material_ml":"painted","preds_construction":[[2,"1216741028_938591_1408_3-512.jpg"],[2,"1216741029_138598_1409_3-512.jpg"],[2,"1216741029_338611_1410_3-512.jpg"],[2,"1216741029_543572_1411_3-512.jpg"],[2,"1216741029_763578_1412_3-512.jpg"],[2,"1216741029_993554_1413_3-512.jpg"],[2,"1216741030_233581_1414_3-512.jpg"],[2,"1216741030_478647_1415_3-512.jpg"],[2,"1216741030_733556_1416_3-512.jpg"],[2,"1216741030_998610_1417_3-512.jpg"],[2,"1216741031_288595_1418_3-512.jpg"],[2,"1216741031_613704_1419_3-512.jpg"],[2,"1216741032_008661_1420_3-512.jpg"],[2,"1216741032_568582_1421_3-512.jpg"],[2,"1216741033_353567_1422_3-512.jpg"],[2,"1216741034_298576_1423_3-512.jpg"],[2,"1216741034_813546_1424_3-512.jpg"],[2,"1216741035_213548_1425_3-512.jpg"],[2,"1216741035_588587_1426_3-512.jpg"],[2,"1216741035_993561_1427_3-512.jpg"],[2,"1216744027_477241_9165_1-512.jpg"]],"construction_ml":"complete","preds_design":[[2,"1216741029_138598_1409_3-512.jpg"],[2,"1216741029_338611_1410_3-512.jpg"],[2,"1216741029_543572_1411_3-512.jpg"],[2,"1216741029_763578_1412_3-512.jpg"],[2,"1216741029_993554_1413_3-512.jpg"],[2,"1216741030_233581_1414_3-512.jpg"],[2,"1216741030_478647_1415_3-512.jpg"],[1,"1216741030_478647_1415_3-512.jpg"],[2,"1216741030_733556_1416_3-512.jpg"],[1,"1216741030_733556_1416_3-512.jpg"],[2,"1216741030_998610_1417_3-512.jpg"],[1,"1216741030_998610_1417_3-512.jpg"],[1,"1216741031_288595_1418_3-512.jpg"],[2,"1216741031_288595_1418_3-512.jpg"],[1,"1216741031_613704_1419_3-512.jpg"],[2,"1216741031_613704_1419_3-512.jpg"],[1,"1216741032_008661_1420_3-512.jpg"],[2,"1216741032_008661_1420_3-512.jpg"],[2,"1216741032_568582_1421_3-512.jpg"],[1,"1216741032_568582_1421_3-512.jpg"],[1,"1216741033_353567_1422_3-512.jpg"],[2,"1216741033_353567_1422_3-512.jpg"],[2,"1216741034_298576_1423_3-512.jpg"],[1,"1216741034_298576_1423_3-512.jpg"],[1,"1216741034_813546_1424_3-512.jpg"],[2,"1216741034_813546_1424_3-512.jpg"],[2,"1216741035_213548_1425_3-512.jpg"],[1,"1216741035_213548_1425_3-512.jpg"],[2,"1216741035_588587_1426_3-512.jpg"],[1,"1216741035_588587_1426_3-512.jpg"],[2,"1216741035_993561_1427_3-512.jpg"],[2,"1216744027_477241_9165_1-512.jpg"]],"design_ml":"designed","images":[]}
