{"MATERIAL":"corrugated metal","AVG_SLOPE":6.0721958325,"AVG_HEIGHT":0.38464633693,"TERAIN_SLP":15.7293961607,"AREA":66.9825507193,"VOLUME":26,"FLOORS":1,"INT_ZONE":"Borde Rural","FLOOD":1,"LANDSLIDE":"Amenaza Baja","LEGAL_ID":"358","LEGAL_NAME":"EL PARAISO","LEGAL_AREA":26.04,"LEGAL_LOTS":2077,"LEGAL_POP":11215.8,"LEGAL_DENS":79.76190476,"LEGALIZING":null,"BLOCK_ID_":"002565037","BLOCK_POP":129,"BLOCK_BLD":33,"BLOCK_RISK":4.6575618,"BLOCK_EDU":0.88229668,"BLOCK_HLTH":27.09024,"BLOCK_TRAN":73.03878,"BLOCK_CULT":0,"BLOCK_PARK":48.343414,"BLOCK_SEC":54.028103,"BLOCK_CENT":0,"BLOCK_DEF":27.2727272727,"BLD_INHAB":4,"OBJECTID":2,"AO_225":0.2,"id":916,"preds_material":[[5,"1216744026_052890_9164_1-512.jpg"]],"material_ml":"painted","preds_construction":[[2,"1216744026_052890_9164_1-512.jpg"]],"construction_ml":"complete","preds_design":[[2,"1216744026_052890_9164_1-512.jpg"]],"design_ml":"designed","images":[]}
