{"MATERIAL":"corrugated metal","AVG_SLOPE":4.71442859076,"AVG_HEIGHT":0.35598872216,"TERAIN_SLP":11.3349335883,"AREA":54.8859126113,"VOLUME":20,"FLOORS":1,"INT_ZONE":"Borde Rural","FLOOD":2,"LANDSLIDE":"Amenaza Media","LEGAL_ID":"358","LEGAL_NAME":"EL PARAISO","LEGAL_AREA":26.04,"LEGAL_LOTS":2077,"LEGAL_POP":11215.8,"LEGAL_DENS":79.76190476,"LEGALIZING":null,"BLOCK_ID_":"002565037","BLOCK_POP":129,"BLOCK_BLD":33,"BLOCK_RISK":4.6575618,"BLOCK_EDU":0.88229668,"BLOCK_HLTH":27.09024,"BLOCK_TRAN":73.03878,"BLOCK_CULT":0,"BLOCK_PARK":48.343414,"BLOCK_SEC":54.028103,"BLOCK_CENT":0,"BLOCK_DEF":27.2727272727,"BLD_INHAB":4,"OBJECTID":2,"AO_225":0.2,"id":921,"preds_material":[[5,"1216741026_003694_1391_3-512.jpg"],[5,"1216741026_168631_1392_3-512.jpg"],[5,"1216741026_333697_1393_3-512.jpg"],[5,"1216741026_498625_1394_3-512.jpg"],[5,"1216741026_658622_1395_3-512.jpg"],[5,"1216741026_818625_1396_3-512.jpg"],[5,"1216741026_978651_1397_3-512.jpg"],[5,"1216741027_143576_1398_3-512.jpg"],[5,"1216741027_308625_1399_3-512.jpg"],[5,"1216741027_478613_1400_3-512.jpg"],[5,"1216741027_648610_1401_3-512.jpg"],[5,"1216741027_823567_1402_3-512.jpg"],[5,"1216741028_003721_1403_3-512.jpg"]],"material_ml":"painted","preds_construction":[[2,"1216741025_843583_1390_3-512.jpg"],[2,"1216741026_003694_1391_3-512.jpg"],[2,"1216741026_168631_1392_3-512.jpg"],[2,"1216741026_333697_1393_3-512.jpg"],[2,"1216741026_498625_1394_3-512.jpg"],[2,"1216741026_658622_1395_3-512.jpg"],[2,"1216741026_818625_1396_3-512.jpg"],[2,"1216741026_978651_1397_3-512.jpg"],[2,"1216741027_143576_1398_3-512.jpg"],[2,"1216741027_308625_1399_3-512.jpg"],[2,"1216741027_478613_1400_3-512.jpg"],[2,"1216741027_648610_1401_3-512.jpg"],[2,"1216741027_823567_1402_3-512.jpg"]],"construction_ml":"complete","preds_design":[[2,"1216741025_843583_1390_3-512.jpg"],[2,"1216741026_003694_1391_3-512.jpg"],[2,"1216741026_168631_1392_3-512.jpg"],[2,"1216741026_333697_1393_3-512.jpg"],[2,"1216741026_498625_1394_3-512.jpg"],[2,"1216741026_658622_1395_3-512.jpg"],[2,"1216741026_818625_1396_3-512.jpg"],[2,"1216741026_978651_1397_3-512.jpg"],[2,"1216741027_308625_1399_3-512.jpg"],[2,"1216741027_478613_1400_3-512.jpg"],[2,"1216741027_648610_1401_3-512.jpg"],[2,"1216741027_823567_1402_3-512.jpg"]],"design_ml":"designed","images":[]}
