{"MATERIAL":"corrugated metal","AVG_SLOPE":7.58131283989,"AVG_HEIGHT":0.5947957861,"TERAIN_SLP":17.7936213574,"AREA":54.5297205075,"VOLUME":32,"FLOORS":1,"INT_ZONE":"Borde Rural","FLOOD":1,"LANDSLIDE":"Amenaza Media","LEGAL_ID":"358","LEGAL_NAME":"EL PARAISO","LEGAL_AREA":26.04,"LEGAL_LOTS":2077,"LEGAL_POP":11215.8,"LEGAL_DENS":79.76190476,"LEGALIZING":null,"BLOCK_ID_":"002565037","BLOCK_POP":129,"BLOCK_BLD":33,"BLOCK_RISK":4.6575618,"BLOCK_EDU":0.88229668,"BLOCK_HLTH":27.09024,"BLOCK_TRAN":73.03878,"BLOCK_CULT":0,"BLOCK_PARK":48.343414,"BLOCK_SEC":54.028103,"BLOCK_CENT":0,"BLOCK_DEF":27.2727272727,"BLD_INHAB":4,"OBJECTID":1,"AO_225":0.16,"id":922,"preds_material":[[5,"1216743720_709317_8224_3-512.jpg"],[1,"1216743720_709317_8224_3-512.jpg"],[1,"1216743721_339515_8225_3-512.jpg"]],"material_ml":"brick","preds_construction":[[1,"1216743720_709317_8224_3-512.jpg"],[2,"1216743720_709317_8224_3-512.jpg"],[1,"1216743721_339515_8225_3-512.jpg"],[2,"1216743721_339515_8225_3-512.jpg"]],"construction_ml":"incomplete","preds_design":[[2,"1216743720_709317_8224_3-512.jpg"],[1,"1216743720_709317_8224_3-512.jpg"],[1,"1216743720_709317_8224_3-512.jpg"],[2,"1216743721_339515_8225_3-512.jpg"],[1,"1216743721_339515_8225_3-512.jpg"]],"design_ml":"undesigned","images":[]}
