{"MATERIAL":"corrugated metal","AVG_SLOPE":10.0219005954,"AVG_HEIGHT":1.03952540511,"TERAIN_SLP":23.0845658927,"AREA":19.5095783822,"VOLUME":20,"FLOORS":1,"INT_ZONE":"Borde Rural","FLOOD":3,"LANDSLIDE":"Amenaza Media","LEGAL_ID":"358","LEGAL_NAME":"EL PARAISO","LEGAL_AREA":26.04,"LEGAL_LOTS":2077,"LEGAL_POP":11215.8,"LEGAL_DENS":79.76190476,"LEGALIZING":null,"BLOCK_ID_":"002565037","BLOCK_POP":129,"BLOCK_BLD":33,"BLOCK_RISK":4.6575618,"BLOCK_EDU":0.88229668,"BLOCK_HLTH":27.09024,"BLOCK_TRAN":73.03878,"BLOCK_CULT":0,"BLOCK_PARK":48.343414,"BLOCK_SEC":54.028103,"BLOCK_CENT":0,"BLOCK_DEF":27.2727272727,"BLD_INHAB":4,"OBJECTID":2,"AO_225":0.2,"id":924,"preds_material":[[1,"1216743718_404732_8221_3-512.jpg"]],"material_ml":"brick","preds_construction":[[1,"1216743718_404732_8221_3-512.jpg"],[2,"1216743718_404732_8221_3-512.jpg"]],"construction_ml":"incomplete","preds_design":[[2,"1216743718_404732_8221_3-512.jpg"],[1,"1216743718_404732_8221_3-512.jpg"]],"design_ml":"undesigned","images":[]}
