{"MATERIAL":"corrugated metal/heavily patched","AVG_SLOPE":5.96815050501,"AVG_HEIGHT":0.98489376271,"TERAIN_SLP":18.1862207912,"AREA":54.7914442127,"VOLUME":54,"FLOORS":1,"INT_ZONE":"Borde Rural","FLOOD":1,"LANDSLIDE":"Amenaza Media","LEGAL_ID":"358","LEGAL_NAME":"EL PARAISO","LEGAL_AREA":26.04,"LEGAL_LOTS":2077,"LEGAL_POP":11215.8,"LEGAL_DENS":79.76190476,"LEGALIZING":null,"BLOCK_ID_":"002565037","BLOCK_POP":129,"BLOCK_BLD":33,"BLOCK_RISK":4.6575618,"BLOCK_EDU":0.88229668,"BLOCK_HLTH":27.09024,"BLOCK_TRAN":73.03878,"BLOCK_CULT":0,"BLOCK_PARK":48.343414,"BLOCK_SEC":54.028103,"BLOCK_CENT":0,"BLOCK_DEF":27.2727272727,"BLD_INHAB":4,"OBJECTID":1,"AO_225":0.16,"id":929,"preds_material":[[5,"1216743723_034348_8229_3-512.jpg"],[5,"1216743723_334209_8230_3-512.jpg"],[5,"1216743723_644217_8231_3-512.jpg"],[1,"1216743723_644217_8231_3-512.jpg"],[5,"1216743723_644217_8231_3-512.jpg"]],"material_ml":"painted","preds_construction":[[2,"1216743723_034348_8229_3-512.jpg"],[2,"1216743723_334209_8230_3-512.jpg"],[2,"1216743723_644217_8231_3-512.jpg"],[1,"1216743723_644217_8231_3-512.jpg"],[2,"1216743723_644217_8231_3-512.jpg"]],"construction_ml":"complete","preds_design":[[1,"1216743723_034348_8229_3-512.jpg"],[1,"1216743723_334209_8230_3-512.jpg"],[1,"1216743723_644217_8231_3-512.jpg"],[1,"1216743723_644217_8231_3-512.jpg"],[2,"1216743723_644217_8231_3-512.jpg"],[1,"1216743723_944219_8232_3-512.jpg"],[2,"1216743723_944219_8232_3-512.jpg"]],"design_ml":"undesigned","images":[]}
