{"MATERIAL":"corrugated metal/heavily patched","AVG_SLOPE":11.4724455416,"AVG_HEIGHT":0.36460619986,"TERAIN_SLP":12.3075841742,"AREA":63.7431450457,"VOLUME":23,"FLOORS":1,"INT_ZONE":"Borde Rural","FLOOD":2,"LANDSLIDE":"Amenaza Baja","LEGAL_ID":"358","LEGAL_NAME":"EL PARAISO","LEGAL_AREA":26.04,"LEGAL_LOTS":2077,"LEGAL_POP":11215.8,"LEGAL_DENS":79.76190476,"LEGALIZING":null,"BLOCK_ID_":"002565038","BLOCK_POP":158,"BLOCK_BLD":44,"BLOCK_RISK":5.638227,"BLOCK_EDU":0.73643571,"BLOCK_HLTH":23.340483,"BLOCK_TRAN":83.544456,"BLOCK_CULT":0,"BLOCK_PARK":44.635448,"BLOCK_SEC":49.876072,"BLOCK_CENT":0,"BLOCK_DEF":18.1818181818,"BLD_INHAB":4,"OBJECTID":2,"AO_225":0.2,"id":935,"preds_material":[[3,"1216741027_478613_1400_1-512.jpg"],[3,"1216741027_648610_1401_1-512.jpg"],[5,"1216741027_648610_1401_1-512.jpg"],[3,"1216741027_823567_1402_1-512.jpg"],[5,"1216741027_823567_1402_1-512.jpg"],[3,"1216741028_003721_1403_1-512.jpg"],[5,"1216741028_003721_1403_1-512.jpg"],[5,"1216741028_183574_1404_1-512.jpg"],[3,"1216741028_183574_1404_1-512.jpg"],[5,"1216741028_368617_1405_1-512.jpg"],[3,"1216741028_368617_1405_1-512.jpg"],[3,"1216741028_558616_1406_1-512.jpg"],[3,"1216741028_748606_1407_1-512.jpg"]],"material_ml":"tin","preds_construction":[[2,"1216741027_478613_1400_1-512.jpg"],[2,"1216741027_648610_1401_1-512.jpg"],[2,"1216741027_648610_1401_1-512.jpg"],[2,"1216741027_823567_1402_1-512.jpg"],[2,"1216741027_823567_1402_1-512.jpg"],[2,"1216741028_003721_1403_1-512.jpg"],[2,"1216741028_003721_1403_1-512.jpg"],[2,"1216741028_183574_1404_1-512.jpg"],[2,"1216741028_183574_1404_1-512.jpg"],[2,"1216741028_368617_1405_1-512.jpg"],[2,"1216741028_368617_1405_1-512.jpg"],[2,"1216741028_558616_1406_1-512.jpg"]],"construction_ml":"complete","preds_design":[[1,"1216741027_478613_1400_1-512.jpg"],[1,"1216741027_648610_1401_1-512.jpg"],[1,"1216741027_648610_1401_1-512.jpg"],[1,"1216741027_823567_1402_1-512.jpg"],[1,"1216741028_003721_1403_1-512.jpg"],[2,"1216741028_003721_1403_1-512.jpg"],[2,"1216741028_183574_1404_1-512.jpg"],[1,"1216741028_183574_1404_1-512.jpg"],[2,"1216741028_368617_1405_1-512.jpg"],[1,"1216741028_368617_1405_1-512.jpg"],[1,"1216741028_558616_1406_1-512.jpg"],[1,"1216741028_748606_1407_1-512.jpg"]],"design_ml":"undesigned","images":[]}
