{"MATERIAL":"corrugated metal/heavily patched","AVG_SLOPE":6.51684402579,"AVG_HEIGHT":0.36222396274,"TERAIN_SLP":10.993917257,"AREA":55.1568932193,"VOLUME":20,"FLOORS":1,"INT_ZONE":"Borde Rural","FLOOD":3,"LANDSLIDE":"Amenaza Baja","LEGAL_ID":"358","LEGAL_NAME":"EL PARAISO","LEGAL_AREA":26.04,"LEGAL_LOTS":2077,"LEGAL_POP":11215.8,"LEGAL_DENS":79.76190476,"LEGALIZING":null,"BLOCK_ID_":"002565038","BLOCK_POP":158,"BLOCK_BLD":44,"BLOCK_RISK":5.638227,"BLOCK_EDU":0.73643571,"BLOCK_HLTH":23.340483,"BLOCK_TRAN":83.544456,"BLOCK_CULT":0,"BLOCK_PARK":44.635448,"BLOCK_SEC":49.876072,"BLOCK_CENT":0,"BLOCK_DEF":18.1818181818,"BLD_INHAB":4,"OBJECTID":2,"AO_225":0.2,"id":937,"preds_material":[[5,"1216741025_683583_1389_1-512.jpg"],[5,"1216741025_843583_1390_1-512.jpg"],[5,"1216741026_003694_1391_1-512.jpg"],[5,"1216741026_003694_1391_1-512.jpg"],[5,"1216741026_168631_1392_1-512.jpg"],[5,"1216741026_168631_1392_1-512.jpg"],[5,"1216741026_333697_1393_1-512.jpg"],[5,"1216741026_333697_1393_1-512.jpg"],[5,"1216741026_498625_1394_1-512.jpg"],[5,"1216741026_498625_1394_1-512.jpg"],[5,"1216741026_658622_1395_1-512.jpg"]],"material_ml":"painted","preds_construction":[[2,"1216741025_683583_1389_1-512.jpg"],[2,"1216741025_843583_1390_1-512.jpg"],[2,"1216741026_003694_1391_1-512.jpg"],[2,"1216741026_003694_1391_1-512.jpg"],[2,"1216741026_168631_1392_1-512.jpg"],[2,"1216741026_168631_1392_1-512.jpg"],[2,"1216741026_333697_1393_1-512.jpg"],[2,"1216741026_333697_1393_1-512.jpg"],[2,"1216741026_498625_1394_1-512.jpg"],[2,"1216741026_498625_1394_1-512.jpg"],[2,"1216741026_658622_1395_1-512.jpg"]],"construction_ml":"complete","preds_design":[[1,"1216741025_683583_1389_1-512.jpg"],[1,"1216741025_843583_1390_1-512.jpg"],[1,"1216741026_003694_1391_1-512.jpg"],[1,"1216741026_003694_1391_1-512.jpg"],[1,"1216741026_168631_1392_1-512.jpg"],[1,"1216741026_168631_1392_1-512.jpg"],[1,"1216741026_333697_1393_1-512.jpg"],[1,"1216741026_333697_1393_1-512.jpg"],[1,"1216741026_498625_1394_1-512.jpg"],[1,"1216741026_498625_1394_1-512.jpg"],[1,"1216741026_658622_1395_1-512.jpg"]],"design_ml":"undesigned","images":[]}
