{"MATERIAL":"corrugated metal/heavily patched","AVG_SLOPE":8.96591968252,"AVG_HEIGHT":0.38581497493,"TERAIN_SLP":16.3118640637,"AREA":58.7391165312,"VOLUME":23,"FLOORS":1,"INT_ZONE":"Borde Rural","FLOOD":2,"LANDSLIDE":"Amenaza Baja","LEGAL_ID":"358","LEGAL_NAME":"EL PARAISO","LEGAL_AREA":26.04,"LEGAL_LOTS":2077,"LEGAL_POP":11215.8,"LEGAL_DENS":79.76190476,"LEGALIZING":null,"BLOCK_ID_":"002565038","BLOCK_POP":158,"BLOCK_BLD":44,"BLOCK_RISK":5.638227,"BLOCK_EDU":0.73643571,"BLOCK_HLTH":23.340483,"BLOCK_TRAN":83.544456,"BLOCK_CULT":0,"BLOCK_PARK":44.635448,"BLOCK_SEC":49.876072,"BLOCK_CENT":0,"BLOCK_DEF":18.1818181818,"BLD_INHAB":4,"OBJECTID":2,"AO_225":0.2,"id":938,"preds_material":[[5,"1216741185_117714_1812_1-512.jpg"],[5,"1216741185_272768_1813_1-512.jpg"],[5,"1216741185_427716_1814_1-512.jpg"],[5,"1216741185_582752_1815_1-512.jpg"],[5,"1216741185_742772_1816_1-512.jpg"],[5,"1216741185_902769_1817_1-512.jpg"],[5,"1216741186_067709_1818_1-512.jpg"],[5,"1216741186_232791_1819_1-512.jpg"],[5,"1216741186_402733_1820_1-512.jpg"],[5,"1216741186_577707_1821_1-512.jpg"],[5,"1216741186_757798_1822_1-512.jpg"],[5,"1216741186_947710_1823_1-512.jpg"]],"material_ml":"painted","preds_construction":[[2,"1216741185_272768_1813_1-512.jpg"],[2,"1216741185_427716_1814_1-512.jpg"],[2,"1216741185_582752_1815_1-512.jpg"],[2,"1216741185_742772_1816_1-512.jpg"],[2,"1216741185_902769_1817_1-512.jpg"],[2,"1216741186_067709_1818_1-512.jpg"],[2,"1216741186_232791_1819_1-512.jpg"],[2,"1216741186_402733_1820_1-512.jpg"],[2,"1216741186_577707_1821_1-512.jpg"],[2,"1216741186_757798_1822_1-512.jpg"]],"construction_ml":"complete","preds_design":[[2,"1216741185_117714_1812_1-512.jpg"],[2,"1216741185_272768_1813_1-512.jpg"],[2,"1216741185_427716_1814_1-512.jpg"],[2,"1216741185_582752_1815_1-512.jpg"],[2,"1216741185_742772_1816_1-512.jpg"],[2,"1216741185_902769_1817_1-512.jpg"],[1,"1216741185_902769_1817_1-512.jpg"],[2,"1216741186_067709_1818_1-512.jpg"],[1,"1216741186_067709_1818_1-512.jpg"],[1,"1216741186_232791_1819_1-512.jpg"],[2,"1216741186_232791_1819_1-512.jpg"],[1,"1216741186_402733_1820_1-512.jpg"],[2,"1216741186_402733_1820_1-512.jpg"],[1,"1216741186_577707_1821_1-512.jpg"],[2,"1216741186_577707_1821_1-512.jpg"],[1,"1216741186_757798_1822_1-512.jpg"],[2,"1216741186_757798_1822_1-512.jpg"]],"design_ml":"designed","images":[]}
