{"MATERIAL":"corrugated metal/heavily patched","AVG_SLOPE":4.98946622707,"AVG_HEIGHT":1.41794634799,"TERAIN_SLP":23.0769733774,"AREA":59.4388863586,"VOLUME":84,"FLOORS":1,"INT_ZONE":"Borde Rural","FLOOD":2,"LANDSLIDE":"Amenaza Baja","LEGAL_ID":"358","LEGAL_NAME":"EL PARAISO","LEGAL_AREA":26.04,"LEGAL_LOTS":2077,"LEGAL_POP":11215.8,"LEGAL_DENS":79.76190476,"LEGALIZING":null,"BLOCK_ID_":"002565038","BLOCK_POP":158,"BLOCK_BLD":44,"BLOCK_RISK":5.638227,"BLOCK_EDU":0.73643571,"BLOCK_HLTH":23.340483,"BLOCK_TRAN":83.544456,"BLOCK_CULT":0,"BLOCK_PARK":44.635448,"BLOCK_SEC":49.876072,"BLOCK_CENT":0,"BLOCK_DEF":18.1818181818,"BLD_INHAB":4,"OBJECTID":2,"AO_225":0.2,"id":942,"preds_material":[[5,"1216741182_092785_1794_1-512.jpg"],[5,"1216741182_332752_1795_1-512.jpg"],[5,"1216741182_552787_1796_1-512.jpg"],[5,"1216741182_747736_1797_1-512.jpg"],[5,"1216741182_927730_1798_1-512.jpg"],[5,"1216741183_102772_1799_1-512.jpg"],[5,"1216741183_277747_1800_1-512.jpg"],[5,"1216741183_447732_1801_1-512.jpg"],[5,"1216741183_607728_1802_1-512.jpg"],[5,"1216741183_767732_1803_1-512.jpg"],[5,"1216741183_767732_1803_1-512.jpg"],[5,"1216741183_767732_1803_1-512.jpg"],[5,"1216741183_922774_1804_1-512.jpg"],[5,"1216741184_077715_1805_1-512.jpg"],[5,"1216741184_227770_1806_1-512.jpg"],[5,"1216741184_372787_1807_1-512.jpg"],[5,"1216741184_517724_1808_1-512.jpg"],[5,"1216741184_667710_1809_1-512.jpg"],[5,"1216741184_817742_1810_1-512.jpg"],[5,"1216741184_967805_1811_1-512.jpg"],[5,"1216744033_075469_9166_1-512.jpg"]],"material_ml":"painted","preds_construction":[[1,"1216741182_332752_1795_1-512.jpg"],[2,"1216741182_332752_1795_1-512.jpg"],[2,"1216741182_552787_1796_1-512.jpg"],[1,"1216741182_552787_1796_1-512.jpg"],[2,"1216741182_747736_1797_1-512.jpg"],[1,"1216741182_747736_1797_1-512.jpg"],[2,"1216741182_927730_1798_1-512.jpg"],[2,"1216741183_102772_1799_1-512.jpg"],[2,"1216741183_277747_1800_1-512.jpg"],[2,"1216741183_447732_1801_1-512.jpg"],[2,"1216741183_607728_1802_1-512.jpg"],[2,"1216741183_767732_1803_1-512.jpg"],[2,"1216741183_767732_1803_1-512.jpg"],[2,"1216741183_922774_1804_1-512.jpg"],[2,"1216741184_077715_1805_1-512.jpg"],[1,"1216741184_077715_1805_1-512.jpg"],[1,"1216741184_227770_1806_1-512.jpg"],[2,"1216741184_227770_1806_1-512.jpg"],[1,"1216741184_372787_1807_1-512.jpg"],[2,"1216741184_372787_1807_1-512.jpg"],[1,"1216741184_517724_1808_1-512.jpg"],[2,"1216741184_517724_1808_1-512.jpg"],[1,"1216741184_667710_1809_1-512.jpg"],[1,"1216741184_817742_1810_1-512.jpg"],[2,"1216741184_967805_1811_1-512.jpg"],[2,"1216744033_075469_9166_1-512.jpg"]],"construction_ml":"complete","preds_design":[[1,"1216741182_092785_1794_1-512.jpg"],[1,"1216741182_332752_1795_1-512.jpg"],[1,"1216741182_552787_1796_1-512.jpg"],[1,"1216741182_747736_1797_1-512.jpg"],[1,"1216741182_927730_1798_1-512.jpg"],[1,"1216741183_102772_1799_1-512.jpg"],[1,"1216741183_277747_1800_1-512.jpg"],[1,"1216741183_447732_1801_1-512.jpg"],[1,"1216741183_607728_1802_1-512.jpg"],[1,"1216741183_767732_1803_1-512.jpg"],[1,"1216741183_767732_1803_1-512.jpg"],[1,"1216741183_922774_1804_1-512.jpg"],[1,"1216741183_922774_1804_1-512.jpg"],[1,"1216741184_077715_1805_1-512.jpg"],[1,"1216741184_227770_1806_1-512.jpg"],[1,"1216741184_372787_1807_1-512.jpg"],[1,"1216741184_517724_1808_1-512.jpg"],[1,"1216741184_667710_1809_1-512.jpg"],[1,"1216741184_817742_1810_1-512.jpg"],[1,"1216741184_967805_1811_1-512.jpg"],[2,"1216744033_075469_9166_1-512.jpg"]],"design_ml":"undesigned","images":[]}
