{"MATERIAL":"corrugated metal/heavily patched","AVG_SLOPE":4.57114922729,"AVG_HEIGHT":6.67422020906,"TERAIN_SLP":7.94413204566,"AREA":66.7316385891,"VOLUME":445,"FLOORS":2,"INT_ZONE":"Borde Rural","FLOOD":3,"LANDSLIDE":"Amenaza Baja","LEGAL_ID":"358","LEGAL_NAME":"EL PARAISO","LEGAL_AREA":26.04,"LEGAL_LOTS":2077,"LEGAL_POP":11215.8,"LEGAL_DENS":79.76190476,"LEGALIZING":null,"BLOCK_ID_":"002565038","BLOCK_POP":158,"BLOCK_BLD":44,"BLOCK_RISK":5.638227,"BLOCK_EDU":0.73643571,"BLOCK_HLTH":23.340483,"BLOCK_TRAN":83.544456,"BLOCK_CULT":0,"BLOCK_PARK":44.635448,"BLOCK_SEC":49.876072,"BLOCK_CENT":0,"BLOCK_DEF":18.1818181818,"BLD_INHAB":4,"OBJECTID":2,"AO_225":0.2,"id":945,"preds_material":[[5,"1216741024_703586_1383_1-512.jpg"],[5,"1216741024_863585_1384_1-512.jpg"],[5,"1216741024_863585_1384_3-512.jpg"],[5,"1216741024_863585_1384_3-512.jpg"],[5,"1216741025_028775_1385_1-512.jpg"],[5,"1216741025_028775_1385_1-512.jpg"],[5,"1216741025_028775_1385_3-512.jpg"],[5,"1216741025_028775_1385_3-512.jpg"],[5,"1216741025_028775_1385_3-512.jpg"],[5,"1216741025_193589_1386_1-512.jpg"],[5,"1216741025_193589_1386_1-512.jpg"],[5,"1216741025_358621_1387_1-512.jpg"],[5,"1216741025_358621_1387_1-512.jpg"],[5,"1216741025_523608_1388_1-512.jpg"],[5,"1216741025_523608_1388_1-512.jpg"],[5,"1216741025_683583_1389_1-512.jpg"]],"material_ml":"painted","preds_construction":[[2,"1216741024_703586_1383_1-512.jpg"],[2,"1216741024_863585_1384_1-512.jpg"],[2,"1216741024_863585_1384_3-512.jpg"],[2,"1216741024_863585_1384_3-512.jpg"],[2,"1216741024_863585_1384_3-512.jpg"],[2,"1216741025_028775_1385_1-512.jpg"],[2,"1216741025_028775_1385_1-512.jpg"],[2,"1216741025_028775_1385_3-512.jpg"],[2,"1216741025_028775_1385_3-512.jpg"],[2,"1216741025_028775_1385_3-512.jpg"],[2,"1216741025_193589_1386_1-512.jpg"],[2,"1216741025_193589_1386_1-512.jpg"],[2,"1216741025_358621_1387_1-512.jpg"],[2,"1216741025_358621_1387_1-512.jpg"],[2,"1216741025_523608_1388_1-512.jpg"],[2,"1216741025_523608_1388_1-512.jpg"],[2,"1216741025_683583_1389_1-512.jpg"]],"construction_ml":"complete","preds_design":[[2,"1216741024_703586_1383_1-512.jpg"],[2,"1216741024_863585_1384_1-512.jpg"],[2,"1216741024_863585_1384_3-512.jpg"],[2,"1216741024_863585_1384_3-512.jpg"],[2,"1216741024_863585_1384_3-512.jpg"],[2,"1216741025_028775_1385_1-512.jpg"],[1,"1216741025_028775_1385_1-512.jpg"],[2,"1216741025_028775_1385_3-512.jpg"],[2,"1216741025_028775_1385_3-512.jpg"],[2,"1216741025_028775_1385_3-512.jpg"],[2,"1216741025_193589_1386_1-512.jpg"],[1,"1216741025_193589_1386_1-512.jpg"],[2,"1216741025_358621_1387_1-512.jpg"],[1,"1216741025_358621_1387_1-512.jpg"],[1,"1216741025_523608_1388_1-512.jpg"],[2,"1216741025_523608_1388_1-512.jpg"],[2,"1216741025_683583_1389_1-512.jpg"]],"design_ml":"designed","images":[]}
