{"MATERIAL":"corrugated metal","AVG_SLOPE":5.61341238291,"AVG_HEIGHT":2.58009166296,"TERAIN_SLP":17.2681111019,"AREA":64.7030477692,"VOLUME":167,"FLOORS":1,"INT_ZONE":"Borde Rural","FLOOD":1,"LANDSLIDE":"Amenaza Baja","LEGAL_ID":"358","LEGAL_NAME":"EL PARAISO","LEGAL_AREA":26.04,"LEGAL_LOTS":2077,"LEGAL_POP":11215.8,"LEGAL_DENS":79.76190476,"LEGALIZING":null,"BLOCK_ID_":"002565038","BLOCK_POP":158,"BLOCK_BLD":44,"BLOCK_RISK":5.638227,"BLOCK_EDU":0.73643571,"BLOCK_HLTH":23.340483,"BLOCK_TRAN":83.544456,"BLOCK_CULT":0,"BLOCK_PARK":44.635448,"BLOCK_SEC":49.876072,"BLOCK_CENT":0,"BLOCK_DEF":18.1818181818,"BLD_INHAB":4,"OBJECTID":2,"AO_225":0.2,"id":947,"preds_material":[[5,"1216741189_632724_1833_1-512.jpg"],[5,"1216741190_127680_1834_1-512.jpg"],[5,"1216741190_687688_1835_1-512.jpg"],[5,"1216741191_537693_1836_1-512.jpg"],[5,"1216741192_532726_1837_1-512.jpg"],[5,"1216741193_252696_1838_1-512.jpg"],[5,"1216741193_927742_1839_1-512.jpg"],[5,"1216741194_592735_1840_1-512.jpg"],[5,"1216741195_202711_1841_1-512.jpg"],[5,"1216741195_927662_1842_1-512.jpg"],[5,"1216741196_992700_1843_1-512.jpg"],[5,"1216741197_612707_1844_1-512.jpg"],[5,"1216741197_987715_1845_1-512.jpg"]],"material_ml":"painted","preds_construction":[[2,"1216741189_632724_1833_1-512.jpg"],[2,"1216741190_127680_1834_1-512.jpg"],[2,"1216741190_687688_1835_1-512.jpg"],[2,"1216741191_537693_1836_1-512.jpg"],[2,"1216741192_532726_1837_1-512.jpg"],[2,"1216741193_252696_1838_1-512.jpg"],[2,"1216741193_927742_1839_1-512.jpg"],[2,"1216741194_592735_1840_1-512.jpg"],[2,"1216741195_202711_1841_1-512.jpg"],[2,"1216741195_927662_1842_1-512.jpg"],[2,"1216741196_992700_1843_1-512.jpg"],[2,"1216741197_612707_1844_1-512.jpg"],[2,"1216741197_987715_1845_1-512.jpg"],[2,"1216741197_987715_1845_1-512.jpg"]],"construction_ml":"complete","preds_design":[[2,"1216741189_632724_1833_1-512.jpg"],[2,"1216741190_127680_1834_1-512.jpg"],[2,"1216741190_687688_1835_1-512.jpg"],[2,"1216741191_537693_1836_1-512.jpg"],[2,"1216741192_532726_1837_1-512.jpg"],[2,"1216741193_252696_1838_1-512.jpg"],[2,"1216741193_927742_1839_1-512.jpg"],[2,"1216741194_592735_1840_1-512.jpg"],[2,"1216741195_202711_1841_1-512.jpg"],[2,"1216741195_927662_1842_1-512.jpg"],[2,"1216741196_992700_1843_1-512.jpg"],[2,"1216741197_612707_1844_1-512.jpg"],[2,"1216741197_987715_1845_1-512.jpg"]],"design_ml":"designed","images":[]}
