{"MATERIAL":"corrugated metal","AVG_SLOPE":5.06669534357,"AVG_HEIGHT":7.09295126014,"TERAIN_SLP":7.58640107844,"AREA":64.1420875099,"VOLUME":455,"FLOORS":2,"INT_ZONE":"Borde Rural","FLOOD":2,"LANDSLIDE":"Amenaza Baja","LEGAL_ID":"358","LEGAL_NAME":"EL PARAISO","LEGAL_AREA":26.04,"LEGAL_LOTS":2077,"LEGAL_POP":11215.8,"LEGAL_DENS":79.76190476,"LEGALIZING":null,"BLOCK_ID_":"002565038","BLOCK_POP":158,"BLOCK_BLD":44,"BLOCK_RISK":5.638227,"BLOCK_EDU":0.73643571,"BLOCK_HLTH":23.340483,"BLOCK_TRAN":83.544456,"BLOCK_CULT":0,"BLOCK_PARK":44.635448,"BLOCK_SEC":49.876072,"BLOCK_CENT":0,"BLOCK_DEF":18.1818181818,"BLD_INHAB":4,"OBJECTID":2,"AO_225":0.2,"id":948,"preds_material":[[5,"1216741023_583610_1376_1-512.jpg"],[5,"1216741023_743578_1377_1-512.jpg"],[5,"1216741023_903596_1378_1-512.jpg"],[5,"1216741023_903596_1378_3-512.jpg"],[5,"1216741024_063599_1379_1-512.jpg"],[5,"1216741024_063599_1379_1-512.jpg"],[5,"1216741024_063599_1379_3-512.jpg"],[5,"1216741024_063599_1379_3-512.jpg"],[5,"1216741024_063599_1379_3-512.jpg"],[5,"1216741024_223774_1380_1-512.jpg"],[5,"1216741024_223774_1380_1-512.jpg"],[5,"1216741024_223774_1380_3-512.jpg"],[5,"1216741024_223774_1380_3-512.jpg"],[5,"1216741024_383593_1381_1-512.jpg"],[5,"1216741024_383593_1381_1-512.jpg"],[5,"1216741024_383593_1381_3-512.jpg"],[5,"1216741024_383593_1381_3-512.jpg"],[5,"1216741024_543708_1382_1-512.jpg"],[5,"1216741024_543708_1382_1-512.jpg"],[5,"1216741024_543708_1382_3-512.jpg"],[5,"1216741024_543708_1382_3-512.jpg"],[5,"1216741024_703586_1383_1-512.jpg"],[5,"1216741024_703586_1383_3-512.jpg"]],"material_ml":"painted","preds_construction":[[2,"1216741023_583610_1376_1-512.jpg"],[2,"1216741023_743578_1377_1-512.jpg"],[2,"1216741023_903596_1378_1-512.jpg"],[2,"1216741023_903596_1378_3-512.jpg"],[2,"1216741024_063599_1379_1-512.jpg"],[2,"1216741024_063599_1379_1-512.jpg"],[2,"1216741024_063599_1379_3-512.jpg"],[2,"1216741024_063599_1379_3-512.jpg"],[2,"1216741024_063599_1379_3-512.jpg"],[2,"1216741024_223774_1380_1-512.jpg"],[2,"1216741024_223774_1380_1-512.jpg"],[2,"1216741024_223774_1380_3-512.jpg"],[2,"1216741024_223774_1380_3-512.jpg"],[2,"1216741024_383593_1381_1-512.jpg"],[2,"1216741024_383593_1381_1-512.jpg"],[2,"1216741024_383593_1381_3-512.jpg"],[2,"1216741024_383593_1381_3-512.jpg"],[2,"1216741024_543708_1382_1-512.jpg"],[2,"1216741024_543708_1382_1-512.jpg"],[2,"1216741024_543708_1382_3-512.jpg"],[2,"1216741024_543708_1382_3-512.jpg"],[2,"1216741024_703586_1383_1-512.jpg"],[2,"1216741024_703586_1383_3-512.jpg"]],"construction_ml":"complete","preds_design":[[2,"1216741023_583610_1376_1-512.jpg"],[2,"1216741023_743578_1377_1-512.jpg"],[2,"1216741023_903596_1378_1-512.jpg"],[2,"1216741023_903596_1378_3-512.jpg"],[2,"1216741024_063599_1379_1-512.jpg"],[2,"1216741024_063599_1379_1-512.jpg"],[2,"1216741024_063599_1379_3-512.jpg"],[2,"1216741024_063599_1379_3-512.jpg"],[1,"1216741024_063599_1379_3-512.jpg"],[2,"1216741024_063599_1379_3-512.jpg"],[2,"1216741024_223774_1380_1-512.jpg"],[2,"1216741024_223774_1380_1-512.jpg"],[2,"1216741024_223774_1380_3-512.jpg"],[2,"1216741024_223774_1380_3-512.jpg"],[1,"1216741024_223774_1380_3-512.jpg"],[2,"1216741024_383593_1381_1-512.jpg"],[2,"1216741024_383593_1381_1-512.jpg"],[2,"1216741024_383593_1381_3-512.jpg"],[2,"1216741024_383593_1381_3-512.jpg"],[1,"1216741024_383593_1381_3-512.jpg"],[2,"1216741024_543708_1382_1-512.jpg"],[2,"1216741024_543708_1382_1-512.jpg"],[2,"1216741024_543708_1382_3-512.jpg"],[2,"1216741024_543708_1382_3-512.jpg"],[1,"1216741024_543708_1382_3-512.jpg"],[2,"1216741024_703586_1383_1-512.jpg"],[2,"1216741024_703586_1383_3-512.jpg"]],"design_ml":"designed","images":[]}
