{"MATERIAL":"concrete","AVG_SLOPE":12.5452194168,"AVG_HEIGHT":6.08895319039,"TERAIN_SLP":2.27892848514,"AREA":76.1958965996,"VOLUME":464,"FLOORS":2,"INT_ZONE":"Borde Rural","FLOOD":1,"LANDSLIDE":"Amenaza Baja","LEGAL_ID":"358","LEGAL_NAME":"EL PARAISO","LEGAL_AREA":26.04,"LEGAL_LOTS":2077,"LEGAL_POP":11215.8,"LEGAL_DENS":79.76190476,"LEGALIZING":null,"BLOCK_ID_":"002565004","BLOCK_POP":249,"BLOCK_BLD":61,"BLOCK_RISK":4.2710481,"BLOCK_EDU":0,"BLOCK_HLTH":9.2319002,"BLOCK_TRAN":51.905426,"BLOCK_CULT":0,"BLOCK_PARK":0,"BLOCK_SEC":100,"BLOCK_CENT":0,"BLOCK_DEF":55.737704918,"BLD_INHAB":4,"OBJECTID":2,"AO_225":0.2,"id":95,"preds_material":[[1,"1216744489_195410_9791_1-512.jpg"],[5,"1216744489_195410_9791_1-512.jpg"],[5,"1216744490_255382_9792_1-512.jpg"],[5,"1216744491_185349_9793_1-512.jpg"],[5,"1216744492_240388_9794_1-512.jpg"],[5,"1216744815_683779_10527_1-512.jpg"],[5,"1216744816_173811_10528_1-512.jpg"],[5,"1216744816_693851_10529_1-512.jpg"],[5,"1216744816_693851_10529_1-512.jpg"],[5,"1216744817_198815_10530_1-512.jpg"],[5,"1216744817_198815_10530_1-512.jpg"],[5,"1216744817_198815_10530_1-512.jpg"],[5,"1216744817_773870_10531_1-512.jpg"],[5,"1216744817_773870_10531_1-512.jpg"]],"material_ml":"painted","preds_construction":[[2,"1216744489_195410_9791_1-512.jpg"],[2,"1216744490_255382_9792_1-512.jpg"],[2,"1216744490_255382_9792_1-512.jpg"],[2,"1216744491_185349_9793_1-512.jpg"],[2,"1216744492_240388_9794_1-512.jpg"],[2,"1216744815_683779_10527_1-512.jpg"],[2,"1216744816_173811_10528_1-512.jpg"],[2,"1216744816_693851_10529_1-512.jpg"],[2,"1216744816_693851_10529_1-512.jpg"],[2,"1216744817_198815_10530_1-512.jpg"],[2,"1216744817_198815_10530_1-512.jpg"],[2,"1216744817_198815_10530_1-512.jpg"],[2,"1216744817_773870_10531_1-512.jpg"],[2,"1216744817_773870_10531_1-512.jpg"]],"construction_ml":"complete","preds_design":[[2,"1216744489_195410_9791_1-512.jpg"],[1,"1216744490_255382_9792_1-512.jpg"],[2,"1216744490_255382_9792_1-512.jpg"],[1,"1216744491_185349_9793_1-512.jpg"],[2,"1216744491_185349_9793_1-512.jpg"],[1,"1216744492_240388_9794_1-512.jpg"],[2,"1216744815_683779_10527_1-512.jpg"],[2,"1216744816_173811_10528_1-512.jpg"],[2,"1216744816_693851_10529_1-512.jpg"],[2,"1216744817_198815_10530_1-512.jpg"],[2,"1216744817_198815_10530_1-512.jpg"],[2,"1216744817_198815_10530_1-512.jpg"],[2,"1216744817_773870_10531_1-512.jpg"],[2,"1216744817_773870_10531_1-512.jpg"]],"design_ml":"designed","images":[]}
