{"MATERIAL":"corrugated metal","AVG_SLOPE":5.9205823559,"AVG_HEIGHT":5.63032340936,"TERAIN_SLP":7.97974301768,"AREA":64.8377425827,"VOLUME":365,"FLOORS":2,"INT_ZONE":"Borde Rural","FLOOD":1,"LANDSLIDE":"Amenaza Baja","LEGAL_ID":"358","LEGAL_NAME":"EL PARAISO","LEGAL_AREA":26.04,"LEGAL_LOTS":2077,"LEGAL_POP":11215.8,"LEGAL_DENS":79.76190476,"LEGALIZING":null,"BLOCK_ID_":"002565038","BLOCK_POP":158,"BLOCK_BLD":44,"BLOCK_RISK":5.638227,"BLOCK_EDU":0.73643571,"BLOCK_HLTH":23.340483,"BLOCK_TRAN":83.544456,"BLOCK_CULT":0,"BLOCK_PARK":44.635448,"BLOCK_SEC":49.876072,"BLOCK_CENT":0,"BLOCK_DEF":18.1818181818,"BLD_INHAB":4,"OBJECTID":2,"AO_225":0.2,"id":959,"preds_material":[[1,"1216741202_217715_1869_1-512.jpg"],[1,"1216741202_372667_1870_1-512.jpg"],[1,"1216741202_527650_1871_1-512.jpg"],[1,"1216741202_682666_1872_1-512.jpg"],[1,"1216741202_837648_1873_1-512.jpg"],[1,"1216741202_997635_1874_1-512.jpg"],[1,"1216741203_162658_1875_1-512.jpg"],[1,"1216741203_327619_1876_1-512.jpg"],[1,"1216741203_492670_1877_1-512.jpg"],[1,"1216741203_662660_1878_1-512.jpg"],[1,"1216741203_837641_1879_1-512.jpg"],[1,"1216741204_012824_1880_1-512.jpg"],[5,"1216743968_928025_9031_1-512.jpg"]],"material_ml":"brick","preds_construction":[[1,"1216741202_217715_1869_1-512.jpg"],[2,"1216741202_217715_1869_1-512.jpg"],[2,"1216741202_372667_1870_1-512.jpg"],[1,"1216741202_372667_1870_1-512.jpg"],[2,"1216741202_527650_1871_1-512.jpg"],[2,"1216741202_682666_1872_1-512.jpg"],[2,"1216741202_837648_1873_1-512.jpg"],[2,"1216741202_997635_1874_1-512.jpg"],[1,"1216741202_997635_1874_1-512.jpg"],[2,"1216741203_162658_1875_1-512.jpg"],[1,"1216741203_162658_1875_1-512.jpg"],[2,"1216741203_327619_1876_1-512.jpg"],[1,"1216741203_327619_1876_1-512.jpg"],[2,"1216741203_492670_1877_1-512.jpg"],[1,"1216741203_492670_1877_1-512.jpg"],[1,"1216741203_662660_1878_1-512.jpg"],[2,"1216741203_662660_1878_1-512.jpg"],[1,"1216741203_837641_1879_1-512.jpg"],[2,"1216741203_837641_1879_1-512.jpg"],[2,"1216741204_012824_1880_1-512.jpg"]],"construction_ml":"complete","preds_design":[[2,"1216741202_217715_1869_1-512.jpg"],[2,"1216741202_372667_1870_1-512.jpg"],[2,"1216741202_527650_1871_1-512.jpg"],[2,"1216741202_682666_1872_1-512.jpg"],[2,"1216741202_837648_1873_1-512.jpg"],[2,"1216741202_997635_1874_1-512.jpg"],[1,"1216741202_997635_1874_1-512.jpg"],[2,"1216741203_162658_1875_1-512.jpg"],[1,"1216741203_162658_1875_1-512.jpg"],[2,"1216741203_327619_1876_1-512.jpg"],[2,"1216741203_492670_1877_1-512.jpg"],[2,"1216741203_662660_1878_1-512.jpg"],[2,"1216741203_837641_1879_1-512.jpg"],[2,"1216741204_012824_1880_1-512.jpg"]],"design_ml":"designed","images":[]}
