{"MATERIAL":"corrugated metal","AVG_SLOPE":5.21247766337,"AVG_HEIGHT":6.14113297365,"TERAIN_SLP":14.5533106312,"AREA":65.2254101051,"VOLUME":401,"FLOORS":2,"INT_ZONE":"Borde Rural","FLOOD":2,"LANDSLIDE":"Amenaza Baja","LEGAL_ID":"358","LEGAL_NAME":"EL PARAISO","LEGAL_AREA":26.04,"LEGAL_LOTS":2077,"LEGAL_POP":11215.8,"LEGAL_DENS":79.76190476,"LEGALIZING":null,"BLOCK_ID_":"002565040","BLOCK_POP":161,"BLOCK_BLD":47,"BLOCK_RISK":3.9003148,"BLOCK_EDU":0.56070113,"BLOCK_HLTH":18.207903,"BLOCK_TRAN":90.775925,"BLOCK_CULT":0,"BLOCK_PARK":24.342993,"BLOCK_SEC":100,"BLOCK_CENT":0,"BLOCK_DEF":27.6595744681,"BLD_INHAB":3,"OBJECTID":2,"AO_225":0.2,"id":965,"preds_material":[[5,"1216741521_390902_2751_1-512.jpg"],[5,"1216745404_511128_11532_1-512.jpg"],[5,"1216745405_106333_11533_1-512.jpg"]],"material_ml":"painted","preds_construction":[[2,"1216741521_390902_2751_1-512.jpg"],[2,"1216745404_511128_11532_1-512.jpg"],[2,"1216745405_106333_11533_1-512.jpg"],[2,"1216745405_546287_11534_1-512.jpg"]],"construction_ml":"complete","preds_design":[[2,"1216741521_390902_2751_1-512.jpg"],[2,"1216745404_511128_11532_1-512.jpg"],[2,"1216745405_106333_11533_1-512.jpg"]],"design_ml":"designed","images":[]}
