{"MATERIAL":"corrugated metal","AVG_SLOPE":8.05257749563,"AVG_HEIGHT":8.75982857807,"TERAIN_SLP":8.40809277323,"AREA":64.954069833,"VOLUME":569,"FLOORS":3,"INT_ZONE":"Borde Rural","FLOOD":3,"LANDSLIDE":"Amenaza Baja","LEGAL_ID":"358","LEGAL_NAME":"EL PARAISO","LEGAL_AREA":26.04,"LEGAL_LOTS":2077,"LEGAL_POP":11215.8,"LEGAL_DENS":79.76190476,"LEGALIZING":null,"BLOCK_ID_":"002565040","BLOCK_POP":161,"BLOCK_BLD":47,"BLOCK_RISK":3.9003148,"BLOCK_EDU":0.56070113,"BLOCK_HLTH":18.207903,"BLOCK_TRAN":90.775925,"BLOCK_CULT":0,"BLOCK_PARK":24.342993,"BLOCK_SEC":100,"BLOCK_CENT":0,"BLOCK_DEF":27.6595744681,"BLD_INHAB":3,"OBJECTID":2,"AO_225":0.2,"id":966,"preds_material":[[1,"1216741404_716584_2395_1-512.jpg"],[5,"1216741404_716584_2395_3-512.jpg"],[1,"1216741404_896545_2396_1-512.jpg"],[5,"1216741404_896545_2396_1-512.jpg"],[5,"1216741404_896545_2396_3-512.jpg"],[5,"1216741404_896545_2396_3-512.jpg"],[1,"1216741405_086591_2397_1-512.jpg"],[5,"1216741405_086591_2397_3-512.jpg"],[1,"1216741405_281586_2398_1-512.jpg"],[5,"1216741405_281586_2398_1-512.jpg"],[5,"1216741405_281586_2398_3-512.jpg"],[1,"1216741405_481568_2399_1-512.jpg"],[5,"1216741405_481568_2399_1-512.jpg"],[5,"1216741405_481568_2399_3-512.jpg"],[3,"1216741405_481568_2399_3-512.jpg"],[5,"1216741405_686581_2400_1-512.jpg"],[1,"1216741405_686581_2400_1-512.jpg"],[5,"1216741405_686581_2400_3-512.jpg"],[1,"1216741405_686581_2400_3-512.jpg"],[3,"1216741405_686581_2400_3-512.jpg"],[1,"1216741405_896547_2401_1-512.jpg"],[5,"1216741405_896547_2401_3-512.jpg"]],"material_ml":"painted","preds_construction":[[2,"1216741404_716584_2395_1-512.jpg"],[2,"1216741404_716584_2395_3-512.jpg"],[2,"1216741404_896545_2396_1-512.jpg"],[2,"1216741404_896545_2396_1-512.jpg"],[2,"1216741404_896545_2396_3-512.jpg"],[2,"1216741404_896545_2396_3-512.jpg"],[2,"1216741405_086591_2397_1-512.jpg"],[2,"1216741405_086591_2397_3-512.jpg"],[2,"1216741405_281586_2398_1-512.jpg"],[2,"1216741405_281586_2398_1-512.jpg"],[2,"1216741405_281586_2398_3-512.jpg"],[2,"1216741405_481568_2399_1-512.jpg"],[2,"1216741405_481568_2399_1-512.jpg"],[2,"1216741405_481568_2399_3-512.jpg"],[2,"1216741405_686581_2400_1-512.jpg"],[2,"1216741405_686581_2400_1-512.jpg"],[2,"1216741405_686581_2400_3-512.jpg"],[1,"1216741405_686581_2400_3-512.jpg"],[2,"1216741405_896547_2401_1-512.jpg"],[2,"1216741405_896547_2401_3-512.jpg"]],"construction_ml":"complete","preds_design":[[2,"1216741404_716584_2395_1-512.jpg"],[2,"1216741404_716584_2395_3-512.jpg"],[2,"1216741404_896545_2396_1-512.jpg"],[1,"1216741404_896545_2396_1-512.jpg"],[2,"1216741404_896545_2396_3-512.jpg"],[1,"1216741404_896545_2396_3-512.jpg"],[2,"1216741405_086591_2397_1-512.jpg"],[2,"1216741405_086591_2397_3-512.jpg"],[2,"1216741405_281586_2398_1-512.jpg"],[2,"1216741405_281586_2398_1-512.jpg"],[2,"1216741405_281586_2398_3-512.jpg"],[2,"1216741405_481568_2399_1-512.jpg"],[2,"1216741405_481568_2399_1-512.jpg"],[2,"1216741405_481568_2399_3-512.jpg"],[1,"1216741405_481568_2399_3-512.jpg"],[2,"1216741405_686581_2400_1-512.jpg"],[2,"1216741405_686581_2400_1-512.jpg"],[2,"1216741405_686581_2400_3-512.jpg"],[1,"1216741405_686581_2400_3-512.jpg"],[2,"1216741405_896547_2401_1-512.jpg"],[2,"1216741405_896547_2401_3-512.jpg"]],"design_ml":"designed","images":[]}
