{"MATERIAL":"corrugated metal","AVG_SLOPE":4.39312335258,"AVG_HEIGHT":5.68923307908,"TERAIN_SLP":14.2955854076,"AREA":68.6544178579,"VOLUME":391,"FLOORS":2,"INT_ZONE":"Borde Rural","FLOOD":2,"LANDSLIDE":"Amenaza Baja","LEGAL_ID":"358","LEGAL_NAME":"EL PARAISO","LEGAL_AREA":26.04,"LEGAL_LOTS":2077,"LEGAL_POP":11215.8,"LEGAL_DENS":79.76190476,"LEGALIZING":null,"BLOCK_ID_":"002565039","BLOCK_POP":119,"BLOCK_BLD":36,"BLOCK_RISK":2.6516395,"BLOCK_EDU":0.63562399,"BLOCK_HLTH":20.488567,"BLOCK_TRAN":87.837326,"BLOCK_CULT":0,"BLOCK_PARK":41.410095,"BLOCK_SEC":46.758774,"BLOCK_CENT":0,"BLOCK_DEF":22.2222222222,"BLD_INHAB":3,"OBJECTID":2,"AO_225":0.2,"id":968,"preds_material":[[5,"1216741195_927662_1842_3-512.jpg"],[5,"1216741196_992700_1843_3-512.jpg"],[5,"1216741197_612707_1844_3-512.jpg"],[5,"1216741197_987715_1845_3-512.jpg"],[5,"1216741198_287676_1846_3-512.jpg"],[5,"1216741198_552697_1847_3-512.jpg"],[5,"1216741409_566619_2412_3-512.jpg"]],"material_ml":"painted","preds_construction":[[2,"1216741196_992700_1843_3-512.jpg"],[2,"1216741197_612707_1844_3-512.jpg"],[2,"1216741197_987715_1845_3-512.jpg"],[2,"1216741198_287676_1846_3-512.jpg"],[2,"1216741198_552697_1847_3-512.jpg"],[2,"1216741409_566619_2412_3-512.jpg"]],"construction_ml":"complete","preds_design":[[2,"1216741196_992700_1843_3-512.jpg"],[2,"1216741197_612707_1844_3-512.jpg"],[2,"1216741197_987715_1845_3-512.jpg"],[2,"1216741198_287676_1846_3-512.jpg"],[2,"1216741409_566619_2412_3-512.jpg"]],"design_ml":"designed","images":[]}
