{"MATERIAL":"corrugated metal","AVG_SLOPE":5.02877233633,"AVG_HEIGHT":1.3870583701,"TERAIN_SLP":8.82378669797,"AREA":68.4268635406,"VOLUME":95,"FLOORS":1,"INT_ZONE":"Borde Rural","FLOOD":1,"LANDSLIDE":"Amenaza Baja","LEGAL_ID":"358","LEGAL_NAME":"EL PARAISO","LEGAL_AREA":26.04,"LEGAL_LOTS":2077,"LEGAL_POP":11215.8,"LEGAL_DENS":79.76190476,"LEGALIZING":null,"BLOCK_ID_":"002565039","BLOCK_POP":119,"BLOCK_BLD":36,"BLOCK_RISK":2.6516395,"BLOCK_EDU":0.63562399,"BLOCK_HLTH":20.488567,"BLOCK_TRAN":87.837326,"BLOCK_CULT":0,"BLOCK_PARK":41.410095,"BLOCK_SEC":46.758774,"BLOCK_CENT":0,"BLOCK_DEF":22.2222222222,"BLD_INHAB":3,"OBJECTID":2,"AO_225":0.2,"id":970,"preds_material":[[5,"1216741199_957704_1854_3-512.jpg"],[5,"1216741200_127630_1855_3-512.jpg"],[5,"1216741200_292666_1856_3-512.jpg"],[5,"1216741200_292666_1856_3-512.jpg"],[5,"1216741200_452664_1857_3-512.jpg"],[5,"1216741200_452664_1857_3-512.jpg"],[5,"1216741200_607673_1858_3-512.jpg"],[5,"1216741200_607673_1858_3-512.jpg"],[5,"1216741200_757637_1859_3-512.jpg"],[5,"1216741200_757637_1859_3-512.jpg"],[5,"1216741200_757637_1859_3-512.jpg"],[5,"1216741200_907665_1860_3-512.jpg"],[5,"1216741200_907665_1860_3-512.jpg"],[5,"1216741201_052812_1861_3-512.jpg"]],"material_ml":"painted","preds_construction":[[2,"1216741199_957704_1854_3-512.jpg"],[2,"1216741200_127630_1855_3-512.jpg"],[2,"1216741200_292666_1856_3-512.jpg"],[2,"1216741200_292666_1856_3-512.jpg"],[2,"1216741200_452664_1857_3-512.jpg"],[2,"1216741200_607673_1858_3-512.jpg"],[2,"1216741200_607673_1858_3-512.jpg"],[2,"1216741200_757637_1859_3-512.jpg"],[2,"1216741200_757637_1859_3-512.jpg"],[2,"1216741200_757637_1859_3-512.jpg"],[2,"1216741200_907665_1860_3-512.jpg"],[2,"1216741200_907665_1860_3-512.jpg"],[2,"1216741201_052812_1861_3-512.jpg"]],"construction_ml":"complete","preds_design":[[2,"1216741199_957704_1854_3-512.jpg"],[2,"1216741200_127630_1855_3-512.jpg"],[2,"1216741200_292666_1856_3-512.jpg"],[2,"1216741200_292666_1856_3-512.jpg"],[2,"1216741200_452664_1857_3-512.jpg"],[2,"1216741200_452664_1857_3-512.jpg"],[2,"1216741200_607673_1858_3-512.jpg"],[1,"1216741200_607673_1858_3-512.jpg"],[2,"1216741200_607673_1858_3-512.jpg"],[2,"1216741200_757637_1859_3-512.jpg"],[1,"1216741200_757637_1859_3-512.jpg"],[2,"1216741200_757637_1859_3-512.jpg"],[2,"1216741200_907665_1860_3-512.jpg"],[1,"1216741200_907665_1860_3-512.jpg"],[2,"1216741201_052812_1861_3-512.jpg"]],"design_ml":"designed","images":[]}
