{"MATERIAL":"corrugated metal","AVG_SLOPE":5.60804856834,"AVG_HEIGHT":4.13218571475,"TERAIN_SLP":10.9179905954,"AREA":60.7282107359,"VOLUME":251,"FLOORS":2,"INT_ZONE":"Borde Rural","FLOOD":1,"LANDSLIDE":"Amenaza Baja","LEGAL_ID":"358","LEGAL_NAME":"EL PARAISO","LEGAL_AREA":26.04,"LEGAL_LOTS":2077,"LEGAL_POP":11215.8,"LEGAL_DENS":79.76190476,"LEGALIZING":null,"BLOCK_ID_":"002565040","BLOCK_POP":161,"BLOCK_BLD":47,"BLOCK_RISK":3.9003148,"BLOCK_EDU":0.56070113,"BLOCK_HLTH":18.207903,"BLOCK_TRAN":90.775925,"BLOCK_CULT":0,"BLOCK_PARK":24.342993,"BLOCK_SEC":100,"BLOCK_CENT":0,"BLOCK_DEF":27.6595744681,"BLD_INHAB":3,"OBJECTID":2,"AO_225":0.2,"id":973,"preds_material":[[5,"1216745410_311098_11554_1-512.jpg"],[5,"1216745410_526056_11555_1-512.jpg"],[5,"1216745410_751108_11556_1-512.jpg"],[5,"1216745410_981091_11557_1-512.jpg"],[5,"1216745411_211118_11558_1-512.jpg"],[5,"1216745411_521159_11559_1-512.jpg"]],"material_ml":"painted","preds_construction":[[1,"1216745410_311098_11554_1-512.jpg"],[1,"1216745410_526056_11555_1-512.jpg"],[1,"1216745410_751108_11556_1-512.jpg"],[1,"1216745410_981091_11557_1-512.jpg"],[2,"1216745410_981091_11557_1-512.jpg"],[2,"1216745411_211118_11558_1-512.jpg"],[1,"1216745411_211118_11558_1-512.jpg"],[1,"1216745411_521159_11559_1-512.jpg"],[2,"1216745411_521159_11559_1-512.jpg"]],"construction_ml":"incomplete","preds_design":[[1,"1216745410_311098_11554_1-512.jpg"],[1,"1216745410_526056_11555_1-512.jpg"],[1,"1216745410_751108_11556_1-512.jpg"],[1,"1216745410_981091_11557_1-512.jpg"],[1,"1216745411_211118_11558_1-512.jpg"],[1,"1216745411_521159_11559_1-512.jpg"]],"design_ml":"undesigned","images":[]}
