{"MATERIAL":"corrugated metal","AVG_SLOPE":10.1102880749,"AVG_HEIGHT":2.75892930212,"TERAIN_SLP":11.4003326895,"AREA":67.3872388485,"VOLUME":186,"FLOORS":1,"INT_ZONE":"Borde Rural","FLOOD":2,"LANDSLIDE":"Amenaza Baja","LEGAL_ID":"358","LEGAL_NAME":"EL PARAISO","LEGAL_AREA":26.04,"LEGAL_LOTS":2077,"LEGAL_POP":11215.8,"LEGAL_DENS":79.76190476,"LEGALIZING":null,"BLOCK_ID_":"002565040","BLOCK_POP":161,"BLOCK_BLD":47,"BLOCK_RISK":3.9003148,"BLOCK_EDU":0.56070113,"BLOCK_HLTH":18.207903,"BLOCK_TRAN":90.775925,"BLOCK_CULT":0,"BLOCK_PARK":24.342993,"BLOCK_SEC":100,"BLOCK_CENT":0,"BLOCK_DEF":27.6595744681,"BLD_INHAB":3,"OBJECTID":2,"AO_225":0.2,"id":974,"preds_material":[[5,"1216741409_566619_2412_1-512.jpg"],[5,"1216741409_911559_2413_1-512.jpg"],[1,"1216741409_911559_2413_1-512.jpg"],[5,"1216741409_911559_2413_3-512.jpg"],[5,"1216741409_911559_2413_3-512.jpg"],[5,"1216741410_211549_2414_1-512.jpg"],[5,"1216741410_211549_2414_3-512.jpg"],[5,"1216741410_211549_2414_3-512.jpg"],[5,"1216741410_486572_2415_1-512.jpg"],[5,"1216741410_486572_2415_1-512.jpg"],[5,"1216741410_486572_2415_3-512.jpg"],[2,"1216741410_486572_2415_3-512.jpg"],[5,"1216741410_741537_2416_1-512.jpg"],[5,"1216741410_741537_2416_1-512.jpg"],[5,"1216741410_741537_2416_3-512.jpg"],[5,"1216741410_741537_2416_3-512.jpg"],[5,"1216741410_986542_2417_1-512.jpg"],[5,"1216741410_986542_2417_1-512.jpg"],[5,"1216741410_986542_2417_3-512.jpg"],[5,"1216741410_986542_2417_3-512.jpg"],[5,"1216741411_216742_2418_1-512.jpg"],[5,"1216741411_216742_2418_3-512.jpg"]],"material_ml":"painted","preds_construction":[[1,"1216741409_566619_2412_1-512.jpg"],[1,"1216741409_911559_2413_1-512.jpg"],[2,"1216741409_911559_2413_1-512.jpg"],[2,"1216741409_911559_2413_3-512.jpg"],[2,"1216741409_911559_2413_3-512.jpg"],[1,"1216741410_211549_2414_1-512.jpg"],[2,"1216741410_211549_2414_1-512.jpg"],[2,"1216741410_211549_2414_3-512.jpg"],[2,"1216741410_211549_2414_3-512.jpg"],[1,"1216741410_486572_2415_1-512.jpg"],[2,"1216741410_486572_2415_1-512.jpg"],[2,"1216741410_486572_2415_3-512.jpg"],[2,"1216741410_741537_2416_1-512.jpg"],[1,"1216741410_741537_2416_1-512.jpg"],[2,"1216741410_741537_2416_3-512.jpg"],[2,"1216741410_741537_2416_3-512.jpg"],[2,"1216741410_986542_2417_1-512.jpg"],[1,"1216741410_986542_2417_1-512.jpg"],[2,"1216741410_986542_2417_3-512.jpg"],[2,"1216741410_986542_2417_3-512.jpg"],[1,"1216741411_216742_2418_1-512.jpg"],[2,"1216741411_216742_2418_3-512.jpg"]],"construction_ml":"complete","preds_design":[[2,"1216741409_566619_2412_1-512.jpg"],[2,"1216741409_911559_2413_1-512.jpg"],[1,"1216741409_911559_2413_1-512.jpg"],[2,"1216741409_911559_2413_3-512.jpg"],[1,"1216741409_911559_2413_3-512.jpg"],[2,"1216741410_211549_2414_1-512.jpg"],[2,"1216741410_211549_2414_3-512.jpg"],[1,"1216741410_211549_2414_3-512.jpg"],[2,"1216741410_486572_2415_1-512.jpg"],[2,"1216741410_486572_2415_1-512.jpg"],[2,"1216741410_486572_2415_3-512.jpg"],[2,"1216741410_741537_2416_1-512.jpg"],[2,"1216741410_741537_2416_1-512.jpg"],[2,"1216741410_741537_2416_3-512.jpg"],[1,"1216741410_741537_2416_3-512.jpg"],[2,"1216741410_986542_2417_1-512.jpg"],[2,"1216741410_986542_2417_1-512.jpg"],[2,"1216741410_986542_2417_3-512.jpg"],[1,"1216741410_986542_2417_3-512.jpg"],[2,"1216741411_216742_2418_1-512.jpg"],[2,"1216741411_216742_2418_3-512.jpg"]],"design_ml":"designed","images":[]}
