{"MATERIAL":"extreme haphazard","AVG_SLOPE":10.8974495449,"AVG_HEIGHT":0.54761605362,"TERAIN_SLP":12.1371213461,"AREA":51.7418056487,"VOLUME":28,"FLOORS":1,"INT_ZONE":"Borde Rural","FLOOD":2,"LANDSLIDE":"Amenaza Baja","LEGAL_ID":"358","LEGAL_NAME":"EL PARAISO","LEGAL_AREA":26.04,"LEGAL_LOTS":2077,"LEGAL_POP":11215.8,"LEGAL_DENS":79.76190476,"LEGALIZING":null,"BLOCK_ID_":"002565040","BLOCK_POP":161,"BLOCK_BLD":47,"BLOCK_RISK":3.9003148,"BLOCK_EDU":0.56070113,"BLOCK_HLTH":18.207903,"BLOCK_TRAN":90.775925,"BLOCK_CULT":0,"BLOCK_PARK":24.342993,"BLOCK_SEC":100,"BLOCK_CENT":0,"BLOCK_DEF":27.6595744681,"BLD_INHAB":3,"OBJECTID":2,"AO_225":0.2,"id":979,"preds_material":[[5,"1216741403_271606_2387_1-512.jpg"],[5,"1216741403_456585_2388_1-512.jpg"],[5,"1216741403_636602_2389_1-512.jpg"],[5,"1216741403_816548_2390_1-512.jpg"],[5,"1216741403_816548_2390_1-512.jpg"],[5,"1216741403_816548_2390_3-512.jpg"],[1,"1216741403_816548_2390_3-512.jpg"],[6,"1216741403_816548_2390_3-512.jpg"],[5,"1216741404_001601_2391_1-512.jpg"],[1,"1216741404_001601_2391_3-512.jpg"],[5,"1216741404_001601_2391_3-512.jpg"],[5,"1216741404_001601_2391_3-512.jpg"],[6,"1216741404_001601_2391_3-512.jpg"],[5,"1216741404_001601_2391_3-512.jpg"],[5,"1216741404_181553_2392_1-512.jpg"],[5,"1216741404_181553_2392_1-512.jpg"],[1,"1216741404_181553_2392_1-512.jpg"],[5,"1216741404_181553_2392_3-512.jpg"],[1,"1216741404_181553_2392_3-512.jpg"],[5,"1216741404_356562_2393_1-512.jpg"],[1,"1216741404_356562_2393_1-512.jpg"],[5,"1216741404_356562_2393_3-512.jpg"],[5,"1216741404_356562_2393_3-512.jpg"],[5,"1216741404_536775_2394_1-512.jpg"],[1,"1216741404_536775_2394_1-512.jpg"],[5,"1216741404_536775_2394_3-512.jpg"],[5,"1216741404_536775_2394_3-512.jpg"],[5,"1216741404_716584_2395_1-512.jpg"]],"material_ml":"painted","preds_construction":[[2,"1216741403_271606_2387_1-512.jpg"],[2,"1216741403_456585_2388_1-512.jpg"],[2,"1216741403_636602_2389_1-512.jpg"],[2,"1216741403_816548_2390_1-512.jpg"],[2,"1216741403_816548_2390_1-512.jpg"],[2,"1216741403_816548_2390_3-512.jpg"],[2,"1216741403_816548_2390_3-512.jpg"],[1,"1216741403_816548_2390_3-512.jpg"],[2,"1216741404_001601_2391_1-512.jpg"],[2,"1216741404_001601_2391_3-512.jpg"],[1,"1216741404_001601_2391_3-512.jpg"],[2,"1216741404_181553_2392_1-512.jpg"],[2,"1216741404_181553_2392_3-512.jpg"],[2,"1216741404_356562_2393_1-512.jpg"],[2,"1216741404_356562_2393_1-512.jpg"],[2,"1216741404_356562_2393_3-512.jpg"],[2,"1216741404_356562_2393_3-512.jpg"],[1,"1216741404_356562_2393_3-512.jpg"],[2,"1216741404_536775_2394_1-512.jpg"],[2,"1216741404_536775_2394_1-512.jpg"],[2,"1216741404_536775_2394_3-512.jpg"],[2,"1216741404_536775_2394_3-512.jpg"],[2,"1216741404_716584_2395_1-512.jpg"]],"construction_ml":"complete","preds_design":[[1,"1216741403_271606_2387_1-512.jpg"],[1,"1216741403_456585_2388_1-512.jpg"],[1,"1216741403_636602_2389_1-512.jpg"],[1,"1216741403_816548_2390_1-512.jpg"],[1,"1216741403_816548_2390_1-512.jpg"],[1,"1216741403_816548_2390_3-512.jpg"],[2,"1216741403_816548_2390_3-512.jpg"],[1,"1216741403_816548_2390_3-512.jpg"],[1,"1216741404_001601_2391_1-512.jpg"],[1,"1216741404_001601_2391_3-512.jpg"],[1,"1216741404_181553_2392_1-512.jpg"],[1,"1216741404_181553_2392_1-512.jpg"],[2,"1216741404_181553_2392_1-512.jpg"],[1,"1216741404_181553_2392_3-512.jpg"],[2,"1216741404_181553_2392_3-512.jpg"],[1,"1216741404_356562_2393_1-512.jpg"],[2,"1216741404_356562_2393_1-512.jpg"],[1,"1216741404_356562_2393_3-512.jpg"],[2,"1216741404_356562_2393_3-512.jpg"],[1,"1216741404_536775_2394_1-512.jpg"],[2,"1216741404_536775_2394_1-512.jpg"],[2,"1216741404_536775_2394_3-512.jpg"],[1,"1216741404_536775_2394_3-512.jpg"],[1,"1216741404_716584_2395_1-512.jpg"]],"design_ml":"undesigned","images":[]}
