{"MATERIAL":"corrugated metal - rusty","AVG_SLOPE":13.1679508087,"AVG_HEIGHT":3.97913848733,"TERAIN_SLP":4.47060182715,"AREA":89.3330618956,"VOLUME":355,"FLOORS":2,"INT_ZONE":"Borde Rural","FLOOD":1,"LANDSLIDE":"Amenaza Baja","LEGAL_ID":"358","LEGAL_NAME":"EL PARAISO","LEGAL_AREA":26.04,"LEGAL_LOTS":2077,"LEGAL_POP":11215.8,"LEGAL_DENS":79.76190476,"LEGALIZING":null,"BLOCK_ID_":"002565039","BLOCK_POP":119,"BLOCK_BLD":36,"BLOCK_RISK":2.6516395,"BLOCK_EDU":0.63562399,"BLOCK_HLTH":20.488567,"BLOCK_TRAN":87.837326,"BLOCK_CULT":0,"BLOCK_PARK":41.410095,"BLOCK_SEC":46.758774,"BLOCK_CENT":0,"BLOCK_DEF":22.2222222222,"BLD_INHAB":3,"OBJECTID":2,"AO_225":0.2,"id":980,"preds_material":[[5,"1216741187_827693_1827_3-512.jpg"],[5,"1216741188_067704_1828_3-512.jpg"],[5,"1216741188_312756_1829_3-512.jpg"],[5,"1216741188_312756_1829_3-512.jpg"],[5,"1216741188_582720_1830_3-512.jpg"],[5,"1216741188_882743_1831_3-512.jpg"],[5,"1216741189_222898_1832_3-512.jpg"],[5,"1216741189_632724_1833_3-512.jpg"],[5,"1216741190_127680_1834_3-512.jpg"],[5,"1216741190_127680_1834_3-512.jpg"]],"material_ml":"painted","preds_construction":[[2,"1216741187_827693_1827_3-512.jpg"],[2,"1216741188_067704_1828_3-512.jpg"],[2,"1216741188_312756_1829_3-512.jpg"],[2,"1216741188_312756_1829_3-512.jpg"],[1,"1216741188_312756_1829_3-512.jpg"],[2,"1216741188_582720_1830_3-512.jpg"],[2,"1216741188_882743_1831_3-512.jpg"],[2,"1216741189_222898_1832_3-512.jpg"],[2,"1216741189_632724_1833_3-512.jpg"],[2,"1216741190_127680_1834_3-512.jpg"],[2,"1216741190_687688_1835_3-512.jpg"]],"construction_ml":"complete","preds_design":[[2,"1216741187_827693_1827_3-512.jpg"],[2,"1216741188_067704_1828_3-512.jpg"],[2,"1216741188_312756_1829_3-512.jpg"],[1,"1216741188_312756_1829_3-512.jpg"],[2,"1216741188_582720_1830_3-512.jpg"],[2,"1216741188_882743_1831_3-512.jpg"],[2,"1216741189_222898_1832_3-512.jpg"],[2,"1216741189_632724_1833_3-512.jpg"],[2,"1216741190_127680_1834_3-512.jpg"],[2,"1216741190_687688_1835_3-512.jpg"]],"design_ml":"designed","images":[]}
