{"MATERIAL":"corrugated metal - dark","AVG_SLOPE":4.78090248972,"AVG_HEIGHT":3.79286257902,"TERAIN_SLP":12.1164911568,"AREA":130.054743283,"VOLUME":493,"FLOORS":2,"INT_ZONE":"Borde Rural","FLOOD":3,"LANDSLIDE":"Amenaza Baja","LEGAL_ID":"358","LEGAL_NAME":"EL PARAISO","LEGAL_AREA":26.04,"LEGAL_LOTS":2077,"LEGAL_POP":11215.8,"LEGAL_DENS":79.76190476,"LEGALIZING":null,"BLOCK_ID_":"002565040","BLOCK_POP":161,"BLOCK_BLD":47,"BLOCK_RISK":3.9003148,"BLOCK_EDU":0.56070113,"BLOCK_HLTH":18.207903,"BLOCK_TRAN":90.775925,"BLOCK_CULT":0,"BLOCK_PARK":24.342993,"BLOCK_SEC":100,"BLOCK_CENT":0,"BLOCK_DEF":27.6595744681,"BLD_INHAB":3,"OBJECTID":2,"AO_225":0.2,"id":987,"preds_material":[[5,"1216741416_091752_2441_1-512.jpg"],[5,"1216741416_416499_2442_1-512.jpg"],[5,"1216741416_416499_2442_3-512.jpg"],[5,"1216741416_416499_2442_3-512.jpg"],[5,"1216741416_766488_2443_1-512.jpg"],[5,"1216741416_766488_2443_3-512.jpg"],[5,"1216741416_766488_2443_3-512.jpg"],[5,"1216741417_151745_2444_1-512.jpg"],[5,"1216741417_151745_2444_3-512.jpg"],[1,"1216741417_151745_2444_3-512.jpg"],[5,"1216741417_586497_2445_1-512.jpg"],[5,"1216741417_586497_2445_3-512.jpg"],[1,"1216741417_586497_2445_3-512.jpg"],[6,"1216741417_586497_2445_3-512.jpg"],[5,"1216741418_066513_2446_1-512.jpg"],[5,"1216741418_066513_2446_3-512.jpg"],[5,"1216741418_066513_2446_3-512.jpg"],[6,"1216741418_066513_2446_3-512.jpg"],[5,"1216741418_731752_2447_1-512.jpg"],[5,"1216741418_731752_2447_3-512.jpg"],[5,"1216741418_731752_2447_3-512.jpg"],[6,"1216741418_731752_2447_3-512.jpg"],[1,"1216741418_731752_2447_3-512.jpg"],[5,"1216741419_546765_2448_1-512.jpg"],[5,"1216741419_546765_2448_3-512.jpg"],[1,"1216741419_546765_2448_3-512.jpg"],[6,"1216741419_546765_2448_3-512.jpg"],[5,"1216741419_546765_2448_3-512.jpg"],[5,"1216741420_271503_2449_1-512.jpg"],[5,"1216741420_271503_2449_3-512.jpg"],[1,"1216741420_271503_2449_3-512.jpg"],[6,"1216741420_271503_2449_3-512.jpg"],[5,"1216741420_271503_2449_3-512.jpg"],[5,"1216741420_886493_2450_1-512.jpg"],[1,"1216741420_886493_2450_3-512.jpg"],[5,"1216741420_886493_2450_3-512.jpg"],[5,"1216741420_886493_2450_3-512.jpg"],[5,"1216741421_426455_2451_1-512.jpg"],[5,"1216741421_426455_2451_1-512.jpg"],[1,"1216741421_426455_2451_3-512.jpg"],[5,"1216741421_426455_2451_3-512.jpg"],[5,"1216741421_886490_2452_1-512.jpg"],[5,"1216741421_886490_2452_1-512.jpg"],[1,"1216741421_886490_2452_3-512.jpg"],[5,"1216741421_886490_2452_3-512.jpg"],[6,"1216741421_886490_2452_3-512.jpg"],[5,"1216741422_281490_2453_1-512.jpg"],[1,"1216741422_281490_2453_3-512.jpg"]],"material_ml":"painted","preds_construction":[[2,"1216741416_091752_2441_1-512.jpg"],[2,"1216741416_416499_2442_1-512.jpg"],[2,"1216741416_416499_2442_3-512.jpg"],[2,"1216741416_416499_2442_3-512.jpg"],[2,"1216741416_766488_2443_1-512.jpg"],[2,"1216741416_766488_2443_3-512.jpg"],[2,"1216741416_766488_2443_3-512.jpg"],[2,"1216741416_766488_2443_3-512.jpg"],[2,"1216741417_151745_2444_1-512.jpg"],[2,"1216741417_151745_2444_3-512.jpg"],[2,"1216741417_151745_2444_3-512.jpg"],[2,"1216741417_586497_2445_1-512.jpg"],[2,"1216741417_586497_2445_3-512.jpg"],[2,"1216741417_586497_2445_3-512.jpg"],[2,"1216741418_066513_2446_1-512.jpg"],[2,"1216741418_066513_2446_3-512.jpg"],[2,"1216741418_066513_2446_3-512.jpg"],[2,"1216741418_731752_2447_1-512.jpg"],[2,"1216741418_731752_2447_3-512.jpg"],[2,"1216741418_731752_2447_3-512.jpg"],[2,"1216741419_546765_2448_1-512.jpg"],[2,"1216741419_546765_2448_3-512.jpg"],[2,"1216741419_546765_2448_3-512.jpg"],[2,"1216741420_271503_2449_1-512.jpg"],[2,"1216741420_271503_2449_3-512.jpg"],[2,"1216741420_271503_2449_3-512.jpg"],[2,"1216741420_886493_2450_1-512.jpg"],[2,"1216741420_886493_2450_3-512.jpg"],[2,"1216741421_426455_2451_1-512.jpg"],[2,"1216741421_426455_2451_1-512.jpg"],[2,"1216741421_426455_2451_3-512.jpg"],[2,"1216741421_426455_2451_3-512.jpg"],[2,"1216741421_886490_2452_1-512.jpg"],[2,"1216741421_886490_2452_1-512.jpg"],[2,"1216741421_886490_2452_3-512.jpg"],[2,"1216741421_886490_2452_3-512.jpg"],[2,"1216741422_281490_2453_1-512.jpg"],[2,"1216741422_281490_2453_3-512.jpg"]],"construction_ml":"complete","preds_design":[[2,"1216741416_091752_2441_1-512.jpg"],[2,"1216741416_416499_2442_1-512.jpg"],[2,"1216741416_416499_2442_3-512.jpg"],[1,"1216741416_416499_2442_3-512.jpg"],[2,"1216741416_416499_2442_3-512.jpg"],[2,"1216741416_766488_2443_1-512.jpg"],[1,"1216741416_766488_2443_3-512.jpg"],[2,"1216741416_766488_2443_3-512.jpg"],[2,"1216741416_766488_2443_3-512.jpg"],[2,"1216741417_151745_2444_1-512.jpg"],[1,"1216741417_151745_2444_3-512.jpg"],[2,"1216741417_151745_2444_3-512.jpg"],[2,"1216741417_151745_2444_3-512.jpg"],[2,"1216741417_586497_2445_1-512.jpg"],[2,"1216741417_586497_2445_3-512.jpg"],[1,"1216741417_586497_2445_3-512.jpg"],[2,"1216741417_586497_2445_3-512.jpg"],[2,"1216741418_066513_2446_1-512.jpg"],[2,"1216741418_066513_2446_3-512.jpg"],[1,"1216741418_066513_2446_3-512.jpg"],[2,"1216741418_066513_2446_3-512.jpg"],[2,"1216741418_731752_2447_1-512.jpg"],[2,"1216741418_731752_2447_3-512.jpg"],[2,"1216741418_731752_2447_3-512.jpg"],[1,"1216741418_731752_2447_3-512.jpg"],[2,"1216741419_546765_2448_1-512.jpg"],[2,"1216741419_546765_2448_3-512.jpg"],[2,"1216741419_546765_2448_3-512.jpg"],[2,"1216741420_271503_2449_1-512.jpg"],[2,"1216741420_271503_2449_3-512.jpg"],[2,"1216741420_271503_2449_3-512.jpg"],[2,"1216741420_886493_2450_1-512.jpg"],[2,"1216741420_886493_2450_3-512.jpg"],[2,"1216741421_426455_2451_1-512.jpg"],[1,"1216741421_426455_2451_1-512.jpg"],[2,"1216741421_426455_2451_3-512.jpg"],[2,"1216741421_426455_2451_3-512.jpg"],[1,"1216741421_426455_2451_3-512.jpg"],[2,"1216741421_886490_2452_1-512.jpg"],[1,"1216741421_886490_2452_1-512.jpg"],[2,"1216741421_886490_2452_3-512.jpg"],[2,"1216741421_886490_2452_3-512.jpg"],[1,"1216741421_886490_2452_3-512.jpg"],[2,"1216741422_281490_2453_1-512.jpg"],[2,"1216741422_281490_2453_3-512.jpg"]],"design_ml":"designed","images":[]}
