{"MATERIAL":"corrugated metal - painted","AVG_SLOPE":8.16051196776,"AVG_HEIGHT":9.16641444856,"TERAIN_SLP":2.25979033616,"AREA":84.3454804383,"VOLUME":773,"FLOORS":3,"INT_ZONE":"Borde Rural","FLOOD":2,"LANDSLIDE":"Amenaza Baja","LEGAL_ID":"358","LEGAL_NAME":"EL PARAISO","LEGAL_AREA":26.04,"LEGAL_LOTS":2077,"LEGAL_POP":11215.8,"LEGAL_DENS":79.76190476,"LEGALIZING":null,"BLOCK_ID_":"002565023","BLOCK_POP":147,"BLOCK_BLD":35,"BLOCK_RISK":9.4944563,"BLOCK_EDU":0.56284523,"BLOCK_HLTH":18.27063,"BLOCK_TRAN":85.020897,"BLOCK_CULT":0,"BLOCK_PARK":22.599808,"BLOCK_SEC":100,"BLOCK_CENT":0,"BLOCK_DEF":22.8571428571,"BLD_INHAB":4,"OBJECTID":2,"AO_225":0.2,"id":992,"preds_material":[[5,"1216741501_226074_2695_1-512.jpg"],[5,"1216741504_246042_2702_1-512.jpg"],[1,"1216745386_591291_11517_1-512.jpg"],[1,"1216745386_791214_11518_1-512.jpg"],[1,"1216745387_056190_11519_1-512.jpg"],[1,"1216745387_326190_11520_1-512.jpg"],[1,"1216745387_611170_11521_1-512.jpg"],[1,"1216745387_856225_11522_1-512.jpg"],[1,"1216745388_111293_11523_1-512.jpg"],[5,"1216745388_111293_11523_1-512.jpg"],[1,"1216745388_376251_11524_1-512.jpg"],[5,"1216745388_376251_11524_1-512.jpg"],[1,"1216745388_641134_11525_1-512.jpg"],[5,"1216745388_641134_11525_1-512.jpg"],[5,"1216745388_911162_11526_1-512.jpg"],[1,"1216745388_911162_11526_1-512.jpg"],[5,"1216745389_191308_11527_1-512.jpg"],[5,"1216745389_486139_11528_1-512.jpg"],[5,"1216745389_796309_11529_1-512.jpg"],[5,"1216745390_176232_11530_1-512.jpg"]],"material_ml":"brick","preds_construction":[[2,"1216741501_226074_2695_1-512.jpg"],[2,"1216741504_246042_2702_1-512.jpg"],[2,"1216745386_591291_11517_1-512.jpg"],[2,"1216745386_791214_11518_1-512.jpg"],[2,"1216745387_056190_11519_1-512.jpg"],[2,"1216745387_326190_11520_1-512.jpg"],[2,"1216745387_611170_11521_1-512.jpg"],[2,"1216745387_856225_11522_1-512.jpg"],[2,"1216745387_856225_11522_1-512.jpg"],[2,"1216745388_111293_11523_1-512.jpg"],[2,"1216745388_111293_11523_1-512.jpg"],[2,"1216745388_376251_11524_1-512.jpg"],[2,"1216745388_376251_11524_1-512.jpg"],[2,"1216745388_641134_11525_1-512.jpg"],[2,"1216745388_641134_11525_1-512.jpg"],[2,"1216745388_911162_11526_1-512.jpg"],[2,"1216745388_911162_11526_1-512.jpg"],[2,"1216745389_191308_11527_1-512.jpg"],[2,"1216745389_191308_11527_1-512.jpg"],[2,"1216745389_486139_11528_1-512.jpg"],[2,"1216745389_486139_11528_1-512.jpg"],[2,"1216745389_796309_11529_1-512.jpg"],[2,"1216745390_176232_11530_1-512.jpg"]],"construction_ml":"complete","preds_design":[[2,"1216741501_226074_2695_1-512.jpg"],[2,"1216741504_246042_2702_1-512.jpg"],[2,"1216745386_591291_11517_1-512.jpg"],[2,"1216745386_791214_11518_1-512.jpg"],[2,"1216745387_056190_11519_1-512.jpg"],[2,"1216745387_056190_11519_1-512.jpg"],[2,"1216745387_326190_11520_1-512.jpg"],[2,"1216745387_611170_11521_1-512.jpg"],[2,"1216745387_611170_11521_1-512.jpg"],[2,"1216745387_856225_11522_1-512.jpg"],[2,"1216745387_856225_11522_1-512.jpg"],[2,"1216745388_111293_11523_1-512.jpg"],[2,"1216745388_111293_11523_1-512.jpg"],[2,"1216745388_376251_11524_1-512.jpg"],[2,"1216745388_376251_11524_1-512.jpg"],[2,"1216745388_641134_11525_1-512.jpg"],[2,"1216745388_641134_11525_1-512.jpg"],[2,"1216745388_911162_11526_1-512.jpg"],[2,"1216745388_911162_11526_1-512.jpg"],[2,"1216745389_191308_11527_1-512.jpg"],[2,"1216745389_486139_11528_1-512.jpg"],[2,"1216745389_486139_11528_1-512.jpg"],[2,"1216745389_796309_11529_1-512.jpg"],[2,"1216745389_796309_11529_1-512.jpg"],[2,"1216745390_176232_11530_1-512.jpg"],[2,"1216745390_176232_11530_1-512.jpg"]],"design_ml":"designed","images":[]}
