{"MATERIAL":"corrugated metal","AVG_SLOPE":7.46084571299,"AVG_HEIGHT":2.44905169001,"TERAIN_SLP":14.1167272334,"AREA":65.0050268284,"VOLUME":159,"FLOORS":1,"INT_ZONE":"Borde Rural","FLOOD":2,"LANDSLIDE":"Amenaza Baja","LEGAL_ID":"358","LEGAL_NAME":"EL PARAISO","LEGAL_AREA":26.04,"LEGAL_LOTS":2077,"LEGAL_POP":11215.8,"LEGAL_DENS":79.76190476,"LEGALIZING":null,"BLOCK_ID_":"002565039","BLOCK_POP":119,"BLOCK_BLD":36,"BLOCK_RISK":2.6516395,"BLOCK_EDU":0.63562399,"BLOCK_HLTH":20.488567,"BLOCK_TRAN":87.837326,"BLOCK_CULT":0,"BLOCK_PARK":41.410095,"BLOCK_SEC":46.758774,"BLOCK_CENT":0,"BLOCK_DEF":22.2222222222,"BLD_INHAB":3,"OBJECTID":2,"AO_225":0.2,"id":993,"preds_material":[[5,"1216741182_332752_1795_3-512.jpg"],[5,"1216741182_332752_1795_3-512.jpg"],[5,"1216741182_552787_1796_3-512.jpg"],[5,"1216741182_747736_1797_3-512.jpg"],[5,"1216741182_927730_1798_3-512.jpg"],[5,"1216741183_102772_1799_3-512.jpg"],[5,"1216741183_277747_1800_3-512.jpg"],[5,"1216741183_447732_1801_3-512.jpg"],[5,"1216741183_607728_1802_3-512.jpg"],[5,"1216741183_767732_1803_3-512.jpg"],[5,"1216741183_922774_1804_3-512.jpg"],[5,"1216741184_077715_1805_3-512.jpg"],[5,"1216741184_227770_1806_3-512.jpg"],[5,"1216741184_227770_1806_3-512.jpg"],[5,"1216741184_227770_1806_3-512.jpg"],[5,"1216741184_372787_1807_3-512.jpg"],[5,"1216741184_372787_1807_3-512.jpg"],[5,"1216741184_517724_1808_3-512.jpg"],[5,"1216741184_517724_1808_3-512.jpg"],[5,"1216741184_667710_1809_3-512.jpg"],[5,"1216741184_667710_1809_3-512.jpg"],[5,"1216741184_817742_1810_3-512.jpg"]],"material_ml":"painted","preds_construction":[[2,"1216741182_332752_1795_3-512.jpg"],[2,"1216741182_552787_1796_3-512.jpg"],[2,"1216741182_747736_1797_3-512.jpg"],[2,"1216741182_927730_1798_3-512.jpg"],[2,"1216741183_102772_1799_3-512.jpg"],[2,"1216741183_277747_1800_3-512.jpg"],[2,"1216741183_447732_1801_3-512.jpg"],[2,"1216741183_607728_1802_3-512.jpg"],[2,"1216741183_767732_1803_3-512.jpg"],[2,"1216741183_922774_1804_3-512.jpg"],[2,"1216741184_077715_1805_3-512.jpg"],[2,"1216741184_227770_1806_3-512.jpg"],[2,"1216741184_227770_1806_3-512.jpg"],[2,"1216741184_372787_1807_3-512.jpg"],[2,"1216741184_372787_1807_3-512.jpg"],[2,"1216741184_517724_1808_3-512.jpg"],[2,"1216741184_517724_1808_3-512.jpg"],[2,"1216741184_667710_1809_3-512.jpg"],[2,"1216741184_667710_1809_3-512.jpg"],[2,"1216741184_817742_1810_3-512.jpg"]],"construction_ml":"complete","preds_design":[[2,"1216741182_092785_1794_3-512.jpg"],[2,"1216741182_332752_1795_3-512.jpg"],[1,"1216741182_332752_1795_3-512.jpg"],[1,"1216741182_552787_1796_3-512.jpg"],[2,"1216741182_552787_1796_3-512.jpg"],[2,"1216741182_747736_1797_3-512.jpg"],[1,"1216741182_747736_1797_3-512.jpg"],[2,"1216741182_927730_1798_3-512.jpg"],[2,"1216741183_102772_1799_3-512.jpg"],[2,"1216741183_277747_1800_3-512.jpg"],[2,"1216741183_447732_1801_3-512.jpg"],[2,"1216741183_607728_1802_3-512.jpg"],[2,"1216741183_767732_1803_3-512.jpg"],[2,"1216741183_922774_1804_3-512.jpg"],[2,"1216741184_077715_1805_3-512.jpg"],[2,"1216741184_227770_1806_3-512.jpg"],[2,"1216741184_227770_1806_3-512.jpg"],[2,"1216741184_372787_1807_3-512.jpg"],[2,"1216741184_372787_1807_3-512.jpg"],[2,"1216741184_517724_1808_3-512.jpg"],[2,"1216741184_517724_1808_3-512.jpg"],[2,"1216741184_667710_1809_3-512.jpg"],[2,"1216741184_667710_1809_3-512.jpg"],[2,"1216741184_817742_1810_3-512.jpg"]],"design_ml":"designed","images":[]}
